Year,Month,State,Deforestation_Level,Total_Precipitation_Level,Atmospheric_Pressure_Station_Level,Global_Radiation_Level,Air_Temperature_Level,Max_Air_Temperature_Level,Min_Air_Temperature_Level,Relative_Humidity_Level,Max_Relative_Humidity_Level,Min_Relative_Humidity_Level,Hourly_Wind_Speed_Level,Max_Wind_Gust_Level
2003,2,SE,Low,Medium,High,High,High,High,High,High,High,High,High,High
2003,3,SE,Low,Medium,High,High,High,High,High,High,High,High,High,High
2003,4,SE,Low,Medium,High,Low,High,High,High,High,Medium,High,High,High
2003,5,SE,Medium,High,High,Medium,Medium,High,High,Medium,Medium,High,High,High
2003,6,SE,Medium,High,High,High,Medium,Medium,Medium,Medium,Medium,Medium,High,High
2003,7,SE,Medium,High,High,Medium,Medium,Medium,Medium,Medium,Medium,Medium,High,High
2003,8,SE,Medium,Medium,High,Medium,Medium,Medium,Medium,Medium,Medium,Medium,High,Medium
2003,9,SE,Medium,Medium,High,Medium,Medium,Medium,Medium,Medium,Medium,Medium,High,High
2003,10,SE,Medium,High,High,High,Medium,Medium,Medium,Medium,Medium,High,High,High
2003,11,SE,Low,Medium,High,High,Medium,Medium,High,Medium,Medium,High,High,High
2003,12,SE,Low,Low,High,High,High,High,High,High,Medium,High,High,High
2004,1,SE,Low,High,High,High,Medium,High,Medium,Medium,High,High,High,High
2004,2,SE,Low,Medium,High,High,High,High,High,High,High,High,High,High
2004,3,SE,Low,Medium,High,Medium,High,High,High,High,Medium,High,High,High
2004,4,SE,Low,Medium,High,Medium,High,High,Medium,High,Medium,High,High,High
2004,5,SE,Low,Medium,High,High,Medium,Medium,Medium,Medium,High,High,High,High
2004,6,SE,Medium,Medium,High,Medium,Medium,Medium,Medium,Medium,Medium,Medium,High,High
2004,7,SE,Medium,High,High,High,Medium,Medium,Medium,Medium,Medium,Medium,High,High
2004,8,SE,Medium,High,High,High,Low,Medium,Medium,Low,Medium,Medium,High,High
2004,9,SE,Medium,Medium,High,Medium,Medium,Medium,Medium,Medium,Medium,Medium,High,High
2004,10,SE,Low,Low,High,High,Medium,Medium,High,Medium,Medium,Medium,High,High
2004,11,SE,Low,Low,High,High,Medium,Medium,High,High,Medium,Medium,High,High
2004,12,SE,Low,Low,High,High,High,Medium,High,High,Medium,High,High,High
2006,1,SE,Low,Low,High,High,High,High,High,High,High,High,High,High
2006,2,SE,Low,Low,High,High,High,High,High,High,High,High,High,High
2006,3,SE,Low,Low,High,High,High,High,High,High,High,High,High,High
2006,4,SE,Low,Low,High,High,High,High,High,High,High,High,High,High
2006,5,SE,Medium,Low,High,High,High,Medium,High,High,Medium,High,High,Low
2006,6,SE,Medium,Low,High,High,High,Medium,High,High,Medium,High,High,Low
2006,7,SE,High,Low,High,High,High,Medium,High,Medium,Low,High,High,Low
2006,8,SE,High,Low,High,High,Medium,Low,High,Medium,Low,High,High,Low
2006,9,SE,Medium,High,High,High,Medium,Medium,Medium,Medium,Medium,High,High,High
2006,10,SE,Medium,High,High,High,Medium,High,High,Medium,High,High,High,High
2006,11,SE,Low,Medium,High,High,Medium,High,High,Medium,High,High,High,High
2006,12,SE,Low,Low,High,High,High,High,High,High,High,High,High,High
2007,1,SE,Low,Low,High,High,High,High,High,High,High,High,High,High
2007,2,SE,Low,High,High,High,High,High,High,High,High,High,High,High
2007,3,SE,Low,High,High,High,High,High,Medium,High,High,High,High,Medium
2007,4,SE,Low,High,High,Medium,Medium,High,Medium,Medium,High,High,High,High
2007,5,SE,Medium,High,High,Low,Low,Medium,High,Medium,Medium,High,High,Low
2007,6,SE,Medium,High,High,Low,Low,Medium,High,Medium,Medium,High,High,Low
2007,7,SE,Medium,High,High,Low,Low,Medium,High,Medium,Medium,High,High,Low
2007,8,SE,Medium,High,High,Low,Medium,Medium,High,Medium,Medium,High,High,Low
2007,9,SE,Medium,High,High,Low,Medium,Medium,High,Medium,Medium,High,High,Low
2007,10,SE,Medium,Medium,High,Low,Medium,High,High,Medium,Medium,High,High,High
2007,11,SE,Low,Low,High,High,Medium,High,Medium,Medium,High,High,High,High
2007,12,SE,Low,Low,High,Medium,Medium,High,Medium,Medium,High,High,High,High
2008,1,SE,Low,Low,High,Low,Medium,High,High,Medium,Medium,High,High,Low
2008,2,SE,Low,Low,High,Low,High,High,High,High,High,High,High,Low
2008,3,SE,Low,Low,High,Low,High,High,High,High,High,High,High,Low
2008,4,SE,Low,Medium,High,High,High,High,High,High,High,High,Medium,Medium
2008,5,SE,Medium,High,High,Medium,Medium,High,Medium,Medium,High,High,High,Medium
2008,6,SE,Medium,Medium,High,Medium,Medium,High,Medium,Medium,High,Medium,High,High
2008,7,SE,High,Medium,High,Medium,Medium,High,Medium,Medium,High,High,High,Medium
2008,8,SE,High,Low,High,Medium,Medium,High,Medium,Medium,High,High,High,High
2008,9,SE,Medium,Low,High,High,Medium,High,Medium,Medium,High,High,High,High
2008,10,SE,Medium,Low,High,High,Medium,High,Medium,Medium,High,High,High,High
2008,11,SE,Low,Low,High,High,High,High,High,High,High,High,High,High
2008,12,SE,Low,Low,High,High,High,High,High,High,High,High,High,High
2009,1,SE,Low,Low,High,High,High,High,High,High,High,High,High,High
2009,2,SE,Low,Low,High,High,High,High,High,High,High,High,High,High
2009,3,SE,Low,Low,High,High,High,High,High,High,High,High,High,High
2009,4,SE,Low,Low,High,High,High,High,High,High,High,High,High,High
2009,5,SE,Low,Low,High,Medium,Medium,High,High,Medium,High,High,Medium,High
2009,6,SE,Medium,Low,High,Medium,Medium,High,Medium,Medium,High,High,High,Medium
2009,7,SE,Medium,Medium,High,Medium,Medium,High,Medium,Medium,High,High,High,High
2009,8,SE,Medium,High,High,Medium,Medium,High,Medium,Medium,High,Medium,High,High
2009,9,SE,Medium,Medium,High,High,Medium,High,Medium,Medium,High,High,High,High
2009,10,SE,Low,Low,High,High,Medium,High,High,High,High,High,High,High
2009,11,SE,Low,Medium,High,High,High,Medium,High,High,Medium,High,High,Medium
2009,12,SE,Low,Low,High,High,High,High,High,High,High,High,High,High
2010,1,SE,Low,Low,High,High,High,High,High,High,High,High,High,High
2010,2,SE,Low,Medium,High,High,High,High,High,High,High,High,High,High
2010,3,SE,Low,Low,High,High,High,High,High,High,High,High,High,High
2010,4,SE,Low,High,High,Medium,High,High,High,High,High,High,Medium,High
2010,5,SE,Medium,High,High,Medium,High,High,High,High,High,High,High,Low
2010,6,SE,Medium,High,High,Medium,Medium,High,Medium,Medium,High,High,High,Low
2010,7,SE,Medium,High,High,Medium,Medium,High,Medium,Medium,High,High,High,Low
2010,8,SE,Medium,Medium,High,Medium,Medium,High,Medium,Medium,High,Medium,High,Medium
2010,9,SE,Medium,Medium,High,High,Medium,Medium,Medium,Medium,Medium,Medium,High,High
2010,10,SE,Medium,High,High,Medium,Medium,Medium,High,Medium,Medium,Medium,High,High
2010,11,SE,Low,Medium,High,Low,High,Medium,High,High,Low,High,High,Medium
2010,12,SE,Low,Low,High,Medium,High,Medium,High,High,Medium,High,High,High
2011,1,SE,Low,Medium,High,High,High,Medium,High,High,High,Low,High,High
2011,2,SE,Low,Low,High,High,High,Low,High,High,Low,Low,High,High
2011,3,SE,Low,Medium,High,High,High,High,High,High,High,Medium,High,High
2011,4,SE,Low,High,High,Medium,High,Medium,High,High,Medium,High,High,High
2011,5,SE,Medium,High,High,Low,Medium,Medium,Medium,Medium,Medium,Medium,High,Medium
2011,6,SE,Medium,Medium,High,Medium,Medium,Medium,Medium,Medium,Medium,Medium,Medium,Medium
2011,7,SE,Medium,Medium,High,Low,Medium,Medium,Medium,Medium,Medium,Medium,High,High
2011,8,SE,Medium,Medium,High,Medium,Medium,Low,Medium,Medium,Low,Medium,High,High
2011,9,SE,Medium,Medium,High,Medium,Medium,Low,Medium,Medium,Low,Medium,High,Medium
2011,10,SE,Medium,Medium,High,High,Medium,Medium,High,Medium,Medium,High,High,High
2011,11,SE,Low,Low,High,Medium,Medium,Medium,Medium,Medium,Medium,Medium,High,High
2011,12,SE,Low,Low,High,High,High,Medium,High,High,High,High,High,High
2012,1,SE,Low,Low,High,High,High,Medium,High,High,Medium,High,High,High
2012,2,SE,Low,Medium,High,High,High,Medium,High,High,Medium,High,High,High
2012,3,SE,Low,Low,High,High,High,Medium,High,High,Medium,High,High,High
2012,4,SE,Low,Low,High,Medium,High,Medium,Medium,High,Medium,Medium,High,Medium
2012,5,SE,Low,High,High,Medium,Medium,Medium,Medium,Medium,Medium,Medium,High,Medium
2012,6,SE,Low,High,High,Medium,Medium,High,Medium,Medium,High,Medium,High,High
2012,7,SE,Medium,Medium,High,Medium,Medium,Medium,Medium,Medium,Medium,Medium,High,Medium
2012,8,SE,Medium,Medium,High,Medium,Medium,Medium,Medium,Medium,Medium,Medium,High,High
2012,9,SE,Low,Medium,High,Medium,Medium,Medium,Medium,Medium,Medium,Medium,High,High
2012,10,SE,Low,Medium,High,High,Medium,High,Medium,Medium,High,Medium,High,High
2012,11,SE,Low,Low,High,High,High,High,High,High,High,High,High,High
2012,12,SE,Low,Low,High,High,High,Low,High,High,Medium,High,High,High
2013,1,SE,Low,Low,High,High,High,Low,High,High,Medium,High,High,High
2013,2,SE,Low,Low,High,High,High,Low,High,High,Medium,High,High,High
2013,3,SE,Low,Low,High,High,High,Medium,High,High,Medium,High,High,High
2013,4,SE,Low,High,High,Medium,High,High,High,High,High,High,High,High
2013,5,SE,Low,Medium,High,Medium,Medium,High,High,Medium,High,High,Medium,Medium
2013,6,SE,Low,Low,High,Medium,Medium,High,Medium,Medium,High,Medium,Medium,High
2013,7,SE,Low,Low,High,Medium,Medium,Medium,Medium,Medium,Medium,Medium,High,High
2013,8,SE,Low,Medium,High,Medium,Medium,High,Medium,Medium,High,Medium,High,High
2013,9,SE,Low,Low,High,High,Medium,Medium,Medium,Medium,Medium,Medium,High,High
2013,10,SE,Low,High,High,High,Medium,Medium,High,Medium,High,High,High,High
2013,11,SE,Low,High,High,High,Medium,High,Medium,High,High,High,High,High
2013,12,SE,Low,Medium,High,High,High,High,High,High,High,Low,High,High
2014,1,SE,Low,Low,High,High,High,High,High,High,High,Low,High,High
2014,2,SE,Low,Medium,High,High,High,High,High,High,High,Low,High,Medium
2014,3,SE,Low,Medium,High,Medium,High,High,High,High,High,Low,High,Medium
2014,4,SE,Low,High,High,Medium,High,High,High,High,High,Low,High,Medium
2014,5,SE,Low,High,High,Medium,Medium,Medium,Medium,Medium,High,Medium,High,High
2014,6,SE,Low,High,High,Medium,Medium,Medium,Medium,Medium,Medium,Medium,High,Medium
2014,7,SE,Low,High,High,Medium,Medium,Medium,Medium,Medium,High,Medium,High,Medium
2014,8,SE,Low,Medium,High,Medium,Medium,Medium,Medium,Medium,Medium,Medium,High,Medium
2014,9,SE,Low,Medium,High,Medium,Medium,Medium,Medium,Medium,Medium,Medium,High,High
2014,10,SE,Low,Medium,High,Medium,Medium,Medium,High,Medium,High,Medium,High,High
2014,11,SE,Low,Medium,High,High,Medium,Medium,Medium,Medium,Medium,Medium,High,High
2014,12,SE,Low,Low,High,High,High,Medium,High,High,High,High,High,High
2015,1,SE,Low,Low,High,High,High,High,High,High,High,High,High,High
2015,2,SE,Low,Medium,High,High,High,High,High,High,High,High,High,High
2015,3,SE,Low,Medium,High,High,High,High,High,High,High,High,High,High
2015,4,SE,Low,High,High,Medium,High,High,High,High,High,High,High,High
2015,5,SE,Low,High,High,Medium,High,High,Medium,High,High,Medium,Medium,High
2015,6,SE,Low,High,High,Low,Medium,High,High,Medium,High,Medium,High,High
2015,7,SE,Low,High,High,Medium,Medium,High,Medium,Medium,High,Medium,Low,Medium
2015,8,SE,Low,Medium,High,Medium,Medium,Low,Medium,Medium,Low,Low,Low,Low
2015,9,SE,Low,Low,High,High,Medium,Low,Medium,Medium,Low,Medium,Medium,High
2015,10,SE,Low,Low,High,High,Medium,Low,High,Medium,Low,Medium,High,High
2015,11,SE,Low,Low,High,High,High,Low,High,High,Low,Medium,High,High
2015,12,SE,Low,Low,High,High,High,Medium,High,High,Medium,Medium,High,High
2016,1,SE,Low,Medium,High,Medium,High,Medium,High,High,Medium,Medium,High,High
2016,2,SE,Low,Low,High,High,High,Medium,High,High,Medium,Medium,High,High
2016,3,SE,Low,Low,High,High,High,Medium,High,High,Medium,Medium,High,Medium
2016,4,SE,Low,Low,High,Medium,High,Medium,High,High,Medium,Medium,High,High
2016,5,SE,Low,High,High,Medium,High,Medium,High,High,Medium,Medium,High,High
2016,6,SE,Low,High,High,Medium,Medium,Medium,Medium,Medium,Medium,Medium,Medium,Low
2016,7,SE,Low,Medium,High,Medium,Medium,Low,Medium,Medium,Low,Medium,Low,Low
2016,8,SE,Low,Medium,High,Medium,Medium,Low,Medium,Medium,Low,Medium,Low,Low
2016,9,SE,Low,Low,High,High,Medium,Low,High,Medium,Low,Medium,Low,Low
2016,10,SE,Low,Low,High,High,Medium,Medium,High,High,Low,Medium,Low,Low
2016,11,SE,Low,Low,High,High,High,Low,High,High,Low,Medium,Low,Low
2016,12,SE,Low,Low,High,High,High,Medium,High,High,Medium,High,Low,Low
2017,1,SE,Low,Low,High,High,High,Low,High,High,Low,Medium,Low,Low
2017,2,SE,Low,Low,High,High,High,Medium,High,High,Low,Medium,Low,Low
2017,3,SE,Low,Medium,High,High,High,Medium,High,High,Medium,Medium,Low,Low
2017,4,SE,Low,Medium,High,Medium,High,Medium,High,High,Medium,High,Low,Low
2017,5,SE,Low,High,High,Medium,High,Medium,High,High,Medium,Medium,Low,Low
2017,6,SE,Medium,Low,High,Low,Medium,Medium,Medium,Medium,Medium,Medium,Low,Low
2017,7,SE,Medium,Low,High,Medium,Medium,Low,Medium,Medium,Low,Low,Low,Low
2017,8,SE,Medium,Low,High,Medium,Medium,Low,Medium,Medium,Low,Medium,Medium,Low
2017,9,SE,Medium,Low,High,Medium,Medium,Low,Medium,Medium,Low,Medium,Medium,Low
2017,10,SE,Low,Medium,High,High,Medium,Medium,High,Medium,Medium,Medium,High,Medium
2017,11,SE,Low,Low,High,High,High,Medium,High,High,Medium,Medium,High,Medium
2017,12,SE,Low,Low,High,High,High,Medium,High,High,Medium,Medium,High,High
2018,1,SE,Low,Low,High,High,High,Medium,High,High,Low,Medium,High,High
2018,2,SE,Low,Medium,High,High,High,Medium,High,High,Medium,Medium,High,High
2018,3,SE,Low,Medium,High,High,High,Medium,High,High,Medium,High,High,High
2018,4,SE,Low,Medium,High,Medium,High,Medium,High,High,Medium,Medium,Medium,Low
2018,5,SE,Low,Medium,High,Medium,Medium,Medium,Medium,Medium,Medium,Medium,Medium,Medium
2018,6,SE,Low,High,High,Medium,Medium,Medium,Medium,Medium,Medium,Medium,Medium,Medium
2018,7,SE,Low,Medium,High,Medium,Medium,Low,Medium,Medium,Low,Medium,Medium,Low
2018,8,SE,Low,Low,High,Medium,Medium,Low,Medium,Medium,Low,Medium,High,Medium
2018,9,SE,Low,Low,High,Medium,Medium,Low,Medium,Medium,Low,Medium,High,High
2018,10,SE,Low,Low,High,High,High,Medium,High,High,Low,Medium,High,High
2018,11,SE,Low,Low,High,High,High,Medium,High,High,Medium,Medium,High,Medium
2018,12,SE,Low,Low,High,High,High,Medium,High,High,Medium,Medium,High,High
2019,1,SE,Low,Low,High,High,High,Medium,High,High,Medium,Medium,High,Medium
2019,2,SE,Low,Low,High,High,High,Medium,High,High,Medium,High,High,High
2019,3,SE,Low,Medium,High,Medium,High,Medium,High,High,High,High,High,High
2019,4,SE,Low,Medium,High,Low,High,High,High,High,High,Medium,Medium,Medium
2019,5,SE,Low,High,High,Low,High,High,High,High,High,Medium,Medium,Medium
2019,6,SE,Low,High,High,Low,Medium,Medium,Medium,Medium,Medium,Medium,Medium,Medium
2019,7,SE,Low,High,High,Low,Medium,High,Medium,Medium,High,Medium,Medium,Medium
2019,8,SE,Low,Medium,High,Medium,Medium,Low,Medium,Medium,Medium,Medium,Medium,Medium
2019,9,SE,Low,Medium,High,Medium,Medium,Low,High,Medium,Low,Medium,High,Medium
2019,10,SE,Low,Medium,High,High,Medium,Low,High,Medium,Low,Medium,High,High
2019,11,SE,Low,Low,High,High,High,Low,High,High,Low,Medium,High,High
2019,12,SE,Low,Low,High,High,High,Low,High,High,Low,Medium,High,High
2020,1,SE,Low,Low,High,Low,High,Low,High,High,Low,Medium,High,High
2020,2,SE,Low,Medium,High,Low,High,Medium,High,High,Medium,Medium,High,Medium
2020,3,SE,Low,High,High,Low,High,Medium,High,High,Medium,Medium,High,Medium
2020,4,SE,Low,High,High,Low,High,Medium,High,High,Medium,Medium,Medium,Medium
2020,5,SE,Low,High,High,Low,Medium,Medium,Medium,Medium,Medium,Medium,Medium,High
2020,6,SE,Low,High,High,Low,Medium,Medium,Medium,Medium,Medium,Medium,Medium,High
2020,7,SE,Medium,Medium,High,Low,Medium,Low,Medium,Medium,Low,Low,Medium,High
2020,8,SE,Medium,Medium,High,Low,Medium,Low,Medium,Medium,Low,Low,Medium,Medium
2020,9,SE,Low,Low,High,Low,Medium,Low,Medium,Medium,Low,Medium,High,Medium
2020,10,SE,Low,Low,High,Low,High,Low,High,High,Low,Medium,High,Medium
2020,11,SE,Low,Medium,High,Low,High,Low,High,High,Low,Medium,High,Medium
2020,12,SE,Low,Low,High,Low,High,Low,High,High,Low,Medium,High,Medium
2021,1,SE,Low,Medium,High,Low,High,High,High,High,High,Medium,High,Medium
2021,2,SE,Low,Low,High,Low,High,High,High,High,High,Low,High,High
2021,3,SE,Low,Medium,High,Low,High,High,High,High,High,Low,High,Medium
2021,4,SE,Low,Medium,High,Low,High,Low,High,High,Low,Low,Medium,Medium
2021,5,SE,Low,High,High,Low,Medium,Low,Medium,Medium,Low,Low,Medium,Medium
2021,6,SE,Low,Medium,High,Low,Medium,Low,Medium,Medium,Low,Low,Medium,Medium
2021,7,SE,Low,High,High,Low,Medium,Low,Medium,Medium,Low,Low,Medium,Medium
2021,8,SE,Low,Medium,High,Low,Medium,Low,Medium,Medium,Low,Medium,High,Medium
2021,9,SE,Low,Medium,High,Low,Medium,Low,Medium,Medium,Low,Medium,High,Medium
2021,10,SE,Low,Low,High,Low,Medium,High,High,High,High,Medium,High,Medium
2021,11,SE,Low,Medium,High,Low,High,High,High,High,High,High,High,High
2021,12,SE,Low,Low,High,Low,High,High,High,High,Medium,High,High,Medium
2022,1,SE,Low,Low,High,Low,High,Medium,High,High,Medium,High,High,Low
2022,2,SE,Low,Low,High,Low,High,Medium,High,High,Medium,High,High,Low
2022,3,SE,Low,Low,High,Low,High,Low,High,High,Low,High,High,Low
2022,4,SE,Low,Low,High,Low,High,Low,High,High,Low,High,High,Low
2022,5,SE,Low,Low,High,Low,High,Low,High,High,Low,High,High,Low
2022,6,SE,Low,Low,High,Low,High,Low,High,High,Low,High,High,Low
2022,7,SE,Low,Low,High,Low,High,Low,High,High,Low,Medium,Medium,Low
2022,8,SE,Low,Low,High,Low,High,Low,High,High,Low,Medium,Medium,Low
2022,9,SE,Low,Low,High,Low,Medium,High,Medium,Medium,High,Medium,Medium,Medium
2022,10,SE,Low,Medium,High,Low,Medium,High,High,Medium,High,Medium,High,Medium
2022,11,SE,Low,Medium,High,Low,Medium,High,Medium,Medium,High,High,High,Medium
2022,12,SE,Low,Low,High,Low,Medium,Medium,High,Medium,High,High,High,Medium
2023,1,SE,Low,Low,High,Low,High,Medium,High,High,High,High,High,Medium
2023,2,SE,Low,Medium,High,Low,High,High,High,High,High,High,High,Medium
2023,3,SE,Low,High,High,Low,High,High,High,High,High,Medium,High,Medium
2023,4,SE,Low,High,High,Low,High,High,High,High,High,Medium,Medium,Low
2023,5,SE,Low,High,High,Low,Medium,Low,High,Medium,Low,Low,Medium,Medium
2023,6,SE,Low,High,High,Low,Medium,Low,Medium,Medium,Low,Low,Medium,Medium
2023,7,SE,Low,High,High,Low,Medium,High,Medium,Medium,High,Medium,Medium,Medium
2023,8,SE,Low,Medium,High,Low,Medium,Medium,Medium,Medium,Medium,Medium,High,Medium
2023,9,SE,Low,Low,High,Low,Medium,Low,Medium,Medium,Low,Medium,High,Medium
2023,10,SE,Low,Low,High,Low,Medium,Low,High,Medium,Low,High,High,Low
2023,11,SE,Low,Low,High,Low,Medium,Medium,High,Medium,Medium,Medium,High,Medium
2023,12,SE,Low,Low,High,Low,High,Medium,High,High,Medium,Medium,High,High
2003,1,PA,Critical,Medium,High,High,Medium,High,Medium,Medium,High,High,Low,Low
2003,2,PA,Critical,High,High,High,Medium,High,Medium,Medium,High,High,Low,Low
2003,3,PA,Critical,High,High,High,Medium,High,Medium,Medium,High,High,Low,Low
2003,4,PA,Critical,High,High,High,Medium,High,High,Medium,High,High,Low,Low
2003,5,PA,Critical,High,High,High,High,High,High,High,High,High,Low,Low
2003,6,PA,Critical,Medium,High,High,High,High,High,High,High,High,Medium,Low
2003,7,PA,Critical,Medium,High,High,High,High,High,High,High,Medium,Medium,Low
2003,8,PA,Critical,Medium,High,High,High,High,High,High,High,High,Medium,Medium
2003,9,PA,Critical,High,High,High,Medium,High,High,Medium,High,High,Low,Low
2003,10,PA,Critical,High,High,High,High,High,High,High,High,High,Low,Low
2003,11,PA,Critical,High,Medium,High,High,High,Medium,High,High,High,Low,Low
2003,12,PA,Critical,High,Medium,High,Medium,High,High,Medium,High,High,Low,Low
2004,1,PA,Critical,High,Medium,High,Medium,High,High,Medium,High,High,Low,Low
2004,2,PA,Critical,High,High,High,Medium,High,High,Medium,High,High,Low,Low
2004,3,PA,Critical,High,High,High,Medium,High,High,Medium,High,High,Low,Medium
2004,4,PA,Critical,High,High,High,Medium,High,High,Medium,High,High,Low,Low
2004,5,PA,Critical,High,High,High,High,High,High,High,High,High,Medium,Medium
2004,6,PA,Critical,Medium,High,High,High,High,High,High,High,High,Medium,Low
2004,7,PA,Critical,Low,High,High,High,Medium,High,High,Medium,High,Medium,Low
2004,8,PA,Critical,Medium,High,High,High,High,High,High,High,Medium,Medium,Low
2004,9,PA,Critical,High,High,High,Medium,High,Medium,Medium,High,High,Low,Low
2004,10,PA,Critical,High,Medium,High,High,Medium,High,High,High,High,Low,Low
2004,11,PA,Critical,Low,Medium,High,High,Medium,High,High,Medium,High,Low,Low
2004,12,PA,Critical,High,Medium,High,High,High,High,High,High,High,Low,Low
2005,1,PA,Critical,High,Medium,High,Medium,High,High,Medium,High,High,Low,Low
2005,2,PA,Critical,High,Medium,High,Medium,High,High,Medium,High,High,Low,Medium
2005,3,PA,Critical,High,High,High,Medium,High,High,Medium,High,High,Low,Low
2005,4,PA,Critical,Medium,High,High,Medium,High,High,Medium,High,High,Low,Low
2005,5,PA,Critical,High,High,High,High,High,High,High,High,High,Low,Low
2005,6,PA,Critical,Medium,High,High,High,High,High,High,Medium,High,Low,Low
2005,7,PA,Critical,Low,High,High,High,Medium,High,High,Medium,High,Medium,Low
2005,8,PA,Critical,Medium,High,High,High,High,High,High,High,Medium,Medium,Low
2005,9,PA,Critical,Medium,High,High,High,High,High,High,High,High,Medium,Low
2005,10,PA,Critical,High,High,High,High,High,High,High,High,High,Medium,Low
2005,11,PA,Critical,Medium,Medium,High,High,High,High,High,High,High,Low,Low
2005,12,PA,Critical,High,Medium,High,High,High,Medium,High,High,High,Low,Low
2006,1,PA,Critical,High,Medium,High,High,High,High,High,High,High,Low,Low
2006,2,PA,Critical,High,Medium,High,High,High,High,High,High,High,Low,Low
2006,3,PA,Critical,High,High,High,Medium,High,High,High,High,High,Low,Low
2006,4,PA,Critical,Low,High,Low,Medium,Medium,High,Medium,Medium,High,Low,Low
2006,5,PA,Critical,Low,High,Low,Medium,Medium,High,Medium,Medium,High,Low,Low
2006,6,PA,Critical,Low,High,Low,Medium,Medium,High,Medium,Medium,High,Low,Low
2006,7,PA,Critical,Medium,High,High,Medium,High,High,Medium,High,High,Low,Medium
2006,8,PA,Critical,High,High,High,High,High,Medium,High,High,High,Low,Low
2006,9,PA,Critical,Medium,High,High,High,High,High,High,High,High,Low,Low
2006,10,PA,Critical,Medium,Medium,High,High,High,High,High,High,High,Low,Low
2006,11,PA,Critical,High,Medium,High,High,High,Medium,High,High,High,Low,Low
2006,12,PA,Critical,High,High,High,Medium,High,High,Medium,High,High,Low,Medium
2007,1,PA,Critical,High,Medium,High,High,High,High,High,High,High,Low,Low
2007,2,PA,Critical,High,High,High,Medium,High,High,Medium,High,High,Low,Low
2007,3,PA,Critical,High,High,High,Medium,High,High,Medium,High,High,Low,Low
2007,4,PA,Critical,High,High,High,Medium,High,High,Medium,High,High,Low,Low
2007,5,PA,Critical,High,High,High,Medium,High,High,Medium,High,High,Low,Low
2007,6,PA,Critical,Medium,High,High,High,High,High,Medium,High,High,Low,Low
2007,7,PA,Critical,High,High,High,High,High,High,High,High,High,Low,Low
2007,8,PA,Critical,Medium,High,High,High,Medium,High,High,High,High,Low,Low
2007,9,PA,Critical,Medium,High,High,High,High,High,High,High,High,Low,Low
2007,10,PA,Critical,High,Medium,High,High,High,High,High,High,High,High,Low
2007,11,PA,Critical,High,Medium,High,High,High,High,High,High,High,High,Low
2007,12,PA,Critical,High,Medium,High,High,High,High,High,High,High,High,Low
2008,1,PA,Critical,High,Medium,High,Medium,High,Medium,Medium,High,High,Low,Low
2008,2,PA,Critical,High,High,High,Medium,High,High,Medium,High,High,Low,Low
2008,3,PA,Critical,High,High,High,Medium,High,Medium,Medium,High,High,Low,Low
2008,4,PA,Critical,High,Medium,Low,Medium,High,Medium,Medium,High,High,Low,Low
2008,5,PA,Critical,High,High,Low,Medium,High,High,Medium,High,High,Low,Low
2008,6,PA,Critical,High,High,Low,High,High,High,High,High,High,Low,Low
2008,7,PA,Critical,Low,High,Low,High,Medium,High,High,Medium,High,Medium,High
2008,8,PA,Critical,Medium,High,Low,High,High,High,High,High,High,Medium,Medium
2008,9,PA,Critical,Medium,High,Low,High,High,High,High,High,High,Medium,Medium
2008,10,PA,Critical,Medium,Medium,High,High,High,High,High,High,Low,Medium,Medium
2008,11,PA,Critical,Medium,Medium,Medium,High,High,High,High,High,High,Medium,Low
2008,12,PA,Critical,Medium,Medium,Medium,High,High,High,High,High,High,Low,Low
2009,1,PA,Critical,High,Medium,Medium,Medium,High,High,Medium,High,High,Low,Low
2009,2,PA,Critical,High,Medium,Medium,Medium,High,High,Medium,High,High,Low,Medium
2009,3,PA,Critical,High,Medium,Medium,Medium,High,High,Medium,High,High,Low,Low
2009,4,PA,Critical,High,High,Low,Medium,High,High,Medium,High,High,Low,Low
2009,5,PA,Critical,High,High,Medium,Medium,High,High,Medium,High,High,Low,Low
2009,6,PA,Critical,High,High,Medium,Medium,High,High,Medium,High,High,Low,Medium
2009,7,PA,Critical,Medium,High,Medium,High,High,High,High,High,Medium,Low,Low
2009,8,PA,Critical,Medium,High,High,High,High,High,High,High,Medium,Medium,Low
2009,9,PA,Critical,Medium,High,High,High,High,High,High,High,Medium,Medium,Low
2009,10,PA,Critical,Medium,Medium,High,High,High,Medium,High,High,High,Medium,Low
2009,11,PA,Critical,Medium,Medium,Medium,High,High,High,High,High,Medium,Medium,Low
2009,12,PA,Critical,High,Medium,Medium,High,High,High,High,High,High,Low,Low
2010,1,PA,Critical,High,Medium,Medium,Medium,High,Medium,Medium,High,High,Low,Low
2010,2,PA,Critical,High,Medium,Medium,High,High,High,High,High,High,Low,Low
2010,3,PA,Critical,High,Medium,Medium,High,High,High,High,High,High,Low,Low
2010,4,PA,Critical,High,Medium,Medium,Medium,High,High,Medium,High,High,Low,Low
2010,5,PA,Critical,High,High,Medium,High,High,High,High,High,High,Low,Medium
2010,6,PA,Critical,Medium,High,Medium,High,High,High,High,High,High,Low,Low
2010,7,PA,Critical,Medium,High,Medium,High,High,High,High,High,High,Low,Low
2010,8,PA,Critical,Medium,High,Medium,High,High,High,High,High,High,Low,Low
2010,9,PA,Critical,Medium,Medium,Medium,High,High,High,High,High,High,Medium,Low
2010,10,PA,Critical,High,Medium,Medium,High,High,High,High,High,Medium,Low,Medium
2010,11,PA,Critical,High,Medium,Medium,High,High,High,High,High,High,Low,Low
2010,12,PA,Critical,High,Medium,Medium,High,High,High,High,High,High,Low,Low
2011,1,PA,High,High,Medium,Medium,Medium,High,Medium,Medium,High,High,Low,Low
2011,2,PA,High,High,Medium,Low,Medium,High,High,Medium,High,High,Low,Low
2011,3,PA,High,High,Medium,Medium,Medium,High,High,Medium,High,High,Low,Low
2011,4,PA,Critical,High,Medium,Medium,Medium,High,Medium,Medium,High,High,Low,Low
2011,5,PA,Critical,High,Medium,Medium,Medium,High,High,Medium,High,High,Low,Low
2011,6,PA,Critical,High,High,Medium,High,High,High,High,High,High,Low,Low
2011,7,PA,Critical,Medium,High,Medium,Medium,High,High,Medium,High,Medium,Low,Medium
2011,8,PA,Critical,Medium,High,Medium,High,High,Medium,High,High,Medium,Low,Low
2011,9,PA,Critical,Medium,High,High,High,High,High,High,High,High,Medium,Low
2011,10,PA,Critical,Medium,Medium,Medium,High,High,Medium,High,High,High,Low,Low
2011,11,PA,Critical,Medium,Medium,Medium,High,High,Medium,High,High,High,Low,Low
2011,12,PA,High,High,Medium,Medium,High,High,High,High,High,High,Low,Low
2012,1,PA,Critical,High,Medium,Medium,Medium,High,Medium,Medium,High,High,Low,Low
2012,2,PA,Critical,High,Medium,Medium,Medium,High,Medium,Medium,High,High,Low,Low
2012,3,PA,Critical,High,High,Medium,Medium,High,High,Medium,High,High,Low,Low
2012,4,PA,Critical,High,Medium,Medium,Medium,High,High,Medium,High,High,Low,Low
2012,5,PA,Critical,High,High,Medium,Medium,High,High,Medium,High,High,Low,Low
2012,6,PA,Critical,High,High,Medium,Medium,High,Medium,Medium,High,High,Low,Low
2012,7,PA,Critical,High,High,Medium,Medium,High,High,Medium,High,High,Low,Medium
2012,8,PA,Critical,Medium,High,Medium,High,High,High,High,High,High,Low,Low
2012,9,PA,Critical,High,High,Medium,High,High,High,High,High,High,Low,Low
2012,10,PA,Critical,Low,Medium,Medium,High,High,High,High,High,High,Low,Low
2012,11,PA,Critical,Medium,Medium,Medium,High,High,High,High,High,Medium,Medium,Low
2012,12,PA,Critical,High,Medium,Medium,High,High,High,High,High,High,Low,Low
2013,1,PA,High,High,High,Medium,Medium,High,High,Medium,High,High,Low,Low
2013,2,PA,High,High,Medium,Medium,Medium,High,Medium,Medium,High,High,Low,Low
2013,3,PA,High,High,High,Medium,Medium,High,High,Medium,High,High,Low,Low
2013,4,PA,Critical,High,High,Medium,Medium,High,High,Medium,High,High,Low,Medium
2013,5,PA,Critical,High,High,Medium,Medium,High,High,Medium,High,High,Low,Low
2013,6,PA,Critical,Medium,High,Medium,High,High,High,High,High,High,Low,Low
2013,7,PA,Critical,High,High,Medium,Medium,High,High,Medium,High,High,Low,Low
2013,8,PA,Critical,Medium,High,Medium,High,High,High,High,High,High,Low,Low
2013,9,PA,Critical,Medium,High,Medium,High,High,High,High,High,High,Low,Low
2013,10,PA,Critical,Medium,High,Medium,High,High,High,High,High,Medium,Low,Low
2013,11,PA,Critical,High,Medium,Medium,High,High,Medium,High,High,High,Low,Low
2013,12,PA,High,High,Medium,Medium,High,High,High,High,High,High,Low,Low
2014,1,PA,Critical,High,High,Medium,Medium,High,Medium,Medium,High,High,Low,Low
2014,2,PA,Critical,High,Medium,Low,Medium,High,High,Medium,High,High,Low,Low
2014,3,PA,Critical,High,High,Low,Medium,High,High,Medium,High,High,Low,Low
2014,4,PA,Critical,High,High,Medium,Medium,High,High,Medium,High,High,Low,Low
2014,5,PA,Critical,High,High,Low,Medium,High,High,Medium,High,High,Low,Low
2014,6,PA,Critical,High,High,Medium,Medium,High,High,Medium,High,High,Low,Low
2014,7,PA,Critical,High,High,Medium,Medium,High,High,Medium,High,High,Low,Low
2014,8,PA,Critical,Medium,High,Medium,High,High,High,High,High,High,Low,Low
2014,9,PA,Critical,High,High,Medium,High,High,Medium,High,High,Medium,Low,Low
2014,10,PA,Critical,Medium,High,Medium,High,High,High,High,High,High,Low,High
2014,11,PA,Critical,Low,Medium,Medium,High,High,Medium,High,High,Medium,Medium,Low
2014,12,PA,Critical,High,Medium,Medium,High,High,High,High,High,Medium,Low,Low
2015,1,PA,Critical,High,High,Medium,Medium,High,High,Medium,High,High,Low,Low
2015,2,PA,Critical,High,High,Medium,Medium,High,Medium,Medium,High,High,Low,Low
2015,3,PA,Critical,High,High,Low,Medium,High,High,Medium,High,High,Low,Low
2015,4,PA,Critical,High,High,Low,Medium,High,High,Medium,High,High,Low,Low
2015,5,PA,Critical,High,High,Medium,Medium,High,High,Medium,High,High,Low,Low
2015,6,PA,Critical,Medium,High,Medium,Medium,High,High,Medium,High,High,Low,Low
2015,7,PA,Critical,High,High,Medium,Medium,High,High,Medium,High,High,Low,Low
2015,8,PA,Critical,Medium,High,Medium,High,High,High,High,High,High,Low,Low
2015,9,PA,Critical,Medium,High,Medium,High,High,High,High,High,High,Low,Low
2015,10,PA,Critical,Medium,High,Medium,High,High,High,High,High,High,Medium,Low
2015,11,PA,Critical,Medium,Medium,Medium,High,High,High,High,High,Medium,Medium,Low
2015,12,PA,Critical,High,High,Medium,High,High,High,High,High,Medium,Low,Low
2016,1,PA,Critical,High,High,Low,High,High,High,High,High,High,Low,Low
2016,2,PA,Critical,High,High,Low,Medium,High,High,Medium,High,High,Low,Low
2016,3,PA,Critical,High,High,Low,Medium,High,High,Medium,High,High,Low,Low
2016,4,PA,Critical,High,High,Low,High,High,High,High,High,High,Low,Low
2016,5,PA,Critical,High,High,Low,High,High,High,High,High,High,Low,Low
2016,6,PA,Critical,High,High,Medium,High,High,High,High,High,High,Low,Low
2016,7,PA,Critical,Medium,High,Medium,High,High,High,High,High,High,Low,Low
2016,8,PA,Critical,Medium,High,Medium,High,High,High,High,High,High,Low,Low
2016,9,PA,Critical,Medium,High,Medium,High,High,High,High,High,High,Low,Low
2016,10,PA,Critical,Medium,Medium,Medium,High,High,High,High,High,High,Low,Medium
2016,11,PA,Critical,Medium,Medium,Medium,High,High,High,High,High,High,Low,Low
2016,12,PA,Critical,High,Medium,Low,Medium,High,High,Medium,High,High,Low,Low
2017,1,PA,Critical,High,High,Low,Medium,High,Medium,Medium,High,High,Low,Low
2017,2,PA,Critical,High,High,Low,Medium,High,High,Medium,High,High,Low,Low
2017,3,PA,Critical,High,High,Low,Medium,High,High,Medium,High,High,Low,Low
2017,4,PA,Critical,High,High,Low,Medium,High,High,Medium,High,High,Low,Low
2017,5,PA,Critical,High,High,Medium,High,High,High,High,High,High,Low,Low
2017,6,PA,Critical,Medium,High,Medium,High,High,High,High,High,High,Low,Low
2017,7,PA,Critical,Low,High,Medium,High,Medium,High,High,Medium,Medium,Low,High
2017,8,PA,Critical,High,High,Medium,High,Medium,High,High,High,High,Low,Low
2017,9,PA,Critical,Medium,High,Low,High,High,High,High,High,High,Low,Low
2017,10,PA,Critical,High,Medium,Low,High,High,High,High,High,High,Low,Low
2017,11,PA,Critical,Medium,Medium,Medium,High,High,High,High,High,High,Low,Low
2017,12,PA,Critical,High,Medium,Low,High,High,High,High,High,Medium,Low,Low
2018,1,PA,Critical,High,Medium,Low,Medium,High,High,Medium,High,Medium,Low,Low
2018,2,PA,Critical,High,High,Low,Medium,High,High,Medium,High,High,Low,Low
2018,3,PA,Critical,High,High,Medium,Medium,High,High,Medium,High,High,Low,Low
2018,4,PA,Critical,High,High,Low,Medium,High,Medium,Medium,High,High,Low,Low
2018,5,PA,Critical,High,High,Medium,Medium,High,High,Medium,High,High,Low,Low
2018,6,PA,Critical,Medium,High,Medium,High,High,High,High,High,Medium,Low,High
2018,7,PA,Critical,Medium,High,Medium,High,Medium,High,High,Medium,High,Low,Low
2018,8,PA,Critical,High,High,Medium,Medium,High,Medium,Medium,High,High,Low,Low
2018,9,PA,Critical,High,High,Medium,High,High,High,High,High,High,Low,Low
2018,10,PA,Critical,High,Medium,Medium,High,High,High,High,High,High,Low,Low
2018,11,PA,Critical,High,Medium,Medium,High,High,High,High,High,High,Low,Low
2018,12,PA,Critical,High,High,Low,Medium,High,Medium,Medium,High,High,Low,Low
2019,1,PA,Critical,High,High,Low,Medium,High,Medium,Medium,High,High,Low,Low
2019,2,PA,Critical,High,High,Low,Medium,High,High,Medium,High,High,Low,Low
2019,3,PA,Critical,High,High,Low,Medium,High,High,Medium,High,High,Low,Low
2019,4,PA,Critical,High,High,Low,Medium,High,High,Medium,High,High,Low,Low
2019,5,PA,Critical,High,High,Low,Medium,High,High,Medium,High,High,Low,Low
2019,6,PA,Critical,High,High,Medium,High,High,High,High,High,High,Low,Medium
2019,7,PA,Critical,Medium,High,Medium,High,High,High,High,High,High,Low,Medium
2019,8,PA,Critical,Medium,High,Medium,High,High,High,High,High,High,Low,Low
2019,9,PA,Critical,High,High,Medium,High,High,High,High,High,High,Low,Low
2019,10,PA,Critical,High,Medium,Medium,High,High,High,High,High,High,Low,Low
2019,11,PA,Critical,High,Medium,Medium,High,High,High,High,High,High,Low,Low
2019,12,PA,Critical,High,Medium,Medium,High,High,High,High,High,High,Low,Low
2020,1,PA,Critical,High,High,Low,Medium,High,High,Medium,High,Medium,Low,Low
2020,2,PA,Critical,High,High,Low,Medium,High,High,Medium,High,High,Low,Low
2020,3,PA,Critical,High,High,Low,Low,High,Low,Medium,High,Low,Low,Low
2020,4,PA,Critical,High,High,Low,Medium,High,High,Medium,High,High,Low,Low
2020,5,PA,Critical,High,High,Low,High,High,High,High,High,High,Low,Medium
2020,6,PA,Critical,High,High,Low,High,High,High,High,High,High,Low,Low
2020,7,PA,Critical,Medium,High,Low,High,High,High,High,High,Medium,Low,Low
2020,8,PA,Critical,Medium,High,Low,High,High,High,High,High,Medium,Low,Low
2020,9,PA,Critical,Medium,High,Low,High,High,High,High,High,High,Low,Low
2020,10,PA,Critical,High,Medium,Low,High,High,High,High,High,High,Low,Low
2020,11,PA,Critical,High,Medium,Low,High,High,High,High,High,High,Low,Low
2020,12,PA,Critical,High,Medium,Low,High,High,High,High,High,High,Low,Low
2021,1,PA,Critical,High,Medium,Low,High,High,High,High,High,High,Low,Low
2021,2,PA,Critical,High,Medium,Low,Medium,High,High,Medium,High,High,Low,Low
2021,3,PA,Critical,High,High,Low,Medium,High,Medium,Medium,High,High,Low,High
2021,4,PA,Critical,High,Medium,Low,Medium,High,High,Medium,High,High,Low,Medium
2021,5,PA,Critical,High,High,Low,Medium,High,High,Medium,High,High,Low,Low
2021,6,PA,Critical,High,High,Low,High,High,High,High,High,High,Low,Low
2021,7,PA,Critical,High,High,Low,High,High,High,High,High,High,Low,Low
2021,8,PA,Critical,High,High,Low,High,High,High,High,High,High,Low,Medium
2021,9,PA,Critical,High,High,Low,High,High,Medium,High,High,High,Low,Medium
2021,10,PA,Critical,High,Medium,Low,High,High,High,High,High,High,Low,Low
2021,11,PA,Critical,High,Medium,Low,High,High,High,High,High,High,Low,Low
2021,12,PA,Critical,High,Medium,Low,High,High,High,High,High,High,Low,Low
2022,1,PA,Critical,High,High,Low,Medium,High,High,Medium,High,High,Low,Low
2022,2,PA,Critical,High,Medium,Low,Medium,High,High,Medium,High,Medium,Low,Low
2022,3,PA,Critical,High,Medium,Low,Medium,High,Medium,Medium,High,High,Low,Low
2022,4,PA,Critical,High,Medium,Low,Medium,High,High,Medium,High,High,Low,Low
2022,5,PA,Critical,High,High,Low,Medium,High,Medium,Medium,High,Medium,Low,Medium
2022,6,PA,Critical,High,High,Low,Medium,High,Medium,Medium,High,High,Low,Low
2022,7,PA,Critical,Medium,High,Low,High,High,High,High,High,High,Low,Medium
2022,8,PA,Critical,High,High,Low,High,High,High,High,High,High,Medium,Medium
2022,9,PA,Critical,High,High,Low,High,High,High,High,High,High,Medium,Low
2022,10,PA,Critical,High,Medium,Low,High,High,High,High,High,High,Medium,Low
2022,11,PA,Critical,High,Medium,Low,High,High,Medium,High,High,High,Low,Low
2022,12,PA,Critical,High,Medium,Low,High,High,High,Medium,High,High,Low,Low
2023,1,PA,Critical,High,High,Low,Medium,High,Medium,Medium,High,High,Low,Low
2023,2,PA,Critical,High,High,Low,Medium,High,Medium,Medium,High,High,Low,Medium
2023,3,PA,Critical,High,High,Low,Medium,High,High,Medium,High,High,Low,Medium
2023,4,PA,Critical,High,Medium,Low,High,High,High,High,High,High,Low,Low
2023,5,PA,Critical,High,High,Low,High,High,High,High,High,High,Low,Low
2023,6,PA,Critical,High,High,Low,High,High,High,High,High,High,Low,Low
2023,7,PA,Critical,Medium,High,Low,High,High,High,High,High,High,Low,Low
2023,8,PA,Critical,Low,High,Low,High,High,High,High,High,High,Medium,Low
2023,9,PA,Critical,Medium,High,Low,High,High,High,High,High,High,Medium,Low
2023,10,PA,Critical,Medium,Medium,Low,High,High,High,High,High,High,Medium,Low
2023,11,PA,Critical,Medium,Medium,Low,High,High,High,High,High,High,Medium,Low
2023,12,PA,Critical,High,Medium,Low,High,High,High,High,High,High,Low,Low
2006,10,MG,Critical,Medium,Low,Low,Low,Low,Low,Low,Low,Low,High,High
2006,11,MG,High,High,Low,Low,Low,Low,Low,Low,Low,Low,Medium,High
2006,12,MG,High,High,Low,Low,Low,Low,Medium,Low,Low,Medium,Medium,High
2007,1,MG,High,High,Low,Low,Low,Medium,Low,Low,Medium,Medium,Medium,High
2007,2,MG,High,Medium,Low,Low,Low,Low,Low,Low,Low,Medium,High,Medium
2007,3,MG,High,High,Low,Low,Low,Low,Medium,Low,Low,Low,High,Medium
2007,4,MG,High,Medium,Low,Low,Low,Low,Low,Low,Low,Low,Medium,High
2007,5,MG,Critical,Low,Low,Low,Low,Low,Low,Low,Low,Low,Medium,High
2007,6,MG,Critical,Low,Low,Low,Low,Low,Low,Low,Low,Low,Low,Medium
2007,7,MG,Critical,Low,Low,Low,Low,Low,Low,Low,Low,Low,Medium,Medium
2007,8,MG,Critical,Low,Low,Low,Low,Low,Low,Low,Low,Low,High,Medium
2007,9,MG,Critical,Low,Low,Low,Low,Low,Low,Low,Low,Low,High,High
2007,10,MG,Critical,Medium,Low,Low,Low,Low,Low,Low,Low,Low,High,High
2007,11,MG,High,Medium,Low,Low,Low,Low,Low,Low,Low,Low,High,High
2007,12,MG,High,High,Low,Low,Low,Low,Medium,Low,Low,Low,Medium,High
2008,1,MG,High,High,Low,Low,Low,Low,Low,Low,Low,Low,Medium,Medium
2008,2,MG,High,High,Low,Low,Low,Low,Medium,Low,Low,Medium,Medium,Medium
2008,3,MG,High,High,Low,Low,Low,Low,Low,Low,Medium,Medium,Medium,High
2008,4,MG,High,High,Low,Low,Low,Low,Low,Low,Low,Medium,Low,Medium
2008,5,MG,Critical,Low,Low,Low,Low,Low,Low,Low,Low,Low,Low,High
2008,6,MG,Critical,Low,Low,Low,Low,Low,Low,Low,Low,Low,Medium,Medium
2008,7,MG,Critical,Low,Low,Low,Low,Low,Low,Low,Low,Low,Medium,Medium
2008,8,MG,Critical,Low,Low,Low,Low,Low,Low,Low,Low,Low,Medium,High
2008,9,MG,Critical,Medium,Low,Low,Low,Low,Low,Low,Low,Low,High,High
2008,10,MG,Critical,Low,Low,Low,Medium,Low,Low,Medium,Low,Low,High,High
2008,11,MG,High,High,Low,Low,Low,Low,Low,Low,Low,Medium,High,Medium
2008,12,MG,High,High,Low,Low,Low,Low,Low,Low,Low,Low,Medium,Medium
2009,1,MG,High,High,Low,Low,Low,Low,Low,Low,Medium,Low,Medium,Medium
2009,2,MG,High,High,Low,Low,Low,Medium,Medium,Low,Medium,Low,Medium,High
2009,3,MG,High,High,Low,Low,Low,Low,Low,Low,Low,Low,Medium,Medium
2009,4,MG,High,Medium,Low,Low,Low,Low,Low,Low,Low,Low,Medium,Medium
2009,5,MG,Critical,Low,Low,Low,Low,Low,Low,Low,Low,Low,Low,Low
2009,6,MG,Critical,Low,Low,Low,Low,Low,Low,Low,Low,Low,Low,Medium
2009,7,MG,Critical,Low,Low,Low,Low,Low,Low,Low,Low,Low,Medium,Medium
2009,8,MG,Critical,Low,Low,Low,Low,Low,Low,Low,Low,Low,High,Medium
2009,9,MG,Critical,Medium,Low,Low,Low,Low,Low,Low,Low,Low,High,High
2009,10,MG,Critical,High,Low,Low,Low,Low,Low,Low,Low,Medium,Medium,High
2009,11,MG,High,Medium,Low,Low,Low,Low,Low,Low,Low,Low,Medium,High
2009,12,MG,High,High,Low,Low,Low,Medium,Low,Low,Medium,Low,Medium,High
2010,1,MG,High,High,Low,Low,Low,Medium,Low,Low,Low,Low,Medium,Medium
2010,2,MG,High,Medium,Low,Low,Medium,Low,Medium,Medium,Low,Medium,High,High
2010,3,MG,High,High,Low,Low,Low,Low,Medium,Low,Low,Medium,Medium,Medium
2010,4,MG,High,Medium,Low,Low,Low,Medium,Low,Low,Low,Low,Medium,Low
2010,5,MG,Critical,Low,Low,Low,Low,Low,Low,Low,Low,Low,Low,High
2010,6,MG,Critical,Low,Low,Low,Low,Low,Low,Low,Low,Low,Medium,Medium
2010,7,MG,Critical,Low,Low,Low,Low,Low,Low,Low,Low,Low,Medium,Medium
2010,8,MG,Critical,Low,Low,Low,Low,Low,Low,Low,Low,Low,Medium,Medium
2010,9,MG,Critical,Medium,Low,Low,Low,Low,Low,Low,Low,Low,High,High
2010,10,MG,Critical,High,Low,Low,Low,Low,Low,Low,Low,Low,High,Medium
2010,11,MG,High,High,Low,Low,Low,Low,Low,Low,Low,Medium,Medium,Medium
2010,12,MG,High,High,Low,Low,Low,Low,Medium,Low,Medium,Low,Medium,Medium
2011,1,MG,Medium,High,Low,Low,Low,Low,Medium,Low,Low,Medium,Medium,Medium
2011,2,MG,Medium,Medium,Low,Low,Medium,Low,Medium,Medium,Low,Low,High,High
2011,3,MG,Medium,High,Low,Low,Low,Low,Medium,Low,Low,Medium,Medium,High
2011,4,MG,High,Low,Low,Low,Low,Low,Low,Low,Low,Medium,Medium,Medium
2011,5,MG,High,Low,Low,Low,Low,Low,Low,Low,Low,Low,Medium,Medium
2011,6,MG,Critical,Low,Low,Low,Low,Low,Low,Low,Low,Low,Medium,Medium
2011,7,MG,Critical,Low,Low,Low,Low,Low,Low,Low,Low,Low,Medium,Medium
2011,8,MG,Critical,Low,Low,Low,Low,Low,Low,Low,Low,Low,Medium,High
2011,9,MG,Critical,Low,Low,Low,Low,Low,Low,Low,Low,Low,High,Medium
2011,10,MG,High,High,Low,Low,Low,Low,Low,Low,Low,Low,High,High
2011,11,MG,High,High,Low,Low,Low,Low,Low,Low,Low,Low,High,Medium
2011,12,MG,Medium,High,Low,Low,Low,Low,Low,Low,Low,Medium,Medium,High
2012,1,MG,High,High,Low,Low,Low,Low,Low,Low,Low,Low,High,Medium
2012,2,MG,High,Low,Low,Low,Low,Low,Medium,Low,Low,Low,High,Medium
2012,3,MG,High,High,Low,Low,Low,Low,Low,Low,Low,Low,Medium,High
2012,4,MG,High,Medium,Low,Low,Low,Low,Low,Low,Low,Low,Medium,Medium
2012,5,MG,Critical,Medium,Low,Low,Low,Low,Low,Low,Low,Low,Medium,Medium
2012,6,MG,Critical,Low,Low,Low,Low,Low,Low,Low,Low,Low,Low,Medium
2012,7,MG,Critical,Low,Low,Low,Low,Low,Low,Low,Low,Low,Medium,Medium
2012,8,MG,Critical,Low,Low,Low,Low,Low,Low,Low,Low,Low,High,High
2012,9,MG,Critical,Low,Low,Low,Low,Low,Low,Low,Low,Low,High,High
2012,10,MG,Critical,Medium,Low,Low,Low,Low,Low,Low,Low,Low,High,High
2012,11,MG,High,High,Low,Low,Low,Low,Low,Low,Low,Low,Medium,High
2012,12,MG,High,Medium,Low,Low,Medium,Low,Medium,Medium,Low,Low,Medium,High
2013,1,MG,Medium,High,Low,Low,Low,Low,Medium,Low,Low,Low,Medium,High
2013,2,MG,Medium,Medium,Low,Low,Low,Low,Medium,Low,Low,Low,High,Medium
2013,3,MG,Medium,High,Low,Low,Low,Low,Low,Low,Low,Medium,Medium,Medium
2013,4,MG,High,Medium,Low,Low,Low,Low,Low,Low,Low,Low,Medium,High
2013,5,MG,High,Medium,Low,Low,Low,Low,Low,Low,Low,Low,Medium,Medium
2013,6,MG,Critical,Low,Low,Low,Low,Low,Low,Low,Low,Low,Low,Low
2013,7,MG,Critical,Low,Low,Low,Low,Low,Low,Low,Low,Low,Medium,Medium
2013,8,MG,Critical,Low,Low,Low,Low,Low,Low,Low,Low,Low,High,Medium
2013,9,MG,Critical,Low,Low,Low,Low,Low,Low,Low,Low,Low,High,High
2013,10,MG,High,High,Low,Low,Low,Low,Low,Low,Low,Low,High,Medium
2013,11,MG,High,High,Low,Low,Low,Low,Low,Low,Low,Low,High,Medium
2013,12,MG,Medium,High,Low,Low,Low,Low,Low,Low,Low,Medium,Medium,High
2014,1,MG,High,Medium,Low,Low,Medium,Low,Medium,Low,Low,Low,High,Medium
2014,2,MG,High,Medium,Low,Low,Medium,Low,Medium,Low,Low,Low,High,High
2014,3,MG,High,Medium,Low,Low,Low,Low,Low,Low,Low,Medium,Medium,Medium
2014,4,MG,High,High,Low,Low,Low,Low,Low,Low,Low,Low,Medium,Medium
2014,5,MG,Critical,Low,Low,Low,Low,Low,Low,Low,Low,Low,Medium,Medium
2014,6,MG,Critical,Low,Low,Low,Low,Low,Low,Low,Low,Low,Medium,Medium
2014,7,MG,Critical,Medium,Low,Low,Low,Low,Low,Low,Low,Low,Medium,Medium
2014,8,MG,Critical,Low,Low,Low,Low,Low,Low,Low,Low,Low,Medium,High
2014,9,MG,Critical,Low,Low,Low,Low,Low,Low,Low,Low,Low,High,High
2014,10,MG,Critical,Medium,Low,Low,Low,Low,Low,Low,Low,Low,High,High
2014,11,MG,High,High,Low,Low,Low,Low,Low,Low,Low,Low,Medium,Medium
2014,12,MG,High,High,Low,Low,Low,Low,Low,Low,Low,Low,Medium,High
2015,1,MG,High,Medium,Low,Low,Medium,Low,Medium,Medium,Medium,Low,Medium,Medium
2015,2,MG,High,High,Low,Low,Low,Low,Low,Low,Low,Low,Medium,High
2015,3,MG,High,High,Low,Low,Low,Low,Medium,Low,Low,Low,Medium,Medium
2015,4,MG,High,Medium,Low,Low,Low,Low,Low,Low,Low,Low,Medium,Medium
2015,5,MG,Critical,Medium,Low,Low,Low,Low,Low,Low,Low,Low,Medium,Medium
2015,6,MG,Critical,Low,Low,Low,Low,Low,Low,Low,Low,Low,Medium,Medium
2015,7,MG,Critical,Low,Low,Low,Low,Low,Low,Low,Low,Low,Medium,Medium
2015,8,MG,Critical,Low,Low,Low,Low,Low,Low,Low,Low,Low,High,Medium
2015,9,MG,Critical,Medium,Low,Low,Low,Low,Low,Low,Low,Low,High,Medium
2015,10,MG,Critical,Medium,Low,Low,Medium,Low,Low,Medium,Low,Low,High,High
2015,11,MG,High,High,Low,Low,Medium,Low,Low,Medium,Low,Low,Medium,High
2015,12,MG,High,Medium,Low,Low,Low,Low,Low,Low,Low,Low,Medium,High
2016,1,MG,High,High,Low,Low,Low,Low,Medium,Low,Medium,Low,Medium,Medium
2016,2,MG,High,High,Low,Low,Medium,Low,Medium,Medium,Low,Medium,Medium,High
2016,3,MG,High,Medium,Low,Low,Low,Low,Medium,Low,Low,Medium,Medium,Low
2016,4,MG,High,Low,Low,Low,Low,Low,Low,Low,Low,Low,Medium,Low
2016,5,MG,Critical,Low,Low,Low,Low,Low,Low,Low,Low,Low,Low,Low
2016,6,MG,Critical,Low,Low,Low,Low,Low,Low,Low,Low,Low,Low,Low
2016,7,MG,Critical,Low,Low,Low,Low,Low,Low,Low,Low,Low,Medium,Medium
2016,8,MG,Critical,Low,Low,Low,Low,Low,Low,Low,Low,Low,Medium,Medium
2016,9,MG,Critical,Low,Low,Low,Low,Low,Low,Low,Low,Low,High,Medium
2016,10,MG,Critical,Medium,Low,Low,Low,Low,Low,Low,Low,Low,High,Medium
2016,11,MG,High,High,Low,Low,Low,Low,Low,Low,Low,Low,Medium,Medium
2016,12,MG,High,High,Low,Low,Low,Low,Low,Low,Low,Low,Medium,Medium
2017,1,MG,High,High,Low,Low,Medium,Low,Medium,Low,Low,Low,High,Low
2017,2,MG,High,High,Low,Low,Low,Low,Medium,Low,Low,Low,Medium,Medium
2017,3,MG,High,Medium,Low,Low,Low,Low,Low,Low,Low,Low,Medium,High
2017,4,MG,High,Low,Low,Low,Low,Low,Low,Low,Low,Low,Medium,Medium
2017,5,MG,Critical,Low,Low,Low,Low,Low,Low,Low,Low,Low,Medium,Medium
2017,6,MG,Critical,Low,Low,Low,Low,Low,Low,Low,Low,Low,Medium,Medium
2017,7,MG,Critical,Low,Low,Low,Low,Low,Low,Low,Low,Low,High,Medium
2017,8,MG,Critical,Low,Low,Low,Low,Low,Low,Low,Low,Low,High,High
2017,9,MG,Critical,Low,Low,Low,Low,Low,Low,Low,Low,Low,High,High
2017,10,MG,Critical,Medium,Low,Low,Low,Low,Low,Low,Low,Low,High,High
2017,11,MG,High,High,Low,Low,Low,Low,Low,Low,Low,Low,Medium,Medium
2017,12,MG,High,High,Low,Low,Low,Low,Medium,Low,Low,Low,Medium,Medium
2018,1,MG,Medium,High,Low,Low,Low,Low,Medium,Low,Low,Low,Medium,High
2018,2,MG,Medium,High,Low,Low,Low,Medium,Low,Low,Low,Low,Medium,Medium
2018,3,MG,Medium,High,Low,Low,Low,Low,Medium,Low,Low,Low,Medium,High
2018,4,MG,High,Low,Low,Low,Low,Low,Low,Low,Low,Low,Medium,Medium
2018,5,MG,High,Low,Low,Low,Low,Low,Low,Low,Low,Low,Medium,Medium
2018,6,MG,Critical,Low,Low,Low,Low,Low,Low,Low,Low,Low,Low,Medium
2018,7,MG,Critical,Low,Low,Low,Low,Low,Low,Low,Low,Low,Low,Medium
2018,8,MG,Critical,Low,Low,Low,Low,Low,Low,Low,Low,Low,Medium,Medium
2018,9,MG,Critical,Medium,Low,Low,Low,Low,Low,Low,Low,Low,High,Medium
2018,10,MG,High,High,Low,Low,Low,Low,Low,Low,Low,Low,High,High
2018,11,MG,High,High,Low,Low,Low,Low,Low,Low,Low,Low,High,High
2018,12,MG,Medium,High,Low,Low,Low,Low,Low,Low,Low,Low,Medium,Medium
2019,1,MG,Medium,Medium,Low,Low,Medium,Low,Medium,Medium,Low,Low,Medium,Low
2019,2,MG,Medium,High,Low,Low,Low,Low,Medium,Low,Medium,Low,Medium,Medium
2019,3,MG,Medium,Medium,Low,Low,Low,Medium,Low,Low,Medium,Medium,Medium,Medium
2019,4,MG,High,Medium,Low,Low,Low,Low,Low,Low,Medium,Low,Low,Low
2019,5,MG,High,Low,Low,Low,Low,Low,Low,Low,Low,Low,Low,Medium
2019,6,MG,Critical,Low,Low,Low,Low,Low,Low,Low,Low,Low,Medium,Medium
2019,7,MG,Critical,Low,Low,Low,Low,Low,Low,Low,Low,Low,Medium,Medium
2019,8,MG,Critical,Low,Low,Low,Low,Low,Low,Low,Low,Low,High,Medium
2019,9,MG,Critical,Low,Low,Low,Low,Low,Low,Low,Low,Low,High,Medium
2019,10,MG,High,Medium,Low,Low,Medium,Low,Low,Low,Low,Low,High,High
2019,11,MG,High,High,Low,Low,Low,Low,Low,Low,Low,Low,High,Medium
2019,12,MG,Medium,High,Low,Low,Low,Low,Medium,Low,Low,Low,Medium,High
2020,1,MG,Medium,High,Low,Medium,Low,Low,Medium,Low,Medium,Medium,Medium,High
2020,2,MG,Medium,High,Low,Medium,Low,Low,Low,Low,Medium,Medium,Medium,Low
2020,3,MG,Medium,High,Low,Medium,Low,Medium,Low,Low,Low,Medium,Medium,Medium
2020,4,MG,High,Medium,Low,Medium,Low,Medium,Low,Low,Low,Low,Medium,Medium
2020,5,MG,High,Low,Low,Medium,Low,Low,Low,Low,Low,Low,Low,Low
2020,6,MG,Critical,Low,Low,Medium,Low,Low,Low,Low,Low,Low,Low,Low
2020,7,MG,Critical,Low,Low,Medium,Low,Low,Low,Low,Low,Low,Medium,Medium
2020,8,MG,Critical,Low,Low,Medium,Low,Low,Low,Low,Low,Low,High,Medium
2020,9,MG,Critical,Low,Low,High,Low,Low,Low,Low,Low,Low,High,Medium
2020,10,MG,High,Medium,Low,Medium,Low,Low,Low,Low,Low,Low,High,High
2020,11,MG,High,Medium,Low,High,Low,Low,Low,Low,Low,Low,Medium,Low
2020,12,MG,Medium,High,Low,Medium,Low,Low,Medium,Low,Low,Low,Medium,Low
2021,1,MG,Medium,High,Low,High,Low,Low,Low,Low,Low,Low,Medium,Medium
2021,2,MG,Medium,High,Low,Medium,Low,Low,Low,Low,Medium,Low,Medium,Low
2021,3,MG,Medium,Medium,Low,High,Low,Low,Low,Low,Low,Low,Medium,Medium
2021,4,MG,High,Low,Low,Medium,Low,Low,Low,Low,Low,Low,Medium,Low
2021,5,MG,High,Low,Low,Medium,Low,Low,Low,Low,Low,Low,Low,Low
2021,6,MG,Critical,Low,Low,Medium,Low,Low,Low,Low,Low,Low,Low,Low
2021,7,MG,Critical,Low,Low,Medium,Low,Low,Low,Low,Low,Low,Medium,Medium
2021,8,MG,Critical,Low,Low,Medium,Low,Low,Low,Low,Low,Low,High,Low
2021,9,MG,Critical,Low,Low,High,Medium,Low,Low,Low,Low,Low,High,Low
2021,10,MG,High,High,Low,Medium,Low,Medium,Low,Low,Medium,Low,High,Low
2021,11,MG,High,High,Low,Medium,Low,Low,Low,Low,Low,Low,Medium,Low
2021,12,MG,Medium,High,Low,Medium,Low,Low,Low,Low,Low,Low,Medium,Low
2022,1,MG,Medium,High,Low,Medium,Low,Low,Medium,Low,Medium,Low,Low,Medium
2022,2,MG,Medium,High,Low,Medium,Low,Low,Low,Low,Medium,Medium,Low,Low
2022,3,MG,Medium,Low,Low,High,Low,Low,Low,Low,Low,Low,Medium,Low
2022,4,MG,High,Low,Low,Medium,Low,Low,Low,Low,Low,Low,Low,Low
2022,5,MG,High,Medium,Low,Medium,Low,Low,Low,Low,Low,Low,Low,Low
2022,6,MG,Critical,Low,Low,Medium,Low,Low,Low,Low,Low,Low,Low,Low
2022,7,MG,Critical,Low,Low,Medium,Low,Low,Low,Low,Low,Low,Medium,Low
2022,8,MG,Critical,Low,Low,Medium,Low,Low,Low,Low,Low,Low,High,Low
2022,9,MG,Critical,Medium,Low,Medium,Low,Low,Low,Low,Low,Low,High,Low
2022,10,MG,High,Medium,Low,High,Low,Low,Low,Low,Low,Low,Medium,Low
2022,11,MG,High,High,Low,High,Low,Low,Low,Low,Low,Low,Medium,Medium
2022,12,MG,Medium,High,Low,Medium,Low,Low,Low,Low,Medium,Low,Medium,Low
2023,1,MG,Medium,High,Low,Medium,Low,Medium,Low,Low,Medium,Medium,Low,Low
2023,2,MG,Medium,Medium,Low,High,Low,Low,Low,Low,Low,Medium,Medium,Low
2023,3,MG,Medium,Low,Low,High,Low,Low,Medium,Low,Low,Low,Medium,Low
2023,4,MG,High,Medium,Low,Medium,Low,Low,Low,Low,Low,Low,Medium,Low
2023,5,MG,High,Low,Low,Medium,Low,Low,Low,Low,Low,Low,Low,Low
2023,6,MG,Critical,Low,Low,Medium,Low,Low,Low,Low,Low,Low,Low,Low
2023,7,MG,Critical,Low,Low,Medium,Low,Low,Low,Low,Low,Low,Low,Medium
2023,8,MG,Critical,Low,Low,Medium,Low,Low,Low,Low,Low,Low,Medium,Low
2023,9,MG,Critical,Low,Low,High,Low,Low,Low,Low,Low,Low,High,Low
2023,10,MG,High,High,Low,High,Medium,Low,Medium,Medium,Medium,Low,Medium,Low
2023,11,MG,High,Medium,Low,High,Medium,Medium,Low,Medium,Low,Low,Medium,Low
2023,12,MG,Medium,Medium,Low,High,Medium,Medium,Medium,Low,Medium,Low,Medium,High
2010,8,RR,High,Low,Medium,High,High,Medium,High,High,Medium,High,Low,Low
2010,9,RR,High,Medium,Medium,High,High,High,Medium,High,High,High,Low,Low
2010,10,RR,Medium,Low,Medium,High,High,High,High,High,High,Medium,Low,Low
2010,11,RR,Medium,Medium,Medium,Medium,High,High,High,High,High,High,Low,Low
2010,12,RR,Low,Medium,Medium,High,High,High,High,High,High,Medium,Medium,Medium
2011,1,RR,Low,Low,Medium,High,High,High,Medium,High,High,Medium,High,Medium
2011,2,RR,Low,Medium,Medium,High,High,High,High,High,Medium,Medium,High,Medium
2011,3,RR,Low,High,Medium,Medium,High,Medium,Medium,High,High,Medium,Medium,Medium
2011,4,RR,Medium,Low,Medium,High,High,Medium,Medium,High,Medium,Medium,Medium,Medium
2011,5,RR,Medium,High,Medium,Medium,Medium,High,Medium,Medium,High,High,Low,Medium
2011,6,RR,High,High,Medium,Medium,Medium,High,High,Medium,High,High,Low,Medium
2011,7,RR,High,High,Medium,Medium,Medium,Medium,Medium,Medium,High,High,Low,Low
2011,8,RR,High,Medium,Medium,High,High,High,Medium,High,High,Medium,Low,High
2011,9,RR,High,Medium,Medium,High,High,Medium,High,High,High,High,Low,Low
2011,10,RR,Medium,Medium,Medium,High,High,High,Medium,High,High,Medium,Medium,High
2011,11,RR,Medium,Medium,Medium,High,High,Medium,High,High,High,High,Low,Low
2011,12,RR,Low,Low,Medium,High,High,Medium,Medium,High,High,Medium,Medium,Low
2012,1,RR,Low,Low,Medium,High,High,Medium,High,High,Medium,Medium,High,Medium
2012,2,RR,Low,Low,Medium,Medium,High,Medium,Medium,High,Medium,Medium,High,High
2012,3,RR,Low,Medium,Medium,High,High,Medium,Medium,High,High,Medium,High,Medium
2012,4,RR,Medium,High,Medium,Medium,High,High,Medium,High,High,High,Medium,Low
2012,5,RR,Medium,High,Medium,Medium,Medium,Medium,Medium,Medium,High,High,Low,Low
2012,6,RR,High,Low,Medium,High,Medium,High,High,Medium,High,High,Low,Low
2012,7,RR,High,Medium,Medium,Medium,Medium,Medium,Medium,Medium,High,High,Low,Medium
2012,8,RR,High,Medium,Medium,Medium,Medium,High,Medium,Medium,High,High,Low,Medium
2012,9,RR,High,Low,Medium,High,High,Medium,Medium,High,Medium,Medium,Low,Low
2012,10,RR,Medium,Low,Medium,High,High,Medium,High,High,Medium,Medium,Medium,Medium
2012,11,RR,Medium,Low,Medium,High,High,Medium,High,High,Medium,Medium,Medium,Low
2012,12,RR,Low,Low,Medium,High,High,High,High,High,High,Medium,Medium,Medium
2013,1,RR,Low,Low,Medium,High,High,Low,Medium,High,Low,Medium,High,Medium
2013,2,RR,Low,Medium,Medium,Medium,High,Medium,High,High,Medium,Medium,High,Medium
2013,3,RR,Low,Low,Medium,High,High,Medium,High,High,High,Medium,High,Medium
2013,4,RR,Medium,Medium,Medium,Medium,High,High,Medium,High,High,Medium,Medium,Medium
2013,5,RR,Medium,High,Medium,Medium,Medium,High,Medium,Medium,High,High,Low,Low
2013,6,RR,High,High,Medium,High,High,Medium,Medium,Medium,High,High,Low,Medium
2013,7,RR,High,High,Medium,Medium,Medium,High,Medium,Medium,Medium,High,Low,Low
2013,8,RR,High,High,Medium,Medium,Medium,Medium,Medium,Medium,High,High,Low,Low
2013,9,RR,High,Medium,Medium,High,High,High,Medium,High,High,High,Low,Medium
2013,10,RR,Medium,Medium,Medium,High,High,High,Medium,High,High,Medium,Medium,Low
2013,11,RR,Medium,Medium,Medium,High,High,Medium,Medium,High,High,Medium,Medium,Medium
2013,12,RR,Low,Low,Medium,High,High,High,High,High,High,Medium,High,Medium
2014,1,RR,Medium,Low,Medium,High,High,Medium,High,High,Medium,Medium,High,Medium
2014,2,RR,Medium,Low,Medium,Medium,High,Medium,High,High,Medium,Medium,High,Medium
2014,3,RR,Medium,Low,Medium,High,High,Medium,High,High,Medium,Medium,High,Medium
2014,4,RR,Medium,Low,Medium,High,High,Medium,High,High,High,Medium,High,Medium
2014,5,RR,High,Medium,Medium,High,High,Medium,High,High,Medium,Medium,Medium,Low
2014,6,RR,High,High,Medium,Medium,Medium,Medium,High,Medium,High,High,Low,Medium
2014,7,RR,High,Low,Medium,High,Medium,Medium,Medium,Medium,Medium,Medium,Low,Low
2014,8,RR,High,Medium,Medium,Medium,Medium,Medium,Medium,Medium,Medium,Medium,Low,Low
2014,9,RR,High,Low,Medium,High,High,Medium,Medium,High,Medium,Medium,Medium,Low
2014,10,RR,High,Low,Medium,High,High,Medium,Medium,High,Medium,Medium,Low,Medium
2014,11,RR,Medium,Low,Medium,High,High,Medium,High,High,Medium,Medium,Medium,Low
2014,12,RR,Medium,Low,Medium,High,High,Medium,High,High,Medium,Medium,High,Medium
2015,1,RR,Medium,Low,Medium,High,High,High,High,High,High,Medium,High,Medium
2015,2,RR,Medium,Low,Medium,High,High,Medium,High,High,Medium,Medium,High,Medium
2015,3,RR,Medium,Low,Medium,High,High,Medium,High,High,Medium,Medium,High,Medium
2015,4,RR,Medium,Medium,Medium,High,High,Medium,High,High,Medium,Medium,High,Medium
2015,5,RR,High,Medium,Medium,Medium,Medium,Medium,Medium,Medium,Medium,Medium,Medium,Low
2015,6,RR,High,Medium,Medium,Medium,Medium,High,High,Medium,High,High,Low,Medium
2015,7,RR,High,Medium,Medium,Medium,Medium,High,Medium,Medium,High,High,Low,Low
2015,8,RR,High,Medium,Medium,High,High,Medium,High,High,High,Medium,Low,Medium
2015,9,RR,High,Low,Medium,High,High,Medium,High,High,Medium,Medium,Low,Low
2015,10,RR,High,Low,Medium,High,High,High,High,High,High,Medium,Medium,High
2015,11,RR,Medium,Low,Medium,High,High,Medium,High,High,Medium,Medium,Medium,Medium
2015,12,RR,Medium,Low,Medium,High,High,Medium,High,High,Medium,Medium,High,Medium
2016,1,RR,High,Low,Medium,High,High,Low,High,High,Low,Medium,High,Medium
2016,2,RR,High,Low,Medium,Medium,High,High,High,High,High,Medium,High,Medium
2016,3,RR,High,Low,Medium,High,High,Medium,High,High,Medium,Medium,High,Medium
2016,4,RR,Critical,High,Medium,Medium,High,Medium,High,High,Medium,Medium,Medium,Medium
2016,5,RR,Critical,High,Medium,Medium,High,High,High,Medium,High,High,Low,Low
2016,6,RR,Critical,High,Medium,Medium,Medium,Medium,Medium,Medium,High,High,Low,Low
2016,7,RR,Critical,High,Medium,High,Medium,Medium,High,Medium,Medium,High,Low,Medium
2016,8,RR,Critical,Medium,Medium,High,High,Medium,Medium,High,High,Medium,Low,Medium
2016,9,RR,Critical,Medium,Medium,High,High,Medium,Medium,High,Medium,Medium,Low,High
2016,10,RR,Critical,Low,Medium,High,High,Medium,High,High,High,Medium,Medium,Low
2016,11,RR,Critical,Low,Medium,High,High,High,High,High,High,Medium,High,Low
2016,12,RR,High,Medium,Medium,High,High,Medium,High,High,Medium,Medium,Medium,Medium
2017,1,RR,Medium,Low,Medium,High,High,Medium,High,High,Medium,Medium,High,Medium
2017,2,RR,Medium,Medium,Medium,Medium,High,Medium,Medium,High,Medium,Medium,High,Medium
2017,3,RR,Medium,Medium,Medium,High,High,Medium,High,High,Medium,Medium,Medium,Medium
2017,4,RR,Medium,Medium,Medium,High,High,High,High,High,High,Medium,Medium,Low
2017,5,RR,High,High,Medium,Medium,Medium,High,High,Medium,Medium,Medium,Low,Low
2017,6,RR,High,Medium,Medium,Medium,Medium,Medium,High,Medium,Medium,High,Low,Low
2017,7,RR,Critical,High,Medium,Medium,Medium,Medium,High,Medium,Medium,High,Low,Medium
2017,8,RR,Critical,Medium,Medium,High,High,Medium,High,High,Medium,Medium,Low,Medium
2017,9,RR,High,Medium,Medium,High,High,Medium,High,High,Medium,Medium,Low,Medium
2017,10,RR,High,Low,Medium,High,High,Medium,Medium,High,High,Medium,Medium,Low
2017,11,RR,Medium,Low,Medium,High,High,Medium,High,High,Medium,Medium,Medium,Low
2017,12,RR,Medium,Low,Medium,High,High,Medium,High,High,Medium,Medium,High,Medium
2018,1,RR,Medium,Low,Medium,High,High,Medium,High,High,Medium,Medium,High,Medium
2018,2,RR,Medium,Low,Medium,High,High,Medium,High,High,Medium,Low,High,Medium
2018,3,RR,Medium,High,Medium,High,High,Medium,High,High,Medium,Medium,High,Low
2018,4,RR,Medium,High,Medium,High,High,Low,High,High,Low,High,High,Low
2018,5,RR,High,High,Medium,High,Medium,Medium,Medium,Medium,High,High,Medium,Medium
2018,6,RR,High,High,Medium,Medium,Medium,Medium,Medium,Medium,Medium,High,Low,Medium
2018,7,RR,Critical,High,Medium,Medium,Medium,Medium,Medium,Medium,Medium,Medium,Low,Medium
2018,8,RR,Critical,Medium,Medium,High,High,Medium,Medium,High,Medium,Medium,Low,Medium
2018,9,RR,High,High,Medium,High,High,Medium,Medium,High,High,Medium,Low,Medium
2018,10,RR,High,Medium,Medium,High,High,Medium,High,High,High,Medium,Medium,Low
2018,11,RR,Medium,Medium,Medium,High,High,High,High,High,High,Medium,Medium,Low
2018,12,RR,Medium,Low,Medium,High,High,Medium,High,High,Low,Medium,High,Medium
2019,1,RR,High,Low,Medium,Medium,High,Medium,High,High,Medium,Medium,High,Medium
2019,2,RR,High,Low,Medium,Medium,High,Low,High,High,Low,Medium,High,Medium
2019,3,RR,High,Low,Medium,High,High,Medium,High,High,High,Medium,High,Medium
2019,4,RR,High,Low,Medium,High,High,High,High,High,High,Medium,High,Medium
2019,5,RR,Critical,High,Medium,Medium,Medium,High,High,Medium,High,Medium,Low,Medium
2019,6,RR,Critical,High,Medium,Medium,Medium,Medium,Medium,Medium,Medium,High,Low,Medium
2019,7,RR,Critical,High,Medium,Medium,Medium,Medium,Medium,Medium,High,High,Low,High
2019,8,RR,Critical,High,Medium,Medium,Medium,Medium,Medium,Medium,Medium,High,Low,Low
2019,9,RR,Critical,Medium,Medium,Medium,High,High,Medium,High,High,Medium,Low,Medium
2019,10,RR,Critical,Medium,Medium,High,High,Medium,Medium,High,Medium,Medium,Low,Low
2019,11,RR,High,High,Medium,Medium,High,Medium,Medium,High,Medium,Medium,Low,Medium
2019,12,RR,High,Medium,Medium,Medium,High,High,High,High,High,High,Medium,Medium
2020,1,RR,Medium,Low,Medium,Low,High,Medium,Medium,High,Medium,Medium,High,Low
2020,2,RR,Medium,Low,Medium,Low,High,Medium,High,High,Low,Medium,High,Medium
2020,3,RR,Medium,Low,Medium,Low,High,Medium,High,High,Low,Medium,High,Medium
2020,4,RR,Medium,Medium,Medium,Low,High,High,High,High,Medium,Medium,Medium,Medium
2020,5,RR,High,High,Medium,Low,High,High,High,High,High,High,Low,Low
2020,6,RR,High,High,Medium,Low,Medium,Medium,Medium,Medium,Medium,High,Low,Low
2020,7,RR,High,High,Medium,Low,Medium,High,Medium,Medium,High,Medium,Low,Low
2020,8,RR,High,High,Medium,Low,Medium,High,Medium,Medium,High,Medium,Low,Medium
2020,9,RR,High,Medium,Medium,Low,High,Medium,High,High,Medium,Medium,Low,Medium
2020,10,RR,High,Low,Medium,Low,High,Low,High,High,Low,High,Medium,Low
2020,11,RR,Medium,Low,Medium,Low,High,Low,High,High,Low,High,High,Low
2020,12,RR,Medium,Low,Medium,Low,High,Medium,High,High,Medium,High,High,Low
2021,1,RR,Low,Medium,Medium,Low,High,Medium,High,High,Medium,Medium,High,Low
2021,2,RR,Low,Low,Medium,Low,High,Low,High,High,Low,High,High,Low
2021,3,RR,Low,Low,Medium,Low,High,Low,High,High,Low,High,High,Low
2021,4,RR,Medium,Low,Medium,Low,High,Low,High,High,Low,High,High,Low
2021,5,RR,Medium,Low,Medium,Low,High,Low,High,High,Low,High,High,Low
2021,6,RR,High,Low,Medium,Low,High,Low,High,High,Low,High,High,Low
2021,7,RR,High,Low,Medium,Low,High,Low,High,High,Low,High,High,Low
2021,8,RR,High,Low,Medium,Low,High,Low,High,High,Low,High,High,Low
2021,9,RR,High,Low,Medium,Low,High,Low,High,High,Low,High,High,Low
2021,10,RR,Medium,Low,Medium,Low,High,Low,High,High,Low,High,High,Low
2021,11,RR,Medium,Low,Medium,Low,High,Low,High,High,Low,High,High,Low
2021,12,RR,Low,Low,Medium,Low,High,Low,High,High,Low,High,High,Low
2022,1,RR,Medium,Low,Medium,Low,High,Low,High,High,Low,High,High,Low
2022,2,RR,Medium,Low,Medium,Low,High,Low,High,High,Low,High,High,Low
2022,3,RR,Medium,Low,Medium,Low,High,Low,High,High,Low,High,High,Low
2022,4,RR,Medium,Low,Medium,Low,High,Low,Medium,High,Low,High,Medium,Low
2022,5,RR,High,Low,Medium,Low,Medium,Low,Medium,Medium,Low,High,Low,Low
2022,6,RR,High,Low,Medium,Low,Medium,Low,Medium,Medium,Low,High,Low,Medium
2022,7,RR,High,Low,Medium,Low,Medium,Low,Medium,Medium,Low,High,Low,Medium
2022,8,RR,High,Low,Medium,Low,High,Low,Medium,High,Low,High,High,Low
2022,9,RR,High,Low,Medium,Low,High,Low,Medium,High,Low,High,High,Low
2022,10,RR,High,Low,Medium,Low,High,Low,High,High,Low,High,High,Low
2022,11,RR,Medium,Low,Medium,Low,High,Low,Medium,High,Low,High,Medium,Low
2022,12,RR,Medium,Medium,Medium,Low,Medium,Medium,Medium,Medium,Medium,Medium,Medium,Low
2023,1,RR,Medium,Medium,Medium,Low,Medium,Medium,Medium,Medium,Low,Medium,Medium,Low
2023,2,RR,Medium,Medium,Medium,Low,High,Medium,Medium,High,Medium,Medium,High,Low
2023,3,RR,Medium,Low,Medium,Low,High,Low,High,High,Low,Medium,High,Medium
2023,4,RR,Medium,High,Medium,Low,High,Medium,Medium,High,Medium,Medium,Medium,Medium
2023,5,RR,High,High,Medium,Low,High,High,High,High,Medium,Medium,Medium,Medium
2023,6,RR,High,High,Medium,Low,Medium,Medium,Medium,Medium,High,Medium,Low,Medium
2023,7,RR,Critical,High,Medium,Low,Medium,High,Medium,Medium,High,Medium,Low,Medium
2023,8,RR,Critical,Low,Medium,Low,High,Medium,High,High,Medium,Medium,High,Medium
2023,9,RR,High,Low,Medium,Low,High,Low,High,High,Medium,High,High,Low
2023,10,RR,High,Low,Medium,Low,High,Low,High,High,Low,High,High,Low
2023,11,RR,Medium,Low,Medium,Low,High,Low,High,High,Medium,Medium,High,Low
2023,12,RR,Medium,Low,Medium,Low,High,Medium,High,High,Medium,Medium,High,Medium
2001,1,DF,Low,Medium,Low,High,Low,Low,Low,Low,Low,Low,Medium,High
2001,2,DF,Low,Medium,Low,High,Low,Low,Low,Low,Low,Low,Medium,High
2001,3,DF,Low,High,Low,Medium,Low,Low,Low,Low,Low,Medium,Medium,High
2001,4,DF,Low,Medium,Low,High,Low,Low,Low,Low,Low,Low,Medium,Medium
2001,5,DF,Low,Low,Low,Medium,Low,Low,Low,Low,Low,Low,Low,Medium
2001,6,DF,Low,Low,Low,Medium,Low,Low,Low,Low,Low,Low,Medium,High
2001,7,DF,Low,Low,Low,Medium,Low,Low,Low,Low,Low,Low,Medium,High
2001,8,DF,Low,Low,Low,Medium,Low,Low,Low,Low,Low,Low,High,High
2001,9,DF,Low,Low,Low,High,Low,Low,Low,Low,Low,Low,Medium,High
2001,10,DF,Low,Medium,Low,Medium,Low,Low,Low,Low,Low,Low,Medium,High
2001,11,DF,Low,High,Low,Medium,Low,Low,Low,Low,Low,Medium,Medium,High
2001,12,DF,Low,Medium,Low,High,Low,Low,Low,Low,Low,Low,High,High
2002,1,DF,Low,High,Low,High,Low,Low,Low,Low,Low,Low,Medium,High
2002,2,DF,Low,High,Low,High,Low,Low,Low,Low,Low,Low,Medium,High
2002,3,DF,Low,Medium,Low,High,Low,Low,Low,Low,Low,Low,Medium,High
2002,4,DF,Low,Medium,Low,High,Low,Low,Low,Low,Low,Low,Medium,High
2002,5,DF,Low,Low,Low,Medium,Low,Low,Low,Low,Low,Low,Medium,High
2002,6,DF,Low,Low,Low,Medium,Low,Low,Low,Low,Low,Low,Medium,Medium
2002,7,DF,Low,Low,Low,Medium,Low,Low,Low,Low,Low,Low,Medium,High
2002,8,DF,Low,Low,Low,High,Low,Low,Low,Low,Low,Low,High,High
2002,9,DF,Low,Medium,Low,High,Low,Low,Low,Low,Low,Low,Medium,High
2002,10,DF,Low,Medium,Low,High,Medium,Low,Medium,Medium,Low,Low,Medium,High
2002,11,DF,Low,Medium,Low,Medium,Low,Low,Low,Low,Low,Low,Medium,High
2002,12,DF,Low,High,Low,Medium,Low,Low,Low,Low,Low,Low,Medium,High
2003,1,DF,Low,High,Low,Medium,Low,Low,Low,Low,Low,Medium,Medium,High
2003,2,DF,Low,Medium,Low,High,Low,Low,Low,Low,Low,Low,Medium,Medium
2003,3,DF,Low,Medium,Low,Medium,Low,Low,Low,Low,Low,Medium,Medium,Medium
2003,4,DF,Low,Medium,Low,High,Low,Low,Low,Low,Low,Low,Medium,High
2003,5,DF,Low,Low,Low,Medium,Low,Low,Low,Low,Low,Low,Medium,High
2003,6,DF,Low,Low,Low,Medium,Low,Low,Low,Low,Low,Low,Medium,Medium
2003,7,DF,Low,Low,Low,High,Low,Low,Low,Low,Low,Low,Medium,High
2003,8,DF,Low,Low,Low,Medium,Low,Low,Low,Low,Low,Low,Medium,High
2003,9,DF,Low,Low,Low,High,Low,Low,Low,Low,Low,Low,High,High
2003,10,DF,Low,Medium,Low,Medium,Low,Low,Low,Low,Low,Low,Medium,High
2003,11,DF,Low,High,Low,Medium,Low,Low,Low,Low,Low,Medium,Medium,High
2003,12,DF,Low,High,Low,High,Low,Low,Low,Low,Low,Low,Medium,High
2004,1,DF,Low,High,Low,Medium,Low,Low,Medium,Low,Low,Medium,Medium,High
2004,2,DF,Low,High,Low,Medium,Low,Low,Low,Low,Low,Medium,Medium,High
2004,3,DF,Low,High,Low,Medium,Low,Low,Low,Low,Low,Medium,Medium,High
2004,4,DF,Low,Medium,Low,Medium,Low,Low,Low,Low,Low,Low,Low,High
2004,5,DF,Low,Low,Low,High,Low,Low,Low,Low,Low,Low,Medium,Medium
2004,6,DF,Low,Low,Low,High,Low,Low,Low,Low,Low,Low,Medium,Medium
2004,7,DF,Low,Low,Low,High,Low,Low,Low,Low,Low,Low,High,High
2004,8,DF,Low,Low,Low,High,Low,Low,Low,Low,Low,Low,Medium,High
2004,9,DF,Low,Low,Low,High,Low,Low,Low,Low,Low,Low,High,High
2004,10,DF,Low,Medium,Low,High,Low,Low,Low,Low,Low,Low,Medium,High
2004,11,DF,Low,Medium,Low,High,Low,Low,Low,Low,Low,Low,Medium,High
2004,12,DF,Low,Medium,Low,High,Low,Low,Low,Low,Low,Low,Medium,High
2005,1,DF,Low,High,Low,High,Low,Low,Low,Low,Low,Medium,Medium,High
2005,2,DF,Low,High,Low,High,Low,Low,Low,Low,Low,Medium,Medium,High
2005,3,DF,Low,High,Low,High,Low,Low,Low,Low,Low,Medium,Medium,High
2005,4,DF,Low,Low,Low,High,Low,Low,Low,Low,Low,Medium,Medium,High
2005,5,DF,Low,Low,Low,High,Low,Low,Low,Low,Low,Low,High,High
2005,6,DF,Low,Low,Low,High,Low,Low,Low,Low,Low,Low,High,High
2005,7,DF,Low,Low,Low,High,Low,Low,Low,Low,Low,Low,Medium,High
2005,8,DF,Low,Low,Low,High,Low,Low,Low,Low,Low,Low,High,High
2005,9,DF,Low,Medium,Low,High,Low,Low,Low,Low,Low,Low,High,High
2005,10,DF,Low,Low,Low,High,Medium,Low,Medium,Medium,Low,Low,Medium,High
2005,11,DF,Low,High,Low,Medium,Low,Low,Low,Low,Low,Low,Medium,High
2005,12,DF,Low,High,Low,Medium,Low,Low,Low,Low,Low,Low,Medium,High
2007,1,DF,Low,High,Low,Medium,Low,Low,Low,Low,Low,Low,Medium,High
2007,2,DF,Low,High,Low,Medium,Low,Low,Low,Low,Low,Low,Medium,High
2007,3,DF,Low,Low,Low,High,Low,Low,Low,Low,Low,Low,High,Medium
2007,4,DF,Low,Medium,Low,High,Low,Low,Low,Low,Low,Low,Medium,Medium
2007,5,DF,Low,Low,Low,Medium,Low,Low,Low,Low,Low,Low,Medium,High
2007,6,DF,Low,Low,Low,Medium,Low,Low,Low,Low,Low,Low,Medium,Medium
2007,7,DF,Low,Low,Low,Medium,Low,Low,Low,Low,Low,Low,Medium,Medium
2007,8,DF,Low,Low,Low,High,Low,Low,Low,Low,Low,Low,High,High
2007,9,DF,Low,Low,Low,High,Low,Low,Low,Low,Low,Low,High,High
2007,10,DF,Low,Low,Low,High,Low,Low,Low,Low,Low,Low,High,High
2007,11,DF,Low,High,Low,High,Low,Low,Low,Low,Low,Low,Medium,High
2007,12,DF,Low,High,Low,High,Low,Low,Low,Low,Low,Low,Medium,High
2008,1,DF,Low,High,Low,Medium,Low,Low,Low,Low,Low,Low,Medium,High
2008,2,DF,Low,High,Low,Medium,Low,Low,Low,Low,Low,Medium,Medium,High
2008,3,DF,Low,High,Low,Medium,Low,Low,Low,Low,Low,Medium,Medium,High
2008,4,DF,Low,High,Low,Medium,Low,Low,Low,Low,Low,Medium,Low,Medium
2008,5,DF,Low,Low,Low,Medium,Low,Low,Low,Low,Low,Low,Medium,Medium
2008,6,DF,Low,Low,Low,Medium,Low,Low,Low,Low,Low,Low,Medium,Medium
2008,7,DF,Low,Low,Low,High,Low,Low,Low,Low,Low,Low,Medium,High
2008,8,DF,Low,Low,Low,High,Low,Low,Low,Low,Low,Low,Medium,High
2008,9,DF,Low,Medium,Low,High,Low,Low,Low,Low,Low,Low,Medium,High
2008,10,DF,Low,Low,Low,High,Low,Low,Low,Low,Low,Low,High,High
2008,11,DF,Low,High,Low,Medium,Low,Low,Low,Low,Low,Low,Medium,High
2008,12,DF,Low,High,Low,Medium,Low,Low,Low,Low,Low,Medium,Medium,High
2009,1,DF,Low,High,Low,High,Low,Low,Low,Low,Low,Low,Medium,High
2009,2,DF,Low,Medium,Low,High,Low,Low,Low,Low,Low,Medium,Medium,High
2009,3,DF,Low,Medium,Low,Medium,Low,Low,Low,Low,Low,Low,Medium,High
2009,4,DF,Low,High,Low,Medium,Low,Low,Low,Low,Low,Low,Medium,Medium
2009,5,DF,Low,Medium,Low,Medium,Low,Low,Low,Low,Low,Low,Medium,High
2009,6,DF,Low,Low,Low,Medium,Low,Low,Low,Low,Low,Low,Low,Medium
2009,7,DF,Low,Low,Low,Medium,Low,Low,Low,Low,Low,Low,Medium,Medium
2009,8,DF,Low,Low,Low,High,Low,Low,Low,Low,Low,Low,High,High
2009,9,DF,Low,Low,Low,Medium,Low,Low,Low,Low,Low,Low,Medium,High
2009,10,DF,Low,High,Low,Medium,Low,Low,Low,Low,Low,Low,Medium,High
2009,11,DF,Low,High,Low,Medium,Low,Low,Low,Low,Low,Low,Medium,Medium
2009,12,DF,Low,High,Low,Medium,Low,Low,Low,Low,Low,Medium,Medium,High
2010,1,DF,Low,Medium,Low,High,Low,Low,Low,Low,Low,Low,Medium,High
2010,2,DF,Low,Low,Low,High,Low,Low,Low,Low,Low,Medium,High,Medium
2010,3,DF,Low,High,Low,High,Low,Low,Low,Low,Low,Medium,Medium,Medium
2010,4,DF,Low,High,Low,High,Low,Low,Low,Low,Low,Low,Medium,Medium
2010,5,DF,Low,Low,Low,Medium,Low,Low,Low,Low,Low,Low,Low,High
2010,6,DF,Low,Low,Low,Medium,Low,Low,Low,Low,Low,Low,Medium,High
2010,7,DF,Low,Low,Low,High,Low,Low,Low,Low,Low,Low,High,High
2010,8,DF,Low,Low,Low,High,Low,Low,Low,Low,Low,Low,High,High
2010,9,DF,Low,Low,Low,High,Low,Low,Low,Low,Low,Low,High,High
2010,10,DF,Low,High,Low,High,Low,Low,Low,Low,Low,Low,Medium,High
2010,11,DF,Low,High,Low,Medium,Low,Low,Low,Low,Low,Medium,Medium,High
2010,12,DF,Low,High,Low,Medium,Low,Low,Low,Low,Low,Low,Medium,High
2011,1,DF,Low,Medium,Low,High,Low,Low,Low,Low,Low,Low,High,High
2011,2,DF,Low,Medium,Low,High,Low,Low,Low,Low,Low,Low,Medium,High
2011,3,DF,Low,High,Low,Medium,Low,Low,Low,Low,Low,Medium,Medium,Medium
2011,4,DF,Low,Medium,Low,High,Low,Low,Low,Low,Low,Low,Medium,Medium
2011,5,DF,Low,Low,Low,Medium,Low,Low,Low,Low,Low,Low,Medium,Medium
2011,6,DF,Low,Low,Low,Medium,Low,Low,Low,Low,Low,Low,Medium,High
2011,7,DF,Low,Low,Low,High,Low,Low,Low,Low,Low,Low,Medium,High
2011,8,DF,Low,Low,Low,High,Low,Low,Low,Low,Low,Low,High,High
2011,9,DF,Low,Low,Low,High,Low,Low,Low,Low,Low,Low,High,High
2011,10,DF,Low,High,Low,Medium,Low,Low,Low,Low,Low,Low,Medium,High
2011,11,DF,Low,High,Low,Medium,Low,Low,Low,Low,Low,Low,High,High
2011,12,DF,Low,High,Low,Medium,Low,Low,Low,Low,Low,Low,Medium,High
2012,1,DF,Low,High,Low,Medium,Low,Low,Low,Low,Low,Medium,Medium,High
2012,2,DF,Low,Medium,Low,High,Low,Low,Low,Low,Low,Low,Medium,Medium
2012,3,DF,Low,High,Low,High,Low,Low,Low,Low,Low,Low,Medium,Medium
2012,4,DF,Low,Medium,Low,High,Low,Low,Low,Low,Low,Low,Medium,Medium
2012,5,DF,Low,Low,Low,Medium,Low,Low,Low,Low,Low,Low,Medium,Medium
2012,6,DF,Low,Low,Low,Medium,Low,Low,Low,Low,Low,Low,Medium,Medium
2012,7,DF,Low,Low,Low,Medium,Low,Low,Low,Low,Low,Low,Medium,High
2012,8,DF,Low,Low,Low,High,Low,Low,Low,Low,Low,Low,High,High
2012,9,DF,Low,Low,Low,High,Low,Low,Low,Low,Low,Low,High,Medium
2012,10,DF,Low,Medium,Low,High,Low,Low,Low,Low,Low,Low,High,High
2012,11,DF,Low,High,Low,Medium,Low,Low,Low,Low,Low,Medium,Medium,High
2012,12,DF,Low,Medium,Low,High,Low,Low,Low,Low,Low,Low,Medium,Medium
2013,1,DF,Low,High,Low,Medium,Low,Low,Low,Low,Low,Low,Medium,High
2013,2,DF,Low,Medium,Low,High,Low,Low,Low,Low,Low,Low,Medium,Medium
2013,3,DF,Low,High,Low,Medium,Low,Low,Low,Low,Low,Medium,Medium,Medium
2013,4,DF,Low,Medium,Low,Medium,Low,Low,Low,Low,Low,Low,Medium,High
2013,5,DF,Low,Low,Low,Medium,Low,Low,Low,Low,Low,Low,Medium,Medium
2013,6,DF,Low,Low,Low,Medium,Low,Low,Low,Low,Low,Low,Medium,Medium
2013,7,DF,Low,Low,Low,Medium,Low,Low,Low,Low,Low,Low,Medium,Medium
2013,8,DF,Low,Low,Low,High,Low,Low,Low,Low,Low,Low,High,Medium
2013,9,DF,Low,Medium,Low,High,Low,Low,Low,Low,Low,Low,High,High
2013,10,DF,Low,Medium,Low,High,Low,Low,Low,Low,Low,Low,Medium,Medium
2013,11,DF,Low,High,Low,High,Low,Low,Low,Low,Low,Low,Medium,Medium
2013,12,DF,Low,High,Low,Medium,Low,Low,Low,Low,Low,Medium,Medium,High
2014,1,DF,Low,Medium,Low,High,Low,Low,Low,Low,Low,Low,Medium,High
2014,2,DF,Low,Medium,Low,High,Low,Low,Low,Low,Low,Low,Medium,Medium
2014,3,DF,Low,High,Low,Medium,Low,Low,Low,Low,Low,Low,Medium,High
2014,4,DF,Low,High,Low,Medium,Low,Low,Low,Low,Low,Low,Medium,Medium
2014,5,DF,Low,Low,Low,Medium,Low,Low,Low,Low,Low,Low,Low,Medium
2014,6,DF,Low,Low,Low,Medium,Low,Low,Low,Low,Low,Low,Low,Medium
2014,7,DF,Low,Low,Low,Medium,Low,Low,Low,Low,Low,Low,Medium,Medium
2014,8,DF,Low,Low,Low,High,Low,Low,Low,Low,Low,Low,Medium,High
2014,9,DF,Low,Low,Low,High,Low,Low,Low,Low,Low,Low,High,High
2014,10,DF,Low,Medium,Low,High,Low,Low,Low,Low,Low,Low,High,High
2014,11,DF,Low,High,Low,Medium,Low,Low,Low,Low,Low,Low,Medium,Medium
2014,12,DF,Low,High,Low,Medium,Low,Low,Low,Low,Low,Low,Medium,High
2016,1,DF,Low,High,Low,Medium,Low,Low,Low,Low,Low,Low,Medium,Medium
2016,2,DF,Low,Medium,Low,High,Low,Low,Low,Low,Low,Low,Medium,High
2016,3,DF,Low,Medium,Low,High,Low,Low,Low,Low,Low,Low,Medium,Medium
2016,4,DF,Low,Low,Low,High,Low,Low,Low,Low,Low,Low,Medium,Medium
2016,5,DF,Low,Low,Low,Medium,Low,Low,Low,Low,Low,Low,Medium,Medium
2016,6,DF,Low,Low,Low,Medium,Low,Low,Low,Low,Low,Low,Medium,Medium
2016,7,DF,Low,Low,Low,High,Low,Low,Low,Low,Low,Low,Medium,Medium
2016,8,DF,Low,Low,Low,High,Low,Low,Low,Low,Low,Low,Medium,High
2016,9,DF,Low,Medium,Low,High,Low,Low,Low,Low,Low,Low,High,Medium
2016,10,DF,Low,Medium,Low,High,Low,Low,Low,Low,Low,Low,Medium,High
2016,11,DF,Low,High,Low,Medium,Low,Low,Low,Low,Low,Low,Medium,Medium
2016,12,DF,Low,Medium,Low,High,Low,Low,Low,Low,Low,Low,High,High
2017,1,DF,Low,Medium,Low,High,Low,Low,Low,Low,Low,Low,Medium,High
2017,2,DF,Low,High,Low,Medium,Low,Low,Low,Low,Low,Medium,Medium,High
2017,3,DF,Low,High,Low,High,Low,Low,Low,Low,Low,Low,Low,High
2017,4,DF,Low,Low,Low,High,Low,Low,Low,Low,Low,Low,Medium,Medium
2017,5,DF,Low,Medium,Low,Medium,Low,Low,Low,Low,Low,Low,Medium,Medium
2017,6,DF,Low,Low,Low,Medium,Low,Low,Low,Low,Low,Low,Medium,Medium
2017,7,DF,Low,Low,Low,High,Low,Low,Low,Low,Low,Low,High,High
2017,8,DF,Low,Low,Low,High,Low,Low,Low,Low,Low,Low,Medium,High
2017,9,DF,Low,Low,Low,High,Low,Low,Low,Low,Low,Low,High,High
2017,10,DF,Low,Low,Low,High,Medium,Low,Low,Low,Low,Low,High,Medium
2017,11,DF,Low,High,Low,Medium,Low,Low,Low,Low,Low,Low,Medium,High
2017,12,DF,Low,High,Low,Medium,Low,Low,Low,Low,Low,Low,Medium,Medium
2018,1,DF,Low,Medium,Low,High,Low,Low,Low,Low,Low,Low,Medium,Medium
2018,2,DF,Low,High,Low,High,Low,Low,Low,Low,Low,Low,Medium,High
2018,3,DF,Low,High,Low,Medium,Low,Low,Low,Low,Low,Low,Medium,Medium
2018,4,DF,Low,High,Low,Medium,Low,Low,Low,Low,Low,Low,Medium,Medium
2018,5,DF,Low,Low,Low,High,Low,Low,Low,Low,Low,Low,Medium,Medium
2018,6,DF,Low,Low,Low,Medium,Low,Low,Low,Low,Low,Low,Medium,Medium
2018,7,DF,Low,Low,Low,High,Low,Low,Low,Low,Low,Low,Medium,Medium
2018,8,DF,Low,Low,Low,High,Low,Low,Low,Low,Low,Low,Medium,High
2018,9,DF,Low,Low,Low,High,Low,Low,Low,Low,Low,Low,Medium,Low
2018,10,DF,Low,High,Low,Medium,Low,Low,Low,Low,Low,Low,Medium,High
2018,11,DF,Low,High,Low,Medium,Low,Low,Low,Low,Low,Medium,Medium,Medium
2018,12,DF,Low,High,Low,High,Low,Low,Low,Low,Low,Low,Medium,Medium
2020,1,DF,Low,High,Low,Low,Low,Low,Low,Low,Low,Low,High,Medium
2020,2,DF,Low,High,Low,Low,Low,Low,Low,Low,Low,Medium,Medium,High
2020,3,DF,Low,High,Low,Low,Low,Low,Low,Low,Low,Medium,Medium,Medium
2020,4,DF,Low,High,Low,Low,Low,Low,Low,Low,Low,Low,Medium,Medium
2020,5,DF,Low,Low,Low,Low,Low,Low,Low,Low,Low,Low,Low,Low
2020,6,DF,Low,Low,Low,Low,Low,Low,Low,Low,Low,Low,Medium,High
2020,7,DF,Low,Low,Low,Low,Low,Low,Low,Low,Low,Low,Medium,High
2020,8,DF,Low,Low,Low,Low,Low,Low,Low,Low,Low,Low,High,Medium
2020,9,DF,Low,Low,Low,Low,Low,Low,Low,Low,Low,Low,High,Medium
2020,10,DF,Low,High,Low,Low,Low,Low,Low,Low,Low,Low,Medium,Medium
2020,11,DF,Low,High,Low,Low,Low,Low,Low,Low,Low,Low,Medium,Medium
2020,12,DF,Low,Medium,Low,Low,Low,Low,Low,Low,Low,Low,Medium,High
2021,1,DF,Low,High,Low,Low,Low,Low,Low,Low,Low,Low,Medium,High
2021,2,DF,Low,High,Low,Low,Low,Low,Low,Low,Low,Medium,Medium,High
2021,3,DF,Low,Medium,Low,Low,Low,Low,Low,Low,Low,Low,Medium,Medium
2021,4,DF,Low,Medium,Low,Low,Low,Low,Low,Low,Low,Low,Medium,Medium
2021,5,DF,Low,Low,Low,Low,Low,Low,Low,Low,Low,Low,Low,Medium
2021,6,DF,Low,Low,Low,Low,Low,Low,Low,Low,Low,Low,Medium,Medium
2021,7,DF,Low,Low,Low,Low,Low,Low,Low,Low,Low,Low,Medium,Medium
2021,8,DF,Low,Low,Low,Low,Low,Low,Low,Low,Low,Low,High,Medium
2021,9,DF,Low,Low,Low,Low,Medium,Low,Low,Medium,Low,Low,Medium,Medium
2021,10,DF,Low,Medium,Low,Low,Low,Low,Low,Low,Low,Low,Medium,Medium
2021,11,DF,Low,High,Low,Low,Low,Low,Low,Low,Low,Medium,Medium,High
2021,12,DF,Low,High,Low,Low,Low,Low,Low,Low,Low,Medium,Medium,High
2022,1,DF,Low,Medium,Low,Low,Low,Low,Low,Low,Low,Low,High,Medium
2022,2,DF,Low,High,Low,Low,Low,Low,Low,Low,Low,Medium,Medium,Medium
2022,3,DF,Low,Medium,Low,Low,Low,Low,Low,Low,Low,Low,Medium,High
2022,4,DF,Low,Low,Low,Low,Low,Low,Low,Low,Low,Low,Medium,Medium
2022,5,DF,Low,Low,Low,Low,Low,Low,Low,Low,Low,Low,Medium,Medium
2022,6,DF,Low,Low,Low,Low,Low,Low,Low,Low,Low,Low,Medium,Low
2022,7,DF,Low,Low,Low,Low,Low,Low,Low,Low,Low,Low,Medium,High
2022,8,DF,Low,Low,Low,Low,Low,Low,Low,Low,Low,Low,High,High
2022,9,DF,Low,Low,Low,Low,Low,Low,Low,Low,Low,Low,Medium,Medium
2022,10,DF,Low,Low,Low,Low,Low,Low,Low,Low,Low,Low,High,Medium
2022,11,DF,Low,High,Low,Low,Low,Low,Low,Low,Low,Low,Medium,Medium
2022,12,DF,Low,High,Low,Low,Low,Low,Low,Low,Low,Medium,Medium,Medium
2023,1,DF,Low,High,Low,Low,Low,Low,Low,Low,Low,Medium,Medium,High
2023,2,DF,Low,Medium,Low,Low,Low,Low,Low,Low,Low,Low,Medium,Medium
2023,3,DF,Low,Medium,Low,Low,Low,Low,Low,Low,Low,Low,Low,Medium
2023,4,DF,Low,High,Low,Low,Low,Low,Low,Low,Low,Medium,Medium,High
2023,5,DF,Low,Low,Low,Low,Low,Low,Low,Low,Low,Low,Low,Low
2023,6,DF,Low,Low,Low,Low,Low,Low,Low,Low,Low,Low,Medium,Low
2023,7,DF,Low,Low,Low,Low,Low,Low,Low,Low,Low,Low,Medium,High
2023,8,DF,Low,Low,Low,Low,Low,Low,Low,Low,Low,Low,Medium,Medium
2023,9,DF,Low,Low,Low,Low,Medium,Low,Low,Low,Low,Low,Medium,Medium
2023,10,DF,Low,Medium,Low,Low,Medium,Low,Medium,Low,Low,Low,Medium,Medium
2023,11,DF,Low,Medium,Low,Low,Low,Low,Low,Low,Low,Low,Medium,High
2023,12,DF,Low,Medium,Low,Low,Low,Low,Low,Low,Low,Low,Medium,Medium
2001,9,MS,Critical,High,Low,Medium,Low,Low,Low,Low,Low,Low,High,High
2001,10,MS,Critical,Medium,Low,Medium,Low,Low,Low,Low,Low,Low,High,High
2001,11,MS,High,High,Low,High,Medium,Medium,Medium,Medium,Medium,Medium,High,High
2001,12,MS,High,High,Low,High,Low,Medium,Low,Low,Medium,Low,Medium,High
2002,1,MS,High,Medium,Low,High,Medium,Medium,Low,Medium,Medium,Medium,High,High
2002,2,MS,High,Medium,Low,High,Medium,Medium,Medium,Medium,Medium,Medium,Medium,High
2002,3,MS,High,Medium,Low,High,Medium,Medium,Medium,Medium,Medium,Medium,Medium,High
2002,4,MS,High,Low,Low,Medium,Medium,Low,Medium,Medium,Low,Low,High,Low
2002,5,MS,Critical,Medium,Low,Medium,Low,Low,Low,Low,Low,Low,High,Low
2002,6,MS,Critical,Low,Low,Medium,Low,Low,Low,Low,Low,Low,High,Low
2002,7,MS,Critical,Medium,Low,Medium,Low,Low,Low,Low,Low,Low,High,Low
2002,8,MS,Critical,Low,Low,Medium,Low,Low,Low,Low,Low,Low,High,Low
2002,9,MS,Critical,Medium,Low,Medium,Low,Low,Low,Low,Low,Low,High,Medium
2002,10,MS,Critical,Medium,Low,High,Medium,Low,Low,Medium,Low,Medium,High,High
2002,11,MS,High,Medium,Low,High,Medium,Low,Low,Medium,Low,Low,High,High
2002,12,MS,High,Medium,Low,High,Medium,Low,Medium,Medium,Low,Medium,High,High
2003,1,MS,Medium,High,Low,Medium,Medium,Medium,Medium,Medium,Medium,Medium,Medium,Low
2003,2,MS,Medium,Medium,Low,Low,Medium,Medium,Medium,Medium,Medium,Medium,High,Low
2003,3,MS,Medium,Medium,Low,Medium,Medium,Medium,Low,Medium,Medium,Medium,High,Low
2003,4,MS,High,Medium,Low,Medium,Low,Medium,Low,Low,Low,Low,High,Low
2003,5,MS,Critical,Medium,Low,Medium,Low,Low,Low,Low,Low,Low,High,Low
2003,6,MS,Critical,Low,Low,Medium,Low,Low,Low,Low,Low,Low,High,Low
2003,7,MS,Critical,Low,Low,Medium,Low,Low,Low,Low,Low,Low,High,Low
2003,8,MS,Critical,Medium,Low,Medium,Low,Low,Low,Low,Low,Low,High,Low
2003,9,MS,Critical,Medium,Low,Medium,Low,Low,Low,Medium,Low,Low,High,Low
2003,10,MS,Critical,Low,Low,Low,Low,Low,High,High,Low,Low,High,Low
2003,11,MS,High,Medium,Low,Low,Medium,Low,Low,High,Low,Medium,High,High
2003,12,MS,Medium,Medium,Low,High,Medium,Medium,Medium,Medium,Medium,Medium,High,High
2004,1,MS,High,Medium,Low,High,Medium,Medium,Medium,Medium,Medium,Low,High,High
2004,2,MS,High,Medium,Low,High,Medium,Low,Medium,Medium,Medium,Low,High,High
2004,3,MS,High,Medium,Low,High,Medium,Medium,Low,Medium,Medium,Low,High,High
2004,4,MS,High,Medium,Low,Medium,Low,Medium,Low,Low,Low,Medium,High,High
2004,5,MS,Critical,Medium,Low,Low,Low,Low,Low,Low,Low,Low,High,High
2004,6,MS,Critical,Medium,Low,Medium,Low,Low,Low,Low,Low,Low,High,High
2004,7,MS,Critical,Medium,Low,Medium,Low,Low,Low,Low,Low,Low,High,High
2004,8,MS,Critical,Low,Low,Medium,Low,Low,Low,Low,Low,Low,High,High
2004,9,MS,Critical,Low,Low,Medium,Medium,Low,Low,Medium,Low,Low,High,High
2004,10,MS,Critical,High,Low,High,Low,Low,Low,Low,Low,Low,High,High
2004,11,MS,High,Medium,Low,High,Medium,Low,Low,Medium,Medium,Low,High,High
2004,12,MS,High,High,Low,High,Medium,Low,Medium,Medium,Low,Low,High,High
2005,1,MS,Medium,High,Low,Medium,Medium,Medium,Medium,Medium,Medium,Medium,High,High
2005,2,MS,Medium,Medium,Low,High,Medium,Medium,Medium,Medium,Low,Low,Medium,High
2005,3,MS,Medium,Medium,Low,High,Medium,Medium,Low,Medium,Low,Low,Medium,High
2005,4,MS,High,Medium,Low,Medium,Medium,Medium,Low,Medium,Medium,Low,Medium,High
2005,5,MS,High,Medium,Low,Medium,Low,Low,Low,Low,Low,Low,High,High
2005,6,MS,Critical,Medium,Low,Medium,Low,Low,Low,Low,Low,Low,High,High
2005,7,MS,Critical,Low,Low,Medium,Low,Low,Low,Low,Low,Low,High,High
2005,8,MS,Critical,Low,Low,Medium,Low,Low,Low,Low,Low,Low,High,High
2005,9,MS,Critical,Medium,Low,Medium,Low,Low,Low,Low,Low,Low,High,High
2005,10,MS,High,High,Low,Medium,Medium,Medium,Low,Medium,Medium,Medium,High,High
2005,11,MS,High,High,Low,High,Low,Medium,Medium,Low,Medium,Medium,High,High
2005,12,MS,Medium,High,Low,High,Medium,Medium,Medium,Medium,Medium,Medium,High,High
2006,1,MS,Medium,High,Low,High,Medium,Medium,Medium,Medium,Medium,Medium,Medium,High
2006,2,MS,Medium,High,Low,High,Medium,Medium,Low,Medium,Medium,Medium,Medium,High
2006,3,MS,Medium,Medium,Low,Medium,Medium,Medium,Medium,Medium,Medium,Medium,Medium,High
2006,4,MS,Medium,Medium,Low,Medium,Low,Low,Medium,Low,Low,Medium,High,High
2006,5,MS,High,Low,Low,Medium,Low,Low,Low,Low,Low,Low,High,High
2006,6,MS,Critical,Low,Low,Medium,Low,Low,Low,Low,Low,Low,High,High
2006,7,MS,Critical,Low,Low,Medium,Low,Low,Low,Low,Low,Low,High,High
2006,8,MS,Critical,Low,Low,Medium,Low,Low,Low,Low,Low,Low,High,High
2006,9,MS,Critical,Medium,Low,Medium,Low,Low,Low,Low,Low,Low,High,High
2006,10,MS,High,Medium,Low,High,Medium,Low,Low,Medium,Low,Low,High,High
2006,11,MS,Medium,High,Low,High,Medium,Medium,Low,Medium,Medium,Low,High,High
2006,12,MS,Medium,High,Low,High,Medium,Medium,Medium,Medium,Medium,Medium,High,High
2007,1,MS,Medium,High,Low,Medium,Medium,Medium,Medium,Medium,Medium,High,High,High
2007,2,MS,Medium,High,Low,High,Medium,Medium,Medium,Medium,Medium,Medium,Medium,High
2007,3,MS,Medium,Medium,Low,High,Medium,Low,Low,Medium,Medium,Low,Medium,High
2007,4,MS,Medium,Medium,Low,Medium,Medium,Low,Low,Medium,Low,Low,High,High
2007,5,MS,High,Medium,Low,Medium,Low,Low,Low,Low,Medium,Low,High,High
2007,6,MS,Critical,Low,Low,Low,Low,Low,Low,Low,Low,Low,Medium,Low
2007,7,MS,Critical,Low,Low,Medium,Low,Low,Low,Low,Low,Low,High,High
2007,8,MS,Critical,Low,Low,Medium,Low,Low,Low,Low,Low,Low,High,High
2007,9,MS,Critical,Low,Low,Medium,High,Low,Low,High,Low,Low,High,High
2007,10,MS,High,Medium,Low,Medium,Medium,Medium,Medium,Medium,Low,Low,High,High
2007,11,MS,Medium,High,Low,High,Medium,Medium,Low,Medium,Medium,Low,High,High
2007,12,MS,Medium,High,Low,High,Medium,Low,Medium,Medium,Medium,Low,Medium,High
2008,1,MS,Medium,High,Low,Medium,Low,Medium,Medium,Low,Medium,Medium,Medium,High
2008,2,MS,Medium,Medium,Low,High,Low,Medium,Medium,Low,Medium,Medium,Medium,High
2008,3,MS,Medium,High,Low,High,Low,Medium,Low,Low,Medium,Low,Medium,High
2008,4,MS,Medium,Medium,Low,Medium,Low,Medium,Low,Low,Medium,Low,Medium,High
2008,5,MS,High,Medium,Low,Medium,Low,Low,Low,Low,Low,Low,High,High
2008,6,MS,Critical,Low,Low,Medium,Low,Low,Low,Low,Low,Low,High,High
2008,7,MS,Critical,Low,Low,Medium,Low,Low,Low,Low,Low,Low,High,High
2008,8,MS,Critical,Medium,Low,Medium,Low,Low,Low,Low,Low,Low,High,High
2008,9,MS,Critical,Medium,Low,Medium,Low,Low,Low,Low,Low,Low,High,High
2008,10,MS,High,Medium,Low,High,Medium,Medium,Low,Medium,Medium,Low,High,High
2008,11,MS,Medium,Medium,Low,High,Medium,Medium,Low,Medium,Medium,Low,High,High
2008,12,MS,Medium,High,Low,High,Medium,Medium,Low,Medium,Medium,Low,High,High
2009,1,MS,Medium,High,Low,High,Low,Medium,Low,Low,Medium,Low,High,High
2009,2,MS,Medium,Medium,Low,High,Medium,Medium,Medium,Medium,Medium,Medium,Medium,High
2009,3,MS,Medium,High,Low,High,Medium,Medium,Medium,Medium,Medium,Medium,Medium,High
2009,4,MS,Medium,Low,Low,High,Medium,Medium,Low,Medium,Low,Low,Medium,High
2009,5,MS,High,Medium,Low,Medium,Low,Low,Low,Low,Low,Low,High,High
2009,6,MS,High,Medium,Low,Medium,Low,Low,Low,Low,Low,Low,High,High
2009,7,MS,Critical,Low,Low,Low,Low,Low,Low,Low,Low,Low,High,High
2009,8,MS,Critical,Medium,Low,Medium,Low,Low,Low,Low,Low,Low,High,High
2009,9,MS,High,Medium,Low,Medium,Low,Low,Low,Low,Low,Low,High,High
2009,10,MS,High,High,Low,High,Medium,Medium,Low,Medium,Medium,Low,High,High
2009,11,MS,Medium,High,Low,High,Medium,Medium,Medium,Medium,Medium,Medium,High,High
2009,12,MS,Medium,High,Low,Medium,Medium,Medium,Medium,Medium,Medium,Medium,High,High
2010,1,MS,Medium,High,Low,High,Medium,Medium,Medium,Medium,Medium,Medium,High,High
2010,2,MS,Medium,High,Low,Medium,Medium,Medium,Medium,Medium,Medium,Medium,High,High
2010,3,MS,Medium,Medium,Low,High,Medium,Medium,Medium,Medium,Medium,Low,Medium,High
2010,4,MS,Medium,Medium,Low,Medium,Low,Medium,Low,Low,Medium,Low,High,High
2010,5,MS,High,Medium,Low,Medium,Low,Low,Low,Low,Low,Low,High,High
2010,6,MS,High,Low,Low,Medium,Low,Low,Low,Low,Low,Low,High,High
2010,7,MS,Critical,Low,Low,Medium,Low,Low,Low,Low,Low,Low,High,High
2010,8,MS,Critical,Low,Low,Medium,Low,Low,Low,Low,Low,Low,High,High
2010,9,MS,High,Medium,Low,Medium,Medium,Low,Low,Medium,Low,Low,High,High
2010,10,MS,High,Medium,Low,High,Low,Medium,Low,Low,Low,Low,High,High
2010,11,MS,Medium,Medium,Low,High,Medium,Medium,Low,Low,Medium,Low,High,High
2010,12,MS,Medium,Medium,Low,High,High,Medium,Low,High,Medium,Low,High,High
2011,1,MS,Medium,High,Low,Medium,Low,Medium,Medium,Low,Medium,Medium,Medium,High
2011,2,MS,Medium,Low,Low,Low,Low,Low,Medium,Low,Low,High,Low,Low
2011,3,MS,Medium,Low,Low,Low,Low,Low,High,Low,Low,Medium,Low,Low
2011,4,MS,Medium,Low,Low,Low,Low,Low,High,Low,Low,Medium,Low,Low
2011,5,MS,High,Low,Low,Low,Low,Low,Low,Low,Low,Low,Low,Medium
2011,6,MS,Critical,Low,Low,Medium,Low,Low,Low,Low,Low,Low,High,High
2011,7,MS,Critical,Low,Low,Medium,Low,Low,Low,Low,Low,Low,High,High
2011,8,MS,Critical,Low,Low,Medium,Low,Low,Low,Low,Low,Low,High,High
2011,9,MS,Critical,Medium,Low,High,Medium,Low,Low,Medium,Low,Low,High,High
2011,10,MS,High,High,Low,High,Medium,Medium,Low,Medium,Medium,Low,High,High
2011,11,MS,Medium,Medium,Low,High,Medium,Low,Low,Medium,Low,Low,High,High
2011,12,MS,Medium,Medium,Low,High,Medium,Medium,Low,Medium,Medium,Low,Medium,High
2012,1,MS,Medium,High,Low,High,Medium,Medium,Medium,Medium,Medium,Low,Medium,High
2012,2,MS,Medium,High,Low,High,Medium,Medium,Medium,Medium,Medium,Medium,Medium,High
2012,3,MS,Medium,Medium,Low,High,Medium,High,Low,Medium,High,Low,Medium,High
2012,4,MS,Medium,High,Low,Medium,Low,Medium,Low,Low,Low,Low,High,High
2012,5,MS,High,Medium,Low,Medium,Low,Low,Low,Low,Low,Low,High,High
2012,6,MS,Critical,High,Low,Medium,Low,Low,Low,Low,Low,Low,High,High
2012,7,MS,Critical,Low,Low,Medium,Low,Low,Low,Low,Low,Low,High,High
2012,8,MS,Critical,Low,Low,Medium,Low,Low,Low,Low,Low,Low,High,High
2012,9,MS,Critical,Medium,Low,Medium,Medium,Low,Low,Medium,Low,Low,High,High
2012,10,MS,High,Medium,Low,High,Medium,Low,Low,Medium,Low,Low,High,High
2012,11,MS,Medium,High,Low,High,Medium,Medium,Medium,Medium,Medium,Medium,High,High
2012,12,MS,Medium,High,Low,High,Medium,Medium,Medium,Medium,Medium,Medium,High,High
2013,1,MS,Medium,High,Low,High,Medium,Medium,Medium,Medium,Medium,Medium,High,High
2013,2,MS,Medium,High,Low,High,Medium,Medium,Medium,Medium,Medium,Medium,High,High
2013,3,MS,Medium,High,Low,High,Medium,Medium,Low,Medium,Medium,Low,High,High
2013,4,MS,Medium,High,Low,Medium,Low,Medium,Low,Low,Medium,Low,High,High
2013,5,MS,High,Low,Low,Medium,Low,Low,Low,Low,Low,Low,High,High
2013,6,MS,High,High,Low,Low,Low,Low,Low,Low,Low,Low,Medium,High
2013,7,MS,High,Medium,Low,Medium,Low,Low,Low,Low,Low,Low,High,High
2013,8,MS,High,Low,Low,Medium,Low,Low,Low,Low,Low,Low,High,High
2013,9,MS,High,Medium,Low,Medium,Low,Low,Low,Low,Low,Low,High,High
2013,10,MS,High,Medium,Low,High,Medium,Low,Low,Low,Low,Low,High,High
2013,11,MS,Medium,High,Low,High,Medium,Low,Low,Medium,Low,Medium,High,High
2013,12,MS,Medium,High,Low,High,Medium,Medium,Medium,Medium,Medium,Medium,Medium,High
2014,1,MS,Medium,Medium,Low,High,Medium,Medium,Medium,Medium,Medium,Medium,Medium,High
2014,2,MS,Medium,Medium,Low,High,Medium,Medium,Medium,Medium,Medium,Medium,High,High
2014,3,MS,Medium,Medium,Low,Medium,Low,Medium,Low,Low,Medium,Medium,Medium,High
2014,4,MS,Medium,Medium,Low,Medium,Low,Medium,Low,Low,Medium,Low,High,High
2014,5,MS,High,High,Low,Medium,Low,Low,Low,Low,Low,Low,High,High
2014,6,MS,High,Medium,Low,Medium,Low,Low,Low,Low,Low,Low,High,High
2014,7,MS,Critical,Medium,Low,Medium,Low,Low,Low,Low,Low,Low,High,High
2014,8,MS,Critical,Low,Low,Medium,Low,Low,Low,Low,Low,Low,High,High
2014,9,MS,High,Medium,Low,Medium,Medium,Low,Low,Medium,Low,Low,High,High
2014,10,MS,High,Low,Low,High,High,Low,Low,High,Low,Low,High,High
2014,11,MS,Medium,High,Low,High,Medium,Medium,Low,Medium,Medium,Low,High,High
2014,12,MS,Medium,High,Low,High,Medium,Medium,Medium,Medium,Medium,Medium,High,High
2015,1,MS,Medium,High,Low,High,Medium,Medium,Medium,Medium,Medium,Medium,Medium,High
2015,2,MS,Medium,Medium,Low,High,Medium,Medium,Medium,Medium,Medium,Medium,Medium,High
2015,3,MS,Medium,Medium,Low,High,Medium,Medium,Medium,Medium,Medium,Medium,Medium,High
2015,4,MS,Medium,Medium,Low,Medium,Medium,Medium,Low,Low,Medium,Low,Medium,High
2015,5,MS,High,Medium,Low,Medium,Low,Low,Low,Low,Medium,Low,High,High
2015,6,MS,High,Low,Low,Medium,Low,Low,Low,Low,Low,Low,High,High
2015,7,MS,High,Medium,Low,Low,Low,Low,Low,Low,Low,Low,High,High
2015,8,MS,High,Low,Low,High,Medium,Low,Low,Medium,Low,Low,High,High
2015,9,MS,High,High,Low,Medium,Medium,Low,Low,Medium,Low,Low,High,High
2015,10,MS,High,Medium,Low,High,Medium,Medium,Low,Medium,Medium,Medium,High,High
2015,11,MS,Medium,Medium,Low,High,Medium,Medium,Medium,Medium,Medium,Medium,High,High
2015,12,MS,Medium,High,Low,High,Medium,Medium,Medium,Medium,Medium,Medium,High,High
2016,1,MS,Medium,High,Low,Medium,Medium,Medium,Medium,Medium,Medium,Low,High,High
2016,2,MS,Medium,High,Low,High,Medium,Medium,Medium,Medium,Medium,Medium,Medium,High
2016,3,MS,Medium,High,Low,High,Medium,Medium,Low,Medium,Medium,Low,Medium,High
2016,4,MS,Medium,Medium,Low,Medium,Medium,High,Low,Medium,High,Low,Medium,High
2016,5,MS,High,High,Low,Low,Low,Low,Low,Low,Low,Low,High,High
2016,6,MS,High,Low,Low,Medium,Low,Medium,Low,Low,Medium,Low,High,High
2016,7,MS,Critical,Low,Low,Medium,Low,Low,Low,Low,Low,Low,High,High
2016,8,MS,Critical,Medium,Low,Medium,Low,Medium,Low,Low,Medium,Low,High,High
2016,9,MS,High,Low,Low,High,Low,High,Low,Low,High,Low,High,High
2016,10,MS,High,Medium,Low,High,Medium,High,Low,Medium,High,Low,High,High
2016,11,MS,Medium,Medium,Low,High,Medium,High,Low,Medium,High,Low,High,High
2016,12,MS,Medium,High,Low,High,Medium,Medium,Low,Medium,Medium,Medium,High,High
2017,1,MS,Medium,High,Low,High,Medium,Medium,Medium,Medium,High,Medium,Medium,High
2017,2,MS,Medium,Medium,Low,High,Medium,Medium,Medium,Medium,Medium,Medium,Medium,High
2017,3,MS,Medium,High,Low,High,Medium,Medium,Medium,Medium,Medium,Medium,High,High
2017,4,MS,Medium,Medium,Low,Medium,Low,Medium,Low,Low,Medium,Low,High,High
2017,5,MS,High,Medium,Low,Medium,Low,Medium,Low,Low,Medium,Medium,Medium,High
2017,6,MS,High,Low,Low,Medium,Low,Medium,Low,Low,Medium,Low,High,High
2017,7,MS,Critical,Low,Low,Medium,Low,Low,Low,Low,Low,Low,High,High
2017,8,MS,Critical,Low,Low,Medium,Low,Low,Low,Low,Low,Low,High,High
2017,9,MS,High,Low,Low,High,High,Low,Low,High,Low,Low,High,High
2017,10,MS,High,High,Low,High,Medium,Low,Low,Medium,Low,Low,High,High
2017,11,MS,Medium,High,Low,High,Medium,Medium,Low,Medium,Medium,Low,High,High
2017,12,MS,Medium,High,Low,Medium,Medium,High,Medium,Medium,High,Medium,Medium,High
2018,1,MS,Medium,Medium,Low,Medium,Medium,High,Medium,Low,High,Medium,High,High
2018,2,MS,Medium,High,Low,Medium,Medium,Medium,Low,Low,Medium,Low,Medium,High
2018,3,MS,Medium,Medium,Low,High,Medium,Medium,Low,Medium,Medium,Medium,Medium,High
2018,4,MS,Medium,Medium,Low,High,Medium,Low,Medium,Medium,Low,Low,Medium,High
2018,5,MS,High,Low,Low,Medium,Low,Low,Low,Low,Low,Low,High,High
2018,6,MS,High,Low,Low,Medium,Low,Low,Low,Low,Low,Low,High,High
2018,7,MS,High,Low,Low,Low,Low,Low,Low,Low,Low,Low,High,High
2018,8,MS,High,Medium,Low,Medium,Low,Low,Low,Low,Low,Low,High,High
2018,9,MS,High,Medium,Low,Medium,Low,Low,Low,Low,Low,Low,High,High
2018,10,MS,High,High,Low,Low,Medium,Medium,Low,Medium,Medium,Medium,High,High
2018,11,MS,Medium,Medium,Low,Low,Medium,Medium,Low,Medium,Medium,Medium,High,High
2018,12,MS,Medium,Medium,Low,Low,Medium,Medium,Low,Medium,Medium,Low,Medium,High
2019,1,MS,Medium,Medium,Low,High,Medium,Medium,Medium,Medium,Medium,Medium,Medium,High
2019,2,MS,Medium,High,Low,High,Medium,Medium,Low,Medium,Medium,Medium,Medium,High
2019,3,MS,Medium,Medium,Low,High,Medium,Medium,Low,Medium,High,Medium,Medium,High
2019,4,MS,Medium,Medium,Low,Low,Medium,Medium,Low,Medium,Medium,Medium,Medium,High
2019,5,MS,High,Medium,Low,Low,Low,Medium,Low,Low,Medium,Low,Medium,High
2019,6,MS,High,Low,Low,Low,Low,Low,Low,Low,Low,Low,High,High
2019,7,MS,Critical,Low,Low,Low,Low,Medium,Low,Low,Medium,Low,High,High
2019,8,MS,Critical,Low,Low,Low,Low,Medium,Low,Low,High,Low,High,High
2019,9,MS,High,Low,Low,Medium,High,Low,Low,Medium,Low,Low,High,High
2019,10,MS,High,Low,Low,High,High,Low,Low,Medium,Low,Low,High,High
2019,11,MS,Medium,Medium,Low,High,Medium,Medium,Medium,Medium,Medium,Low,High,High
2019,12,MS,Medium,High,Low,High,Medium,Medium,Medium,Medium,Medium,Medium,Medium,High
2020,1,MS,High,High,Low,Low,Medium,Medium,Medium,Medium,Medium,Medium,Medium,High
2020,2,MS,High,High,Low,Low,Medium,Medium,Low,Medium,Medium,Low,Medium,High
2020,3,MS,High,Medium,Low,Low,Medium,Medium,Medium,Medium,Medium,Low,High,High
2020,4,MS,High,Medium,Low,Low,Low,Low,Low,Low,Low,Low,High,High
2020,5,MS,Critical,High,Low,Low,Low,Low,Low,Low,Low,Low,Medium,High
2020,6,MS,Critical,Low,Low,Low,Low,Low,Low,Low,Low,Low,High,High
2020,7,MS,Critical,Low,Low,Low,Low,Low,Low,Low,Low,Low,High,High
2020,8,MS,Critical,Low,Low,Low,Low,Low,Low,Low,Low,Low,High,High
2020,9,MS,Critical,Low,Low,Low,High,Low,Low,High,Low,Low,High,High
2020,10,MS,Critical,Medium,Low,Low,High,Low,Low,High,Low,Low,High,High
2020,11,MS,High,Medium,Low,Low,Medium,Medium,Low,Medium,Low,Low,High,High
2020,12,MS,High,Medium,Low,Low,Medium,Medium,Medium,Medium,Medium,Low,High,High
2021,1,MS,High,High,Low,Low,Low,Medium,Medium,Low,Medium,Medium,Low,High
2021,2,MS,High,Medium,Low,Low,Medium,Medium,Low,Medium,Medium,Low,Low,Medium
2021,3,MS,High,Medium,Low,Low,Medium,Medium,Medium,Medium,Low,Medium,Low,High
2021,4,MS,High,Medium,Low,Low,Low,Low,Low,Low,Low,Low,Low,High
2021,5,MS,Critical,Low,Low,Low,Low,Low,Low,Low,Low,Low,Low,High
2021,6,MS,Critical,Medium,Low,Low,Low,Low,Low,Low,Low,Low,Low,High
2021,7,MS,Critical,Low,Low,Low,Low,Low,Low,Low,Low,Low,Medium,High
2021,8,MS,Critical,Low,Low,Low,Low,Low,Low,Low,Low,Low,Medium,High
2021,9,MS,Critical,Low,Low,Low,High,Low,Low,High,Low,Low,Medium,High
2021,10,MS,Critical,High,Low,Low,Medium,Medium,Low,Medium,Medium,Low,High,High
2021,11,MS,High,High,Low,Low,High,High,Medium,High,High,Medium,Medium,High
2021,12,MS,High,Medium,Low,Low,High,High,Medium,High,High,Medium,Low,High
2022,1,MS,Medium,Medium,Low,Low,High,High,High,High,High,High,Low,High
2022,2,MS,Medium,Medium,Low,Low,High,High,Medium,High,High,Medium,Low,High
2022,3,MS,Medium,High,Low,Low,Medium,High,Medium,Medium,High,Medium,Low,High
2022,4,MS,Medium,Medium,Low,Low,Medium,High,Low,Medium,Medium,Low,Low,High
2022,5,MS,High,Medium,Low,Low,Low,Medium,Low,Low,Medium,Low,Low,High
2022,6,MS,Critical,Medium,Low,Low,Low,Low,Low,Low,Low,Low,Medium,High
2022,7,MS,Critical,Low,Low,Low,Low,Low,Low,Low,Medium,Low,High,High
2022,8,MS,Critical,Low,Low,Low,Low,Low,Low,Low,Low,Low,High,High
2022,9,MS,Critical,High,Low,Low,Low,Low,Low,Low,Low,Low,High,High
2022,10,MS,High,Medium,Low,Low,Low,Low,Low,Low,Low,Low,High,High
2022,11,MS,Medium,Medium,Low,Low,Low,Low,Low,Low,Low,Low,High,High
2022,12,MS,Medium,High,Low,Low,Medium,Medium,Medium,Medium,Medium,Low,High,High
2023,1,MS,Medium,High,Low,Low,Low,Medium,Medium,Low,Medium,Medium,Medium,High
2023,2,MS,Medium,High,Low,Low,Low,Medium,Low,Low,Medium,Low,Medium,High
2023,3,MS,Medium,High,Low,Low,Medium,Medium,Medium,Medium,Medium,Medium,Medium,High
2023,4,MS,High,Medium,Low,Low,Low,Medium,Low,Low,Medium,Low,Medium,High
2023,5,MS,High,Medium,Low,Low,Low,Low,Low,Low,Low,Low,Medium,High
2023,6,MS,Critical,Medium,Low,Low,Low,Low,Low,Low,Low,Low,Medium,Medium
2023,7,MS,Critical,Low,Low,Low,Low,Low,Low,Low,Low,Low,High,High
2023,8,MS,Critical,Low,Low,Low,Medium,Low,Low,Medium,Low,Low,High,High
2023,9,MS,Critical,Medium,Low,Low,Medium,Low,Low,Medium,Low,Low,High,High
2023,10,MS,High,Low,Low,Low,High,Medium,Low,High,Low,Medium,High,High
2023,11,MS,High,Medium,Low,Low,High,Medium,Low,High,Low,Low,High,High
2023,12,MS,Medium,High,Low,Low,High,Medium,Medium,High,High,Medium,High,High
2002,12,MT,Critical,Low,Medium,Low,High,Medium,High,High,Medium,High,High,High
2003,1,MT,Critical,Medium,Medium,High,High,High,High,High,High,High,High,Medium
2003,2,MT,Critical,Medium,Medium,High,Medium,Medium,Medium,Medium,Medium,Medium,Medium,High
2003,3,MT,Critical,Medium,Medium,High,Medium,High,Medium,Medium,High,High,Low,Medium
2003,4,MT,Critical,Medium,Medium,High,Medium,High,Low,Medium,High,Medium,Low,High
2003,5,MT,Critical,Low,Medium,High,Medium,Medium,Low,Medium,Medium,Low,Low,Medium
2003,6,MT,Critical,Low,Medium,High,Medium,Medium,Low,Medium,Low,Low,Low,Low
2003,7,MT,Critical,Low,Medium,Medium,Low,Low,Low,Low,Low,Low,Low,Medium
2003,8,MT,Critical,Low,Medium,High,Medium,Low,Low,Medium,Low,Low,Medium,High
2003,9,MT,Critical,Low,Medium,High,High,Medium,Low,High,Medium,Low,Medium,High
2003,10,MT,Critical,Low,Medium,High,High,High,Medium,High,Medium,Medium,Medium,High
2003,11,MT,Critical,High,Medium,High,High,High,Medium,High,Medium,Low,Medium,High
2003,12,MT,Critical,Medium,Medium,High,High,High,Medium,High,High,High,Low,High
2004,1,MT,Critical,High,Medium,High,High,High,High,High,High,High,Medium,Medium
2004,2,MT,Critical,High,Medium,High,Medium,High,Medium,Medium,High,Medium,Low,Medium
2004,3,MT,Critical,Low,Medium,High,High,High,Medium,High,High,Medium,Low,High
2004,4,MT,Critical,Low,Medium,High,High,High,Medium,Medium,High,High,Low,Medium
2004,5,MT,Critical,Low,Medium,High,Low,Medium,Low,Low,Medium,Medium,Low,Medium
2004,6,MT,Critical,Low,Medium,High,Low,Low,Low,Low,Low,Low,Low,Medium
2004,7,MT,Critical,Low,Medium,High,Low,Medium,Low,Low,Low,Low,Low,High
2004,8,MT,Critical,Low,Medium,High,Medium,Low,Low,Medium,Low,Low,Low,High
2004,9,MT,Critical,Low,Medium,High,High,Medium,Low,High,Low,Low,Medium,High
2004,10,MT,Critical,Medium,Medium,High,High,Medium,Medium,High,Medium,Low,Medium,High
2004,11,MT,Critical,High,Medium,High,High,Medium,Medium,High,Medium,Medium,Medium,High
2004,12,MT,Critical,High,Medium,High,High,High,Medium,High,Medium,Medium,Medium,Medium
2005,1,MT,Critical,Medium,Medium,High,High,High,High,High,High,High,Medium,High
2005,2,MT,Critical,High,Medium,High,High,High,Medium,High,High,Medium,Low,Medium
2005,3,MT,Critical,High,Medium,High,High,High,Medium,High,High,High,Low,High
2005,4,MT,Critical,Medium,Medium,High,Medium,High,Low,Medium,High,Medium,Low,High
2005,5,MT,Critical,Low,Medium,High,Medium,Medium,Medium,Medium,Medium,Medium,Low,High
2005,6,MT,Critical,Low,Medium,Medium,Medium,Low,Low,Medium,Low,Low,Low,High
2005,7,MT,Critical,Low,Medium,High,Low,Low,Low,Low,Low,Low,Medium,High
2005,8,MT,Critical,Low,Medium,High,Medium,Low,Low,Medium,Low,Low,Low,High
2005,9,MT,Critical,Medium,Medium,High,Medium,Medium,Low,Medium,Medium,Low,Medium,High
2005,10,MT,Critical,Medium,Medium,High,High,Medium,Medium,High,Medium,Medium,Medium,High
2005,11,MT,Critical,Medium,Medium,High,High,Medium,Medium,High,Medium,Medium,Medium,High
2005,12,MT,Critical,Medium,Medium,High,High,High,Medium,High,High,High,Medium,High
2006,1,MT,Critical,Medium,Medium,High,High,High,Medium,High,High,Medium,Medium,Medium
2006,2,MT,Critical,High,Medium,High,High,High,Medium,Medium,High,Medium,Medium,High
2006,3,MT,Critical,High,Medium,High,High,High,High,High,High,High,Low,High
2006,4,MT,Critical,Medium,Medium,High,Medium,High,Medium,Medium,High,Medium,Low,Medium
2006,5,MT,Critical,Low,Medium,High,Low,Low,Low,Low,Low,Low,Low,Low
2006,6,MT,Critical,Low,Medium,High,Medium,Low,Low,Medium,Low,Low,Low,Low
2006,7,MT,Critical,Low,Medium,High,Medium,Low,Low,Low,Low,Low,Low,High
2006,8,MT,Critical,Low,Medium,High,High,Medium,Low,Medium,Low,Low,Medium,Medium
2006,9,MT,Critical,Medium,Medium,High,High,Medium,Low,High,Medium,Low,Medium,High
2006,10,MT,Critical,Medium,Medium,Medium,High,High,Medium,High,High,Medium,Low,Medium
2006,11,MT,Critical,Low,Medium,High,High,High,Medium,High,High,Low,Medium,Medium
2006,12,MT,Critical,Medium,Medium,High,High,High,High,High,Medium,High,High,Medium
2007,1,MT,Critical,High,Medium,High,High,High,High,High,High,High,Medium,High
2007,2,MT,Critical,High,Medium,High,Medium,High,Medium,Medium,High,High,Low,Medium
2007,3,MT,Critical,High,Medium,High,High,Medium,Medium,High,High,Medium,Low,High
2007,4,MT,Critical,Medium,Medium,High,High,High,Medium,High,Medium,Medium,Low,High
2007,5,MT,Critical,Low,Medium,Medium,Low,Medium,Low,Low,Medium,Low,Low,Medium
2007,6,MT,Critical,Low,Medium,Medium,Low,Low,Low,Low,Low,Low,Low,Medium
2007,7,MT,Critical,Low,Medium,Medium,Low,Medium,Low,Low,Low,Low,Low,High
2007,8,MT,Critical,Medium,Medium,Medium,Low,Low,Low,Low,Low,Low,Low,Low
2007,9,MT,Critical,Low,Medium,Low,Medium,Low,Low,Medium,Low,Low,Low,High
2007,10,MT,Critical,High,Medium,Medium,High,Medium,Medium,High,Medium,Low,Low,High
2007,11,MT,Critical,High,Medium,High,High,Medium,Medium,High,Medium,Medium,Medium,High
2007,12,MT,Critical,High,Medium,High,High,Medium,Medium,High,High,Medium,Medium,High
2008,1,MT,High,High,Medium,High,Medium,Medium,Medium,Medium,Medium,Low,Medium,High
2008,2,MT,High,Medium,Medium,High,High,Medium,Medium,Medium,Medium,High,Medium,High
2008,3,MT,High,Medium,Medium,High,High,High,Medium,Medium,High,Medium,Low,High
2008,4,MT,Critical,Low,Medium,Medium,Medium,Medium,Low,Medium,Medium,Medium,Low,Medium
2008,5,MT,Critical,Low,Medium,Medium,Low,Medium,Low,Low,Medium,Low,Low,Medium
2008,6,MT,Critical,Low,Medium,Medium,Low,Low,Low,Low,Low,Low,Low,Low
2008,7,MT,Critical,Low,Medium,Medium,High,Low,Medium,High,Low,Low,Low,Low
2008,8,MT,Critical,Low,Medium,Low,High,Low,Medium,High,Low,Low,Low,Low
2008,9,MT,Critical,Low,Medium,Low,High,Low,Low,High,Low,Low,Low,High
2008,10,MT,Critical,Low,Medium,Low,High,Medium,Medium,High,Medium,Low,Medium,High
2008,11,MT,Critical,Medium,Medium,Low,High,Medium,Medium,High,Medium,Medium,Medium,High
2008,12,MT,High,High,Medium,Low,High,High,Low,High,High,Low,Medium,Medium
2009,1,MT,High,Medium,Medium,Low,High,High,Medium,High,High,Low,Medium,High
2009,2,MT,High,High,Medium,Low,High,High,Medium,High,Medium,High,Low,Medium
2009,3,MT,High,High,Medium,Low,High,High,High,High,High,Medium,High,Medium
2009,4,MT,High,Medium,Medium,Low,Medium,Medium,Low,Medium,Medium,Low,High,Low
2009,5,MT,Critical,Low,Medium,Low,Medium,Medium,Medium,Medium,Medium,Medium,High,Low
2009,6,MT,Critical,Low,Medium,Low,Low,Low,Low,Low,Low,Low,High,Low
2009,7,MT,Critical,Low,Medium,Low,Low,Medium,Low,Low,Low,Low,High,Low
2009,8,MT,Critical,Medium,Medium,Low,Medium,Low,Low,Medium,Low,Low,High,Low
2009,9,MT,Critical,Medium,Medium,Low,High,Medium,Low,High,Medium,Medium,High,Low
2009,10,MT,Critical,Medium,Medium,Low,High,Medium,Medium,High,High,Medium,High,Low
2009,11,MT,High,Medium,Medium,Low,High,High,Medium,High,High,Medium,High,Low
2009,12,MT,High,High,Medium,Low,High,Medium,High,High,High,High,High,Low
2010,1,MT,Critical,High,Medium,Low,High,High,High,High,High,High,High,Low
2010,2,MT,Critical,High,Medium,Low,High,High,Medium,High,High,Medium,High,Low
2010,3,MT,Critical,High,Medium,Low,High,High,High,High,High,High,High,Low
2010,4,MT,Critical,Medium,Medium,Low,Medium,High,Low,Medium,High,Medium,High,Low
2010,5,MT,Critical,Low,Medium,Low,High,Medium,Medium,High,Medium,Low,High,Low
2010,6,MT,Critical,Low,Medium,Low,Medium,Low,Low,Medium,Low,Low,Medium,Low
2010,7,MT,Critical,Low,Medium,Medium,Low,Low,Low,Low,Low,Low,Medium,Medium
2010,8,MT,Critical,Low,Medium,Medium,Medium,Low,Low,Medium,Low,Low,Low,High
2010,9,MT,Critical,Low,Medium,Medium,High,Medium,Medium,High,Medium,Low,Medium,High
2010,10,MT,Critical,Low,Medium,Low,Low,Medium,Medium,Low,Medium,Medium,Low,High
2010,11,MT,Critical,Low,Medium,Low,Medium,Low,High,Medium,Low,High,Low,Low
2010,12,MT,Critical,Low,Medium,Low,Medium,Low,High,Medium,Low,Medium,Low,Low
2011,1,MT,High,Low,Medium,Low,Medium,Low,High,Medium,Low,Medium,Low,Low
2011,2,MT,High,Low,Low,Medium,Medium,Low,High,Medium,Low,Medium,Low,Low
2011,3,MT,High,Low,Low,Medium,High,Low,High,High,Low,Medium,Low,Low
2011,4,MT,Critical,Low,Low,Medium,High,Low,High,High,Low,Medium,Low,Low
2011,5,MT,Critical,Low,Low,Medium,High,Low,Medium,High,Low,Low,Low,Low
2011,6,MT,Critical,Low,Low,Low,Medium,Low,Low,Low,Low,Low,Low,Low
2011,7,MT,Critical,Low,Low,Low,Medium,Low,Low,Medium,Low,Low,Medium,Low
2011,8,MT,Critical,Low,Low,Medium,Medium,Low,Low,Medium,Low,Low,Low,Low
2011,9,MT,Critical,Low,Low,Medium,High,Low,Medium,High,Low,Low,High,High
2011,10,MT,Critical,Medium,Low,Medium,High,Medium,Medium,High,High,Low,Medium,High
2011,11,MT,Critical,Medium,Low,Medium,High,Medium,Medium,High,Medium,Medium,Medium,Medium
2011,12,MT,High,Medium,Low,Medium,High,Medium,Medium,High,Medium,Low,Medium,Medium
2012,1,MT,Critical,High,Low,Medium,Medium,Medium,Medium,Medium,Medium,Medium,Medium,Medium
2012,2,MT,Critical,High,Low,Medium,Medium,High,Medium,Medium,Medium,Medium,Medium,High
2012,3,MT,Critical,High,Low,Medium,Medium,Medium,Medium,Medium,Medium,Medium,Low,Medium
2012,4,MT,Critical,Medium,Low,Low,Medium,Medium,Low,Medium,High,Medium,Low,Medium
2012,5,MT,Critical,High,Low,Low,Medium,Medium,Low,Medium,High,Medium,Low,Medium
2012,6,MT,Critical,Medium,Low,Low,Low,Medium,Low,Low,Low,Low,Low,High
2012,7,MT,Critical,Low,Low,Low,Low,Low,Low,Low,Low,Low,Low,Low
2012,8,MT,Critical,Low,Low,Low,High,Low,Low,High,Low,Low,Medium,Medium
2012,9,MT,Critical,Low,Low,Medium,High,Medium,Low,High,Low,Low,Medium,Medium
2012,10,MT,Critical,Low,Low,Medium,High,Medium,Medium,High,Medium,Medium,Medium,High
2012,11,MT,Critical,High,Low,Low,High,High,Medium,High,High,Medium,Medium,Medium
2012,12,MT,Critical,High,Low,Medium,High,Medium,Medium,High,High,Medium,Medium,Medium
2013,1,MT,High,High,Low,Low,Medium,High,High,Medium,High,High,Medium,Low
2013,2,MT,High,Medium,Low,Low,Medium,Medium,Medium,Medium,High,Medium,Medium,Medium
2013,3,MT,High,High,Low,Medium,High,High,Medium,High,Medium,Medium,Low,Medium
2013,4,MT,High,Medium,Low,Low,Medium,High,Medium,Medium,Medium,Medium,Low,Low
2013,5,MT,Critical,Medium,Low,Low,Medium,Medium,Low,Medium,Medium,Low,Low,Low
2013,6,MT,Critical,Low,Low,Low,Medium,Medium,Medium,Medium,Low,Medium,Low,High
2013,7,MT,Critical,Low,Low,Low,Medium,Low,Low,Low,Low,Low,Low,Low
2013,8,MT,Critical,Low,Low,Low,Medium,Low,Low,Medium,Low,Low,Medium,Medium
2013,9,MT,Critical,Low,Low,Medium,High,Low,Low,High,Low,Low,Medium,Medium
2013,10,MT,Critical,Medium,Low,Low,High,Medium,Medium,High,Medium,Medium,Medium,High
2013,11,MT,High,High,Low,Medium,High,Medium,Medium,High,Medium,Medium,Medium,Medium
2013,12,MT,High,High,Low,Medium,Medium,Medium,Medium,Medium,High,Medium,Medium,Low
2014,1,MT,High,High,Low,Low,Medium,Medium,Medium,Medium,Medium,Medium,Low,Medium
2014,2,MT,High,High,Low,Low,Medium,Medium,Medium,Medium,High,Medium,Low,High
2014,3,MT,High,High,Low,Low,Medium,Medium,Medium,Medium,Medium,High,Medium,Medium
2014,4,MT,Critical,High,Low,Low,High,Medium,Medium,High,Medium,Medium,Low,Low
2014,5,MT,Critical,Low,Low,Low,Medium,Medium,Low,Medium,Medium,Medium,Medium,Low
2014,6,MT,Critical,Low,Low,Low,Medium,Medium,Low,Medium,Medium,Medium,Low,Low
2014,7,MT,Critical,Low,Low,Low,Low,Low,Low,Low,Low,Low,Low,Medium
2014,8,MT,Critical,Low,Low,Low,High,Low,Low,High,Low,Low,Low,Medium
2014,9,MT,Critical,Low,Low,Low,High,Medium,Medium,High,Low,Low,Medium,Low
2014,10,MT,Critical,Medium,Low,Low,High,Medium,Medium,High,Medium,Low,Medium,High
2014,11,MT,Critical,High,Low,Low,High,Medium,Medium,High,Medium,Medium,Medium,Low
2014,12,MT,High,High,Low,Low,Medium,Medium,Medium,Medium,High,Medium,Medium,Medium
2015,1,MT,High,Medium,Low,Low,High,Medium,Medium,Medium,Medium,Medium,Low,High
2015,2,MT,High,Low,Low,Low,Medium,Medium,Medium,Medium,High,Medium,Medium,Medium
2015,3,MT,High,High,Low,Low,Medium,High,Medium,Medium,High,High,Low,Low
2015,4,MT,Critical,Medium,Low,Low,Medium,Medium,Medium,Medium,High,High,Low,Medium
2015,5,MT,Critical,Low,Low,Low,Medium,Medium,Medium,Medium,Medium,Medium,Low,Low
2015,6,MT,Critical,Low,Low,Low,Medium,Medium,Low,Medium,Low,Low,Low,Low
2015,7,MT,Critical,Low,Low,Low,Medium,Low,Low,Medium,Low,Low,Low,Low
2015,8,MT,Critical,Low,Low,Low,High,Low,Medium,High,Low,Low,Medium,Low
2015,9,MT,Critical,Low,Low,Low,High,Medium,Low,High,Medium,Low,Medium,Medium
2015,10,MT,Critical,Low,Low,Low,High,Medium,Low,High,Medium,Low,Medium,Medium
2015,11,MT,Critical,Medium,Low,Low,High,Medium,Medium,High,Medium,Low,Medium,High
2015,12,MT,High,Medium,Low,Medium,High,Medium,Medium,High,Medium,Medium,Medium,Medium
2016,1,MT,Critical,High,Low,Low,Medium,High,Medium,Medium,High,Medium,Medium,Low
2016,2,MT,Critical,Low,Low,High,High,Medium,Medium,High,High,High,High,Low
2016,3,MT,Critical,High,Low,Low,High,High,Medium,High,High,Medium,Low,Low
2016,4,MT,Critical,High,Low,Low,Medium,High,High,Medium,High,Medium,Medium,Low
2016,5,MT,Critical,Medium,Low,Low,Medium,Medium,Low,Medium,Medium,Medium,Low,Low
2016,6,MT,Critical,Low,Medium,Low,Low,Medium,Low,Low,Medium,Low,Low,Low
2016,7,MT,Critical,Low,Low,Low,Medium,Low,Low,Medium,Low,Low,Low,Medium
2016,8,MT,Critical,Low,Low,Low,Medium,Low,Low,Medium,Low,Low,Medium,High
2016,9,MT,Critical,Low,Low,Low,Medium,Low,Low,Medium,Low,Low,Medium,Medium
2016,10,MT,Critical,High,Low,Low,High,Medium,Low,High,Medium,Low,Medium,Medium
2016,11,MT,Critical,High,Low,Low,Medium,Medium,Medium,Medium,Medium,Medium,Medium,Medium
2016,12,MT,Critical,High,Low,Low,Medium,Medium,Medium,Medium,High,Medium,Medium,Medium
2017,1,MT,Critical,Medium,Low,Low,Medium,Medium,Medium,Medium,Medium,Medium,Low,Medium
2017,2,MT,Critical,High,Low,Low,Medium,High,Medium,Medium,High,High,Low,Medium
2017,3,MT,Critical,High,Low,Low,Medium,Medium,Medium,Medium,High,Medium,Low,Medium
2017,4,MT,Critical,Medium,Low,Low,Medium,High,Medium,Medium,High,Medium,Low,Low
2017,5,MT,Critical,Low,Low,Low,Medium,Medium,Medium,Medium,Medium,Medium,Low,Low
2017,6,MT,Critical,Low,Low,Low,Medium,Medium,Low,Low,Low,Low,Low,Medium
2017,7,MT,Critical,Low,Medium,Low,Medium,Low,Low,Low,Low,Low,Low,Low
2017,8,MT,Critical,Low,Low,Low,High,Medium,Low,High,Low,Low,Medium,Medium
2017,9,MT,Critical,Low,Low,Low,High,Low,Medium,High,Low,Low,Medium,Low
2017,10,MT,Critical,Low,Low,Low,High,Medium,Medium,High,Medium,Medium,Medium,High
2017,11,MT,Critical,Medium,Low,Low,High,Medium,Medium,High,Medium,Medium,Medium,Low
2017,12,MT,Critical,High,Low,Medium,High,Medium,Medium,High,High,High,Medium,Low
2018,1,MT,High,Medium,Low,Low,High,Medium,Medium,High,High,Medium,Medium,Low
2018,2,MT,High,High,Low,Low,Medium,High,Medium,Medium,High,High,Low,Low
2018,3,MT,High,Medium,Low,Low,High,High,High,High,High,Medium,Low,Low
2018,4,MT,Critical,Low,Low,Low,Medium,Medium,Medium,Medium,Medium,Medium,Low,Low
2018,5,MT,Critical,Low,Low,Low,Medium,Medium,Low,Medium,Medium,Low,Low,Low
2018,6,MT,Critical,Low,Low,Low,Low,Low,Low,Low,Medium,Low,Low,Low
2018,7,MT,Critical,Low,Low,Low,Medium,Low,Low,Low,Low,Low,Low,Low
2018,8,MT,Critical,Low,Low,Low,Medium,Low,Low,Medium,Low,Low,Medium,Low
2018,9,MT,Critical,Medium,Low,Low,High,Medium,Low,High,Low,Low,Medium,Medium
2018,10,MT,Critical,Medium,Low,Medium,High,Medium,High,High,Medium,Medium,Medium,Low
2018,11,MT,Critical,High,Low,Medium,High,High,Medium,High,High,High,Medium,Low
2018,12,MT,High,High,Low,Medium,High,Medium,Medium,High,High,Medium,Low,Low
2019,1,MT,High,Medium,Low,Medium,Medium,Medium,Medium,Medium,Medium,Medium,Low,Low
2019,2,MT,High,Medium,Low,Low,High,High,Medium,High,High,Medium,Medium,Low
2019,3,MT,High,Medium,Low,Low,High,Medium,Medium,High,High,Medium,Low,Medium
2019,4,MT,Critical,High,Low,Low,Medium,High,Medium,Medium,High,High,Low,Low
2019,5,MT,Critical,Medium,Low,Low,Medium,Medium,Low,Medium,High,Medium,Low,Medium
2019,6,MT,Critical,Low,Low,Low,Medium,Low,Medium,Medium,Low,Low,Low,Low
2019,7,MT,Critical,Low,Low,High,Low,Low,Low,Low,Low,Low,Low,Low
2019,8,MT,Critical,Low,Low,High,High,Low,High,High,Low,Low,Low,Low
2019,9,MT,Critical,Medium,Low,Medium,High,Medium,High,High,Low,Low,Medium,Low
2019,10,MT,Critical,High,Medium,High,High,Medium,Medium,High,Medium,Medium,Medium,High
2019,11,MT,Critical,Medium,Low,High,High,Medium,High,High,High,Medium,Medium,Medium
2019,12,MT,High,Medium,Medium,High,High,Medium,High,High,Medium,Medium,Medium,Medium
2020,1,MT,Critical,Medium,Low,Low,High,Medium,High,High,Medium,Medium,Medium,Medium
2020,2,MT,Critical,High,Medium,Low,High,High,High,High,High,Medium,Medium,Low
2020,3,MT,Critical,Medium,Medium,Low,High,Medium,High,High,Medium,Medium,Low,Medium
2020,4,MT,Critical,Medium,Medium,Low,High,Medium,Medium,High,Medium,Medium,Low,Low
2020,5,MT,Critical,Medium,Medium,Low,Medium,Low,Low,Medium,Low,Low,Low,Low
2020,6,MT,Critical,Low,Medium,Low,Medium,Low,Low,Medium,Low,Low,Low,Low
2020,7,MT,Critical,Low,Medium,Low,Medium,Low,Low,Medium,Low,Low,Low,Low
2020,8,MT,Critical,Low,Medium,Low,High,Low,Low,High,Low,Low,Low,Medium
2020,9,MT,Critical,Low,Medium,Low,High,Low,Medium,High,Low,Low,Low,Low
2020,10,MT,Critical,Medium,Low,Low,High,Medium,Medium,High,Medium,Low,Medium,High
2020,11,MT,Critical,Medium,Low,Low,High,Medium,Medium,High,Medium,Low,Medium,Low
2020,12,MT,Critical,Medium,Low,Low,High,Medium,High,High,Medium,Medium,Medium,High
2021,1,MT,Critical,High,Medium,Low,High,Medium,Medium,High,Medium,Medium,Medium,Medium
2021,2,MT,Critical,Medium,Low,Low,High,Medium,High,High,Medium,Medium,Low,Medium
2021,3,MT,Critical,Medium,Medium,Low,High,Medium,Medium,High,Medium,Medium,Medium,Medium
2021,4,MT,Critical,Medium,Medium,Low,High,Medium,Medium,High,Medium,Medium,Low,Medium
2021,5,MT,Critical,Low,Medium,Low,Medium,Low,Low,Medium,Low,Low,Low,Medium
2021,6,MT,Critical,Low,Medium,Low,Medium,Low,Low,Medium,Low,Low,Low,Low
2021,7,MT,Critical,Low,Medium,Low,Medium,Low,Low,Low,Low,Low,Low,Low
2021,8,MT,Critical,Low,Medium,Low,High,Low,Low,High,Low,Low,Low,Low
2021,9,MT,Critical,Low,Medium,Low,High,Medium,Medium,High,Medium,Low,Medium,Medium
2021,10,MT,Critical,Medium,Medium,Low,High,Low,Medium,High,Low,Medium,Medium,High
2021,11,MT,Critical,High,Low,Low,High,Medium,Medium,High,Medium,Medium,Medium,High
2021,12,MT,Critical,High,Low,Low,High,Medium,High,High,High,Medium,Medium,Low
2022,1,MT,Critical,High,Low,Low,High,Medium,High,High,Medium,Medium,Medium,Low
2022,2,MT,Critical,High,Medium,Low,High,High,High,High,High,Medium,Medium,Low
2022,3,MT,Critical,Low,Medium,Low,High,Medium,High,High,Medium,Medium,Medium,Low
2022,4,MT,Critical,Low,Medium,Low,High,Medium,Medium,High,Medium,Medium,Low,Medium
2022,5,MT,Critical,Low,Medium,Low,Medium,Low,Low,Medium,Low,Low,Low,Low
2022,6,MT,Critical,Low,Medium,Low,Low,Low,Low,Low,Low,Low,Low,Low
2022,7,MT,Critical,Low,Medium,Low,High,Low,Low,High,Low,Low,Low,Low
2022,8,MT,Critical,Low,Medium,Low,Medium,Low,Low,Medium,Low,Low,Low,Medium
2022,9,MT,Critical,Medium,Medium,Low,High,Low,Medium,High,Medium,Low,Medium,Medium
2022,10,MT,Critical,Medium,Medium,Low,High,Medium,Medium,High,Medium,Medium,Medium,Medium
2022,11,MT,Critical,Medium,Medium,Low,High,Medium,Low,High,Low,Low,Medium,Medium
2022,12,MT,Critical,Medium,Low,Low,High,Medium,High,High,Medium,Medium,High,Low
2023,1,MT,High,High,Medium,Low,High,Medium,High,High,Medium,Medium,High,Low
2023,2,MT,High,High,Medium,Low,High,Medium,Medium,High,Medium,Medium,High,Low
2023,3,MT,High,High,Medium,Low,High,Medium,High,High,Medium,Medium,Medium,Low
2023,4,MT,Critical,High,Medium,Low,High,Medium,Medium,High,Medium,Medium,Medium,Low
2023,5,MT,Critical,Low,Medium,Low,Medium,Medium,Medium,Medium,Medium,Low,Low,Low
2023,6,MT,Critical,Low,Medium,Low,Low,Low,Low,Low,Low,Low,Low,Low
2023,7,MT,Critical,Low,Medium,Low,Medium,Low,Low,Medium,Low,Low,Low,Low
2023,8,MT,Critical,Low,Medium,Low,High,Low,Medium,High,Low,Low,Low,Medium
2023,9,MT,Critical,Low,Medium,Low,High,Medium,Medium,High,Medium,Low,Medium,Medium
2023,10,MT,Critical,Medium,Low,Low,High,Medium,High,High,Medium,Low,Medium,High
2023,11,MT,Critical,Low,Low,Low,High,Medium,High,High,Medium,Low,Medium,Medium
2023,12,MT,High,Medium,Low,Low,High,Medium,High,High,Medium,Low,Medium,High
2003,1,PR,Medium,Low,Low,Low,Low,Low,Medium,Low,Low,Medium,High,Low
2003,2,PR,Medium,Low,Low,Low,Low,Low,Medium,Low,Low,Medium,High,Low
2003,3,PR,Medium,Medium,Low,Low,Low,Low,Low,Low,Low,Low,Medium,Medium
2003,4,PR,Medium,Medium,Low,Medium,Low,Low,Low,Low,Low,Low,Low,Medium
2003,5,PR,High,Low,Low,Medium,Low,Low,Low,Low,Low,Low,Medium,High
2003,6,PR,High,Low,Low,Low,Low,Low,Low,Low,Low,Low,Low,Medium
2003,7,PR,Critical,Low,Low,Low,Low,Low,Medium,Low,Low,Medium,Low,Low
2003,8,PR,Critical,Low,Low,Low,Low,Low,Medium,Low,Low,Medium,Low,Low
2003,9,PR,High,Low,Low,Low,Low,Low,Medium,Low,Low,Medium,Low,Low
2003,10,PR,High,Low,Low,Low,Low,Low,Medium,Low,Low,Medium,Low,Low
2003,11,PR,Medium,Low,Low,Low,Low,Low,Medium,Low,Low,Medium,Low,Low
2003,12,PR,Medium,Low,Low,Low,Low,Low,Medium,Low,Low,Medium,Low,Low
2004,1,PR,Medium,Low,Low,Low,Low,Low,Medium,Low,Low,Medium,Low,Low
2004,2,PR,Medium,Low,Low,Low,Low,Low,Medium,Low,Low,Medium,Low,Low
2004,3,PR,Medium,Low,Low,Low,Low,Low,Medium,Low,Low,Medium,Low,Low
2004,4,PR,Medium,Low,Low,Low,Low,Low,Medium,Low,Low,Medium,Medium,Low
2004,5,PR,High,Low,Low,Low,Low,Low,High,Low,Low,Medium,Medium,Low
2004,6,PR,Critical,Low,Low,Medium,Low,Low,High,Low,Low,Medium,Medium,Low
2004,7,PR,Critical,Low,Low,Medium,Low,Low,High,Low,Low,Medium,Medium,Low
2004,8,PR,Critical,Low,Low,Medium,Low,Low,High,Low,Low,Medium,High,Low
2004,9,PR,Critical,Low,Low,Medium,Low,Low,High,Low,Low,Medium,High,Low
2004,10,PR,High,Low,Low,Medium,Low,Low,High,Low,Low,Medium,High,Low
2004,11,PR,Medium,Low,Low,Medium,Low,Low,High,Low,Low,Medium,High,Low
2004,12,PR,Medium,Low,Low,High,Low,Low,High,Low,Low,Medium,High,Low
2005,1,PR,Medium,Low,Low,High,Low,Low,High,Low,Low,Medium,High,Low
2005,2,PR,Medium,Low,Low,High,Low,Low,High,Medium,Low,Medium,High,Low
2005,3,PR,Medium,Low,Low,High,Medium,Low,High,Medium,Low,Medium,High,Low
2005,4,PR,Medium,Low,Low,High,Medium,Low,High,Medium,Low,Medium,High,Low
2005,5,PR,High,Medium,Low,Medium,Low,Low,Low,Low,Low,Low,Medium,Low
2005,6,PR,Critical,Medium,Low,Low,Low,Low,Low,Low,Low,Low,Low,Low
2005,7,PR,Critical,Medium,Low,Low,Low,Low,Low,Low,Low,Low,Low,Low
2005,8,PR,Critical,High,Low,Medium,Low,Low,Low,Low,Low,Low,Low,Low
2005,9,PR,Critical,High,Low,Low,Low,Low,Low,Low,Low,Low,Low,Low
2005,10,PR,High,High,Low,Low,Low,Low,Low,Low,Low,Low,High,Low
2005,11,PR,Medium,Medium,Low,Medium,Low,Low,Low,Low,Low,Low,High,Low
2005,12,PR,Medium,Low,Low,Low,Low,Low,Low,Low,Low,Low,Medium,Low
2006,1,PR,Medium,Low,Low,Low,Low,Low,Low,Low,Low,Low,High,Low
2006,2,PR,Medium,Low,Low,Low,Low,Low,Medium,Low,Low,Medium,High,Low
2006,3,PR,Medium,Medium,Low,Medium,Low,Low,Low,Low,Low,Medium,High,Medium
2006,4,PR,Medium,Low,Low,Medium,Low,Low,Low,Low,Low,Low,Medium,Medium
2006,5,PR,High,Low,Low,Low,Low,Low,Low,Low,Low,Low,Low,High
2006,6,PR,Critical,Low,Low,Low,Low,Low,Low,Low,Low,Low,Medium,High
2006,7,PR,Critical,Low,Low,Low,Low,Low,Low,Low,Low,Low,Low,High
2006,8,PR,Critical,Medium,Low,Medium,Low,Low,Low,Low,Low,Low,Medium,High
2006,9,PR,Critical,High,Low,Medium,Low,Low,Low,Low,Low,Low,High,High
2006,10,PR,High,Medium,Low,Medium,Low,Low,Low,Low,Low,Low,Medium,Medium
2006,11,PR,Medium,Medium,Low,Medium,Low,Low,Low,Low,Low,Low,High,High
2006,12,PR,Medium,Low,Low,Medium,Low,Low,Low,Low,Low,Medium,High,Medium
2007,1,PR,Medium,Medium,Low,Medium,Low,Low,Low,Low,Low,Low,Medium,Medium
2007,2,PR,Medium,Medium,Low,Medium,Low,Low,Low,Low,Low,Low,Medium,Medium
2007,3,PR,Medium,Medium,Low,Medium,Low,Low,Low,Low,Low,Low,Medium,High
2007,4,PR,Medium,Medium,Low,Medium,Low,Low,Low,Low,Low,Low,Medium,Medium
2007,5,PR,High,Medium,Low,Low,Low,Low,Low,Low,Low,Low,High,High
2007,6,PR,High,Low,Low,Medium,Low,Low,Low,Low,Low,Low,High,High
2007,7,PR,Critical,Medium,Low,Low,Low,Low,Low,Low,Low,Low,Medium,High
2007,8,PR,Critical,Low,Low,Medium,Low,Low,Low,Low,Low,Low,Medium,High
2007,9,PR,High,Medium,Low,Medium,Low,Low,Low,Low,Low,Low,Medium,High
2007,10,PR,High,Medium,Low,Medium,Low,Low,Low,Low,Low,Low,High,High
2007,11,PR,Medium,Medium,Low,High,Low,Low,Low,Low,Low,Low,High,High
2007,12,PR,Medium,High,Low,High,Low,Low,Low,Low,Low,Low,Medium,Medium
2008,1,PR,Medium,High,Low,Medium,Low,Low,Low,Low,Low,Low,High,Medium
2008,2,PR,Medium,Medium,Low,Medium,Low,Low,Low,Low,Low,Low,Medium,Medium
2008,3,PR,Medium,High,Low,Low,Low,Low,Low,Low,Low,Low,Medium,High
2008,4,PR,Medium,Medium,Low,Low,Low,Low,Low,Low,Low,Low,Low,Medium
2008,5,PR,High,Medium,Low,Low,Low,Low,Low,Low,Low,Low,Medium,High
2008,6,PR,High,Medium,Low,Low,Low,Low,Low,Low,Low,Low,Medium,High
2008,7,PR,Critical,Low,Low,Medium,Low,Low,Low,Low,Low,Low,Low,Medium
2008,8,PR,Critical,High,Low,Medium,Low,Low,Low,Low,Low,Low,Medium,High
2008,9,PR,High,Low,Low,Medium,Low,Low,Low,Low,Low,Low,High,High
2008,10,PR,High,High,Low,Medium,Low,Low,Low,Low,Low,Low,High,High
2008,11,PR,Medium,Medium,Low,High,Low,Low,Low,Low,Low,Low,High,High
2008,12,PR,Medium,Medium,Low,High,Low,Low,Low,Low,Low,Low,Medium,Medium
2009,1,PR,Medium,High,Low,High,Low,Low,Low,Low,Low,Low,High,High
2009,2,PR,Medium,Medium,Low,Medium,Low,Low,Low,Low,Low,Low,Medium,Medium
2009,3,PR,Medium,Medium,Low,Medium,Low,Low,Low,Low,Low,Low,Medium,Medium
2009,4,PR,Medium,Low,Low,Medium,Low,Low,Low,Low,Low,Low,Medium,Medium
2009,5,PR,High,Low,Low,Medium,Low,Low,Low,Low,Low,Low,Medium,High
2009,6,PR,High,Low,Low,Medium,Low,Low,Low,Low,Low,Low,Medium,High
2009,7,PR,Critical,Low,Low,Low,Low,Low,Low,Low,Low,Low,Medium,Medium
2009,8,PR,Critical,Low,Low,Medium,Low,Low,Low,Low,Low,Low,Medium,High
2009,9,PR,High,Low,Low,Medium,Low,Low,Low,Low,Low,Low,Medium,High
2009,10,PR,High,Low,Low,High,Low,Low,Low,Low,Low,Low,Medium,Medium
2009,11,PR,Medium,High,Low,High,Low,Low,Low,Low,Low,Low,High,High
2009,12,PR,Medium,Medium,Low,High,Low,Low,Low,Low,Low,Low,High,High
2010,1,PR,Medium,Low,Low,Medium,Low,Low,Low,Low,Medium,Medium,High,High
2010,2,PR,Medium,High,Low,High,Low,Low,Low,Low,Low,Low,Medium,High
2010,3,PR,Medium,High,Low,Medium,Low,Low,Low,Low,Medium,Medium,Medium,Medium
2010,4,PR,Medium,Medium,Low,Medium,Low,Low,Low,Low,Low,Low,Medium,Medium
2010,5,PR,High,Medium,Low,Medium,Low,Low,Low,Low,Low,Low,Medium,High
2010,6,PR,Critical,Low,Low,Medium,Low,Low,Low,Low,Low,Low,Medium,High
2010,7,PR,Critical,Low,Low,Medium,Low,Low,Low,Low,Low,Low,Medium,High
2010,8,PR,Critical,Medium,Low,Medium,Low,Low,Low,Low,Low,Low,Medium,High
2010,9,PR,Critical,Low,Low,Medium,Low,Low,Low,Low,Low,Low,High,High
2010,10,PR,High,Medium,Low,Medium,Low,Low,Low,Low,Low,Low,Medium,High
2010,11,PR,Medium,Medium,Low,High,Low,Low,Low,Low,Low,Low,High,High
2010,12,PR,Medium,High,Low,Medium,Low,Medium,Low,Low,Medium,Medium,Medium,High
2011,1,PR,Medium,High,Low,Medium,Low,Medium,Low,Low,Medium,Low,Medium,Medium
2011,2,PR,Medium,High,Low,Medium,Low,Low,Low,Low,Low,Low,Medium,Medium
2011,3,PR,Medium,Medium,Low,Low,Low,Low,Low,Low,Low,Low,High,Medium
2011,4,PR,Medium,Medium,Low,Medium,Low,Low,Low,Low,Low,Low,Medium,High
2011,5,PR,High,Low,Low,Low,Low,Low,Low,Low,Low,Low,Low,Medium
2011,6,PR,Critical,Medium,Low,Low,Low,Low,Low,Low,Low,Low,Low,High
2011,7,PR,Critical,Medium,Low,Low,Low,Low,Low,Low,Low,Low,Low,Medium
2011,8,PR,Critical,High,Low,Low,Low,Low,Low,Low,Low,Low,High,High
2011,9,PR,Critical,Medium,Low,Medium,Low,Low,Low,Low,Low,Low,Medium,Medium
2011,10,PR,High,High,Low,Medium,Low,Low,Low,Low,Low,Low,High,High
2011,11,PR,Medium,Medium,Low,High,Low,Low,Low,Low,Low,Low,High,High
2011,12,PR,Medium,Medium,Low,Medium,Low,Low,Low,Low,Low,Low,Medium,High
2012,1,PR,Medium,Low,Low,High,Low,Low,Low,Low,Low,Low,Medium,Medium
2012,2,PR,Medium,High,Low,Medium,Low,Low,Low,Low,Low,Low,Medium,High
2012,3,PR,Medium,Low,Low,High,Low,Low,Low,Low,Low,Low,Medium,High
2012,4,PR,High,High,Low,Medium,Low,Low,Low,Low,Low,Low,Medium,Medium
2012,5,PR,High,Medium,Low,Low,Low,Low,Low,Low,Low,Low,Medium,Medium
2012,6,PR,Critical,Medium,Low,Low,Low,Low,Low,Low,Low,Low,Medium,Medium
2012,7,PR,Critical,Medium,Low,Low,Low,Low,Low,Low,Low,Low,Medium,Medium
2012,8,PR,Critical,Low,Low,Medium,Low,Low,Low,Low,Low,Low,Medium,Medium
2012,9,PR,Critical,Medium,Low,Medium,Low,Low,Low,Low,Low,Low,High,High
2012,10,PR,High,Medium,Low,Medium,Low,Low,Low,Low,Low,Low,High,High
2012,11,PR,High,Low,Low,Medium,Low,Low,Low,Low,Low,Low,High,Medium
2012,12,PR,Medium,High,Low,High,Low,Low,Low,Low,Low,Low,Medium,High
2013,1,PR,Medium,Medium,Low,Medium,Low,Low,Low,Low,Low,Low,High,High
2013,2,PR,Medium,High,Low,Medium,Low,Low,Low,Low,Low,Low,Medium,Medium
2013,3,PR,Medium,Medium,Low,Medium,Low,Low,Low,Low,Low,Low,Medium,High
2013,4,PR,Medium,Low,Low,Medium,Low,Low,Low,Low,Low,Low,Low,High
2013,5,PR,High,Medium,Low,Low,Low,Low,Low,Low,Low,Low,Low,High
2013,6,PR,Critical,High,Low,Low,Low,Low,Low,Low,Low,Low,Low,High
2013,7,PR,Critical,Medium,Low,Low,Low,Low,Low,Low,Low,Low,Low,High
2013,8,PR,Critical,Low,Low,Medium,Low,Low,Low,Low,Low,Low,Medium,High
2013,9,PR,Critical,High,Low,Medium,Low,Low,Low,Low,Low,Low,Low,High
2013,10,PR,High,Medium,Low,Medium,Low,Low,Low,Low,Low,Low,High,High
2013,11,PR,Medium,Medium,Low,Medium,Low,Low,Low,Low,Low,Low,High,High
2013,12,PR,Medium,Low,Low,High,Low,Low,Low,Low,Low,Low,Medium,Medium
2014,1,PR,Medium,High,Low,High,Low,Low,Low,Low,Low,Low,Medium,High
2014,2,PR,Medium,Medium,Low,High,Low,Low,Low,Low,Low,Low,Medium,Medium
2014,3,PR,Medium,High,Low,Medium,Low,Low,Low,Low,Low,Low,Medium,Medium
2014,4,PR,Medium,Medium,Low,Low,Low,Low,Low,Low,Low,Low,Medium,Medium
2014,5,PR,High,Medium,Low,Low,Low,Low,Low,Low,Low,Low,Low,High
2014,6,PR,Critical,High,Low,Low,Low,Low,Low,Low,Low,Low,Medium,High
2014,7,PR,Critical,Low,Low,Low,Low,Low,Low,Low,Low,Low,Low,High
2014,8,PR,Critical,Low,Low,Low,Low,Low,Low,Low,Low,Low,Medium,Low
2014,9,PR,Critical,Low,Low,Medium,Low,Low,Medium,Low,Low,Low,Medium,Low
2014,10,PR,High,Low,Low,High,Low,Low,Low,Low,Low,Low,Medium,High
2014,11,PR,Medium,Medium,Low,Medium,Low,Low,Low,Low,Low,Low,Medium,Medium
2014,12,PR,Medium,Medium,Low,High,Low,Low,Low,Low,Low,Low,High,High
2015,1,PR,Medium,High,Low,High,Low,Low,Low,Low,Low,Low,Medium,High
2015,2,PR,Medium,High,Low,Medium,Low,Low,Low,Low,Low,Medium,Medium,High
2015,3,PR,Medium,High,Low,Medium,Low,Low,Low,Low,Low,Low,Medium,Medium
2015,4,PR,Medium,Low,Low,Medium,Low,Low,Low,Low,Low,Low,Medium,Medium
2015,5,PR,High,Medium,Low,Low,Low,Low,Low,Low,Low,Low,Medium,High
2015,6,PR,High,Medium,Low,Low,Low,Low,Low,Low,Low,Low,Medium,High
2015,7,PR,High,High,Low,Low,Low,Low,Low,Low,Low,Low,Medium,High
2015,8,PR,High,Low,Low,Medium,Low,Low,Low,Low,Low,Low,Medium,High
2015,9,PR,High,Medium,Low,Medium,Low,Low,Low,Low,Low,Low,Medium,High
2015,10,PR,High,High,Low,Medium,Low,Low,Low,Low,Low,Low,High,High
2015,11,PR,Medium,High,Low,Low,Low,Low,Low,Low,Low,Low,Medium,High
2015,12,PR,Medium,High,Low,Medium,Low,Low,Low,Low,Low,Medium,Medium,High
2016,1,PR,Medium,High,Low,High,Low,Low,Low,Low,Medium,Low,High,High
2016,2,PR,Medium,High,Low,Medium,Low,Low,Low,Low,Medium,Medium,Medium,High
2016,3,PR,Medium,Medium,Low,Medium,Low,Low,Low,Low,Low,Low,Medium,Medium
2016,4,PR,Medium,Medium,Low,Medium,Low,Low,Low,Low,Low,Low,Medium,Medium
2016,5,PR,High,Medium,Low,Low,Low,Low,Low,Low,Low,Low,Medium,High
2016,6,PR,Critical,Medium,Low,Medium,Low,Low,Low,Low,Low,Low,Low,Medium
2016,7,PR,Critical,Medium,Low,Medium,Low,Low,Low,Low,Low,Low,Medium,High
2016,8,PR,Critical,High,Low,Medium,Low,Low,Low,Low,Low,Low,Medium,High
2016,9,PR,Critical,Medium,Low,Medium,Low,Low,Low,Low,Low,Low,Medium,High
2016,10,PR,High,High,Low,Medium,Low,Low,Low,Low,Low,Low,High,High
2016,11,PR,Medium,Medium,Low,Medium,Low,Low,Low,Low,Low,Low,High,High
2016,12,PR,Medium,Medium,Low,Medium,Low,Low,Low,Low,Low,Low,Medium,Medium
2017,1,PR,Medium,High,Low,Medium,Low,Low,Low,Low,Low,Low,Medium,High
2017,2,PR,Medium,Medium,Low,High,Low,Low,Low,Low,Low,Low,Medium,High
2017,3,PR,Medium,Low,Low,Medium,Low,Low,Low,Low,Low,Low,Medium,High
2017,4,PR,High,Medium,Low,Low,Low,Low,Low,Low,Low,Low,Medium,Medium
2017,5,PR,High,Medium,Low,Low,Low,Low,Low,Low,Low,Low,Medium,High
2017,6,PR,Critical,High,Low,Low,Low,Low,Low,Low,Low,Low,Medium,High
2017,7,PR,Critical,Low,Low,Medium,Low,Low,Low,Low,Low,Low,Low,High
2017,8,PR,Critical,Medium,Low,Low,Low,Low,Low,Low,Low,Low,Medium,High
2017,9,PR,Critical,Low,Low,Medium,Low,Low,Low,Low,Low,Low,Medium,Medium
2017,10,PR,High,High,Low,Medium,Low,Low,Low,Low,Low,Low,High,High
2017,11,PR,High,Medium,Low,High,Low,Low,Low,Low,Low,Low,High,Medium
2017,12,PR,Medium,High,Low,Medium,Low,Low,Low,Low,Low,Low,Medium,Medium
2018,1,PR,Medium,High,Low,Medium,Low,Low,Low,Low,Low,Low,High,High
2018,2,PR,Medium,Medium,Low,Medium,Low,Low,Low,Low,Medium,Low,Medium,High
2018,3,PR,Medium,High,Low,Medium,Low,Low,Low,Low,Low,Low,Medium,Medium
2018,4,PR,Medium,Low,Low,Medium,Low,Low,Low,Low,Low,Low,Low,Medium
2018,5,PR,High,Low,Low,Medium,Low,Low,Low,Low,Low,Low,Medium,High
2018,6,PR,High,Medium,Low,Low,Low,Low,Low,Low,Low,Low,Low,Medium
2018,7,PR,Critical,Low,Low,Medium,Low,Low,Low,Low,Low,Low,Medium,Medium
2018,8,PR,Critical,Low,Low,Medium,Low,Low,Low,Low,Low,Low,Medium,High
2018,9,PR,High,Medium,Low,Medium,Low,Low,Low,Low,Low,Low,Medium,Medium
2018,10,PR,High,High,Low,Low,Low,Low,Low,Low,Low,Low,Medium,High
2018,11,PR,Medium,Medium,Low,Medium,Low,Low,Low,Low,Low,Low,High,Medium
2018,12,PR,Medium,Medium,Low,High,Low,Low,Low,Low,Medium,Low,High,High
2019,1,PR,Medium,High,Low,High,Low,Medium,Low,Low,Medium,Low,Medium,High
2019,2,PR,Medium,High,Low,Medium,Low,Medium,Low,Low,Medium,Low,Medium,High
2019,3,PR,Medium,Medium,Low,Medium,Low,Low,Low,Low,Low,Low,Medium,Medium
2019,4,PR,Medium,Medium,Low,Medium,Low,Low,Low,Low,Low,Low,Low,High
2019,5,PR,High,High,Low,Low,Low,Low,Low,Low,Low,Low,Low,Medium
2019,6,PR,Critical,Medium,Low,Low,Low,Low,Low,Low,Low,Low,Low,Medium
2019,7,PR,Critical,Low,Low,Medium,Low,Low,Low,Low,Low,Low,Medium,Medium
2019,8,PR,Critical,Medium,Low,Medium,Low,Low,Low,Low,Low,Low,Medium,Medium
2019,9,PR,Critical,Medium,Low,Medium,Low,Low,Low,Low,Low,Low,Medium,Medium
2019,10,PR,High,Medium,Low,Medium,Low,Low,Low,Low,Low,Low,Medium,Medium
2019,11,PR,Medium,Medium,Low,Medium,Low,Low,Low,Low,Low,Low,High,High
2019,12,PR,Medium,Medium,Low,High,Low,Low,Low,Low,Low,Low,Medium,High
2020,1,PR,Medium,High,Low,Low,Low,Low,Low,Low,Medium,Low,Medium,High
2020,2,PR,Medium,Medium,Low,Low,Low,Low,Low,Low,Low,Low,Medium,Medium
2020,3,PR,Medium,Low,Low,Low,Low,Low,Low,Low,Low,Low,Medium,Medium
2020,4,PR,Medium,Low,Low,Low,Low,Low,Low,Low,Low,Low,Medium,Medium
2020,5,PR,High,Low,Low,Low,Low,Low,Low,Low,Low,Low,Medium,High
2020,6,PR,High,Medium,Low,Low,Low,Low,Low,Low,Low,Low,Medium,High
2020,7,PR,Critical,Low,Low,Low,Low,Low,Low,Low,Low,Low,Medium,High
2020,8,PR,Critical,Medium,Low,Low,Low,Low,Low,Low,Low,Low,Medium,High
2020,9,PR,High,Low,Low,Low,Low,Low,Low,Low,Low,Low,Medium,High
2020,10,PR,High,Medium,Low,Low,Low,Low,Low,Low,Low,Low,High,High
2020,11,PR,Medium,High,Low,Low,Low,Low,Low,Low,Low,Low,Medium,High
2020,12,PR,Medium,Medium,Low,Low,Low,Low,Low,Low,Low,Low,High,High
2021,1,PR,Medium,High,Low,Low,Low,Low,Low,Low,Low,Medium,Medium,Medium
2021,2,PR,Medium,Medium,Low,Low,Low,Low,Low,Low,Medium,Low,Medium,Medium
2021,3,PR,Medium,Medium,Low,Low,Low,Low,Low,Low,Low,Low,Medium,Medium
2021,4,PR,Medium,Low,Low,Low,Low,Low,Low,Low,Low,Low,Medium,Medium
2021,5,PR,High,Medium,Low,Low,Low,Low,Low,Low,Low,Low,Medium,High
2021,6,PR,Critical,Medium,Low,Low,Low,Low,Low,Low,Low,Low,Low,Medium
2021,7,PR,Critical,Low,Low,Low,Low,Low,Low,Low,Low,Medium,Medium,Medium
2021,8,PR,Critical,Medium,Low,Low,Low,Low,Low,Low,Low,Medium,Medium,Medium
2021,9,PR,Critical,Medium,Low,Low,Low,Low,Low,Low,Low,Medium,Medium,Medium
2021,10,PR,High,High,Low,Low,Low,Low,Low,Low,Low,Medium,Medium,Medium
2021,11,PR,Medium,Low,Low,Low,Low,Low,Low,Low,Low,Medium,High,High
2021,12,PR,Medium,Medium,Low,Low,Low,Low,Low,Low,Low,Medium,High,Medium
2022,1,PR,Medium,High,Low,Low,Low,Low,Low,Low,Low,Medium,Medium,Medium
2022,2,PR,Medium,Medium,Low,Low,Low,Low,Low,Low,Low,Medium,Medium,Medium
2022,3,PR,Medium,High,Low,Low,Low,Low,Low,Low,Low,Medium,Medium,High
2022,4,PR,Medium,Medium,Low,Low,Low,Low,Low,Low,Low,Medium,Low,High
2022,5,PR,High,Medium,Low,Low,Low,Low,Low,Low,Low,Medium,Medium,High
2022,6,PR,High,Medium,Low,Low,Low,Low,Low,Low,Low,Medium,Low,High
2022,7,PR,Critical,Low,Low,Low,Low,Low,Low,Low,Low,Medium,Low,High
2022,8,PR,Critical,Medium,Low,Low,Low,Low,Low,Low,Low,Low,Medium,High
2022,9,PR,High,Medium,Low,Low,Low,Low,Low,Low,Low,Low,High,Medium
2022,10,PR,High,Medium,Low,Low,Low,Low,Low,Low,Low,Low,Medium,High
2022,11,PR,Medium,High,Low,Low,Low,Low,Low,Low,Low,Low,High,High
2022,12,PR,Medium,Medium,Low,Low,Low,Low,Low,Low,Medium,Low,Medium,Medium
2023,1,PR,Medium,Medium,Low,Low,Low,Low,Low,Low,Low,Low,Medium,Medium
2023,2,PR,Medium,Medium,Low,Low,Low,Low,Low,Low,Low,Medium,Medium,High
2023,3,PR,Medium,Medium,Low,Low,Low,Low,Low,Low,Medium,Low,Medium,Medium
2023,4,PR,Medium,Medium,Low,Low,Low,Low,Low,Low,Low,Low,Medium,High
2023,5,PR,High,Medium,Low,Low,Low,Low,Low,Low,Low,Low,Low,Low
2023,6,PR,High,Medium,Low,Low,Low,Low,Low,Low,Low,Low,Medium,High
2023,7,PR,Critical,Medium,Low,Low,Low,Low,Low,Low,Low,Low,Medium,High
2023,8,PR,Critical,Medium,Low,Low,Low,Low,Low,Low,Low,Low,Medium,High
2023,9,PR,High,Medium,Low,Low,Low,Low,Low,Low,Low,Low,High,High
2023,10,PR,High,High,Low,Low,Low,Low,Low,Low,Low,Low,Medium,High
2023,11,PR,Medium,High,Low,Low,Low,Low,Low,Low,Low,Low,High,High
2023,12,PR,Medium,Medium,Low,Low,Low,Low,Low,Low,Medium,Low,Medium,High
2003,1,SC,Medium,Low,High,Low,Medium,Low,High,Medium,Low,Medium,High,Low
2003,2,SC,Medium,Low,High,Low,Medium,Low,High,Medium,Low,Medium,High,Low
2003,3,SC,Medium,Low,High,Low,Low,Medium,Low,Low,Low,Medium,High,High
2003,4,SC,Medium,Medium,High,Medium,Low,Medium,Low,Low,Medium,Low,Medium,High
2003,5,SC,High,Low,High,Low,Low,Low,Low,Low,Low,Low,Low,High
2003,6,SC,High,Medium,High,Low,Low,Low,Low,Low,Low,Low,Low,High
2003,7,SC,High,Low,High,Low,Low,Low,Low,Low,Low,Low,Medium,High
2003,8,SC,High,Low,High,Medium,Low,Low,Low,Low,Low,Low,Medium,High
2003,9,SC,High,Medium,High,Medium,Low,Low,Low,Low,Low,Low,High,High
2003,10,SC,High,Medium,High,Medium,Low,Low,Low,Low,Low,Low,High,High
2003,11,SC,Medium,Medium,High,High,Low,Low,Low,Low,Low,Low,High,High
2003,12,SC,Medium,High,High,High,Low,Medium,Low,Low,Medium,Low,High,High
2004,1,SC,Medium,High,High,High,Low,Medium,Low,Low,Medium,Medium,Medium,High
2004,2,SC,Medium,High,High,High,Low,Medium,Low,Low,Medium,Medium,Medium,High
2004,3,SC,Medium,High,High,Medium,Low,Medium,Low,Low,Medium,Medium,Medium,High
2004,4,SC,Medium,Medium,High,Medium,Low,Medium,Medium,Low,Medium,Medium,Medium,High
2004,5,SC,High,Medium,High,High,Low,Low,Low,Low,Low,Low,Medium,High
2004,6,SC,High,Medium,High,Low,Low,Low,Low,Low,Low,Low,Medium,High
2004,7,SC,High,Medium,High,Low,Low,Low,Low,Low,Low,Low,Medium,High
2004,8,SC,High,Low,High,Low,Low,Low,Low,Low,Low,Low,Low,High
2004,9,SC,High,Low,High,Low,Low,Low,Low,Low,Low,Medium,Low,Low
2004,10,SC,High,Low,High,Low,Low,Low,Low,Low,Low,Medium,Low,Low
2004,11,SC,Medium,Medium,High,Low,Low,Low,Medium,Low,Low,Medium,Medium,Low
2004,12,SC,Medium,Medium,High,Medium,Low,Low,Medium,Low,Low,Medium,Medium,Low
2005,1,SC,Medium,Medium,High,Medium,Low,Low,Medium,Low,Low,Medium,High,Low
2005,2,SC,Medium,Medium,High,High,Low,Low,Medium,Low,Low,Medium,High,Low
2005,3,SC,Medium,Medium,High,High,Low,Low,High,Low,Low,High,High,Low
2005,4,SC,Medium,Medium,High,High,Medium,Low,High,Low,Low,High,High,Low
2005,5,SC,High,Medium,High,Medium,Low,Low,Low,Low,Low,Low,High,High
2005,6,SC,High,Low,High,Low,Low,Low,Low,Low,Low,Low,Low,High
2005,7,SC,Critical,Medium,High,Low,Low,Low,Low,Low,Low,Low,Medium,High
2005,8,SC,Critical,High,High,Medium,Low,Low,Low,Low,Low,Low,High,High
2005,9,SC,High,High,High,Medium,Low,Low,Low,Low,Low,Low,Medium,High
2005,10,SC,High,High,High,Medium,Low,Low,Low,Low,Low,Low,High,High
2005,11,SC,Medium,Medium,High,Medium,Low,Low,Low,Low,Low,Low,High,High
2005,12,SC,Medium,Medium,High,High,Low,Medium,Low,Low,Low,Low,High,High
2006,1,SC,Medium,High,High,High,Medium,Medium,Medium,Medium,Medium,Medium,High,High
2006,2,SC,Medium,High,High,Medium,Medium,Medium,Medium,Medium,Medium,Medium,Medium,High
2006,3,SC,Medium,Medium,High,Medium,Medium,Medium,Medium,Medium,Medium,Medium,Medium,High
2006,4,SC,Medium,Medium,High,Medium,Low,Low,Low,Low,Low,Low,Low,High
2006,5,SC,High,Low,High,Low,Low,Low,Low,Low,Low,Low,Medium,High
2006,6,SC,High,Low,High,Low,Low,Low,Low,Low,Low,Low,Medium,High
2006,7,SC,Critical,Low,High,Medium,Low,Low,Low,Low,Low,Low,Medium,Medium
2006,8,SC,Critical,High,High,High,Low,Low,Low,Low,Low,Low,High,High
2006,9,SC,High,Low,High,Medium,Low,Low,Low,Low,Low,Low,High,High
2006,10,SC,High,Medium,High,Medium,Low,Low,Low,Low,Low,Low,High,High
2006,11,SC,Medium,High,High,Medium,Low,Low,Low,Low,Low,Low,High,High
2006,12,SC,Medium,Medium,High,High,Medium,Medium,Low,Medium,Medium,Medium,High,High
2007,1,SC,Medium,Medium,High,High,Medium,Medium,Medium,Medium,Medium,Low,High,High
2007,2,SC,Medium,Medium,High,High,Medium,Medium,Medium,Medium,Medium,Low,High,High
2007,3,SC,Medium,High,High,Medium,Medium,High,Medium,Medium,Medium,Medium,Medium,High
2007,4,SC,Medium,Low,High,Medium,Low,Medium,Low,Low,Medium,Low,Low,High
2007,5,SC,High,High,High,Low,Low,Low,Low,Low,Low,Low,Low,High
2007,6,SC,High,Medium,High,Low,Low,Low,Low,Low,Low,Low,High,High
2007,7,SC,High,High,High,Low,Low,Low,Low,Low,Low,Low,Medium,High
2007,8,SC,High,Medium,High,Low,Low,Low,Low,Low,Low,Low,Medium,High
2007,9,SC,High,Medium,High,Medium,Low,Low,Low,Low,Low,Low,High,High
2007,10,SC,High,Medium,High,Medium,Low,Low,Low,Low,Low,Low,High,High
2007,11,SC,Medium,Medium,High,High,Low,Medium,Low,Low,Low,Low,High,High
2007,12,SC,Medium,Medium,High,High,Low,High,Low,Low,Medium,Low,High,High
2008,1,SC,Medium,High,High,High,Low,Medium,Medium,Low,Medium,Medium,High,High
2008,2,SC,Medium,High,High,High,Medium,Medium,Low,Medium,Medium,Low,Medium,High
2008,3,SC,Medium,High,High,Medium,Low,Medium,Low,Low,Medium,Medium,Medium,High
2008,4,SC,Medium,High,High,Medium,Low,Medium,Low,Low,Low,Low,Medium,High
2008,5,SC,High,Medium,High,Medium,Low,Medium,Low,Low,Low,Low,Medium,High
2008,6,SC,High,Medium,High,Low,Low,Low,Low,Low,Low,Low,Low,High
2008,7,SC,High,Low,High,Low,Low,Low,Low,Low,Low,Low,Medium,High
2008,8,SC,High,Medium,High,Low,Low,Low,Low,Low,Low,Low,High,High
2008,9,SC,High,High,High,Medium,Low,Low,Low,Low,Low,Low,High,High
2008,10,SC,High,High,High,Low,Low,Low,Low,Low,Low,Low,High,High
2008,11,SC,Medium,High,High,Medium,Low,Low,Low,Low,Low,Medium,High,High
2008,12,SC,Medium,High,High,High,Low,Medium,Low,Low,Medium,Low,High,High
2009,1,SC,Medium,High,High,High,Low,Medium,Low,Low,Medium,Medium,High,High
2009,2,SC,Medium,Medium,High,Medium,Medium,Medium,Medium,Medium,High,Medium,Medium,High
2009,3,SC,Medium,High,High,Medium,Medium,High,Medium,Medium,High,Medium,Medium,High
2009,4,SC,Medium,High,High,Medium,Low,Medium,Low,Low,Medium,Low,Medium,High
2009,5,SC,High,Medium,High,Low,Low,Low,Low,Low,Low,Low,Medium,Medium
2009,6,SC,High,Low,High,Low,Low,Low,Low,Low,Low,Low,Medium,Medium
2009,7,SC,High,Medium,High,Low,Low,Low,Low,Low,Low,Low,Medium,High
2009,8,SC,High,Medium,High,Medium,Low,Low,Low,Low,Low,Low,Medium,High
2009,9,SC,High,High,High,Low,Low,Low,Low,Low,Low,Low,High,High
2009,10,SC,High,Medium,High,Medium,Low,Low,Low,Low,Low,Low,High,High
2009,11,SC,Medium,Medium,High,High,Medium,Medium,Low,Medium,Medium,Medium,High,High
2009,12,SC,Medium,Medium,High,High,Medium,High,Low,Medium,High,Medium,High,High
2010,1,SC,Medium,High,High,Medium,Medium,High,Medium,Medium,High,Medium,High,High
2010,2,SC,Medium,High,High,Medium,Medium,High,Low,Medium,High,Low,Medium,High
2010,3,SC,Medium,High,High,Medium,Low,High,Medium,Low,Medium,Medium,Medium,High
2010,4,SC,Medium,Medium,High,Low,Low,Medium,Low,Low,Low,Low,Medium,High
2010,5,SC,High,High,High,Low,Low,Low,Low,Low,Low,Low,Medium,High
2010,6,SC,High,Medium,High,Low,Low,Low,Low,Low,Low,Low,Medium,High
2010,7,SC,High,Medium,High,Low,Low,Low,Low,Low,Low,Low,Medium,High
2010,8,SC,High,Medium,High,Low,Low,Low,Low,Low,Low,Low,High,High
2010,9,SC,High,Medium,High,Low,Low,Low,Low,Low,Low,Low,Medium,High
2010,10,SC,High,Medium,High,Medium,Low,Low,Low,Low,Low,Low,High,High
2010,11,SC,Medium,Medium,High,High,Low,Medium,Low,Low,Medium,Low,High,High
2010,12,SC,Medium,Medium,High,Medium,Low,Medium,Low,Low,Medium,Low,High,High
2011,1,SC,Medium,High,High,Medium,Medium,High,Medium,Medium,High,High,Medium,High
2011,2,SC,Medium,High,High,Medium,Medium,High,Medium,Medium,High,Medium,High,High
2011,3,SC,Medium,High,High,Medium,Low,Medium,Low,Low,Medium,Medium,Medium,High
2011,4,SC,Medium,Medium,High,Medium,Low,Medium,Low,Low,Low,Low,Medium,High
2011,5,SC,High,Medium,High,Low,Low,Low,Low,Low,Low,Low,Medium,Medium
2011,6,SC,High,Medium,High,Low,Low,Low,Low,Low,Low,Low,Medium,Medium
2011,7,SC,High,Medium,High,Low,Low,Low,Low,Low,Low,Low,Medium,High
2011,8,SC,High,High,High,Low,Low,Low,Low,Low,Low,Low,High,High
2011,9,SC,High,High,High,Medium,Low,Low,Low,Low,Low,Low,High,High
2011,10,SC,High,Medium,High,Medium,Low,Low,Low,Low,Low,Low,High,High
2011,11,SC,Medium,Medium,High,High,Low,Low,Low,Low,Low,Low,High,High
2011,12,SC,Medium,High,High,High,Low,Medium,Low,Low,Medium,Low,Medium,High
2012,1,SC,Medium,High,High,High,Low,Medium,Low,Low,Medium,Medium,Medium,High
2012,2,SC,Medium,Medium,High,High,Medium,High,Medium,Medium,High,Medium,Medium,Medium
2012,3,SC,Medium,Medium,High,High,Low,Medium,Low,Low,Medium,Low,Medium,High
2012,4,SC,Medium,Medium,High,Medium,Low,Medium,Low,Low,Medium,Low,Medium,Medium
2012,5,SC,High,Medium,High,Low,Low,Low,Low,Low,Low,Low,Low,High
2012,6,SC,High,Medium,High,Low,Low,Low,Low,Low,Low,Low,Medium,High
2012,7,SC,High,High,High,Low,Low,Low,Low,Low,Low,Low,Medium,High
2012,8,SC,High,Medium,High,Medium,Low,Low,Low,Low,Low,Low,Medium,High
2012,9,SC,High,Medium,High,Medium,Low,Low,Low,Low,Low,Low,High,High
2012,10,SC,High,Medium,High,Medium,Low,Medium,Low,Low,Low,Low,Medium,High
2012,11,SC,Medium,Medium,High,High,Low,Medium,Low,Low,Medium,Low,High,High
2012,12,SC,Medium,Medium,High,High,Medium,High,Medium,Medium,High,Medium,High,High
2013,1,SC,Medium,Medium,High,High,Low,Medium,Medium,Low,Medium,Medium,Medium,High
2013,2,SC,Medium,High,High,Medium,Medium,High,Medium,Medium,High,Medium,Low,High
2013,3,SC,Medium,High,High,Medium,Low,Medium,Low,Low,High,Medium,Low,High
2013,4,SC,Medium,Medium,High,Medium,Low,Medium,Low,Low,Medium,Low,Low,Medium
2013,5,SC,High,Medium,High,Low,Low,Low,Low,Low,Low,Low,Low,High
2013,6,SC,High,Medium,High,Low,Low,Low,Low,Low,Low,Low,Low,High
2013,7,SC,High,Medium,High,Low,Low,Low,Low,Low,Low,Low,Low,High
2013,8,SC,High,Medium,High,Low,Low,Low,Low,Low,Low,Low,Low,High
2013,9,SC,High,High,High,Medium,Low,Low,Low,Low,Low,Low,Low,High
2013,10,SC,High,Medium,High,Medium,Low,Low,Low,Low,Low,Low,Medium,High
2013,11,SC,Medium,Medium,High,Medium,Low,Medium,Low,Low,Medium,Low,Medium,High
2013,12,SC,Medium,Medium,High,High,Medium,High,Low,Medium,High,Medium,Medium,Medium
2014,1,SC,Medium,High,High,High,Medium,High,Medium,Medium,High,Medium,Medium,High
2014,2,SC,Medium,Medium,High,High,Medium,High,Medium,Medium,High,Medium,Medium,High
2014,3,SC,Medium,Medium,High,Medium,Low,High,Low,Low,High,Low,Low,High
2014,4,SC,Medium,Medium,High,Medium,Low,Medium,Low,Low,Medium,Low,Low,High
2014,5,SC,High,Medium,High,Low,Low,Low,Low,Low,Low,Low,Low,Medium
2014,6,SC,High,High,High,Low,Low,Low,Low,Low,Low,Low,Low,Medium
2014,7,SC,Critical,Medium,High,Low,Low,Low,Low,Low,Low,Low,Low,High
2014,8,SC,Critical,Medium,High,Medium,Low,Low,Low,Low,Low,Low,Low,High
2014,9,SC,High,Medium,High,Low,Low,Low,Low,Low,Low,Low,Medium,High
2014,10,SC,High,Medium,High,High,Low,Low,Low,Low,Low,Low,Medium,High
2014,11,SC,Medium,Medium,High,High,Low,Medium,Low,Low,Medium,Low,Medium,High
2014,12,SC,Medium,High,High,High,Medium,Medium,Low,Medium,Medium,Medium,Medium,High
2015,1,SC,Medium,High,High,High,Medium,High,Medium,Medium,High,Medium,Medium,High
2015,2,SC,Medium,High,High,High,Medium,High,Medium,Medium,High,Medium,Low,Medium
2015,3,SC,Medium,Medium,High,Medium,Low,Medium,Medium,Low,Medium,Medium,Low,High
2015,4,SC,Medium,Medium,High,Medium,Low,Medium,Low,Low,Low,Medium,Low,High
2015,5,SC,Medium,High,High,Low,Low,Low,Low,Low,Low,Low,Low,High
2015,6,SC,High,Medium,High,Low,Low,Low,Low,Low,Low,Low,Low,High
2015,7,SC,High,High,High,Low,Low,Low,Low,Low,Low,Low,Low,Medium
2015,8,SC,High,Medium,High,Medium,Low,Low,Low,Low,Low,Low,Medium,High
2015,9,SC,High,High,High,Low,Low,Low,Low,Low,Low,Low,Low,High
2015,10,SC,Medium,High,High,Low,Low,Low,Low,Low,Low,Low,High,High
2015,11,SC,Medium,Medium,High,Medium,Low,Low,Low,Low,Low,Low,High,High
2015,12,SC,Medium,High,High,Medium,Low,High,Medium,Medium,High,Medium,High,High
2016,1,SC,Medium,High,High,High,Medium,High,Medium,Medium,Medium,Medium,Medium,High
2016,2,SC,Medium,High,High,Medium,Medium,High,Medium,Medium,High,Low,Medium,High
2016,3,SC,Medium,High,High,Medium,Low,Medium,Low,Low,Medium,Medium,Medium,Medium
2016,4,SC,Medium,Medium,High,Medium,Low,High,Low,Medium,High,Low,Medium,High
2016,5,SC,High,Medium,High,Low,Low,Low,Low,Low,Low,Low,Low,High
2016,6,SC,High,Low,High,Low,Low,Low,Low,Low,Low,Low,Low,Medium
2016,7,SC,Critical,Medium,High,Low,Low,Low,Low,Low,Low,Low,Medium,High
2016,8,SC,Critical,Medium,High,Medium,Low,Low,Low,Low,Low,Low,Medium,High
2016,9,SC,High,Medium,High,Medium,Low,Low,Low,Low,Low,Low,High,High
2016,10,SC,High,High,High,Medium,Low,Low,Low,Low,Low,Low,High,High
2016,11,SC,Medium,Low,High,High,Low,Medium,Low,Low,Low,Low,High,High
2016,12,SC,Medium,High,High,Medium,Low,High,Low,Low,High,Low,High,High
2017,1,SC,Medium,High,High,High,Medium,Medium,Medium,Medium,High,Medium,Medium,High
2017,2,SC,Medium,Medium,High,High,Medium,High,Medium,Medium,Medium,Medium,Medium,Medium
2017,3,SC,Medium,High,High,Medium,Low,Medium,Low,Low,Medium,Medium,Medium,High
2017,4,SC,Medium,Medium,High,Low,Low,Medium,Low,Low,Medium,Low,Medium,High
2017,5,SC,High,High,High,Low,Low,Low,Low,Low,Low,Low,Medium,Medium
2017,6,SC,Critical,Medium,High,Low,Low,Low,Low,Low,Low,Low,Low,Medium
2017,7,SC,Critical,Low,High,Medium,Low,Low,Low,Low,Low,Low,Medium,High
2017,8,SC,Critical,Medium,High,Low,Low,Low,Low,Low,Low,Low,High,High
2017,9,SC,Critical,Medium,High,Medium,Low,Low,Low,Low,Low,Medium,High,High
2017,10,SC,High,Medium,High,Medium,Low,Low,Low,Low,Low,Low,High,High
2017,11,SC,Medium,Medium,High,High,Low,Low,Low,Low,Low,Low,High,High
2017,12,SC,Medium,High,High,High,Low,Medium,Medium,Low,Medium,Low,High,High
2018,1,SC,Medium,High,High,High,Medium,Medium,Low,Medium,High,Low,Medium,High
2018,2,SC,Medium,Medium,High,High,Low,Medium,Medium,Low,Medium,Medium,Medium,Medium
2018,3,SC,Medium,High,High,Medium,Medium,Medium,Low,Medium,Medium,Medium,Medium,High
2018,4,SC,Medium,Medium,High,Medium,Low,Medium,Low,Low,Medium,Medium,Medium,Medium
2018,5,SC,High,Medium,High,Low,Low,Medium,Low,Low,Low,Low,Low,Medium
2018,6,SC,High,Medium,High,Low,Low,Low,Low,Low,Low,Low,Medium,High
2018,7,SC,Critical,Medium,High,Low,Low,Low,Low,Low,Low,Low,Medium,High
2018,8,SC,Critical,Medium,High,Medium,Low,Low,Low,Low,Low,Low,Medium,High
2018,9,SC,High,High,High,Medium,Low,Low,Low,Low,Low,Low,Medium,Medium
2018,10,SC,High,Medium,High,Medium,Low,Low,Low,Low,Low,Low,High,High
2018,11,SC,Medium,Medium,High,High,Low,Medium,Low,Low,Medium,Low,High,High
2018,12,SC,Medium,Medium,High,High,Medium,Medium,Low,Medium,Medium,Low,High,High
2019,1,SC,Medium,High,High,High,High,High,Medium,High,High,Medium,Medium,High
2019,2,SC,Medium,High,High,Medium,Medium,High,Medium,Medium,High,Medium,Medium,High
2019,3,SC,Medium,Medium,High,Medium,Medium,Medium,Medium,Medium,Medium,Low,Medium,Medium
2019,4,SC,Medium,Medium,High,Medium,Low,Medium,Low,Low,Medium,Medium,Medium,High
2019,5,SC,High,Medium,High,Low,Low,Medium,Low,Low,Medium,Low,Medium,High
2019,6,SC,High,Medium,High,Low,Low,Low,Low,Low,Low,Low,Low,High
2019,7,SC,Critical,Low,High,Low,Low,Low,Low,Low,Low,Low,Medium,High
2019,8,SC,Critical,Low,High,Low,Low,Low,Low,Low,Low,Low,High,High
2019,9,SC,High,Medium,High,Low,Low,Low,Low,Low,Low,Low,High,High
2019,10,SC,High,Medium,High,Medium,Low,Low,Low,Low,Low,Low,High,High
2019,11,SC,Medium,Low,High,High,Low,Low,Low,Low,Low,Low,High,High
2019,12,SC,Medium,Medium,High,High,Low,Medium,Low,Low,Low,Low,High,High
2020,1,SC,Medium,Medium,High,Low,Medium,High,Low,Medium,High,Low,High,High
2020,2,SC,Medium,High,High,Low,Medium,Medium,Low,Medium,Medium,Low,High,High
2020,3,SC,Medium,Low,High,Low,Medium,Medium,Medium,Medium,Medium,Medium,Medium,High
2020,4,SC,Medium,Low,High,Low,Low,Medium,Low,Low,Low,Low,Medium,High
2020,5,SC,High,Low,High,Low,Low,Low,Low,Low,Low,Low,Low,Medium
2020,6,SC,High,Medium,High,Low,Low,Low,Low,Low,Low,Low,Medium,High
2020,7,SC,Critical,Medium,High,Low,Low,Low,Low,Low,Low,Low,Medium,High
2020,8,SC,Critical,Medium,High,Low,Low,Low,Low,Low,Low,Low,Medium,High
2020,9,SC,High,Medium,High,Low,Low,Low,Low,Low,Low,Low,Medium,High
2020,10,SC,High,Medium,High,Low,Low,Low,Low,Low,Low,Low,High,High
2020,11,SC,Medium,Medium,High,Low,Low,Medium,Low,Low,Low,Low,Medium,High
2020,12,SC,Medium,High,High,Low,Low,Medium,Medium,Low,Medium,Medium,Medium,High
2021,1,SC,Medium,High,High,Low,Medium,High,Medium,Medium,High,Medium,Medium,High
2021,2,SC,Medium,High,High,Low,Medium,High,Medium,Medium,High,Low,Medium,High
2021,3,SC,Medium,High,High,Low,Medium,Medium,Medium,Medium,Medium,Low,Medium,Medium
2021,4,SC,Medium,Medium,High,Low,Low,Low,Low,Low,Low,Low,Low,Medium
2021,5,SC,High,Medium,High,Low,Low,Low,Low,Low,Low,Low,Low,Medium
2021,6,SC,High,High,High,Low,Low,Low,Low,Low,Low,Low,Low,High
2021,7,SC,Critical,Low,High,Low,Low,Low,Low,Low,Low,Low,Low,Medium
2021,8,SC,Critical,Medium,High,Low,Low,Low,Low,Low,Low,Low,Medium,High
2021,9,SC,High,Medium,High,Low,Low,Low,Low,Low,Low,Low,Medium,High
2021,10,SC,High,High,High,Low,Low,Low,Low,Low,Low,Low,Medium,High
2021,11,SC,Medium,Medium,High,Low,Low,Low,Low,Low,Low,Medium,Medium,High
2021,12,SC,Medium,Medium,High,Low,Low,Medium,Low,Low,Medium,Medium,Medium,High
2022,1,SC,Medium,Low,High,Low,Medium,Medium,Medium,Medium,Medium,Medium,High,High
2022,2,SC,Medium,Medium,High,Low,Medium,Medium,Medium,Medium,Medium,Medium,Medium,Medium
2022,3,SC,Medium,High,High,Low,Low,High,Low,Low,Medium,Low,Medium,High
2022,4,SC,Medium,Low,High,Low,Low,Low,Low,Low,Low,Low,Medium,High
2022,5,SC,High,Medium,High,Low,Low,Low,Low,Low,Low,Low,Medium,Medium
2022,6,SC,High,Medium,High,Low,Low,Low,Low,Low,Low,Low,Low,Medium
2022,7,SC,Critical,Low,High,Low,Low,Low,Low,Low,Low,Low,Medium,High
2022,8,SC,Critical,High,High,Low,Low,Low,Low,Low,Low,Low,Medium,High
2022,9,SC,High,Medium,High,Low,Low,Low,Low,Low,Low,Low,Medium,High
2022,10,SC,High,High,High,Low,Low,Low,Low,Low,Low,Low,Medium,High
2022,11,SC,Medium,High,High,Low,Low,Low,Low,Low,Low,Low,High,High
2022,12,SC,Medium,High,High,Low,Low,Medium,Low,Low,Medium,Low,Medium,High
2023,1,SC,Medium,Medium,High,Low,Medium,Medium,Low,Medium,Medium,Medium,Medium,High
2023,2,SC,Medium,High,High,Low,Medium,Medium,Low,Medium,Medium,Low,Low,Medium
2023,3,SC,Medium,Medium,High,Low,Medium,Medium,Medium,Medium,Medium,Medium,Low,Medium
2023,4,SC,Medium,Medium,High,Low,Low,Low,Low,Low,Low,Low,Low,High
2023,5,SC,High,Low,High,Low,Low,Low,Low,Low,Low,Low,Low,Medium
2023,6,SC,High,Medium,High,Low,Low,Low,Low,Low,Low,Low,Low,Medium
2023,7,SC,High,Medium,High,Low,Low,Low,Low,Low,Low,Low,Low,High
2023,8,SC,High,Medium,High,Low,Low,Low,Low,Low,Low,Low,Medium,High
2023,9,SC,High,High,High,Low,Low,Low,Low,Low,Low,Low,Medium,High
2023,10,SC,High,High,High,Low,Low,Low,Low,Low,Low,Low,Low,Medium
2023,11,SC,Medium,High,High,Low,Low,Medium,Low,Low,Medium,Low,Low,Medium
2023,12,SC,Medium,Medium,High,Low,Medium,Medium,Medium,Medium,Medium,Medium,Low,Medium
2003,2,CE,Low,High,High,High,Medium,High,Medium,Medium,High,High,Medium,Low
2003,3,CE,Low,High,High,High,Medium,High,Medium,Medium,High,High,Low,Medium
2003,4,CE,Low,High,High,High,Medium,High,High,Medium,High,High,Medium,Medium
2003,5,CE,Medium,High,High,Medium,High,High,High,High,High,High,Medium,High
2003,6,CE,Medium,Medium,High,Medium,High,Medium,High,High,Medium,Medium,High,Medium
2003,7,CE,Medium,Low,High,Medium,High,Medium,High,High,Medium,Medium,High,High
2003,8,CE,Medium,Low,High,High,High,Medium,High,High,Medium,Medium,High,High
2003,9,CE,Medium,Low,High,Medium,High,Medium,High,High,Medium,Medium,High,High
2003,10,CE,Medium,Low,High,Medium,High,Medium,High,High,Medium,Medium,High,High
2003,11,CE,Low,Low,Medium,High,High,Medium,High,High,Medium,Medium,High,High
2003,12,CE,Low,Low,High,High,High,Medium,High,High,Medium,High,High,High
2004,1,CE,Low,High,Medium,High,Medium,High,High,High,High,High,Medium,Medium
2004,2,CE,Low,High,Medium,High,Medium,High,High,Medium,High,High,Medium,High
2004,3,CE,Low,High,Medium,High,High,High,High,High,High,High,Medium,Medium
2004,4,CE,Low,Medium,Medium,High,High,High,High,High,High,High,Medium,Medium
2004,5,CE,Medium,Low,High,High,High,Medium,High,High,High,High,High,Medium
2004,6,CE,Medium,Medium,High,High,High,Medium,High,Medium,Medium,Medium,High,High
2004,7,CE,High,Medium,High,High,High,Medium,High,High,Medium,Medium,High,Medium
2004,8,CE,High,Low,High,High,High,Medium,High,High,Medium,Medium,High,High
2004,9,CE,Medium,Low,High,Low,High,Medium,Medium,High,Medium,Medium,High,High
2004,10,CE,Medium,Low,High,Medium,High,Medium,High,High,Medium,Medium,High,High
2004,11,CE,Low,Low,High,High,High,Medium,High,High,Medium,Medium,High,High
2004,12,CE,Low,Low,Medium,High,High,Medium,High,High,Medium,Medium,High,High
2005,1,CE,Low,Low,Medium,High,High,Medium,High,High,Medium,Medium,High,High
2005,2,CE,Low,Medium,Medium,High,High,High,High,High,High,High,High,High
2005,3,CE,Low,High,Medium,High,High,High,High,High,High,Medium,Medium,High
2005,4,CE,Low,High,Medium,High,High,High,High,High,High,High,Medium,High
2005,5,CE,Low,High,High,High,High,High,High,High,High,High,High,Medium
2005,6,CE,Medium,Medium,High,High,Medium,Medium,Medium,Medium,Medium,High,Medium,High
2005,7,CE,Medium,Medium,High,High,Medium,Medium,Medium,Medium,Medium,Medium,High,Medium
2005,8,CE,Medium,Low,High,High,Medium,Medium,Medium,Medium,Low,Medium,High,High
2005,9,CE,Medium,Low,High,High,High,Medium,Medium,High,Low,Medium,High,High
2005,10,CE,Low,Low,High,High,High,Medium,High,High,Low,Medium,High,High
2005,11,CE,Low,Low,Medium,High,High,Medium,High,High,Medium,Medium,High,High
2005,12,CE,Low,Low,Medium,High,High,Medium,High,High,Medium,High,High,Medium
2006,1,CE,Low,Medium,Medium,High,High,Medium,High,High,Low,High,Medium,Low
2006,2,CE,Low,Medium,High,High,High,Low,High,High,Low,High,High,Low
2006,3,CE,Low,Medium,High,High,High,Low,High,Medium,Low,High,High,Low
2006,4,CE,Low,High,High,High,High,Low,High,Medium,Low,High,High,Low
2006,5,CE,Medium,High,High,High,High,Low,High,Medium,Low,High,High,Low
2006,6,CE,Medium,High,High,High,High,Low,High,Medium,Low,High,High,Low
2006,7,CE,High,Medium,High,High,Medium,Medium,Medium,Medium,Medium,Medium,High,High
2006,8,CE,High,Low,High,High,Medium,Medium,Medium,Medium,Medium,Medium,High,High
2006,9,CE,Medium,Low,High,High,High,Medium,High,High,Medium,Medium,High,High
2006,10,CE,Medium,Low,High,High,High,Medium,High,High,Medium,Medium,High,High
2006,11,CE,Low,Low,Medium,High,High,Medium,High,High,Medium,Medium,High,High
2006,12,CE,Low,Low,High,High,High,Medium,High,High,Medium,Medium,High,High
2007,1,CE,Low,Low,High,High,High,Medium,High,High,Medium,High,High,High
2007,2,CE,Low,High,High,High,High,Medium,High,High,High,High,Medium,Medium
2007,3,CE,Low,High,Medium,High,High,High,High,High,High,Medium,Medium,Medium
2007,4,CE,Medium,High,High,High,High,High,High,High,High,High,Medium,Medium
2007,5,CE,Medium,Medium,High,Medium,High,High,High,High,High,Medium,Medium,Medium
2007,6,CE,High,Medium,High,Medium,Medium,Medium,Medium,Medium,Medium,Medium,High,High
2007,7,CE,High,Low,High,Medium,Medium,Medium,Medium,Medium,Medium,Medium,High,High
2007,8,CE,High,Low,High,Medium,Medium,High,Medium,Medium,High,Medium,High,High
2007,9,CE,High,Low,High,Low,High,Medium,Medium,High,Low,Medium,High,High
2007,10,CE,Medium,Low,High,Low,High,Medium,High,High,Medium,Medium,High,High
2007,11,CE,Medium,Low,Medium,Low,High,Medium,High,High,Medium,Medium,High,High
2007,12,CE,Low,Low,Medium,Low,Medium,Medium,High,Medium,Low,High,Medium,Low
2008,1,CE,Low,Low,Medium,Low,High,Medium,High,High,Low,High,Medium,Low
2008,2,CE,Low,Low,Medium,Low,High,Medium,High,High,Medium,High,High,Low
2008,3,CE,Low,High,Medium,Low,Medium,Medium,Medium,Medium,Medium,High,Low,Medium
2008,4,CE,Low,High,Medium,Low,High,Medium,High,High,Medium,High,Medium,Low
2008,5,CE,Medium,High,Medium,Low,High,Medium,High,High,Medium,High,High,Low
2008,6,CE,Medium,High,High,Low,Medium,Medium,Medium,Medium,Medium,High,Medium,Low
2008,7,CE,High,Low,High,Low,Medium,Low,High,Medium,Low,High,Low,Low
2008,8,CE,High,Low,High,Low,Medium,Low,High,Medium,Low,High,Medium,Low
2008,9,CE,Medium,Low,High,Low,High,Low,High,Medium,Low,High,Medium,Low
2008,10,CE,Medium,Low,High,Low,High,Low,High,High,Low,High,High,Low
2008,11,CE,Low,Low,Medium,Low,High,Low,High,High,Low,High,High,Low
2008,12,CE,Low,Low,Medium,Low,High,Medium,High,High,Medium,Medium,High,Medium
2009,1,CE,Low,High,High,High,High,Medium,High,High,High,Medium,High,Medium
2009,2,CE,Low,High,Medium,Medium,High,High,Medium,High,High,Medium,Medium,Medium
2009,3,CE,Low,High,Medium,Medium,Medium,High,High,Medium,High,High,Low,Medium
2009,4,CE,Low,High,High,Medium,Medium,Medium,High,Medium,High,High,Low,Medium
2009,5,CE,Low,High,High,Low,Medium,Medium,High,Medium,High,High,Low,Low
2009,6,CE,Medium,High,High,Medium,Medium,Medium,Medium,Medium,High,Medium,Medium,High
2009,7,CE,Medium,High,High,Medium,Medium,Medium,Medium,Medium,Medium,Medium,High,Medium
2009,8,CE,Medium,Low,High,High,Medium,Medium,Medium,Medium,Medium,Medium,High,Medium
2009,9,CE,Medium,Low,High,High,High,Medium,Medium,High,Medium,Medium,High,High
2009,10,CE,Low,Low,High,High,High,Medium,High,High,Medium,Medium,High,Medium
2009,11,CE,Low,Low,Medium,High,High,Medium,High,High,Medium,Medium,High,High
2009,12,CE,Low,Low,Medium,High,High,Medium,High,High,Medium,High,High,Medium
2010,1,CE,Medium,Medium,High,High,High,High,High,High,High,Medium,High,Medium
2010,2,CE,Medium,Medium,Medium,High,High,High,High,High,High,High,High,High
2010,3,CE,Medium,Low,Medium,Medium,High,High,High,High,High,High,Medium,Medium
2010,4,CE,Medium,Low,Medium,Medium,Medium,Medium,High,High,Medium,High,Low,Low
2010,5,CE,High,Low,High,High,High,Medium,High,High,Low,High,Medium,Low
2010,6,CE,High,Low,High,High,High,Low,High,High,Low,High,High,Low
2010,7,CE,High,Low,High,High,High,Low,High,High,Low,High,High,Low
2010,8,CE,High,Low,High,High,High,Low,High,High,Low,High,High,Medium
2010,9,CE,High,Low,High,High,High,Medium,High,High,High,Low,High,High
2010,10,CE,High,Low,High,High,High,Low,High,High,Low,High,High,High
2010,11,CE,Medium,Low,High,High,High,Low,High,High,Low,High,High,Medium
2010,12,CE,Medium,Medium,Medium,High,High,Medium,High,High,Medium,Medium,High,Medium
2011,1,CE,Low,High,Medium,Medium,Medium,High,Medium,Medium,High,Medium,Medium,Medium
2011,2,CE,Low,High,Medium,Low,Medium,High,High,Medium,High,High,Medium,Medium
2011,3,CE,Low,Low,Medium,Medium,Medium,High,High,Medium,High,High,Low,Medium
2011,4,CE,Low,Medium,Medium,Medium,High,High,High,High,High,High,Low,Medium
2011,5,CE,Low,Medium,High,Medium,Medium,High,High,High,High,Medium,Medium,Medium
2011,6,CE,Medium,Medium,High,Medium,Medium,Medium,Medium,Medium,Medium,Medium,Medium,Medium
2011,7,CE,Medium,Medium,High,Medium,Medium,Medium,Medium,Medium,Medium,Medium,High,Medium
2011,8,CE,Medium,Low,High,Medium,Medium,Medium,Medium,Medium,Medium,Medium,High,High
2011,9,CE,Medium,Low,High,High,High,Medium,High,High,Low,Medium,High,High
2011,10,CE,Low,Low,Medium,Medium,High,Medium,High,High,Medium,Medium,High,High
2011,11,CE,Low,Low,Medium,High,High,Medium,High,High,Medium,Medium,High,Medium
2011,12,CE,Low,Low,High,High,High,Medium,High,High,Medium,Medium,High,Medium
2012,1,CE,Medium,Medium,High,High,High,Medium,High,High,Medium,Medium,High,Medium
2012,2,CE,Medium,Low,Medium,Medium,High,High,Medium,High,High,High,High,High
2012,3,CE,Medium,High,High,Medium,High,High,Medium,High,High,High,High,Medium
2012,4,CE,Medium,Medium,Medium,Medium,High,High,High,High,High,High,High,Medium
2012,5,CE,High,Medium,High,Medium,High,Medium,High,High,Medium,Medium,High,Medium
2012,6,CE,High,Medium,High,Medium,Medium,High,High,High,High,Medium,High,Medium
2012,7,CE,High,Low,High,Medium,High,Medium,Medium,High,Medium,Medium,High,High
2012,8,CE,High,Low,High,Medium,High,Medium,Medium,High,Low,Medium,High,High
2012,9,CE,High,Low,High,High,High,Medium,Medium,High,Medium,Medium,High,High
2012,10,CE,High,Low,High,High,High,Medium,High,High,Medium,Medium,High,High
2012,11,CE,Medium,Low,High,High,High,Medium,High,High,Medium,Medium,High,High
2012,12,CE,Medium,Low,Medium,Medium,High,Medium,High,High,Medium,Medium,High,Medium
2013,1,CE,Low,Low,High,Medium,High,High,High,High,High,High,High,Medium
2013,2,CE,Low,Medium,Medium,Medium,High,High,High,High,High,Medium,High,High
2013,3,CE,Low,Medium,Medium,Medium,High,High,High,High,High,Medium,High,High
2013,4,CE,Medium,High,High,Medium,High,High,High,High,High,High,Medium,Medium
2013,5,CE,Medium,Medium,High,Medium,High,High,High,High,High,Medium,Medium,Medium
2013,6,CE,High,High,High,Medium,Medium,High,Medium,Medium,High,Medium,Medium,Medium
2013,7,CE,High,Medium,High,Medium,Medium,High,Medium,Medium,High,Medium,High,Medium
2013,8,CE,High,Low,High,Medium,High,Medium,High,High,Medium,Medium,High,High
2013,9,CE,High,Low,High,High,High,Medium,High,High,Medium,Medium,High,High
2013,10,CE,Medium,Low,High,High,High,Medium,High,High,Medium,Medium,High,High
2013,11,CE,Medium,Low,Medium,Medium,High,Medium,High,High,Medium,Medium,High,High
2013,12,CE,Low,Low,High,Medium,High,High,High,High,Medium,Medium,High,Medium
2014,1,CE,Low,Medium,High,Medium,High,High,High,High,High,Medium,High,Medium
2014,2,CE,Low,Medium,Medium,Medium,High,High,Medium,High,High,Medium,High,Medium
2014,3,CE,Low,Medium,High,Medium,High,High,High,High,High,High,Medium,Medium
2014,4,CE,Medium,High,High,Medium,High,High,High,High,High,Low,Low,Low
2014,5,CE,Medium,High,High,Medium,High,High,High,High,High,Low,Low,Low
2014,6,CE,High,Medium,High,Medium,High,Medium,High,High,Medium,Medium,High,Medium
2014,7,CE,High,Low,High,Medium,Medium,Medium,Medium,Medium,Medium,Medium,High,High
2014,8,CE,High,Low,High,Medium,High,Medium,Medium,High,Low,Medium,High,High
2014,9,CE,High,Low,High,Medium,High,Medium,High,High,Medium,Medium,High,High
2014,10,CE,Medium,Low,High,High,High,Medium,High,High,Medium,Medium,High,High
2014,11,CE,Medium,Low,High,Medium,High,Medium,High,High,Medium,Medium,High,High
2014,12,CE,Low,Medium,High,Medium,High,Medium,High,High,Medium,Medium,High,High
2015,1,CE,Low,Medium,High,Medium,High,Medium,High,High,Medium,Medium,High,Medium
2015,2,CE,Low,Medium,High,Medium,High,Medium,Medium,High,High,Medium,High,High
2015,3,CE,Low,High,High,Medium,High,High,High,High,High,Medium,Medium,High
2015,4,CE,Low,High,High,Medium,High,Medium,High,High,High,High,Low,Medium
2015,5,CE,Medium,Medium,High,Medium,High,High,High,High,Medium,Medium,High,Medium
2015,6,CE,Medium,Medium,High,Medium,High,Medium,Medium,High,Medium,Medium,High,Medium
2015,7,CE,Medium,Medium,High,Medium,Medium,Medium,Medium,Medium,Medium,Medium,High,Medium
2015,8,CE,Medium,Low,High,Medium,Medium,Medium,Medium,High,Medium,Medium,High,High
2015,9,CE,Medium,Low,High,Medium,High,Medium,High,High,Medium,Medium,High,High
2015,10,CE,Medium,Low,High,High,High,Medium,High,High,Medium,Medium,High,High
2015,11,CE,Low,Low,High,High,High,Medium,High,High,Low,Medium,High,High
2015,12,CE,Low,Medium,High,Medium,High,Medium,High,High,Medium,Medium,High,Medium
2016,1,CE,Low,Medium,High,Medium,High,High,High,High,High,High,High,Medium
2016,2,CE,Low,Medium,High,High,High,High,High,High,Medium,High,High,Medium
2016,3,CE,Low,High,High,High,High,High,High,High,High,High,High,Medium
2016,4,CE,Low,High,High,Medium,High,High,High,High,High,Medium,Low,High
2016,5,CE,Medium,Medium,High,High,High,High,High,High,High,Medium,Low,High
2016,6,CE,High,Low,High,High,High,Medium,High,High,Medium,Medium,Low,High
2016,7,CE,High,Low,High,Medium,High,Medium,High,High,Medium,Medium,High,Medium
2016,8,CE,High,Low,High,Medium,High,Medium,High,High,Medium,Low,High,High
2016,9,CE,High,Low,High,High,High,Medium,High,High,Medium,Medium,High,High
2016,10,CE,Medium,Low,High,High,High,Medium,High,High,Medium,Medium,High,High
2016,11,CE,Low,Low,Medium,High,High,Medium,High,High,High,Medium,High,High
2016,12,CE,Low,Low,Medium,Medium,High,Medium,High,High,Medium,Medium,High,Medium
2017,1,CE,Low,Medium,High,Medium,High,High,High,High,High,Medium,High,Medium
2017,2,CE,Low,High,Medium,Medium,High,Medium,High,High,High,High,Medium,Medium
2017,3,CE,Low,High,High,Low,Medium,High,High,Medium,High,High,Low,Low
2017,4,CE,Medium,High,High,Medium,High,High,High,High,High,Medium,Medium,Medium
2017,5,CE,Medium,Medium,High,Medium,High,High,High,High,High,Medium,Medium,Medium
2017,6,CE,High,Low,High,Medium,High,Medium,High,High,Medium,Medium,High,Medium
2017,7,CE,High,Medium,High,Medium,Medium,Medium,Medium,Medium,Medium,Medium,High,Medium
2017,8,CE,High,Low,High,Medium,High,Medium,High,High,Low,Medium,High,Medium
2017,9,CE,High,Low,High,High,High,Medium,High,High,Low,Medium,High,High
2017,10,CE,Medium,Low,High,High,High,Medium,High,High,Medium,Medium,High,High
2017,11,CE,Medium,Low,High,Medium,High,Medium,High,High,Medium,Medium,High,Medium
2017,12,CE,Low,Low,Medium,Medium,High,Medium,High,High,Medium,Medium,High,Medium
2018,1,CE,Low,Medium,High,Medium,High,Medium,Medium,High,High,Medium,High,Medium
2018,2,CE,Low,High,Medium,Medium,Medium,Medium,High,Medium,High,High,Low,Low
2018,3,CE,Low,High,High,Medium,High,High,High,High,High,High,Medium,Medium
2018,4,CE,Low,High,High,Medium,Medium,High,High,Medium,High,High,Medium,Medium
2018,5,CE,Medium,High,High,Medium,High,High,High,High,High,Medium,Medium,Medium
2018,6,CE,Medium,Medium,High,Medium,Medium,Medium,Medium,Medium,Medium,Medium,High,Medium
2018,7,CE,High,High,High,Medium,Medium,Medium,Medium,Medium,Medium,Medium,High,Medium
2018,8,CE,High,Low,High,Medium,High,Medium,High,High,Medium,Medium,High,Medium
2018,9,CE,Medium,Low,High,High,High,Medium,High,High,Medium,Low,High,High
2018,10,CE,Medium,Low,High,High,High,Medium,High,High,Medium,Medium,High,Medium
2018,11,CE,Low,Low,Medium,Medium,High,Medium,High,High,Medium,Medium,High,Medium
2018,12,CE,Low,High,High,Medium,High,High,High,High,Medium,Medium,High,Medium
2019,1,CE,Low,High,High,Medium,High,High,High,High,High,Medium,Medium,Medium
2019,2,CE,Low,Low,High,High,High,High,High,High,High,High,High,Low
2019,3,CE,Low,Low,High,Low,Medium,Medium,High,Medium,Medium,High,Low,Low
2019,4,CE,Low,Low,High,Low,High,Medium,High,High,Medium,High,Medium,Low
2019,5,CE,Medium,High,High,Low,High,High,High,High,High,High,Medium,Low
2019,6,CE,Medium,High,High,Medium,High,Medium,Medium,High,High,Medium,High,Medium
2019,7,CE,Medium,Medium,High,Medium,Medium,Medium,High,Medium,Medium,Medium,High,Medium
2019,8,CE,Medium,Low,High,Medium,High,Medium,High,High,Medium,Medium,High,High
2019,9,CE,Medium,Low,High,Medium,High,Medium,High,High,Medium,Medium,High,High
2019,10,CE,Medium,Low,High,High,High,Medium,Medium,High,Medium,Medium,High,High
2019,11,CE,Low,Low,Medium,High,High,Medium,High,High,Medium,Medium,High,High
2019,12,CE,Low,Medium,Medium,Medium,High,High,High,High,High,Medium,High,High
2020,1,CE,Low,High,High,Low,High,High,High,High,High,High,Medium,Medium
2020,2,CE,Low,High,High,Low,High,High,High,High,High,High,Low,Medium
2020,3,CE,Low,High,High,Low,High,High,High,High,High,High,Low,Low
2020,4,CE,Low,High,High,Low,High,High,High,High,High,High,Low,Low
2020,5,CE,Medium,High,High,Low,High,High,High,High,High,High,Medium,Medium
2020,6,CE,Medium,Medium,High,Low,Medium,Medium,High,Medium,High,Medium,Medium,Medium
2020,7,CE,Medium,Medium,High,Low,Medium,Medium,Medium,Medium,Medium,Medium,High,Medium
2020,8,CE,Medium,Low,High,Low,High,Medium,Medium,High,Low,Medium,High,High
2020,9,CE,Medium,Low,High,Low,High,Medium,High,High,Medium,Medium,High,High
2020,10,CE,Medium,Low,High,Low,High,Medium,High,High,Medium,Medium,High,High
2020,11,CE,Low,Low,High,Low,High,Medium,High,High,Medium,Medium,High,High
2020,12,CE,Low,Low,High,Low,High,Medium,High,High,Medium,Medium,High,Medium
2021,1,CE,Low,Medium,Medium,Low,High,High,High,High,High,Medium,High,Medium
2021,2,CE,Low,Medium,Medium,Low,High,High,High,High,High,High,High,Medium
2021,3,CE,Low,High,Medium,Low,Medium,High,Medium,Medium,High,High,Medium,Medium
2021,4,CE,Low,Medium,Medium,Low,High,High,High,High,High,High,Medium,Medium
2021,5,CE,Medium,High,High,Low,Medium,Medium,High,Medium,Medium,Medium,Medium,Medium
2021,6,CE,Medium,Medium,High,Low,High,High,High,High,High,Medium,Medium,Medium
2021,7,CE,Medium,Low,High,Low,High,Medium,High,High,Medium,Medium,High,Medium
2021,8,CE,Medium,Low,High,Low,High,Medium,High,High,Low,Medium,High,High
2021,9,CE,Medium,Low,High,Low,High,Medium,High,High,Medium,Medium,High,High
2021,10,CE,Medium,Low,High,Low,High,Medium,High,High,Medium,Medium,High,High
2021,11,CE,Low,Low,Medium,Low,High,Medium,High,High,Medium,High,High,Medium
2021,12,CE,Low,Low,Medium,Low,High,High,High,High,High,High,High,Medium
2022,1,CE,Low,High,High,Low,High,High,Medium,High,High,High,Medium,High
2022,2,CE,Low,Medium,Medium,Low,High,High,High,High,High,High,Medium,Medium
2022,3,CE,Low,High,Medium,Low,Medium,High,High,Medium,High,High,Medium,Medium
2022,4,CE,Low,High,Medium,Low,Medium,High,Medium,Medium,High,High,Low,Medium
2022,5,CE,Medium,High,High,Low,Medium,High,High,Medium,High,High,Medium,Medium
2022,6,CE,Medium,High,High,Low,Medium,Medium,Medium,Medium,Medium,Medium,Medium,Medium
2022,7,CE,Medium,Medium,High,Low,Medium,Medium,Medium,Medium,Medium,Medium,High,Medium
2022,8,CE,Medium,Low,High,Low,Medium,Medium,Medium,Medium,Medium,Medium,High,Medium
2022,9,CE,Medium,Low,High,Low,High,Medium,High,High,Medium,Medium,High,High
2022,10,CE,Medium,Low,High,Low,High,Medium,High,High,Medium,Medium,High,High
2022,11,CE,Low,Low,High,Low,High,Medium,High,High,Medium,Medium,High,Medium
2022,12,CE,Low,Low,Medium,Low,High,Medium,High,High,Medium,Medium,High,Medium
2023,1,CE,Low,High,High,Low,High,Medium,High,High,High,Medium,High,Medium
2023,2,CE,Low,High,High,Low,High,High,High,High,High,Medium,Medium,Medium
2023,3,CE,Low,High,High,Low,Medium,High,High,Medium,High,High,Medium,Medium
2023,4,CE,Low,High,Medium,Low,Medium,High,High,Medium,High,Medium,Low,Medium
2023,5,CE,Medium,High,High,Low,High,High,High,High,High,High,Medium,Low
2023,6,CE,Medium,Medium,High,Low,High,High,High,High,High,Medium,High,Medium
2023,7,CE,Medium,Low,High,Low,High,Medium,Medium,High,High,Medium,High,Medium
2023,8,CE,Medium,Low,High,Low,High,Medium,High,High,Medium,Medium,High,Medium
2023,9,CE,Medium,Low,High,Low,High,Medium,High,High,Medium,Medium,High,High
2023,10,CE,Medium,Low,High,Low,High,Medium,High,High,Medium,Medium,High,High
2023,11,CE,Low,Low,High,Low,High,High,High,High,High,Medium,High,Medium
2023,12,CE,Low,Medium,Medium,Low,High,High,High,High,High,Medium,High,High
2001,5,GO,High,Low,Low,High,Low,Low,Low,Low,Low,Medium,Low,Medium
2001,6,GO,Critical,Low,Low,Medium,Low,Low,Low,Low,Low,Low,Low,High
2001,7,GO,Critical,Low,Low,Medium,Low,Low,Low,Low,Low,Low,Low,High
2001,8,GO,Critical,Low,Low,High,Low,Low,Low,Low,Low,Low,Medium,High
2001,9,GO,Critical,Medium,Low,High,Medium,Low,Low,Medium,Low,Low,Medium,High
2001,10,GO,High,Medium,Low,Medium,Low,Low,Low,Low,Low,Medium,Low,Medium
2001,11,GO,Medium,High,Low,Medium,Low,Low,Low,Low,Medium,Medium,Low,High
2001,12,GO,Medium,High,Low,High,Low,Low,Medium,Low,Medium,Medium,Low,High
2002,1,GO,Medium,High,Low,High,Low,Low,Medium,Low,Medium,Medium,Low,High
2002,2,GO,Medium,High,Low,Medium,Low,Low,Low,Low,Medium,Medium,Low,High
2002,3,GO,Medium,High,Low,High,Low,Low,Low,Low,Medium,Medium,Low,Medium
2002,4,GO,High,Low,Low,High,Low,Low,Low,Low,Low,Low,Low,High
2002,5,GO,High,Low,Low,Medium,Low,Low,Low,Low,Low,Low,Low,Medium
2002,6,GO,Critical,Low,Low,Medium,Low,Low,Low,Low,Low,Low,Low,Medium
2002,7,GO,Critical,Low,Low,Medium,Low,Low,Low,Low,Low,Low,Low,High
2002,8,GO,Critical,Low,Low,High,Low,Low,Low,Low,Low,Low,Medium,High
2002,9,GO,Critical,Low,Low,High,Low,Low,Low,Low,Low,Low,Medium,High
2002,10,GO,High,Low,Low,High,High,Low,Low,High,Low,Low,Low,High
2002,11,GO,High,Medium,Low,Medium,Medium,Low,Medium,Low,Low,Medium,Low,High
2002,12,GO,Medium,High,Low,Medium,Low,Low,Medium,Low,Medium,Medium,Low,Medium
2003,1,GO,Medium,High,Low,High,Low,Medium,Medium,Low,Medium,Medium,Low,High
2003,2,GO,Medium,High,Low,High,Low,Low,Low,Low,Medium,Medium,Low,High
2003,3,GO,Medium,Medium,Low,Medium,Low,Low,Low,Low,Low,Medium,Low,High
2003,4,GO,High,Medium,Low,Medium,Low,Low,Low,Low,Medium,Low,Low,Medium
2003,5,GO,High,Low,Low,Medium,Low,Low,Low,Low,Low,Low,Low,Medium
2003,6,GO,Critical,Low,Low,Medium,Low,Low,Low,Low,Low,Low,Low,High
2003,7,GO,Critical,Low,Low,Medium,Low,Low,Low,Low,Low,Low,Low,High
2003,8,GO,Critical,Low,Low,High,Low,Low,Low,Low,Low,Low,Low,High
2003,9,GO,Critical,Low,Low,Medium,Medium,Low,Low,Medium,Low,Low,Medium,High
2003,10,GO,High,Medium,Low,Medium,Medium,Low,Low,Medium,Low,Low,Low,High
2003,11,GO,High,Medium,Low,Medium,Medium,Low,Medium,Medium,Low,Medium,Low,High
2003,12,GO,Medium,High,Low,High,Medium,Low,Low,Medium,Low,Low,Low,High
2004,1,GO,Medium,High,Low,Medium,Low,Medium,Medium,Low,Medium,Medium,Low,Medium
2004,2,GO,Medium,High,Low,Medium,Low,Medium,Low,Low,Medium,Medium,Low,Medium
2004,3,GO,Medium,High,Low,High,Low,Low,Low,Low,Low,Medium,Low,Medium
2004,4,GO,High,Medium,Low,Medium,Low,Low,Low,Low,Low,Medium,Low,Medium
2004,5,GO,High,Low,Low,Medium,Low,Low,Low,Low,Low,Medium,Low,Medium
2004,6,GO,Critical,Low,Low,Medium,Low,Low,Low,Low,Low,Low,Low,Medium
2004,7,GO,Critical,Low,Low,Medium,Low,Low,Low,Low,Low,Low,Low,High
2004,8,GO,Critical,Low,Low,High,Low,Low,Low,Low,Low,Low,Low,High
2004,9,GO,Critical,Low,Low,High,Medium,Low,Low,Medium,Low,Low,Medium,High
2004,10,GO,High,Medium,Low,High,Medium,Low,Low,Medium,Low,Low,Low,High
2004,11,GO,High,Medium,Low,Medium,Low,Low,Medium,Low,Low,Medium,Low,High
2004,12,GO,Medium,High,Low,Medium,Low,Low,Medium,Low,Medium,Medium,Low,Medium
2005,1,GO,Medium,High,Low,High,Low,Medium,Medium,Low,Medium,Medium,Low,Medium
2005,2,GO,Medium,Low,Low,High,Medium,Low,Medium,Medium,Medium,Medium,Low,Medium
2005,3,GO,Medium,High,Low,Medium,Low,Medium,Medium,Low,Medium,Medium,Low,Medium
2005,4,GO,Medium,Medium,Low,High,Medium,Low,Low,Medium,Medium,Medium,Low,Medium
2005,5,GO,High,Low,Low,Medium,Low,Low,Low,Low,Low,Low,Low,Medium
2005,6,GO,Critical,Low,Low,Medium,Low,Low,Low,Low,Low,Low,Low,Medium
2005,7,GO,Critical,Low,Low,Medium,Low,Low,Low,Low,Low,Low,Low,High
2005,8,GO,Critical,Low,Low,High,Low,Low,Low,Low,Low,Low,Low,High
2005,9,GO,Critical,Low,Low,High,Medium,Medium,Low,Medium,Medium,Low,Medium,High
2005,10,GO,High,Medium,Low,High,High,High,Medium,High,High,Medium,Low,High
2005,11,GO,Medium,High,Low,High,Medium,High,Medium,Medium,High,High,Low,Low
2005,12,GO,Medium,High,Low,High,Medium,High,Medium,Medium,High,Medium,Low,Medium
2007,1,GO,Medium,High,Low,Medium,Medium,Medium,Medium,Medium,Medium,Medium,Low,Medium
2007,2,GO,Medium,High,Low,Medium,Low,High,Medium,Low,Medium,Medium,Low,Medium
2007,3,GO,Medium,Low,Low,High,Medium,High,Low,Medium,Medium,Medium,Low,Medium
2007,4,GO,Medium,Medium,Low,Medium,Low,Medium,Low,Low,Medium,Medium,Low,High
2007,5,GO,High,Low,Low,Medium,Low,Low,Low,Low,Low,Low,Low,High
2007,6,GO,Critical,Low,Low,Medium,Low,Low,Low,Low,Low,Low,Low,Medium
2007,7,GO,Critical,Low,Low,Medium,Low,Low,Low,Low,Low,Low,Low,Medium
2007,8,GO,Critical,Low,Low,High,Low,Low,Low,Low,Low,Low,Medium,High
2007,9,GO,Critical,Low,Low,High,Medium,Low,Low,Medium,Low,Low,Medium,High
2007,10,GO,High,Low,Low,Medium,Medium,Low,Medium,Medium,Low,Low,Low,High
2007,11,GO,Medium,High,Low,High,Medium,Medium,Medium,Medium,Medium,Medium,Low,Medium
2007,12,GO,Medium,High,Low,Medium,Low,Medium,Low,Low,Medium,Low,Low,High
2008,1,GO,Medium,High,Low,Medium,Low,Medium,Medium,Low,Medium,Medium,Low,Medium
2008,2,GO,Medium,High,Low,Medium,Low,Medium,Medium,Low,Medium,Medium,Low,Medium
2008,3,GO,Medium,High,Low,Medium,Low,Medium,Medium,Low,Medium,Medium,Low,Medium
2008,4,GO,Medium,High,Low,Medium,Low,High,Low,Low,High,Medium,Low,Low
2008,5,GO,High,Low,Low,Medium,Low,Low,Low,Low,High,Low,Low,Low
2008,6,GO,High,Low,Low,Medium,Low,Low,Low,Low,Low,Low,Low,Medium
2008,7,GO,High,Low,Low,Medium,Low,Low,Low,Low,Low,Low,Low,Medium
2008,8,GO,High,Low,Low,High,Low,Low,Low,Low,Low,Low,Low,Medium
2008,9,GO,High,Medium,Low,High,Medium,Low,Low,Low,Low,Low,Low,Medium
2008,10,GO,High,Medium,Low,High,Medium,Low,Low,Medium,Low,Low,Low,High
2008,11,GO,Medium,High,Low,Medium,Low,Low,Low,Low,Medium,Medium,Low,Medium
2008,12,GO,Medium,Medium,Low,Medium,Low,Medium,Low,Low,Medium,Medium,Low,Low
2009,1,GO,Medium,High,Low,High,Low,Low,Medium,Low,Medium,Medium,Low,Medium
2009,2,GO,Medium,High,Low,High,Low,Medium,Low,Low,Medium,Medium,Low,Medium
2009,3,GO,Medium,High,Low,High,Low,Low,Low,Low,Medium,Low,Low,Medium
2009,4,GO,Medium,High,Low,Medium,Low,Low,Low,Low,Medium,Low,Low,Medium
2009,5,GO,High,Medium,Low,High,Low,Low,Low,Low,Low,Low,Low,Medium
2009,6,GO,High,Low,Low,Medium,Low,Low,Low,Low,Low,Low,Low,Low
2009,7,GO,Critical,Low,Low,Medium,Low,Low,Low,Low,Low,Low,Low,Medium
2009,8,GO,Critical,Low,Low,Medium,Low,Low,Low,Low,Low,Low,Low,Medium
2009,9,GO,High,Medium,Low,Medium,Medium,Low,Low,Medium,Medium,Low,Low,Medium
2009,10,GO,High,High,Low,Medium,Medium,Medium,Medium,Medium,Medium,Medium,Low,Medium
2009,11,GO,Medium,Medium,Low,Medium,Medium,Medium,Medium,Medium,Medium,Medium,Low,High
2009,12,GO,Medium,High,Low,Medium,Low,Medium,Medium,Low,Medium,Medium,Low,Medium
2010,1,GO,Medium,Medium,Low,High,Medium,Medium,Medium,Medium,Medium,Medium,Low,Medium
2010,2,GO,Medium,Medium,Low,High,Medium,Medium,Low,Medium,Medium,Medium,Low,Medium
2010,3,GO,Medium,Medium,Low,Medium,Medium,Medium,Medium,Medium,High,Medium,Low,Medium
2010,4,GO,Medium,Medium,Low,High,Low,Medium,Low,Low,Medium,Low,Low,Medium
2010,5,GO,High,Low,Low,Medium,Low,Low,Low,Low,Low,Low,Low,Medium
2010,6,GO,High,Low,Low,Medium,Low,Low,Low,Low,Low,Low,Low,Medium
2010,7,GO,High,Low,Low,Medium,Low,Low,Low,Low,Low,Low,Medium,High
2010,8,GO,High,Low,Low,High,Low,Low,Low,Low,Low,Low,Low,Medium
2010,9,GO,High,High,Low,High,Medium,Low,Low,Medium,Low,Low,Medium,Medium
2010,10,GO,High,Medium,Low,Medium,Medium,Low,Low,Medium,Low,Low,Low,High
2010,11,GO,Medium,High,Low,Medium,Low,Low,Low,Low,Low,Medium,Low,Medium
2010,12,GO,Medium,High,Low,Medium,Low,Medium,Low,Low,Medium,Medium,Low,High
2011,1,GO,Medium,High,Low,High,Low,Low,Medium,Low,Medium,Low,Low,Medium
2011,2,GO,Medium,Medium,Low,Medium,Low,Low,Medium,Low,Low,Medium,Low,Medium
2011,3,GO,Medium,High,Low,Medium,Low,Low,Low,Low,Medium,Medium,Low,Low
2011,4,GO,Medium,Low,Low,High,Low,Low,Low,Low,Low,Low,Low,Medium
2011,5,GO,High,Low,Low,Medium,Low,Low,Low,Low,Low,Low,Low,Medium
2011,6,GO,High,Low,Low,Medium,Low,Low,Low,Low,Low,Low,Low,High
2011,7,GO,High,Low,Low,Medium,Low,Low,Low,Low,Low,Low,Low,High
2011,8,GO,High,Low,Low,High,Low,Low,Low,Low,Low,Low,Low,Medium
2011,9,GO,High,Low,Low,High,Medium,Low,Low,Medium,Low,Low,Medium,Medium
2011,10,GO,High,High,Low,Medium,Low,Low,Low,Low,Low,Low,Low,Medium
2011,11,GO,Medium,High,Low,High,Low,Low,Low,Low,Low,Low,Low,High
2011,12,GO,Medium,High,Low,Medium,Low,Low,Medium,Low,Medium,Medium,Low,Medium
2012,1,GO,Medium,High,Low,Medium,Low,Low,Medium,Low,Low,Medium,Low,Medium
2012,2,GO,Medium,High,Low,High,Low,Low,Low,Low,Low,Low,Low,High
2012,3,GO,Medium,High,Low,Medium,Low,Low,Low,Low,Low,Low,Low,High
2012,4,GO,Medium,Medium,Low,Medium,Low,Low,Low,Low,Low,Medium,Low,Medium
2012,5,GO,High,Low,Low,Medium,Low,Low,Low,Low,Low,Low,Low,High
2012,6,GO,High,Medium,Low,Medium,Low,Low,Low,Low,Low,Low,Low,Medium
2012,7,GO,Critical,Low,Low,Medium,Low,Low,Low,Low,Low,Low,Low,Medium
2012,8,GO,Critical,Low,Low,High,Low,Low,Low,Low,Low,Low,Medium,High
2012,9,GO,High,Medium,Low,High,Medium,Low,Low,Medium,Low,Low,Low,High
2012,10,GO,High,Medium,Low,High,Medium,Low,Low,Medium,Low,Low,Medium,Medium
2012,11,GO,Medium,High,Low,Medium,Low,Low,Medium,Low,Medium,Medium,Low,Medium
2012,12,GO,Medium,High,Low,High,Medium,Low,Medium,Medium,Medium,Medium,Low,High
2013,1,GO,Medium,High,Low,Medium,Low,Medium,Medium,Low,Medium,Low,Low,Low
2013,2,GO,Medium,Medium,Low,Medium,Low,Low,Medium,Low,Medium,Medium,Low,Medium
2013,3,GO,Medium,High,Low,Medium,Medium,Low,Medium,Low,Medium,Medium,Low,Medium
2013,4,GO,Medium,Low,Low,Medium,Low,Low,Low,Low,Medium,Low,Low,Medium
2013,5,GO,High,Low,Low,Medium,Low,Low,Low,Low,Low,Low,Low,Medium
2013,6,GO,High,Low,Low,Medium,Low,Low,Low,Low,Low,Low,Low,Medium
2013,7,GO,High,Low,Low,Medium,Low,Low,Low,Low,Low,Low,Low,Medium
2013,8,GO,High,Low,Low,Medium,Low,Low,Low,Low,Low,Low,Low,Medium
2013,9,GO,High,Medium,Low,High,Medium,Low,Low,Medium,Low,Low,Medium,High
2013,10,GO,High,Medium,Low,High,Medium,Low,Low,Medium,Low,Low,Low,High
2013,11,GO,Medium,High,Low,High,Low,Low,Low,Low,Medium,Low,Low,High
2013,12,GO,Medium,High,Low,Medium,Low,Low,Medium,Low,Medium,Medium,Low,Low
2014,1,GO,Medium,Medium,Low,High,Low,Low,Low,Low,Low,Low,Low,Medium
2014,2,GO,Medium,High,Low,High,Low,Low,Low,Low,Low,Low,Low,High
2014,3,GO,Medium,High,Low,Medium,Low,Low,Low,Low,Medium,Medium,Low,Low
2014,4,GO,Medium,High,Low,Medium,Low,Low,Low,Low,Medium,Low,Low,Low
2014,5,GO,High,Low,Low,Medium,Low,Low,Low,Low,Low,Low,Low,Medium
2014,6,GO,High,Low,Low,Medium,Low,Low,Low,Low,Low,Low,Low,High
2014,7,GO,Critical,Low,Low,Medium,Low,Low,Low,Low,Low,Low,Low,Medium
2014,8,GO,Critical,Low,Low,High,Low,Low,Low,Low,Low,Low,Low,Medium
2014,9,GO,High,Low,Low,High,Medium,Low,Low,Medium,Low,Low,Medium,High
2014,10,GO,High,Low,Low,High,Medium,Low,Low,Medium,Low,Low,Medium,High
2014,11,GO,Medium,High,Low,Medium,Medium,Low,Medium,Low,Medium,Low,Low,Medium
2014,12,GO,Medium,High,Low,Medium,Low,Low,Low,Low,Low,Low,Low,Medium
2015,1,GO,Medium,Low,Low,High,Medium,Low,Medium,Medium,Low,Low,Low,Medium
2015,2,GO,Medium,High,Low,Medium,Low,Low,Medium,Low,Low,Medium,Low,Medium
2015,3,GO,Medium,High,Low,Medium,Low,Low,Medium,Low,Low,Medium,Low,Low
2015,4,GO,Medium,Medium,Low,Medium,Low,Low,Medium,Low,Low,Medium,Low,Medium
2015,5,GO,High,Medium,Low,Medium,Low,Low,Low,Low,Low,Low,Low,Medium
2015,6,GO,High,Low,Low,Medium,Low,Low,Low,Low,Low,Low,Low,Medium
2015,7,GO,Critical,Low,Low,Medium,Low,Low,Low,Low,Low,Low,Low,Medium
2015,8,GO,Critical,Low,Low,Medium,Low,Low,Low,Low,Low,Low,Low,Medium
2015,9,GO,High,Low,Low,High,Medium,Low,Low,Medium,Low,Low,Low,Medium
2015,10,GO,High,Low,Low,High,High,Low,Low,High,Low,Low,Low,High
2015,11,GO,Medium,High,Low,High,Medium,Medium,Low,Medium,Medium,Low,Low,High
2015,12,GO,Medium,Medium,Low,High,Medium,Low,Medium,Medium,Medium,Low,Low,High
2016,1,GO,Medium,High,Low,Medium,Low,Medium,Medium,Low,Medium,Medium,Low,Medium
2016,2,GO,Medium,Medium,Low,High,Medium,Low,Low,Medium,Medium,Medium,Low,Medium
2016,3,GO,Medium,Medium,Low,Medium,Medium,Medium,Medium,Medium,Medium,Medium,Low,Medium
2016,4,GO,Medium,Low,Low,High,Medium,Low,Low,Medium,Low,Low,Low,Medium
2016,5,GO,High,Medium,Low,Medium,Low,Low,Low,Low,Low,Low,Low,Medium
2016,6,GO,High,Low,Low,Medium,Low,Low,Low,Low,Low,Low,Low,High
2016,7,GO,Critical,Low,Low,Medium,Low,Low,Low,Low,Low,Low,Low,Medium
2016,8,GO,Critical,Low,Low,Medium,Low,Low,Low,Low,Low,Low,Low,Medium
2016,9,GO,High,Low,Low,High,Medium,Low,Low,Medium,Low,Low,Low,Medium
2016,10,GO,High,Medium,Low,High,Medium,Low,Low,Medium,Low,Low,Low,Medium
2016,11,GO,Medium,Medium,Low,Medium,Low,Low,Medium,Low,Medium,Medium,Low,Medium
2016,12,GO,Medium,High,Low,High,Low,Low,Medium,Low,Low,Low,Low,Medium
2017,1,GO,Medium,Medium,Low,High,Medium,Low,Medium,Medium,Low,Low,Low,Medium
2017,2,GO,Medium,High,Low,Medium,Low,Low,Low,Low,Medium,Low,Low,Medium
2017,3,GO,Medium,High,Low,Medium,Medium,Medium,Medium,Low,Medium,Medium,Low,Low
2017,4,GO,High,Medium,Low,Medium,Medium,Low,Low,Low,Medium,Medium,Low,Low
2017,5,GO,High,Medium,Low,Medium,Low,Low,Low,Low,Low,Low,Low,Low
2017,6,GO,Critical,Low,Low,Medium,Low,Low,Low,Low,Low,Low,Low,High
2017,7,GO,Critical,Low,Low,Medium,Low,Low,Low,Low,Low,Low,Medium,High
2017,8,GO,Critical,Low,Low,High,Low,Low,Low,Low,Low,Low,Low,Medium
2017,9,GO,Critical,Low,Low,High,Medium,Low,Low,Medium,Low,Low,Medium,Medium
2017,10,GO,High,Medium,Low,High,High,Low,Low,High,Low,Low,Medium,Medium
2017,11,GO,High,High,Low,Medium,Medium,Low,Low,Low,Low,Low,Low,Low
2017,12,GO,Medium,High,Low,Medium,Low,Low,Low,Low,Medium,Low,Low,Low
2018,1,GO,Medium,Medium,Low,High,Low,Medium,Low,Low,Medium,Low,Low,Medium
2018,2,GO,Medium,High,Low,Medium,Low,Low,Medium,Low,Medium,Low,Low,Low
2018,3,GO,Medium,High,Low,Medium,Medium,Medium,Low,Low,Medium,Low,Low,High
2018,4,GO,Medium,Medium,Low,Medium,Low,Low,Low,Low,Low,Medium,Low,Medium
2018,5,GO,High,Low,Low,Medium,Low,Low,Low,Low,Low,Low,Low,Medium
2018,6,GO,High,Low,Low,Medium,Low,Low,Low,Low,Low,Low,Low,Low
2018,7,GO,High,Low,Low,Medium,Low,Low,Low,Low,Low,Low,Low,Medium
2018,8,GO,High,Low,Low,Medium,Low,Low,Low,Low,Low,Low,Low,Medium
2018,9,GO,High,Low,Low,High,Medium,Low,Low,Medium,Low,Low,Low,Low
2018,10,GO,High,Medium,Low,Medium,Medium,Low,Medium,Medium,Low,Low,Low,High
2018,11,GO,Medium,High,Low,Medium,Low,Low,Medium,Low,Medium,Medium,Low,Low
2018,12,GO,Medium,High,Low,High,Medium,Low,Low,Medium,Medium,Low,Low,Medium
2019,1,GO,Medium,Medium,Low,High,Medium,Low,Low,Medium,Medium,Low,Low,Medium
2019,2,GO,Medium,High,Low,High,Medium,Low,Medium,Low,Medium,Low,Low,Medium
2019,3,GO,Medium,Medium,Low,Medium,Medium,Low,Medium,Low,Medium,Medium,Low,Medium
2019,4,GO,Medium,High,Low,Medium,Low,Low,Low,Low,Medium,Medium,Low,Medium
2019,5,GO,High,Low,Low,Medium,Low,Low,Low,Low,Low,Low,Low,Low
2019,6,GO,High,Low,Low,Medium,Low,Low,Low,Low,Low,Low,Low,Medium
2019,7,GO,High,Low,Low,Medium,Low,Low,Low,Low,Low,Low,Low,Medium
2019,8,GO,High,Low,Low,Medium,Low,Low,Low,Low,Low,Low,Low,Medium
2019,9,GO,High,Low,Low,High,High,Low,Low,High,Low,Low,Low,Medium
2019,10,GO,High,Medium,Low,High,High,Low,Low,Medium,Low,Low,Low,Medium
2019,11,GO,Medium,Medium,Low,High,Medium,Low,Medium,Medium,Medium,Low,Low,Medium
2019,12,GO,Medium,High,Low,High,Medium,Medium,Medium,Medium,Medium,Low,Low,Medium
2020,1,GO,Medium,High,Low,Low,Medium,Low,Medium,Medium,Medium,Low,Low,Medium
2020,2,GO,Medium,High,Low,Low,Low,Low,Medium,Low,Medium,Medium,Low,Medium
2020,3,GO,Medium,Medium,Low,Low,Medium,Low,Medium,Low,Medium,Medium,Low,Low
2020,4,GO,Medium,Medium,Low,Low,Low,Low,Low,Low,Medium,Medium,Low,Low
2020,5,GO,High,Low,Low,Low,Low,Low,Low,Low,Low,Low,Low,Low
2020,6,GO,High,Low,Low,Low,Low,Low,Low,Low,Low,Low,Low,Medium
2020,7,GO,High,Low,Low,Low,Low,Low,Low,Low,Low,Low,Low,Medium
2020,8,GO,High,Low,Low,Low,Low,Low,Low,Low,Low,Low,Low,Medium
2020,9,GO,High,Low,Low,Low,High,Low,Low,Medium,Low,Low,Low,Medium
2020,10,GO,High,Medium,Low,Low,Medium,Low,Low,Medium,Medium,Low,Low,Low
2020,11,GO,Medium,Medium,Low,Low,Medium,Low,Low,Medium,Low,Low,Low,Medium
2020,12,GO,Medium,High,Low,Low,Medium,Low,Medium,Medium,Low,Low,Low,Low
2021,1,GO,Medium,High,Low,Low,Medium,Low,Medium,Medium,Medium,Medium,Low,Medium
2021,2,GO,Medium,High,Low,Low,Low,Low,Medium,Low,Medium,Medium,Low,Low
2021,3,GO,Medium,High,Low,Low,Low,Low,Low,Low,Low,Low,Low,Low
2021,4,GO,Medium,Medium,Low,Low,Low,Low,Low,Low,Low,Low,Low,Medium
2021,5,GO,High,Low,Low,Low,Low,Low,Low,Low,Low,Low,Low,Medium
2021,6,GO,High,Low,Low,Low,Low,Low,Low,Low,Low,Low,Low,Low
2021,7,GO,High,Low,Low,Low,Low,Low,Low,Low,Low,Low,Low,Low
2021,8,GO,High,Low,Low,Low,Low,Low,Low,Low,Low,Low,Low,Low
2021,9,GO,High,Low,Low,Low,High,Low,Low,High,Low,Low,Low,Medium
2021,10,GO,High,Medium,Low,Low,High,Low,Medium,Medium,Low,Low,Low,High
2021,11,GO,Medium,High,Low,Low,Low,Low,Medium,Low,Medium,Medium,Low,Low
2021,12,GO,Medium,High,Low,Low,Low,Medium,Low,Low,Medium,Medium,Low,Low
2022,1,GO,Medium,Low,Low,Low,Low,Low,Low,Low,Medium,Low,Low,Low
2022,2,GO,Medium,Low,Low,Low,Low,Low,Low,Low,Low,Medium,Low,Medium
2022,3,GO,Medium,Medium,Low,Low,Medium,Low,Low,Medium,Medium,Low,Low,Low
2022,4,GO,Medium,Low,Low,Low,Medium,Low,Low,Low,Low,Low,Low,Low
2022,5,GO,High,Low,Low,Low,Low,Low,Low,Low,Low,Low,Low,Low
2022,6,GO,High,Low,Low,Low,Low,Low,Low,Low,Low,Low,Low,Low
2022,7,GO,Critical,Low,Low,Low,Low,Low,Low,Low,Low,Low,Low,Low
2022,8,GO,Critical,Low,Low,Low,Low,Low,Low,Low,Low,Low,Low,Medium
2022,9,GO,High,Low,Low,Low,Medium,Low,Low,Medium,Low,Low,Low,Low
2022,10,GO,High,Medium,Low,Low,Medium,Low,Low,Medium,Medium,Low,Low,High
2022,11,GO,Medium,Medium,Low,Low,Low,Low,Low,Low,Medium,Low,Low,Medium
2022,12,GO,Medium,High,Low,Low,Low,Low,Medium,Low,Medium,Medium,Low,Medium
2023,1,GO,Medium,High,Low,Low,Low,Low,Medium,Low,Medium,Medium,Low,Medium
2023,2,GO,Medium,High,Low,Low,Medium,Low,Medium,Medium,Low,Medium,Low,Low
2023,3,GO,Medium,Medium,Low,Low,Low,Low,Low,Low,Low,Low,Low,Low
2023,4,GO,Medium,Medium,Low,Low,Low,Low,Low,Low,Medium,Medium,Low,Low
2023,5,GO,High,Low,Low,Low,Low,Low,Low,Low,Low,Low,Low,Low
2023,6,GO,High,Low,Low,Low,Low,Low,Low,Low,Low,Low,Low,Low
2023,7,GO,High,Low,Low,Low,Low,Low,Low,Low,Low,Low,Low,Medium
2023,8,GO,High,Low,Low,Low,Low,Low,Low,Low,Low,Low,Low,Medium
2023,9,GO,High,Low,Low,Low,High,Low,Low,Medium,Medium,Low,Low,Medium
2023,10,GO,High,Medium,Low,Low,High,Low,Medium,High,Medium,Low,Low,Medium
2023,11,GO,Medium,High,Low,Low,High,Low,Low,High,Low,Low,Low,Medium
2023,12,GO,Medium,High,Low,Low,Medium,Medium,Medium,Medium,Medium,Low,Low,Medium
2007,7,PB,Medium,Low,High,Medium,Medium,Medium,Medium,Medium,Medium,Medium,High,High
2007,8,PB,Medium,High,High,Medium,Medium,Medium,Medium,Medium,Medium,Medium,High,High
2007,9,PB,Medium,Medium,High,High,Medium,Medium,Medium,Medium,Medium,Medium,High,High
2007,10,PB,Medium,Low,High,High,Medium,Medium,Medium,Medium,Medium,Medium,High,Medium
2007,11,PB,Low,Low,Medium,High,Medium,Medium,High,Medium,Medium,Medium,High,Medium
2007,12,PB,Low,Low,Medium,High,High,Medium,Medium,High,Medium,Medium,High,Medium
2008,1,PB,Low,Medium,Medium,High,High,Medium,High,High,Medium,Medium,High,Medium
2008,2,PB,Low,Low,Medium,High,High,Medium,High,High,Medium,Medium,High,Low
2008,3,PB,Low,High,Medium,High,High,Medium,High,High,Medium,High,Medium,Low
2008,4,PB,Low,High,Medium,Medium,Medium,Medium,Medium,Medium,High,High,Medium,Low
2008,5,PB,Medium,High,Medium,Medium,Medium,High,Medium,Medium,Medium,High,Medium,Medium
2008,6,PB,Medium,High,High,Medium,Medium,Medium,Medium,Medium,Medium,Medium,High,Medium
2008,7,PB,High,High,High,Medium,Low,Medium,Medium,Low,Medium,Medium,High,High
2008,8,PB,High,High,High,High,Low,Medium,Medium,Low,Medium,Medium,High,Medium
2008,9,PB,Medium,Medium,High,High,Medium,Medium,Medium,Medium,Medium,Medium,High,Medium
2008,10,PB,Medium,Low,High,High,Medium,Medium,Medium,Medium,Medium,Medium,High,High
2008,11,PB,Low,Low,Medium,High,Medium,Medium,High,High,Medium,Medium,High,Medium
2008,12,PB,Low,Low,Medium,High,High,Medium,High,High,Medium,High,High,Low
2009,1,PB,Low,Medium,Medium,High,High,Medium,Medium,High,Medium,Medium,High,Medium
2009,2,PB,Low,High,Medium,High,Medium,High,Medium,Medium,High,High,Medium,Low
2009,3,PB,Low,Medium,Medium,High,High,High,High,High,High,High,Medium,Low
2009,4,PB,Low,High,Medium,Medium,Medium,High,High,Medium,High,High,Low,Low
2009,5,PB,Low,High,Medium,Medium,Medium,High,High,Medium,Medium,High,Medium,Medium
2009,6,PB,Medium,High,High,Medium,Medium,High,Medium,Medium,High,High,Medium,Medium
2009,7,PB,Medium,High,High,Medium,Medium,Medium,Medium,Medium,Medium,High,High,Medium
2009,8,PB,Medium,Medium,High,High,Medium,Medium,Medium,Medium,Medium,Medium,High,High
2009,9,PB,Medium,Medium,High,High,Medium,Medium,Medium,Medium,Medium,Medium,High,Medium
2009,10,PB,Low,Low,Medium,High,Medium,Medium,Medium,Medium,Medium,Medium,High,Medium
2009,11,PB,Low,Medium,Medium,High,High,Medium,High,High,Medium,Medium,High,Low
2009,12,PB,Low,Low,Medium,High,High,High,High,High,High,Medium,High,Low
2010,1,PB,Low,Medium,Medium,High,High,High,Medium,High,Medium,High,Medium,Medium
2010,2,PB,Low,Medium,Medium,High,High,High,High,High,High,High,High,Medium
2010,3,PB,Low,Low,Medium,High,High,High,High,High,High,High,Medium,Medium
2010,4,PB,Low,High,Medium,High,High,High,High,High,High,High,High,Medium
2010,5,PB,Medium,Medium,Medium,Medium,High,High,High,High,High,High,Medium,High
2010,6,PB,Medium,High,High,High,Medium,High,Medium,Medium,Medium,High,High,Medium
2010,7,PB,Medium,Low,High,High,High,Medium,High,Medium,Medium,Medium,High,Medium
2010,8,PB,Medium,Medium,High,High,Medium,Medium,Medium,Medium,Medium,Medium,High,High
2010,9,PB,Medium,Medium,High,High,Medium,Medium,Medium,Medium,Medium,Medium,High,High
2010,10,PB,Medium,Low,Medium,High,Medium,Medium,Medium,Medium,Medium,Medium,High,High
2010,11,PB,Low,Low,Medium,High,High,Medium,Medium,High,Medium,Medium,High,Medium
2010,12,PB,Low,Medium,Medium,High,High,Medium,High,High,Medium,Medium,High,Medium
2011,1,PB,Low,High,Medium,High,Medium,High,High,High,High,High,High,Medium
2011,2,PB,Low,Medium,Medium,High,High,High,High,High,High,Medium,High,Low
2011,3,PB,Low,Medium,Medium,High,High,High,High,High,High,High,Medium,Low
2011,4,PB,Low,High,Medium,High,Medium,High,High,Medium,High,High,Medium,Medium
2011,5,PB,Low,High,Medium,High,Medium,High,Medium,Medium,High,High,High,Medium
2011,6,PB,Low,High,High,High,Medium,Medium,Medium,Medium,Medium,Medium,High,Medium
2011,7,PB,Medium,High,High,High,Low,Medium,Medium,Low,Medium,Medium,High,Medium
2011,8,PB,Medium,High,High,High,Medium,Medium,Medium,Medium,Medium,Medium,High,Medium
2011,9,PB,Low,Low,High,High,Medium,Medium,Medium,Medium,Medium,Medium,High,High
2011,10,PB,Low,Low,Medium,High,Medium,Medium,Medium,Medium,Medium,Medium,High,Medium
2011,11,PB,Low,Low,Medium,High,Medium,High,High,High,Medium,High,High,Medium
2011,12,PB,Low,Low,Medium,High,High,Medium,High,High,Medium,Medium,High,Low
2012,1,PB,Low,High,Medium,High,Medium,Medium,High,Medium,Medium,Medium,High,Medium
2012,2,PB,Low,Low,Medium,High,High,Medium,High,High,Medium,High,High,Medium
2012,3,PB,Low,Low,High,High,High,Low,High,High,Low,High,High,Low
2012,4,PB,Low,Low,High,High,High,Low,High,High,Low,High,High,Low
2012,5,PB,Medium,Low,High,Medium,High,Low,High,High,Low,High,High,Low
2012,6,PB,Medium,Low,High,Medium,High,Low,High,High,Low,High,High,Low
2012,7,PB,High,Low,High,Medium,High,Low,High,High,Low,High,High,Low
2012,8,PB,High,Low,High,Medium,High,Low,High,High,Low,High,High,Low
2012,9,PB,Medium,Low,High,Low,High,Low,High,High,Low,High,High,Low
2012,10,PB,Medium,Low,High,Low,High,Low,High,High,Low,High,High,Low
2012,11,PB,Low,Low,High,Low,High,Low,High,High,Low,High,High,Low
2012,12,PB,Low,Low,High,High,High,Medium,High,High,Medium,High,High,Low
2013,1,PB,Low,Low,High,High,High,Medium,High,High,High,High,High,Medium
2013,2,PB,Low,Low,High,High,High,High,High,High,Medium,High,High,Medium
2013,3,PB,Low,Low,High,High,High,High,High,High,High,High,High,Medium
2013,4,PB,Low,High,High,High,High,High,High,High,High,High,Medium,Medium
2013,5,PB,Low,High,High,High,Medium,High,Medium,Medium,High,High,High,Medium
2013,6,PB,Medium,Medium,High,High,Medium,High,Medium,Medium,High,Medium,Medium,Medium
2013,7,PB,Medium,Medium,High,High,Medium,High,Medium,Medium,Medium,Medium,High,Low
2013,8,PB,Medium,High,High,High,Medium,Medium,Medium,Medium,Medium,Medium,High,Medium
2013,9,PB,Medium,High,High,High,Medium,Medium,Medium,Medium,Medium,Medium,High,Medium
2013,10,PB,Low,Low,High,High,Medium,Medium,High,Medium,Medium,Medium,High,Medium
2013,11,PB,Low,Low,High,High,Medium,Medium,Medium,Medium,Medium,High,High,Low
2013,12,PB,Low,Low,High,High,High,Medium,High,High,Medium,High,High,Low
2014,1,PB,Low,Medium,High,High,High,Medium,High,High,Medium,High,High,Low
2014,2,PB,Low,Medium,Medium,High,High,High,Medium,High,Medium,High,High,Low
2014,3,PB,Low,Medium,High,High,High,High,High,High,High,High,High,Low
2014,4,PB,Low,Medium,High,High,High,High,High,High,High,High,Medium,Low
2014,5,PB,Low,High,High,Medium,Medium,High,Medium,Medium,High,High,High,Medium
2014,6,PB,Medium,High,High,Medium,Medium,High,Medium,Medium,High,High,High,Low
2014,7,PB,Medium,Medium,High,Medium,Medium,Medium,Medium,Medium,High,Medium,High,Medium
2014,8,PB,Medium,Low,High,High,Medium,Medium,Medium,Medium,Medium,Medium,High,Medium
2014,9,PB,Medium,High,High,High,Medium,Medium,Medium,Medium,Medium,High,High,Medium
2014,10,PB,Low,Low,High,High,High,Medium,High,High,Medium,High,High,Medium
2014,11,PB,Low,Low,High,Medium,High,Medium,High,High,Medium,Medium,High,Low
2014,12,PB,Low,Low,High,Low,High,High,High,High,High,High,High,Low
2015,1,PB,Low,Low,High,Low,High,Medium,Medium,High,High,High,High,Low
2015,2,PB,Low,Low,High,Low,High,High,High,High,High,High,High,Medium
2015,3,PB,Low,Low,High,Medium,High,High,High,High,High,High,High,Low
2015,4,PB,Low,Low,High,High,High,High,Medium,High,High,High,Medium,Low
2015,5,PB,Low,Low,High,High,High,High,Medium,High,High,High,High,Medium
2015,6,PB,Low,High,High,High,Medium,High,Medium,Medium,Medium,Medium,High,Low
2015,7,PB,Low,High,High,High,Medium,Medium,Medium,Medium,High,High,High,Low
2015,8,PB,Low,Medium,High,High,Medium,Medium,Medium,Medium,Medium,High,High,Medium
2015,9,PB,Low,Low,High,High,Medium,Medium,Medium,Medium,Medium,Medium,High,Low
2015,10,PB,Low,Low,High,High,Medium,Medium,High,Medium,Medium,Medium,High,Medium
2015,11,PB,Low,Low,High,High,High,Medium,High,High,Medium,High,High,Low
2015,12,PB,Low,Medium,High,High,High,Medium,Medium,High,Medium,Medium,High,Low
2016,1,PB,Low,Medium,High,High,High,High,Medium,High,High,Medium,Medium,Low
2016,2,PB,Low,Medium,High,High,High,High,High,High,High,High,High,Low
2016,3,PB,Low,Medium,High,High,High,High,High,High,High,High,High,Low
2016,4,PB,Low,High,High,Medium,High,High,High,High,High,High,High,Low
2016,5,PB,Low,High,High,Medium,Medium,High,Medium,Medium,High,High,High,Low
2016,6,PB,Low,Medium,High,Medium,Medium,High,Medium,Medium,High,Medium,High,Low
2016,7,PB,Medium,Medium,High,Medium,Medium,Medium,Medium,Medium,Medium,Medium,High,Medium
2016,8,PB,Medium,Medium,High,High,Medium,Medium,Medium,Medium,Medium,Medium,High,Medium
2016,9,PB,Low,Low,High,High,Medium,Medium,High,High,Medium,Medium,High,Medium
2016,10,PB,Low,Low,High,High,High,Medium,High,High,Medium,Medium,High,Medium
2016,11,PB,Low,Low,High,High,High,Medium,High,High,Medium,High,High,Low
2016,12,PB,Low,Medium,High,High,High,Medium,High,High,Medium,High,High,Low
2017,1,PB,Low,Medium,High,High,High,Medium,High,High,Medium,High,High,Low
2017,2,PB,Low,Low,High,High,High,Medium,High,High,High,High,High,Low
2017,3,PB,Low,Medium,Medium,High,High,High,High,High,High,High,High,Low
2017,4,PB,Low,High,High,High,High,High,High,High,High,High,High,Low
2017,5,PB,Low,High,High,Medium,Medium,High,Medium,Medium,High,High,Medium,Low
2017,6,PB,Medium,High,High,Medium,Medium,High,Medium,Medium,High,High,High,Low
2017,7,PB,Medium,High,High,Medium,Low,High,Medium,Low,High,Medium,High,Medium
2017,8,PB,Medium,Medium,High,High,Medium,High,Medium,Medium,Medium,High,High,Medium
2017,9,PB,Medium,Medium,High,High,Medium,Medium,Medium,Medium,Medium,Medium,High,Medium
2017,10,PB,Low,Low,High,High,Medium,Medium,High,Medium,Medium,High,High,Medium
2017,11,PB,Low,Low,High,High,High,Medium,High,High,Medium,Medium,High,Low
2017,12,PB,Low,Low,High,High,High,High,High,High,Medium,High,High,Low
2018,1,PB,Low,Low,High,High,High,Medium,High,High,Medium,High,High,Low
2018,2,PB,Low,Low,High,High,High,Medium,High,High,Low,High,High,Low
2018,3,PB,Low,Low,Medium,Low,High,Medium,High,High,Medium,High,High,Low
2018,4,PB,Low,High,High,Medium,Medium,High,High,Medium,High,High,Medium,Low
2018,5,PB,Low,High,High,Medium,Medium,High,Medium,Medium,High,High,High,Low
2018,6,PB,Low,Medium,High,Medium,Medium,High,Medium,Medium,High,Medium,High,Low
2018,7,PB,Medium,High,High,Medium,Medium,Medium,Medium,Medium,Medium,Medium,High,Low
2018,8,PB,Medium,Medium,High,Medium,Medium,Medium,Medium,Medium,Medium,Medium,High,Medium
2018,9,PB,Low,Medium,High,High,Medium,Medium,Medium,Medium,Medium,Medium,High,Low
2018,10,PB,Low,Low,High,High,High,Medium,High,High,Medium,Medium,High,Low
2018,11,PB,Low,Low,High,High,High,Medium,High,High,Medium,High,High,Low
2018,12,PB,Low,Low,High,High,High,Medium,High,High,Medium,Medium,High,Low
2019,1,PB,Low,Medium,High,High,High,High,High,High,Medium,High,High,Low
2019,2,PB,Low,High,High,High,High,High,High,High,High,High,Medium,Low
2019,3,PB,Low,High,High,Medium,High,High,High,High,High,High,Medium,Low
2019,4,PB,Low,High,High,Medium,High,High,High,High,High,High,Medium,Low
2019,5,PB,Low,High,High,Medium,High,High,High,High,High,High,Medium,Low
2019,6,PB,Low,High,High,Medium,Medium,Medium,Medium,Medium,Medium,Medium,High,Low
2019,7,PB,Low,High,High,Medium,Medium,High,Medium,Medium,High,High,High,Low
2019,8,PB,Low,Medium,High,Medium,Medium,Medium,Medium,Medium,Medium,Medium,High,Low
2019,9,PB,Low,Medium,High,High,Medium,Medium,Medium,Medium,Medium,Medium,High,Low
2019,10,PB,Low,Medium,High,High,Medium,Medium,Medium,Medium,Medium,Medium,High,Low
2019,11,PB,Low,Low,Medium,High,High,Medium,High,High,Low,Medium,Medium,Low
2019,12,PB,Low,Low,Medium,High,High,Medium,High,High,Medium,Medium,Medium,Low
2020,1,PB,Low,Low,Medium,Low,High,High,High,High,High,Medium,Medium,Low
2020,2,PB,Low,Medium,Medium,Low,High,High,High,High,High,High,Low,Low
2020,3,PB,Low,High,Medium,Low,High,High,High,High,High,Medium,Low,Low
2020,4,PB,Low,High,Medium,Low,High,High,High,High,High,High,Low,Low
2020,5,PB,Low,High,High,Low,Medium,High,High,Medium,High,High,Low,Low
2020,6,PB,Low,High,High,Low,Medium,Medium,Medium,Medium,High,Medium,Medium,Low
2020,7,PB,Low,High,High,Low,Medium,Medium,Medium,Medium,Medium,Medium,High,Low
2020,8,PB,Low,Low,High,Low,Medium,Medium,Medium,Medium,Medium,Medium,High,Low
2020,9,PB,Low,Low,High,Low,Medium,Medium,Medium,Medium,High,Medium,Medium,Low
2020,10,PB,Low,Low,Medium,Low,High,Medium,High,High,Medium,High,Medium,Low
2020,11,PB,Low,Low,Medium,Low,High,Medium,High,High,Medium,High,Medium,Low
2020,12,PB,Low,Low,Medium,Low,High,Medium,High,High,Medium,Medium,Medium,Low
2021,1,PB,Low,Low,Medium,Low,High,Medium,High,High,Medium,High,High,Low
2021,2,PB,Low,High,Medium,Low,High,Medium,High,High,Medium,High,High,Low
2021,3,PB,Low,Low,Medium,Low,High,High,High,High,High,High,Low,Low
2021,4,PB,Low,Low,High,Low,High,High,High,High,High,High,High,Low
2021,5,PB,Low,High,High,Low,High,Medium,Medium,High,High,High,High,Low
2021,6,PB,Low,Low,High,Low,High,Low,High,High,Low,High,High,Low
2021,7,PB,Low,Low,High,Low,High,Medium,Medium,High,Medium,High,High,Low
2021,8,PB,Low,Low,High,Low,High,Medium,High,High,Low,High,High,Low
2021,9,PB,Low,Low,High,Low,High,Medium,High,High,Medium,Medium,Medium,Low
2021,10,PB,Low,High,Medium,Low,Medium,Low,High,Medium,Low,High,Low,Low
2021,11,PB,Low,High,Medium,Low,High,Medium,High,High,Medium,High,Medium,Low
2021,12,PB,Low,Low,Medium,Low,High,High,High,High,High,High,Medium,Low
2022,1,PB,Low,High,Medium,Low,High,High,High,High,High,High,Low,Low
2022,2,PB,Low,Low,Medium,Low,High,Medium,High,High,High,Medium,Medium,Low
2022,3,PB,Low,High,Medium,Low,High,High,High,High,High,High,Low,Low
2022,4,PB,Low,High,Medium,Low,High,High,High,High,High,High,Low,Low
2022,5,PB,Low,High,High,Low,Medium,High,Medium,Medium,High,High,Low,Low
2022,6,PB,Low,High,High,Low,Medium,High,Medium,Medium,High,High,Low,Low
2022,7,PB,Medium,High,High,Low,Medium,High,Medium,Medium,High,Low,Medium,Low
2022,8,PB,Medium,Medium,High,Low,Medium,Medium,Medium,Medium,Medium,Medium,Medium,Low
2022,9,PB,Low,Medium,High,Low,Medium,Medium,Medium,Medium,Medium,Medium,Medium,Low
2022,10,PB,Low,Low,High,Low,High,High,Medium,High,High,Medium,Medium,Low
2022,11,PB,Low,Low,Medium,Low,High,Medium,High,High,High,High,Medium,Low
2022,12,PB,Low,Low,Medium,Low,High,Medium,High,High,Medium,High,Medium,Low
2023,1,PB,Low,Medium,Medium,Low,High,High,High,High,High,High,Low,Low
2023,2,PB,Low,Medium,Medium,Low,High,High,High,High,High,Medium,Low,Low
2023,3,PB,Low,High,Medium,Low,High,High,High,High,High,High,Low,Low
2023,4,PB,Low,High,Medium,Low,High,High,High,High,High,High,Low,Low
2023,5,PB,Low,High,Medium,Low,High,High,High,High,High,High,Low,Low
2023,6,PB,Low,High,High,Low,Medium,High,Medium,Medium,High,High,Low,Low
2023,7,PB,Low,High,High,Low,Medium,Medium,Medium,Medium,Medium,Medium,Medium,Low
2023,8,PB,Low,Medium,High,Low,Medium,High,Medium,Medium,High,Medium,Medium,Low
2023,9,PB,Low,Medium,High,Low,Medium,High,Medium,Medium,High,High,Medium,Low
2023,10,PB,Low,Low,High,Low,High,Medium,Medium,High,Medium,Medium,Medium,Low
2023,11,PB,Low,Low,Medium,Low,High,High,High,High,High,Medium,Medium,Low
2023,12,PB,Low,Medium,Medium,Low,High,High,High,High,High,Medium,Medium,Low
2013,12,AP,Low,Medium,Medium,High,High,Medium,Medium,High,High,High,High,Medium
2014,1,AP,Low,High,High,Medium,Medium,High,Medium,Medium,High,Medium,Medium,Medium
2014,2,AP,Low,High,High,Medium,Medium,High,High,Medium,Medium,High,Medium,Medium
2014,3,AP,Low,High,High,Medium,Medium,High,High,Medium,High,High,Medium,High
2014,4,AP,Low,High,High,Medium,Medium,High,High,Medium,High,High,Medium,Medium
2014,5,AP,Medium,High,High,Medium,Medium,High,High,Medium,High,High,Low,Low
2014,6,AP,High,High,High,Medium,High,High,High,High,High,High,Medium,Medium
2014,7,AP,High,Medium,High,High,High,High,High,High,Medium,Medium,Medium,Medium
2014,8,AP,High,Low,High,High,High,High,High,High,Medium,High,High,High
2014,9,AP,High,Low,High,High,High,Medium,High,High,Medium,Medium,High,Medium
2014,10,AP,Medium,Low,High,High,High,Medium,High,High,Medium,Medium,High,Medium
2014,11,AP,Low,Medium,High,High,High,Medium,Medium,High,Medium,Medium,High,Medium
2014,12,AP,Low,Low,High,High,High,High,High,High,Medium,High,High,High
2015,1,AP,Low,Medium,High,High,High,High,High,High,High,High,High,Medium
2015,2,AP,Low,High,High,Medium,Medium,High,Medium,Medium,High,High,Medium,Medium
2015,3,AP,Low,Low,High,High,High,High,High,High,High,High,High,Low
2015,4,AP,Low,Low,High,High,High,Medium,High,High,Medium,High,High,Low
2015,5,AP,Medium,Low,High,High,High,Medium,High,High,Medium,High,High,Low
2015,6,AP,Medium,High,High,High,High,Medium,High,High,Medium,High,High,Low
2015,7,AP,High,High,High,High,High,Medium,High,High,Medium,High,High,Low
2015,8,AP,High,Low,High,High,High,High,High,High,High,Medium,High,Medium
2015,9,AP,Medium,Low,High,High,High,High,High,High,Medium,Medium,High,Medium
2015,10,AP,Medium,Low,High,High,High,Medium,High,High,Medium,Medium,High,Medium
2015,11,AP,Low,Low,High,High,High,High,High,High,Medium,Medium,High,Medium
2015,12,AP,Low,Low,High,High,High,Medium,High,High,Medium,High,High,High
2016,1,AP,Medium,Medium,High,Medium,High,High,High,High,High,High,High,High
2016,2,AP,Medium,High,High,Medium,Medium,High,High,High,High,High,Medium,Medium
2016,3,AP,Medium,High,High,Medium,Medium,High,High,High,High,High,Medium,Medium
2016,4,AP,Medium,Medium,High,High,High,High,High,High,High,High,Medium,Medium
2016,5,AP,High,Low,High,High,High,Medium,High,High,Medium,High,Medium,Low
2016,6,AP,High,Medium,High,High,High,High,Medium,High,High,High,Medium,Medium
2016,7,AP,High,Low,High,High,High,High,High,High,High,Medium,High,High
2016,8,AP,High,Low,High,High,High,High,High,High,High,Medium,High,High
2016,9,AP,High,Medium,High,High,High,High,High,High,Medium,Medium,High,Medium
2016,10,AP,High,Low,Medium,High,High,Medium,High,High,Medium,High,High,Medium
2016,11,AP,Medium,Low,Medium,High,High,Medium,High,High,Medium,Medium,High,Medium
2016,12,AP,Medium,High,High,High,High,High,High,High,High,High,High,Medium
2017,1,AP,Medium,High,High,Medium,Medium,High,Medium,Medium,High,High,Medium,Medium
2017,2,AP,Medium,High,High,Medium,Medium,High,Medium,Medium,High,High,Medium,Medium
2017,3,AP,Medium,High,High,Medium,Medium,High,High,Medium,High,High,Low,Low
2017,4,AP,Medium,High,High,Medium,Medium,High,High,Medium,High,High,Low,Low
2017,5,AP,High,High,High,Medium,High,High,High,High,High,High,Medium,High
2017,6,AP,High,Medium,High,High,High,High,High,High,High,High,Medium,Medium
2017,7,AP,High,High,High,High,High,Medium,High,High,Medium,High,High,Low
2017,8,AP,High,High,High,High,High,Medium,High,High,Medium,High,High,High
2017,9,AP,High,Low,High,High,High,High,High,High,High,High,High,High
2017,10,AP,High,Low,High,High,High,High,High,High,Medium,High,High,High
2017,11,AP,Medium,Low,Medium,High,High,Medium,High,High,Medium,Medium,High,Medium
2017,12,AP,Medium,Medium,High,Medium,High,High,High,High,High,High,Medium,High
2018,1,AP,Low,High,High,Medium,Medium,High,Medium,Medium,High,High,Medium,High
2018,2,AP,Low,High,High,Medium,Medium,High,High,Medium,Medium,High,Medium,Medium
2018,3,AP,Low,High,High,Medium,Medium,High,High,Medium,High,High,Medium,Medium
2018,4,AP,Low,High,High,Medium,Medium,High,High,Medium,High,High,Low,Medium
2018,5,AP,Medium,High,High,Medium,Medium,High,High,Medium,High,High,Low,High
2018,6,AP,Medium,High,High,Medium,Medium,High,Medium,Medium,High,High,Low,Medium
2018,7,AP,High,Medium,High,High,High,High,Medium,High,High,Medium,Medium,High
2018,8,AP,High,Medium,High,High,High,High,High,High,High,Medium,Medium,High
2018,9,AP,Medium,High,High,High,High,Medium,High,High,High,High,High,Medium
2018,10,AP,Medium,Low,High,High,High,Medium,High,High,Medium,High,High,Medium
2018,11,AP,Low,Low,Medium,High,High,Medium,High,High,Low,High,High,Low
2018,12,AP,Low,Low,High,High,High,Medium,High,High,Low,High,High,Low
2019,1,AP,Low,Low,High,High,High,Medium,High,High,Medium,High,High,Low
2019,2,AP,Low,High,High,Medium,High,High,High,Medium,High,High,High,Medium
2019,3,AP,Low,High,High,Medium,Medium,High,Medium,Medium,High,High,Medium,High
2019,4,AP,Low,High,High,Medium,Medium,High,High,Medium,High,High,Medium,Low
2019,5,AP,Medium,High,High,Medium,Medium,High,High,High,High,High,Low,Medium
2019,6,AP,Medium,High,High,Medium,High,High,High,High,High,High,Low,High
2019,7,AP,Medium,High,High,High,High,High,High,High,High,High,Medium,Medium
2019,8,AP,Medium,Medium,High,High,High,High,High,High,High,High,High,Low
2019,9,AP,Medium,Low,High,High,High,High,High,High,Medium,Medium,High,Medium
2019,10,AP,Medium,Low,High,High,High,High,High,High,High,Medium,High,Medium
2019,11,AP,Low,Low,Medium,High,High,High,High,High,High,Medium,High,Medium
2019,12,AP,Low,High,Medium,High,High,High,High,High,High,High,High,Medium
2020,1,AP,Low,High,High,Low,Medium,High,Medium,Medium,High,High,Medium,Medium
2020,2,AP,Low,High,High,Low,Medium,High,High,Medium,High,Medium,Medium,Low
2020,3,AP,Low,High,High,Low,Medium,High,High,Medium,High,High,Low,Medium
2020,4,AP,Low,High,High,Low,Medium,High,Medium,Medium,High,High,Low,Medium
2020,5,AP,Medium,High,High,Low,High,High,High,High,High,High,Low,High
2020,6,AP,Medium,High,High,Low,High,High,High,High,High,High,Low,Low
2020,7,AP,Medium,Medium,High,Low,High,High,High,High,High,Medium,Low,Medium
2020,8,AP,Medium,Medium,High,Low,High,High,High,High,High,Medium,Medium,High
2020,9,AP,Medium,Medium,High,Low,High,High,High,High,High,High,High,Medium
2020,10,AP,Medium,Low,High,Low,High,Medium,High,High,Medium,Medium,High,Medium
2020,11,AP,Low,High,High,Low,High,High,High,High,High,High,Medium,Low
2020,12,AP,Low,Medium,High,Low,High,High,High,High,High,High,Medium,Medium
2021,1,AP,Low,High,High,Low,Medium,High,High,Medium,High,High,Medium,High
2021,2,AP,Low,High,High,Low,Medium,High,High,Medium,High,High,Medium,Medium
2021,3,AP,Low,High,High,Low,Medium,High,High,Medium,High,High,Low,Medium
2021,4,AP,Low,High,High,Low,Medium,High,High,Medium,High,High,Low,Medium
2021,5,AP,Low,High,High,Low,Medium,High,High,Medium,High,High,Low,Medium
2021,6,AP,Medium,Medium,High,Low,High,High,High,High,High,High,Medium,Medium
2021,7,AP,Medium,Low,High,Low,High,Medium,High,High,Medium,High,High,Low
2021,8,AP,Medium,Low,High,Low,High,Medium,High,High,Medium,High,High,Low
2021,9,AP,Medium,Low,High,Low,High,Low,High,High,Medium,High,Medium,Low
2021,10,AP,Low,Low,High,Low,High,Low,High,High,Medium,High,Medium,Low
2021,11,AP,Low,Low,High,Low,High,Medium,High,High,Medium,High,Medium,Low
2021,12,AP,Low,Low,High,Low,High,Medium,High,High,Medium,High,Medium,Low
2022,1,AP,Low,Low,High,Low,High,Medium,High,High,Medium,High,Low,Low
2022,2,AP,Low,Low,High,Low,High,Medium,High,High,Medium,High,Low,Low
2022,3,AP,Low,Low,High,Low,High,Medium,High,High,Medium,High,Low,Low
2022,4,AP,Low,High,High,Low,Medium,High,High,Medium,High,High,Low,Medium
2022,5,AP,Medium,High,High,Low,Medium,High,High,Medium,High,High,Low,Medium
2022,6,AP,Medium,High,High,Low,Medium,High,High,Medium,High,High,Low,High
2022,7,AP,Medium,High,High,Low,High,High,High,High,High,High,Low,Medium
2022,8,AP,Medium,Medium,High,Low,High,High,High,High,High,High,Medium,Low
2022,9,AP,Medium,Medium,High,Low,High,High,High,High,Medium,Medium,High,Low
2022,10,AP,Medium,Low,High,Low,High,High,High,High,High,High,High,Medium
2022,11,AP,Low,Medium,High,Low,High,High,High,High,High,Medium,Medium,Medium
2022,12,AP,Low,Medium,High,Low,Medium,High,Medium,Medium,High,High,Medium,Medium
2023,1,AP,Low,High,High,Low,Medium,High,Medium,Medium,High,High,Medium,Medium
2023,2,AP,Low,High,High,Low,Medium,High,High,Medium,High,High,Low,Medium
2023,3,AP,Low,High,High,Low,Medium,High,High,Medium,High,High,Medium,Medium
2023,4,AP,Medium,High,High,Low,High,High,High,High,High,High,Low,Low
2023,5,AP,Medium,High,High,Low,High,High,High,High,High,High,Low,Low
2023,6,AP,High,High,High,Low,High,High,High,High,High,Medium,Low,Medium
2023,7,AP,High,High,High,Low,High,High,High,High,High,Medium,Medium,Medium
2023,8,AP,High,Medium,High,Low,High,High,High,High,High,Medium,Medium,Low
2023,9,AP,High,Low,High,Low,High,High,High,High,High,High,High,High
2023,10,AP,Medium,Low,High,Low,High,High,High,High,High,Medium,High,Medium
2023,11,AP,Medium,Low,High,Low,High,High,High,High,High,Medium,High,Medium
2023,12,AP,Low,High,High,Low,High,High,High,High,High,High,Medium,High
2003,2,AL,Low,Low,Medium,High,High,Medium,High,High,Medium,Medium,High,Medium
2003,3,AL,Low,Medium,Medium,High,Medium,Medium,High,Medium,Medium,Medium,Medium,High
2003,4,AL,Low,Medium,Medium,High,Medium,Medium,Medium,Medium,Medium,Medium,Medium,High
2003,5,AL,Medium,High,Medium,High,Medium,Medium,Medium,Medium,Medium,Medium,Medium,Medium
2003,6,AL,Medium,High,Medium,High,Low,Medium,Medium,Low,Medium,Medium,Low,Medium
2003,7,AL,Medium,High,Medium,High,Low,Medium,Medium,Low,Low,Medium,Medium,High
2003,8,AL,Medium,High,Medium,High,Low,Medium,Medium,Low,Medium,Medium,Medium,Medium
2003,9,AL,Medium,Medium,Medium,High,Low,Medium,Medium,Low,Medium,Medium,Medium,High
2003,10,AL,Medium,Medium,Medium,High,Medium,Medium,Medium,Medium,Medium,Medium,Medium,High
2003,11,AL,Low,Medium,Medium,High,Medium,Medium,Medium,Medium,Medium,Medium,High,High
2003,12,AL,Low,Low,Medium,High,Medium,Medium,Medium,Medium,Medium,Medium,High,High
2004,1,AL,Low,High,Medium,High,Medium,Medium,High,Medium,Medium,High,Medium,High
2004,2,AL,Low,Medium,Medium,High,Medium,Medium,Medium,Medium,Medium,High,Medium,High
2004,3,AL,Low,High,Medium,Medium,Medium,Medium,Medium,Medium,High,Medium,Medium,High
2004,4,AL,Low,Medium,Medium,High,Medium,High,Medium,Medium,Medium,Medium,Medium,High
2004,5,AL,Low,High,Medium,High,Medium,Medium,Medium,Medium,Medium,Medium,Low,Medium
2004,6,AL,Low,High,Medium,High,Low,Medium,Medium,Low,Medium,Medium,Medium,Medium
2004,7,AL,Low,High,Medium,High,Low,High,Medium,Low,High,Medium,Medium,High
2004,8,AL,Low,High,Medium,Medium,Low,High,Low,Low,High,Medium,Medium,Medium
2004,9,AL,Low,High,Medium,High,Medium,High,Medium,Low,High,Medium,Medium,Medium
2004,10,AL,Low,Low,Medium,High,Medium,High,Medium,Medium,High,Medium,High,High
2004,11,AL,Low,Low,Medium,High,High,High,Medium,Medium,High,Medium,High,High
2004,12,AL,Low,Low,Medium,High,High,High,Medium,High,High,High,High,High
2005,1,AL,Low,Low,Medium,High,High,High,Medium,High,High,Medium,High,High
2005,2,AL,Low,Medium,Medium,High,High,High,High,High,High,Medium,High,High
2005,3,AL,Low,Medium,Medium,Medium,High,High,High,High,High,High,Medium,High
2005,4,AL,Low,Medium,Medium,High,High,High,High,High,High,High,Medium,Medium
2005,5,AL,Low,High,Medium,High,Medium,High,Medium,Medium,High,High,Medium,High
2005,6,AL,Medium,High,Medium,High,Medium,Medium,Medium,Medium,Medium,Medium,Medium,High
2005,7,AL,Medium,High,Medium,High,Low,Medium,Medium,Low,Medium,Medium,Medium,High
2005,8,AL,Medium,High,Medium,High,Low,Medium,Medium,Low,Low,Medium,Medium,Medium
2005,9,AL,Medium,Medium,Medium,High,Low,Medium,Medium,Medium,Low,Medium,Medium,High
2005,10,AL,Low,Low,Medium,High,Medium,Medium,Medium,Medium,Low,Medium,High,High
2005,11,AL,Low,Low,Medium,High,Medium,Medium,Medium,Medium,Low,Medium,High,High
2005,12,AL,Low,Medium,Medium,High,Medium,Medium,Medium,Medium,Medium,Medium,High,High
2006,1,AL,Low,Medium,Medium,High,Medium,Medium,Medium,Medium,Medium,Medium,Medium,High
2006,2,AL,Low,Low,Medium,High,High,Medium,High,High,Medium,Medium,High,High
2006,3,AL,Low,Medium,Medium,High,High,Medium,High,High,Medium,Medium,High,High
2006,4,AL,Low,High,Medium,High,Medium,Medium,High,Medium,Medium,High,Low,High
2006,5,AL,Medium,High,Medium,High,Medium,Medium,Medium,Medium,Medium,Medium,Low,Medium
2006,6,AL,Medium,Medium,Medium,High,Medium,Medium,Medium,Medium,Medium,Medium,Medium,Medium
2006,7,AL,Medium,Low,Medium,Low,Low,Low,High,Medium,Low,High,High,Low
2006,8,AL,Medium,Low,Medium,High,Medium,Low,High,Medium,Low,High,High,Low
2006,9,AL,Medium,Medium,Medium,High,Low,Medium,Medium,Low,Medium,Medium,Medium,High
2006,10,AL,Medium,Medium,Medium,High,Medium,Medium,Medium,Medium,Medium,Medium,High,High
2006,11,AL,Low,Medium,Medium,High,Medium,High,Medium,Medium,Medium,High,High,High
2006,12,AL,Low,Low,Medium,High,High,High,Medium,High,High,High,High,High
2007,1,AL,Low,Low,Medium,High,High,Low,High,High,Low,High,High,Low
2007,2,AL,Low,Low,Medium,High,High,Low,High,High,Low,High,High,Low
2007,3,AL,Low,Low,Medium,High,High,Low,High,High,Low,High,High,Low
2007,4,AL,Low,Low,Medium,High,High,Low,High,High,Low,High,High,Low
2007,5,AL,Low,Low,Medium,High,High,Low,High,High,Low,High,High,Low
2007,6,AL,Medium,Low,Medium,High,High,Low,High,High,Low,High,High,Low
2007,7,AL,Medium,Low,Medium,High,High,Low,High,High,Low,High,High,Low
2007,8,AL,Medium,Low,Medium,High,High,Low,High,High,Low,High,High,Low
2007,9,AL,Medium,Low,Medium,High,High,Low,High,High,Low,High,High,Low
2007,10,AL,Low,Low,Medium,High,High,Low,High,High,Low,High,High,Low
2007,11,AL,Low,Low,Medium,High,High,Low,High,High,Low,High,High,Low
2007,12,AL,Low,Low,Medium,High,High,Low,High,High,Low,High,High,Low
2008,1,AL,Low,Low,Medium,High,High,Low,High,High,Low,High,High,Low
2008,2,AL,Low,Low,Medium,High,High,Low,High,High,Low,High,High,Low
2008,3,AL,Low,Low,Medium,High,High,Low,High,High,Low,High,High,Low
2008,4,AL,Low,Low,Medium,High,High,Low,High,High,Low,High,High,Low
2008,5,AL,Low,Low,Medium,High,High,Low,High,High,Low,High,High,Low
2008,6,AL,Medium,Low,Medium,High,High,Low,High,High,Low,High,High,Low
2008,7,AL,Medium,Low,Medium,High,High,Low,High,High,Low,High,High,Low
2008,8,AL,Medium,Low,Medium,High,High,Low,High,High,Low,Medium,High,Low
2008,9,AL,Medium,Low,Medium,High,Medium,Medium,Medium,Medium,Medium,Medium,High,High
2008,10,AL,Low,Medium,Medium,High,Medium,Medium,Medium,Medium,Medium,Medium,High,High
2008,11,AL,Low,Low,Medium,High,Medium,Medium,Medium,Medium,Medium,Medium,High,High
2008,12,AL,Low,Low,Medium,High,Medium,Medium,Medium,Medium,Medium,Medium,High,High
2009,1,AL,Low,Low,Medium,High,Medium,Medium,Medium,Medium,Medium,Medium,High,High
2009,2,AL,Low,High,Medium,High,Medium,Medium,Medium,Medium,Medium,Medium,Medium,High
2009,3,AL,Low,High,Medium,High,High,Medium,High,High,Medium,High,Medium,High
2009,4,AL,Low,High,Medium,High,Medium,High,Medium,Medium,High,Medium,Medium,High
2009,5,AL,Low,High,Medium,Medium,Medium,Medium,Medium,Medium,Medium,High,Low,Medium
2009,6,AL,Low,High,Medium,Medium,Low,Medium,Medium,Low,Medium,High,Medium,High
2009,7,AL,Medium,High,Medium,Medium,Low,Medium,Medium,Low,Medium,Medium,Medium,Medium
2009,8,AL,Medium,High,Medium,Medium,Low,Medium,Medium,Low,Medium,Medium,Medium,High
2009,9,AL,Low,Medium,Medium,High,Medium,Medium,Medium,Medium,Medium,Medium,Medium,High
2009,10,AL,Low,Low,Medium,High,Medium,Medium,Medium,Medium,Medium,Medium,High,High
2009,11,AL,Low,Low,Medium,High,Medium,Medium,Medium,Medium,Medium,Medium,High,High
2009,12,AL,Low,Low,Medium,High,Medium,Medium,Medium,Medium,High,Medium,High,High
2010,1,AL,Low,High,Medium,High,Medium,High,High,Medium,High,Medium,Medium,High
2010,2,AL,Low,Medium,Medium,High,High,High,Medium,High,High,High,Medium,Medium
2010,3,AL,Low,Medium,Medium,High,High,High,High,High,High,Medium,Medium,High
2010,4,AL,Low,Medium,Medium,High,Medium,High,High,Medium,High,High,Medium,High
2010,5,AL,Low,Medium,Medium,Medium,Medium,High,Medium,Medium,High,High,Low,Medium
2010,6,AL,Medium,High,Medium,Medium,Medium,High,Medium,Medium,High,Medium,Medium,High
2010,7,AL,Medium,High,Medium,Medium,Low,Medium,Low,Low,Medium,Medium,High,High
2010,8,AL,Medium,Medium,Medium,Medium,Low,Low,Medium,Low,Low,Medium,Medium,High
2010,9,AL,Medium,Medium,Medium,High,Low,Medium,Medium,Low,Medium,Medium,High,High
2010,10,AL,Low,Medium,Medium,High,Medium,Medium,Medium,Medium,Medium,Medium,High,High
2010,11,AL,Low,Low,Medium,High,Medium,Medium,Medium,Medium,Medium,Medium,High,High
2010,12,AL,Low,Low,Medium,High,Medium,Medium,Medium,Medium,Medium,Medium,High,High
2011,1,AL,Low,Medium,Medium,High,Medium,Medium,Medium,Medium,High,Medium,Medium,High
2011,2,AL,Low,Medium,Medium,High,Medium,Medium,Medium,Medium,High,Medium,Medium,High
2011,3,AL,Low,Low,Medium,High,High,High,High,High,High,Medium,Medium,High
2011,4,AL,Low,High,Medium,Medium,Medium,Medium,Medium,Medium,High,Medium,Medium,Medium
2011,5,AL,Low,High,Medium,Medium,Medium,High,Medium,Medium,High,High,Medium,High
2011,6,AL,Low,High,Medium,Medium,Low,Medium,Medium,Low,Medium,Medium,Medium,Medium
2011,7,AL,Low,High,Medium,Medium,Low,Medium,Medium,Low,High,Medium,High,High
2011,8,AL,Low,High,Medium,Medium,Low,Medium,Medium,Low,Medium,Medium,Medium,High
2011,9,AL,Low,Medium,Medium,Medium,Low,Medium,Medium,Low,Medium,Medium,High,High
2011,10,AL,Low,Medium,Medium,High,Medium,Medium,Medium,Medium,Medium,Medium,High,High
2011,11,AL,Low,Medium,Medium,High,Medium,Medium,Medium,Medium,Medium,Medium,High,High
2011,12,AL,Low,Low,Medium,High,Medium,Medium,Medium,Medium,Medium,Medium,High,High
2012,1,AL,Low,High,Medium,Low,Medium,Medium,Medium,Medium,Medium,Medium,High,High
2012,2,AL,Low,Medium,Medium,High,Medium,Medium,Medium,Medium,Medium,Medium,Medium,High
2012,3,AL,Low,Medium,Medium,Low,Medium,Medium,Medium,Medium,Medium,Medium,Medium,High
2012,4,AL,Low,Medium,Medium,Low,Medium,Medium,Medium,Medium,Medium,Medium,Medium,Medium
2012,5,AL,Low,Medium,Medium,Low,Medium,Medium,Medium,Medium,Medium,Medium,Medium,High
2012,6,AL,Medium,High,Medium,Medium,Low,Medium,Medium,Low,Medium,Medium,Medium,Medium
2012,7,AL,Medium,High,Medium,Low,Low,Medium,Medium,Low,Medium,Medium,Medium,High
2012,8,AL,Medium,Low,High,Low,Medium,Low,Medium,Medium,Low,Medium,High,Medium
2012,9,AL,Medium,Low,High,High,Low,Low,Medium,Low,Low,Medium,Medium,Medium
2012,10,AL,Low,Medium,Medium,High,Medium,Medium,Medium,Medium,Medium,Medium,High,High
2012,11,AL,Low,Low,Medium,High,Medium,Medium,Medium,Medium,Medium,Medium,High,High
2012,12,AL,Low,Low,Medium,High,Medium,Medium,Medium,Medium,Medium,Medium,High,High
2013,1,AL,Low,Medium,Medium,High,Medium,Medium,High,Medium,Medium,Medium,High,High
2013,2,AL,Low,Low,Medium,High,High,Medium,High,High,High,Medium,High,High
2013,3,AL,Low,Low,Medium,High,High,Medium,High,High,Medium,Medium,Medium,High
2013,4,AL,Low,High,Medium,High,Medium,Medium,Medium,Medium,Medium,High,Medium,High
2013,5,AL,Low,High,Medium,Medium,Medium,Medium,Medium,Medium,High,High,Low,Medium
2013,6,AL,Low,High,Medium,Medium,Medium,Medium,Medium,Medium,Medium,High,Low,Medium
2013,7,AL,Low,High,Medium,Medium,Low,Medium,Medium,Low,Medium,Medium,Medium,High
2013,8,AL,Low,High,Medium,Medium,Low,Medium,Medium,Low,Medium,Medium,Medium,High
2013,9,AL,Low,Medium,Medium,High,Low,Medium,Medium,Low,Medium,Medium,Medium,High
2013,10,AL,Low,High,Medium,High,Medium,Medium,Medium,Medium,Medium,Medium,High,High
2013,11,AL,Low,Medium,Medium,High,Medium,Medium,Medium,Medium,Medium,Medium,High,High
2013,12,AL,Low,Low,Medium,High,Medium,Medium,Medium,Medium,Medium,Medium,High,High
2014,1,AL,Low,Medium,Medium,High,Medium,Medium,Medium,Medium,Medium,Medium,Medium,High
2014,2,AL,Low,Medium,Medium,High,Medium,Medium,Medium,Medium,Medium,Medium,Medium,High
2014,3,AL,Low,Low,Medium,High,Medium,High,High,Medium,High,High,Medium,Medium
2014,4,AL,Low,Medium,Medium,Medium,Medium,High,High,Medium,High,High,Medium,Medium
2014,5,AL,Low,High,Medium,Medium,Medium,High,Medium,Medium,High,High,Medium,Medium
2014,6,AL,Low,High,Medium,Medium,Medium,Medium,Medium,Medium,Medium,Medium,Medium,Medium
2014,7,AL,Low,High,High,Medium,Low,Medium,Medium,Low,Medium,Medium,Medium,High
2014,8,AL,Low,Medium,High,Medium,Low,Medium,Medium,Low,Medium,Medium,Medium,Medium
2014,9,AL,Low,Medium,Medium,High,Low,Medium,Medium,Low,Medium,Medium,High,High
2014,10,AL,Low,High,Medium,High,Medium,Medium,Medium,Medium,Medium,Medium,High,High
2014,11,AL,Low,Low,Medium,High,Medium,Medium,Medium,Medium,Medium,Medium,High,High
2014,12,AL,Low,Low,Medium,High,Medium,Medium,Medium,Medium,Medium,Medium,High,High
2015,1,AL,Low,Low,Medium,High,Medium,Medium,Medium,Medium,Medium,Medium,Medium,High
2015,2,AL,Low,Medium,Medium,High,Medium,High,Medium,Medium,High,Medium,Medium,Medium
2015,3,AL,Low,Medium,Medium,High,High,High,Medium,High,Medium,Medium,Medium,Medium
2015,4,AL,Low,Low,Medium,High,High,High,High,High,High,Medium,Medium,High
2015,5,AL,Low,High,Medium,Medium,Medium,High,Medium,Medium,High,Medium,Low,High
2015,6,AL,Low,High,Medium,Medium,Medium,Medium,Medium,Medium,Medium,High,Medium,High
2015,7,AL,Low,High,Medium,Medium,Low,Medium,Medium,Low,Medium,Medium,Medium,High
2015,8,AL,Low,Medium,Medium,Medium,Low,Medium,Medium,Low,Medium,Medium,Medium,High
2015,9,AL,Low,Low,Medium,High,Medium,Medium,Medium,Medium,Medium,Medium,Medium,High
2015,10,AL,Low,Medium,Medium,High,Medium,Medium,Medium,Medium,Medium,Medium,High,High
2015,11,AL,Low,Low,Medium,High,Medium,Medium,Medium,Medium,Medium,Medium,High,High
2015,12,AL,Low,Medium,Medium,High,Medium,Medium,Medium,Medium,Medium,Medium,High,High
2016,1,AL,Low,Medium,Medium,High,Medium,High,Medium,Medium,High,High,Medium,High
2016,2,AL,Low,Medium,Medium,High,Medium,High,Medium,Medium,High,High,Medium,Medium
2016,3,AL,Low,Medium,Medium,High,Medium,High,High,High,High,High,Medium,Medium
2016,4,AL,Low,Medium,Medium,Medium,Medium,High,Medium,Medium,High,High,Medium,Medium
2016,5,AL,Low,High,Medium,Medium,Medium,High,Medium,Medium,High,Medium,Low,Medium
2016,6,AL,Low,Medium,Medium,Medium,Medium,High,Medium,Medium,High,Medium,Medium,High
2016,7,AL,Low,Medium,Medium,Medium,Low,Medium,Medium,Low,Medium,Medium,Medium,High
2016,8,AL,Low,Medium,Medium,Medium,Low,Medium,Low,Low,Medium,Medium,Medium,High
2016,9,AL,Low,Low,Medium,High,Medium,Medium,Medium,Medium,Medium,Medium,Medium,High
2016,10,AL,Low,Low,Medium,High,Medium,Medium,Medium,Medium,Medium,Medium,High,High
2016,11,AL,Low,Low,Medium,High,Medium,Medium,Medium,Medium,Medium,Medium,High,High
2016,12,AL,Low,Low,Medium,High,Medium,Medium,Medium,Medium,Medium,Medium,High,High
2017,1,AL,Low,Medium,Medium,High,High,Medium,Medium,High,Medium,Medium,High,High
2017,2,AL,Low,Low,Medium,High,High,Medium,Medium,High,Medium,Medium,High,High
2017,3,AL,Low,Medium,Medium,High,High,High,Medium,High,High,Medium,Medium,High
2017,4,AL,Low,High,Medium,Medium,Medium,High,Medium,Medium,High,High,Medium,High
2017,5,AL,Low,High,Medium,Medium,Medium,High,Medium,Medium,High,High,Medium,Medium
2017,6,AL,Low,High,Medium,Medium,Medium,High,Medium,Medium,High,High,Medium,High
2017,7,AL,Medium,High,High,Low,Low,Medium,Low,Low,Medium,Medium,High,High
2017,8,AL,Medium,High,Medium,Medium,Low,Medium,Medium,Low,Medium,Medium,Medium,Medium
2017,9,AL,Low,High,High,High,Low,Medium,Medium,Low,Medium,Medium,High,High
2017,10,AL,Low,Medium,Medium,High,Medium,Medium,Medium,Medium,Medium,Medium,High,High
2017,11,AL,Low,Low,Medium,High,Medium,Medium,Medium,Medium,Medium,Medium,High,High
2017,12,AL,Low,Low,Medium,High,Medium,Medium,Medium,Medium,Medium,Medium,High,High
2018,1,AL,Low,High,Medium,High,Medium,Medium,Medium,Medium,High,Medium,High,High
2018,2,AL,Low,Medium,Medium,High,Medium,High,High,Medium,High,High,Medium,High
2018,3,AL,Low,Medium,Medium,High,Medium,High,High,Medium,High,High,Medium,High
2018,4,AL,Low,High,Medium,Medium,Medium,High,Medium,Medium,High,Medium,Low,Medium
2018,5,AL,Low,Medium,Medium,Medium,Medium,High,Medium,Medium,High,Medium,Medium,Medium
2018,6,AL,Low,Low,Medium,Medium,Low,High,Medium,Low,High,Medium,Medium,Medium
2018,7,AL,Low,Medium,Medium,Medium,Low,Medium,Medium,Low,Medium,Medium,Medium,Medium
2018,8,AL,Low,Low,High,Medium,Low,Medium,Low,Low,Medium,Medium,Medium,High
2018,9,AL,Low,Medium,Medium,High,Medium,Medium,Medium,Medium,Medium,Medium,High,Medium
2018,10,AL,Low,Low,Medium,High,Medium,Medium,Medium,Medium,Medium,Medium,High,High
2018,11,AL,Low,Low,Medium,High,Medium,Medium,Medium,Medium,Medium,Medium,High,High
2018,12,AL,Low,Medium,Medium,High,Medium,Medium,Medium,Medium,High,Medium,High,High
2019,1,AL,Low,High,Medium,High,Medium,High,Medium,Medium,High,High,Medium,High
2019,2,AL,Low,Medium,Medium,High,High,High,High,High,High,High,Medium,Medium
2019,3,AL,Low,Medium,Medium,High,High,High,High,High,High,High,Medium,High
2019,4,AL,Low,Medium,Medium,Medium,Medium,High,High,Medium,High,Medium,Low,Medium
2019,5,AL,Low,Medium,Medium,Medium,Medium,High,Medium,Medium,High,Medium,Low,Medium
2019,6,AL,Low,High,Medium,Medium,Medium,Medium,Medium,Medium,High,Medium,Medium,High
2019,7,AL,Low,High,Medium,Medium,Low,Medium,Medium,Low,Medium,Medium,Medium,Medium
2019,8,AL,Low,High,High,Medium,Low,Medium,Medium,Low,Medium,Medium,Medium,High
2019,9,AL,Low,Medium,Medium,High,Medium,Medium,Medium,Medium,Medium,Medium,Medium,Medium
2019,10,AL,Low,Low,Medium,High,Medium,Medium,Medium,Medium,Medium,Medium,High,High
2019,11,AL,Low,Low,Medium,High,Medium,Medium,Medium,Medium,Medium,Medium,High,High
2019,12,AL,Low,Low,Medium,High,High,Medium,Medium,High,Medium,Medium,High,High
2020,1,AL,Low,Low,Medium,Low,High,High,High,High,High,Medium,High,High
2020,2,AL,Low,Low,Medium,Low,High,High,High,High,High,High,Medium,High
2020,3,AL,Low,Low,Medium,Low,High,High,High,High,High,High,Medium,Medium
2020,4,AL,Low,Low,Medium,Low,High,High,High,High,High,High,High,Medium
2020,5,AL,Low,Low,Medium,Low,High,Medium,High,High,Low,High,High,Low
2020,6,AL,Low,Low,Medium,Low,High,Low,High,High,Low,High,High,Low
2020,7,AL,Low,Low,Medium,Low,High,Low,High,High,Low,High,High,Low
2020,8,AL,Low,Low,Medium,Low,High,Low,High,High,Low,High,High,Low
2020,9,AL,Low,Low,Medium,Low,High,Low,High,High,Low,High,High,Low
2020,10,AL,Low,Low,Medium,Low,High,Low,High,High,Low,High,High,Low
2020,11,AL,Low,Low,Medium,Low,High,Medium,High,High,Low,Medium,High,High
2020,12,AL,Low,Low,Medium,Low,Medium,High,Medium,Medium,High,Medium,High,High
2021,1,AL,Low,Low,Medium,Low,Medium,High,Medium,Medium,High,High,Medium,High
2021,2,AL,Low,Low,Medium,Low,Medium,High,High,High,High,High,Medium,High
2021,3,AL,Low,Low,Medium,Low,Medium,High,Medium,Medium,High,High,Medium,High
2021,4,AL,Low,Low,Medium,Low,Medium,High,Medium,Medium,High,High,Medium,Medium
2021,5,AL,Low,Low,Medium,Low,Medium,High,Medium,Medium,High,High,Medium,Medium
2021,6,AL,Low,Low,Medium,Low,Low,High,Medium,Low,High,High,Medium,Medium
2021,7,AL,Low,Low,Medium,Low,Low,High,Medium,Low,High,High,Medium,Medium
2021,8,AL,Low,Medium,Medium,Low,Low,Medium,Medium,Low,Medium,High,Medium,High
2021,9,AL,Low,Medium,Medium,Low,Medium,Medium,Medium,Medium,Medium,High,Medium,Medium
2021,10,AL,Low,Low,Medium,Low,Medium,Medium,Medium,Medium,Medium,High,High,High
2021,11,AL,Low,Low,Medium,Low,High,Medium,Medium,High,Medium,High,High,High
2021,12,AL,Low,Low,Medium,Low,Medium,Medium,Medium,Medium,Medium,High,High,High
2022,1,AL,Low,Low,Medium,Low,High,Medium,Medium,High,Medium,High,Medium,High
2022,2,AL,Low,Low,Medium,Low,High,Medium,High,High,Medium,High,High,High
2022,3,AL,Low,High,Medium,Low,Medium,Medium,High,Medium,Medium,High,Medium,High
2022,4,AL,Low,High,Medium,Low,Medium,Medium,Medium,Medium,Medium,High,Medium,Medium
2022,5,AL,Low,High,Medium,Low,Medium,Low,Medium,Medium,Medium,High,Medium,Medium
2022,6,AL,Low,High,Medium,Low,Low,Low,Medium,Low,Low,High,Medium,Medium
2022,7,AL,Low,High,Medium,Low,Low,Low,Medium,Low,Low,High,High,High
2022,8,AL,Low,High,Medium,Low,Low,Low,Medium,Low,Low,High,High,High
2022,9,AL,Low,Medium,Medium,Low,Low,Medium,Medium,Low,Medium,Medium,Medium,Medium
2022,10,AL,Low,Medium,Medium,Low,Medium,Medium,Medium,Medium,Medium,Medium,High,High
2022,11,AL,Low,High,Medium,Low,Medium,High,Medium,Medium,High,Medium,Medium,High
2022,12,AL,Low,Medium,Medium,Low,Medium,High,Medium,Medium,High,Medium,High,High
2023,1,AL,Low,Medium,Medium,Low,Medium,High,Medium,Medium,High,Medium,Medium,High
2023,2,AL,Low,Medium,Medium,Low,Medium,High,Medium,Medium,High,Medium,Medium,Medium
2023,3,AL,Low,Medium,Medium,Low,Medium,High,High,Medium,High,High,Medium,High
2023,4,AL,Low,High,Medium,Low,Medium,High,Medium,Medium,High,High,Low,Medium
2023,5,AL,Low,High,Medium,Low,Medium,High,Medium,Medium,High,High,Low,Medium
2023,6,AL,Low,High,Medium,Low,Medium,High,Medium,Medium,High,High,Medium,Medium
2023,7,AL,Low,High,Medium,Low,Low,Medium,Medium,Low,Medium,Medium,Medium,High
2023,8,AL,Low,Medium,Medium,Low,Low,High,Medium,Low,Medium,Medium,Medium,High
2023,9,AL,Low,Medium,Medium,Low,Medium,Medium,Medium,Medium,Medium,Medium,Medium,High
2023,10,AL,Low,Low,Medium,Low,Medium,Medium,Medium,Medium,Medium,Medium,Medium,Medium
2023,11,AL,Low,Low,Medium,Low,Medium,Medium,High,Medium,Medium,High,Medium,Low
2023,12,AL,Low,Medium,Medium,Low,High,High,Medium,High,High,Medium,High,High
2001,1,AM,Medium,Medium,Medium,High,Medium,High,High,Medium,Medium,High,Low,Medium
2001,2,AM,Medium,Medium,Medium,Low,Medium,Medium,Medium,Medium,Medium,High,High,Low
2001,3,AM,Medium,High,Medium,Medium,Medium,High,Medium,Medium,High,High,Low,High
2001,4,AM,High,High,Medium,Medium,Medium,High,High,Medium,High,High,Low,Low
2001,5,AM,High,High,Medium,Medium,Medium,High,High,Medium,High,High,Low,Low
2001,6,AM,Critical,Medium,Medium,Medium,Medium,Medium,Medium,Medium,High,Medium,Low,Medium
2001,7,AM,Critical,Low,Medium,Low,High,Medium,Medium,High,High,High,Low,Low
2001,8,AM,Critical,Low,Medium,High,High,High,Medium,High,Medium,Medium,Low,Low
2001,9,AM,Critical,Medium,Medium,High,High,High,Medium,High,High,High,Low,Low
2001,10,AM,High,High,Medium,High,High,High,High,High,High,High,Low,Low
2001,11,AM,High,Medium,Medium,High,High,High,Medium,High,High,High,Low,Low
2001,12,AM,Medium,Medium,Medium,High,High,High,High,High,High,High,Low,Low
2002,1,AM,Medium,High,Medium,High,High,High,Medium,Medium,High,High,Low,Medium
2002,2,AM,Medium,Medium,Medium,Medium,Medium,High,High,High,High,High,Low,Low
2002,3,AM,Medium,Medium,Medium,High,High,High,High,High,High,High,Low,Medium
2002,4,AM,High,High,Medium,Medium,Medium,High,High,Medium,High,High,Low,Low
2002,5,AM,High,High,Medium,Medium,Medium,High,Medium,Medium,High,High,Low,Low
2002,6,AM,Critical,High,Medium,Medium,Medium,High,High,Medium,High,High,Low,High
2002,7,AM,Critical,Low,Medium,Low,High,Medium,High,Medium,Medium,High,Low,Low
2002,8,AM,Critical,Low,Medium,Low,High,High,High,High,High,High,Low,Low
2002,9,AM,Critical,Medium,Medium,High,High,High,High,High,High,Medium,Low,Low
2002,10,AM,High,Medium,Medium,High,High,High,High,High,High,High,Low,Low
2002,11,AM,High,Low,Medium,High,High,High,High,High,High,High,Low,Low
2002,12,AM,Medium,High,Medium,High,High,High,High,High,High,High,Low,Low
2003,1,AM,Medium,Medium,Medium,High,High,High,High,High,High,High,Medium,Medium
2003,2,AM,Medium,High,Medium,High,High,High,High,Medium,High,High,Medium,Low
2003,3,AM,Medium,Medium,Medium,Medium,Medium,High,High,Medium,High,High,Low,Low
2003,4,AM,High,Low,Medium,High,High,High,High,High,High,High,Low,Low
2003,5,AM,High,Low,Medium,High,High,High,High,High,High,High,Low,Low
2003,6,AM,Critical,Low,Medium,Medium,High,High,High,High,High,High,Low,Low
2003,7,AM,Critical,Low,Medium,Low,High,Medium,High,High,Medium,High,Low,Low
2003,8,AM,Critical,Low,Medium,Low,High,Medium,High,High,Medium,High,Low,Low
2003,9,AM,Critical,Low,Medium,Low,High,Medium,High,High,Medium,High,Low,Low
2003,10,AM,High,Low,Medium,Medium,High,High,High,High,High,High,Low,Low
2003,11,AM,High,Low,Medium,High,High,High,High,High,High,High,Low,Low
2003,12,AM,Medium,Low,Medium,High,High,High,High,High,High,High,Medium,Low
2004,1,AM,Medium,Low,Medium,High,High,High,High,High,High,High,Low,Low
2004,2,AM,Medium,Medium,Medium,Medium,High,High,High,High,High,High,Medium,Low
2004,3,AM,Medium,High,Medium,Low,High,High,Medium,High,High,High,Low,Low
2004,4,AM,High,High,Medium,Medium,Medium,High,Medium,Medium,High,High,Low,Medium
2004,5,AM,High,High,Medium,Medium,Medium,High,Medium,Medium,High,High,Low,Low
2004,6,AM,Critical,Medium,Medium,High,Medium,High,High,Medium,High,Medium,Low,Medium
2004,7,AM,Critical,Medium,Medium,High,Medium,High,High,Medium,High,High,Low,Medium
2004,8,AM,Critical,Medium,Medium,High,High,High,Medium,High,High,High,Low,Low
2004,9,AM,Critical,Medium,Medium,High,High,High,Medium,High,High,High,Low,Medium
2004,10,AM,High,Low,Medium,Medium,High,High,High,High,High,High,Low,Medium
2004,11,AM,High,Low,Medium,Medium,High,High,High,High,High,High,High,Low
2004,12,AM,Medium,Low,Medium,Low,Medium,High,High,Medium,High,High,Low,Low
2005,1,AM,High,Low,Medium,Low,Medium,Medium,High,Medium,Low,High,Low,Low
2005,2,AM,High,Low,Medium,Medium,High,Medium,High,High,Low,High,Medium,Low
2005,3,AM,High,Low,Medium,High,High,Medium,High,High,Low,High,Medium,Low
2005,4,AM,High,Low,Medium,High,High,Medium,High,High,Low,High,Medium,Low
2005,5,AM,Critical,Low,Medium,High,High,Low,High,High,Low,High,Medium,Low
2005,6,AM,Critical,Low,Medium,High,High,High,High,High,High,High,Medium,Low
2005,7,AM,Critical,Medium,Medium,Medium,High,High,High,High,High,High,Low,Low
2005,8,AM,Critical,Low,Medium,High,High,High,High,High,High,Medium,Low,Low
2005,9,AM,Critical,Low,Medium,High,High,High,High,High,High,High,Low,Medium
2005,10,AM,Critical,Medium,Medium,High,High,High,High,High,High,High,Low,Medium
2005,11,AM,High,High,Medium,Medium,High,High,High,High,High,High,Low,Medium
2005,12,AM,High,High,Medium,Medium,High,High,High,High,High,High,Low,Low
2006,1,AM,High,High,Medium,Medium,High,High,High,High,High,High,Low,Medium
2006,2,AM,High,High,Medium,Medium,High,High,High,High,High,High,Low,Low
2006,3,AM,High,High,Medium,Medium,High,High,High,High,High,High,Low,Medium
2006,4,AM,High,High,Medium,Medium,High,High,High,High,High,High,Low,Low
2006,5,AM,Critical,High,Medium,Low,High,High,High,High,High,High,Low,Low
2006,6,AM,Critical,Medium,Medium,Medium,High,High,High,High,High,High,Low,Low
2006,7,AM,Critical,Medium,Medium,Medium,High,High,High,High,High,High,Low,Medium
2006,8,AM,Critical,Low,Medium,High,High,High,High,High,High,Medium,Low,Medium
2006,9,AM,Critical,Low,Medium,High,High,High,High,High,High,Medium,Low,Low
2006,10,AM,Critical,Medium,Medium,High,High,High,High,High,High,Medium,Low,Low
2006,11,AM,High,High,Medium,Medium,High,High,High,High,High,High,Low,Low
2006,12,AM,High,High,Medium,High,High,High,High,High,High,High,Low,Low
2007,1,AM,Medium,High,Medium,Medium,High,High,High,High,High,High,Low,Low
2007,2,AM,Medium,Medium,Medium,Medium,High,High,High,High,High,High,Low,Low
2007,3,AM,Medium,High,Medium,Medium,High,High,High,High,High,High,Low,Low
2007,4,AM,High,High,Medium,Medium,High,High,High,High,High,High,Low,Low
2007,5,AM,High,Medium,Medium,Medium,High,High,High,High,High,High,Low,Low
2007,6,AM,Critical,Medium,Medium,High,High,High,High,High,High,High,Low,Low
2007,7,AM,Critical,Medium,Medium,Medium,High,High,High,High,High,High,Low,Medium
2007,8,AM,Critical,Medium,Medium,Medium,High,High,High,High,High,High,Low,Medium
2007,9,AM,Critical,Medium,Medium,High,High,High,High,High,High,High,Low,Low
2007,10,AM,High,Medium,Medium,Medium,High,High,High,High,High,High,Low,Low
2007,11,AM,High,High,Medium,Medium,High,High,High,High,High,High,Low,Medium
2007,12,AM,Medium,High,Medium,Medium,High,High,High,High,High,High,Low,Low
2008,1,AM,Medium,High,Medium,Medium,High,High,High,High,High,High,Low,Low
2008,2,AM,Medium,High,Medium,Medium,High,High,High,High,High,High,Low,Low
2008,3,AM,Medium,High,Medium,Medium,Medium,High,High,Medium,High,High,Low,Medium
2008,4,AM,High,High,Medium,Medium,High,High,High,High,High,High,Low,Low
2008,5,AM,High,High,Medium,Medium,High,High,High,High,High,High,Low,Low
2008,6,AM,Critical,High,Medium,Medium,High,High,High,High,High,High,Low,Medium
2008,7,AM,Critical,Medium,Medium,High,High,High,High,High,High,Medium,Low,Low
2008,8,AM,Critical,Low,Medium,High,High,High,High,High,High,High,Low,Low
2008,9,AM,Critical,Low,Medium,High,High,High,High,High,High,High,Low,Low
2008,10,AM,High,Low,Medium,High,High,High,High,High,Medium,High,Low,Low
2008,11,AM,High,Medium,Medium,High,High,High,High,High,Medium,High,Low,Low
2008,12,AM,Medium,Medium,Medium,High,High,Medium,High,High,Medium,High,Low,Low
2009,1,AM,High,Medium,Medium,High,High,Medium,High,High,Medium,High,Low,Low
2009,2,AM,High,Medium,Medium,High,High,Medium,High,High,Medium,High,Low,Low
2009,3,AM,High,High,Medium,High,High,Medium,High,High,Medium,High,Low,Low
2009,4,AM,High,High,Medium,High,High,Medium,High,High,Medium,High,Low,Low
2009,5,AM,Critical,High,Medium,High,High,Medium,High,High,Medium,High,Low,Low
2009,6,AM,Critical,High,Medium,High,High,Medium,High,High,Medium,High,Medium,Low
2009,7,AM,Critical,High,Medium,High,High,Medium,High,High,Medium,High,Medium,Low
2009,8,AM,Critical,High,Medium,High,High,Medium,High,High,Medium,High,Medium,Low
2009,9,AM,Critical,High,Medium,High,High,Low,High,High,Medium,High,Medium,Low
2009,10,AM,Critical,High,Medium,High,High,High,High,High,High,Medium,Medium,Low
2009,11,AM,High,Low,Medium,High,High,Low,High,High,Medium,High,Low,Low
2009,12,AM,High,Low,High,High,High,Medium,High,High,Medium,High,Medium,Low
2010,1,AM,High,Low,High,High,High,High,High,High,Medium,High,High,Low
2010,2,AM,High,High,Medium,Medium,High,High,High,High,High,High,Low,Medium
2010,3,AM,High,High,Medium,Medium,High,High,High,High,High,High,Low,Low
2010,4,AM,High,High,Medium,Medium,Medium,High,High,Medium,High,High,Low,Medium
2010,5,AM,Critical,Medium,Medium,Medium,High,High,High,High,High,High,Low,Low
2010,6,AM,Critical,Medium,Medium,Medium,High,High,High,High,High,High,Low,Medium
2010,7,AM,Critical,Medium,Medium,Medium,High,High,Medium,High,High,Medium,Low,Low
2010,8,AM,Critical,Low,Medium,High,High,High,High,High,High,Medium,Low,Low
2010,9,AM,Critical,Low,Medium,High,High,High,High,High,High,Medium,Low,Low
2010,10,AM,Critical,Medium,Medium,High,High,High,High,High,High,Medium,Low,Medium
2010,11,AM,High,Medium,Medium,Medium,High,High,High,High,High,Medium,Low,Medium
2010,12,AM,High,High,Medium,Medium,High,High,Medium,High,High,Medium,Low,Medium
2011,1,AM,Medium,High,Medium,Medium,Medium,High,Medium,Medium,High,High,Low,Medium
2011,2,AM,Medium,High,Medium,Medium,Medium,High,High,Medium,High,High,Low,Low
2011,3,AM,Medium,High,Medium,Medium,Medium,High,Medium,Medium,High,High,Low,Low
2011,4,AM,High,High,Medium,Medium,Medium,High,Medium,Medium,High,Medium,Low,Low
2011,5,AM,High,High,Medium,Medium,High,High,High,High,High,High,Low,Low
2011,6,AM,Critical,Medium,Medium,Medium,High,High,High,High,High,Medium,Low,Low
2011,7,AM,Critical,Low,Medium,High,High,High,High,High,High,Medium,Low,Low
2011,8,AM,Critical,Medium,Medium,High,High,Medium,Medium,High,Medium,Low,Low,Low
2011,9,AM,Critical,Low,Medium,Medium,High,Medium,Medium,High,High,Medium,Low,Low
2011,10,AM,High,High,Medium,Medium,High,High,High,High,High,Medium,Low,Medium
2011,11,AM,High,High,Medium,Medium,High,High,High,High,High,High,Low,Low
2011,12,AM,Medium,High,Medium,Medium,High,High,High,High,High,Medium,Low,Medium
2012,1,AM,High,High,Medium,Medium,Medium,High,Medium,Medium,High,High,Low,Low
2012,2,AM,High,High,Medium,Medium,Medium,High,Medium,Medium,High,Medium,Low,Medium
2012,3,AM,High,High,Medium,Medium,Medium,High,Medium,Medium,High,High,Low,Low
2012,4,AM,High,High,Medium,Medium,Medium,High,High,High,High,High,Low,Medium
2012,5,AM,Critical,Medium,Medium,Medium,High,High,High,High,High,High,Low,Low
2012,6,AM,Critical,Medium,Medium,Medium,High,High,High,High,High,Medium,Low,Low
2012,7,AM,Critical,Medium,Medium,Medium,High,High,High,High,High,Medium,Low,Low
2012,8,AM,Critical,Low,Medium,High,High,High,High,High,High,Low,Low,Low
2012,9,AM,Critical,Medium,Medium,Medium,High,High,High,High,High,Medium,Low,Medium
2012,10,AM,Critical,Medium,Medium,Medium,High,High,High,High,High,Medium,Low,Low
2012,11,AM,High,High,Medium,Medium,High,High,High,High,High,Medium,Low,Low
2012,12,AM,High,High,Medium,Medium,High,High,High,High,High,High,Low,Low
2013,1,AM,High,High,Medium,Medium,High,High,High,High,High,Medium,Low,Low
2013,2,AM,High,High,Medium,Medium,Medium,High,Medium,Medium,High,High,Low,Low
2013,3,AM,High,High,Medium,Medium,Medium,High,High,Medium,High,High,Low,Medium
2013,4,AM,High,High,Medium,Medium,High,High,High,High,High,High,Low,Low
2013,5,AM,Critical,High,Medium,Medium,High,High,High,High,High,High,Low,Low
2013,6,AM,Critical,Low,Medium,High,High,High,High,High,High,Medium,Low,Medium
2013,7,AM,Critical,Medium,Medium,Medium,High,High,Medium,High,High,Medium,Low,Low
2013,8,AM,Critical,Low,Medium,Medium,High,High,High,High,High,Medium,Low,Low
2013,9,AM,Critical,High,Medium,Medium,High,High,High,High,High,Medium,Low,Medium
2013,10,AM,Critical,Medium,Medium,Medium,High,High,High,High,High,Medium,Low,Low
2013,11,AM,High,High,Medium,Medium,High,High,Medium,High,High,Medium,Low,Medium
2013,12,AM,High,Medium,Medium,Medium,High,High,High,High,High,Medium,Low,Low
2014,1,AM,High,High,Medium,Medium,High,High,High,High,High,Medium,Low,Low
2014,2,AM,High,High,Medium,Medium,Medium,High,High,Medium,High,High,Low,Medium
2014,3,AM,High,High,Medium,Medium,Medium,High,High,Medium,High,High,Low,Medium
2014,4,AM,High,High,Medium,Medium,High,High,High,High,High,High,Low,Medium
2014,5,AM,Critical,High,Medium,Medium,High,High,High,High,High,High,Low,Low
2014,6,AM,Critical,Medium,Medium,Medium,High,High,High,High,Medium,Medium,Low,Medium
2014,7,AM,Critical,Low,Medium,High,High,Medium,High,High,Medium,High,Low,Medium
2014,8,AM,Critical,Low,Medium,Medium,High,High,High,High,Medium,Medium,Low,Low
2014,9,AM,Critical,Low,Medium,High,High,Medium,High,High,Medium,Medium,Medium,High
2014,10,AM,Critical,Medium,Medium,Medium,High,High,High,High,High,High,Low,High
2014,11,AM,High,Medium,Medium,Medium,High,High,High,High,High,Medium,Low,Low
2014,12,AM,High,Medium,Medium,Medium,High,High,High,High,High,High,Low,Medium
2015,1,AM,High,High,Medium,Medium,Medium,High,High,Medium,High,High,Low,Medium
2015,2,AM,High,High,Medium,Medium,High,High,Medium,High,High,Medium,Medium,Low
2015,3,AM,High,High,Medium,Medium,Medium,High,High,Medium,High,High,Low,Medium
2015,4,AM,High,Medium,Medium,Medium,High,High,High,High,High,High,Low,Medium
2015,5,AM,Critical,High,Medium,Medium,High,High,High,High,High,High,Low,Medium
2015,6,AM,Critical,Medium,Medium,Medium,High,High,High,High,High,High,Low,Medium
2015,7,AM,Critical,Low,Medium,Medium,High,High,High,High,Medium,Medium,Low,High
2015,8,AM,Critical,Low,Medium,High,High,High,High,High,High,Medium,Medium,Low
2015,9,AM,Critical,Low,Medium,High,High,Medium,High,High,Medium,Medium,Medium,Low
2015,10,AM,Critical,Low,Medium,Medium,High,High,High,High,High,Medium,Medium,Low
2015,11,AM,High,Medium,Medium,Medium,High,High,High,High,High,Medium,Low,Medium
2015,12,AM,High,Medium,Medium,Medium,High,High,High,High,High,Medium,Low,Low
2016,1,AM,Critical,Medium,Medium,Medium,High,High,High,High,High,High,Medium,Low
2016,2,AM,Critical,High,Medium,Medium,High,High,High,High,High,High,Medium,Medium
2016,3,AM,Critical,High,Medium,Medium,High,High,High,High,High,High,Low,Low
2016,4,AM,Critical,High,Medium,Medium,High,High,High,High,High,High,Low,Low
2016,5,AM,Critical,Medium,Medium,Medium,High,High,High,High,High,High,Low,High
2016,6,AM,Critical,Medium,Medium,Medium,High,High,High,High,High,Medium,Low,Low
2016,7,AM,Critical,Medium,Medium,High,High,High,High,High,Medium,Medium,Low,Low
2016,8,AM,Critical,Low,Medium,High,High,High,Medium,High,Medium,Medium,Low,High
2016,9,AM,Critical,Medium,Medium,Medium,High,High,High,High,High,Medium,Low,Low
2016,10,AM,Critical,Medium,Medium,Medium,High,High,High,High,High,Medium,Medium,High
2016,11,AM,Critical,High,Medium,Medium,High,High,High,High,High,High,Low,Medium
2016,12,AM,Critical,High,Medium,Low,Medium,High,High,Medium,High,High,Low,Medium
2017,1,AM,High,High,Medium,Medium,Medium,High,Medium,Medium,High,High,Low,Low
2017,2,AM,High,High,Medium,Low,Medium,High,High,Medium,High,High,Low,Medium
2017,3,AM,High,High,Medium,Medium,Medium,High,High,Medium,High,High,Low,Medium
2017,4,AM,High,High,Medium,Medium,High,High,High,High,High,High,Low,Low
2017,5,AM,Critical,Medium,Medium,Medium,High,High,High,High,High,High,Low,Medium
2017,6,AM,Critical,Medium,Medium,Medium,High,High,High,High,High,High,Low,Medium
2017,7,AM,Critical,Medium,Medium,High,High,Medium,High,High,Medium,Medium,Low,Low
2017,8,AM,Critical,Low,Medium,High,High,High,High,High,High,Medium,Low,Low
2017,9,AM,Critical,Medium,Medium,Medium,High,High,High,High,High,Medium,Low,Low
2017,10,AM,Critical,Medium,Medium,Medium,High,High,Medium,High,High,Medium,Low,Medium
2017,11,AM,High,High,Medium,Medium,High,High,High,High,High,High,Low,Medium
2017,12,AM,High,High,Medium,Low,High,High,High,High,High,High,Low,Low
2018,1,AM,High,High,Medium,Medium,Medium,High,Medium,Medium,High,High,Low,Low
2018,2,AM,High,High,Medium,Medium,High,High,High,High,High,Medium,Low,Low
2018,3,AM,High,High,Medium,Medium,High,High,High,High,High,High,Low,Low
2018,4,AM,High,High,Medium,Medium,Medium,High,High,Medium,High,High,Low,Low
2018,5,AM,Critical,Medium,Medium,Medium,Medium,High,High,High,High,High,Low,Low
2018,6,AM,Critical,High,Medium,Medium,High,High,High,High,High,High,Low,Low
2018,7,AM,Critical,Low,Medium,Medium,High,Medium,High,High,Medium,Medium,Low,Low
2018,8,AM,Critical,Low,Medium,High,High,Medium,High,High,High,Medium,Low,Low
2018,9,AM,Critical,Medium,Medium,Medium,High,High,High,High,High,Medium,Low,Medium
2018,10,AM,Critical,Medium,Medium,Medium,High,High,High,High,High,Medium,Medium,Low
2018,11,AM,High,Medium,Medium,Medium,High,High,High,High,High,Medium,Low,Low
2018,12,AM,High,High,Medium,Low,Medium,High,High,Medium,High,High,Low,Low
2019,1,AM,High,High,Medium,Medium,High,High,High,High,High,High,Low,Medium
2019,2,AM,High,High,Medium,Medium,Medium,High,High,Medium,High,High,Low,Medium
2019,3,AM,High,High,Medium,Medium,High,High,High,High,High,High,Low,Low
2019,4,AM,High,High,Medium,Medium,High,High,High,High,High,High,Low,Low
2019,5,AM,Critical,High,Medium,Medium,High,High,High,High,High,High,Low,Low
2019,6,AM,Critical,Medium,Medium,Medium,High,High,High,High,High,Medium,Low,Low
2019,7,AM,Critical,Medium,Medium,Medium,High,High,High,High,High,Medium,Low,Low
2019,8,AM,Critical,Low,Medium,Medium,High,Medium,High,High,Medium,Medium,Low,Low
2019,9,AM,Critical,Medium,Medium,Medium,High,High,High,High,High,Medium,Low,Low
2019,10,AM,Critical,High,Medium,Medium,High,High,High,High,High,Medium,Low,Medium
2019,11,AM,High,Medium,Medium,Medium,High,High,High,High,High,Medium,Low,Medium
2019,12,AM,High,Medium,Medium,Medium,High,High,High,High,High,Medium,Low,Low
2020,1,AM,High,High,Medium,Low,High,High,High,High,High,Medium,Low,Low
2020,2,AM,High,High,Medium,Low,High,High,High,High,High,High,Low,Low
2020,3,AM,High,High,Medium,Low,High,High,High,High,High,High,Low,Low
2020,4,AM,High,High,Medium,Low,High,High,High,High,High,High,Low,Medium
2020,5,AM,Critical,High,Medium,Low,High,High,High,High,High,High,Low,Medium
2020,6,AM,Critical,High,Medium,Low,High,High,Medium,High,High,Medium,Low,Low
2020,7,AM,Critical,Medium,Medium,Low,High,High,High,High,High,Medium,Low,Low
2020,8,AM,Critical,Low,Medium,Low,High,High,High,High,Medium,Medium,Low,Low
2020,9,AM,Critical,Medium,Medium,Low,High,High,High,High,High,Low,Low,Low
2020,10,AM,Critical,Medium,Medium,Low,High,High,Medium,High,High,High,Low,Medium
2020,11,AM,High,High,Medium,Low,High,High,High,High,High,Medium,Low,Low
2020,12,AM,High,High,Medium,Low,High,High,High,High,High,High,Low,Medium
2021,1,AM,High,High,Medium,Low,Medium,High,Medium,Medium,High,High,Low,Low
2021,2,AM,High,High,Medium,Low,Medium,High,Medium,Medium,High,High,Low,Low
2021,3,AM,High,High,Medium,Low,Medium,High,Medium,Medium,High,High,Low,Low
2021,4,AM,Critical,Medium,Medium,Low,High,High,High,High,High,High,Low,Low
2021,5,AM,Critical,Medium,Medium,Low,High,High,High,High,High,High,Low,Low
2021,6,AM,Critical,High,Medium,Low,High,High,Medium,High,High,Medium,Medium,Low
2021,7,AM,Critical,Medium,Medium,Low,High,High,Medium,High,High,Medium,Low,Low
2021,8,AM,Critical,High,Medium,Low,High,High,Medium,High,High,Medium,Low,Medium
2021,9,AM,Critical,Medium,Medium,Low,High,High,High,High,High,Medium,Low,Low
2021,10,AM,Critical,High,Medium,Low,High,High,Medium,High,High,Medium,Low,Medium
2021,11,AM,Critical,High,Medium,Low,High,High,High,High,High,Medium,Low,Medium
2021,12,AM,High,High,Medium,Low,Medium,High,Medium,High,High,High,Low,Medium
2022,1,AM,High,High,Medium,Low,High,Medium,High,High,Medium,High,Low,Low
2022,2,AM,High,High,Medium,Low,Medium,High,High,Medium,High,High,Low,Low
2022,3,AM,High,High,Medium,Low,Medium,Medium,High,Medium,High,High,Low,Low
2022,4,AM,Critical,High,Medium,Low,Medium,High,High,Medium,High,High,Low,Low
2022,5,AM,Critical,Medium,Medium,Low,High,High,High,High,Medium,Medium,Low,Low
2022,6,AM,Critical,Medium,Medium,Low,Medium,Medium,High,High,Medium,Medium,Low,Low
2022,7,AM,Critical,Low,Medium,Low,High,Medium,High,High,Medium,Medium,Low,Low
2022,8,AM,Critical,Low,Medium,Low,High,Medium,High,High,Medium,Medium,Low,Low
2022,9,AM,Critical,Low,Medium,Low,High,Medium,High,High,Medium,Medium,Low,Low
2022,10,AM,Critical,Medium,Medium,Low,High,High,High,High,High,Medium,Low,Medium
2022,11,AM,Critical,Medium,Medium,Low,High,High,High,High,High,Medium,Low,Low
2022,12,AM,High,High,Medium,Low,High,High,High,High,High,High,Low,Low
2023,1,AM,High,High,Medium,Low,Medium,High,Medium,Medium,High,High,Low,Low
2023,2,AM,High,High,Medium,Low,Medium,High,Medium,Medium,High,High,Low,Low
2023,3,AM,High,High,Medium,Low,Medium,High,High,Medium,High,High,Low,Medium
2023,4,AM,Critical,High,Medium,Low,High,High,High,High,High,High,Low,Low
2023,5,AM,Critical,Medium,Medium,Low,High,High,High,High,High,High,Low,Low
2023,6,AM,Critical,Low,Medium,Low,High,High,Medium,High,High,High,Low,Low
2023,7,AM,Critical,Medium,Medium,Low,High,High,High,High,High,Medium,Low,Low
2023,8,AM,Critical,Low,Medium,Low,High,High,High,High,High,Medium,Low,Low
2023,9,AM,Critical,Low,Medium,Low,High,High,High,High,High,Medium,Low,Low
2023,10,AM,Critical,Medium,Medium,Low,High,High,High,High,High,Medium,Low,Low
2023,11,AM,Critical,Medium,Medium,Low,High,High,High,High,High,High,Low,Low
2023,12,AM,High,High,Medium,Low,High,High,High,High,High,High,Low,Low
2003,2,RN,Low,Medium,Medium,High,High,Medium,High,High,Medium,High,High,High
2003,3,RN,Low,High,Medium,High,High,Medium,Medium,High,High,High,High,High
2003,4,RN,Low,Medium,Medium,High,High,High,High,High,High,High,High,High
2003,5,RN,Low,High,Medium,High,High,High,High,High,Medium,High,High,High
2003,6,RN,Low,Medium,Medium,High,Medium,Medium,Medium,Medium,Medium,Medium,High,High
2003,7,RN,Medium,Medium,High,High,Medium,Medium,Medium,Medium,Medium,Medium,High,High
2003,8,RN,Medium,Low,High,High,High,Low,Medium,High,Low,High,High,High
2003,9,RN,Low,Low,High,High,Medium,Medium,Medium,Medium,Medium,Medium,High,High
2003,10,RN,Low,Low,Medium,High,Medium,Medium,Medium,Medium,Medium,High,High,High
2003,11,RN,Low,Low,Medium,High,High,Medium,High,High,Medium,High,High,High
2003,12,RN,Low,Low,Medium,High,Medium,Medium,High,Medium,Medium,High,High,High
2004,1,RN,Low,Low,Medium,Low,Medium,Medium,High,Medium,Medium,High,Low,Low
2004,2,RN,Low,High,Medium,High,High,High,High,High,High,High,High,High
2004,3,RN,Low,High,Medium,High,High,High,High,High,Medium,High,High,High
2004,4,RN,Low,High,Medium,Medium,High,Medium,High,High,Medium,High,High,High
2004,5,RN,Low,Medium,Medium,Medium,Medium,Medium,Medium,Medium,Medium,High,High,High
2004,6,RN,Medium,High,High,High,Medium,Medium,Medium,Medium,Medium,High,High,High
2004,7,RN,Medium,High,High,High,Medium,Medium,Medium,Medium,Medium,Medium,High,High
2004,8,RN,Medium,Medium,High,High,Medium,Medium,Medium,Medium,Medium,Medium,High,High
2004,9,RN,Medium,Low,High,High,Medium,Low,Medium,Medium,Medium,Medium,High,High
2004,10,RN,Low,Low,Medium,High,Medium,Low,High,Medium,Medium,Medium,High,High
2004,11,RN,Low,Low,Medium,Medium,High,Medium,High,High,Medium,Medium,High,High
2004,12,RN,Low,Low,Medium,Low,High,Low,High,High,Low,High,High,Medium
2005,1,RN,Low,Low,Medium,Low,High,Low,High,High,Low,High,High,Medium
2005,2,RN,Low,Low,Medium,Medium,High,Medium,High,High,Low,High,High,Medium
2005,3,RN,Low,Low,Medium,High,High,Medium,High,High,Medium,High,High,Medium
2005,4,RN,Low,Low,Medium,High,High,High,High,High,High,High,High,High
2005,5,RN,Medium,High,Medium,High,Medium,High,High,Medium,High,High,High,High
2005,6,RN,Medium,High,Medium,High,Medium,Medium,Medium,Medium,Medium,High,High,High
2005,7,RN,Medium,Medium,High,Medium,Medium,Medium,Medium,Medium,Medium,Medium,High,High
2005,8,RN,Medium,Medium,High,High,Medium,Medium,Medium,Medium,Medium,High,High,High
2005,9,RN,Medium,Low,High,High,Medium,Medium,Medium,Medium,Medium,Medium,High,High
2005,10,RN,Medium,Low,Medium,High,Medium,Medium,High,Medium,Medium,High,High,High
2005,11,RN,Low,Low,Medium,High,Medium,Low,High,High,Medium,High,High,High
2005,12,RN,Low,Low,Medium,High,High,Medium,High,Medium,Medium,High,High,Medium
2006,1,RN,Low,Low,Medium,High,High,Medium,High,High,Medium,High,High,Medium
2006,2,RN,Low,Low,Medium,High,High,Medium,High,High,Medium,High,High,Medium
2006,3,RN,Low,Medium,Medium,High,High,High,High,High,High,High,High,High
2006,4,RN,Low,High,Medium,High,High,High,High,High,Medium,High,High,High
2006,5,RN,Medium,High,Medium,High,Medium,Medium,High,Medium,Medium,High,High,High
2006,6,RN,Medium,High,High,High,Medium,Medium,Medium,Medium,Medium,Medium,High,High
2006,7,RN,Medium,Medium,High,High,Medium,Medium,Medium,Medium,Medium,Medium,High,High
2006,8,RN,Medium,Medium,High,High,Medium,Medium,Medium,Medium,Medium,Medium,High,Medium
2006,9,RN,Medium,Low,High,High,Medium,Medium,Medium,Medium,Medium,Medium,High,Medium
2006,10,RN,Medium,Low,Medium,High,High,Medium,High,High,Medium,High,High,High
2006,11,RN,Low,Medium,Medium,High,High,Medium,High,High,Medium,High,High,High
2006,12,RN,Low,Low,Medium,High,High,Medium,High,High,Medium,High,High,High
2007,1,RN,Low,Medium,Medium,High,High,High,High,High,Medium,High,High,High
2007,2,RN,Low,Medium,Medium,High,High,Medium,High,High,Medium,High,High,High
2007,3,RN,Low,Medium,Medium,High,High,High,High,High,Medium,High,High,High
2007,4,RN,Low,Low,Medium,High,High,Medium,High,High,Medium,High,High,High
2007,5,RN,Medium,Low,Medium,High,High,High,High,High,Medium,High,High,High
2007,6,RN,Medium,High,High,High,Medium,Medium,Medium,Medium,Medium,Medium,High,High
2007,7,RN,Medium,High,High,High,Medium,Medium,Medium,Medium,Medium,Medium,High,High
2007,8,RN,Medium,Medium,High,High,Medium,Medium,Medium,Medium,Medium,Medium,High,High
2007,9,RN,Medium,Low,High,High,Medium,Low,Medium,Medium,Medium,Medium,High,High
2007,10,RN,Medium,Low,Medium,High,Medium,Medium,Medium,Medium,Medium,Medium,High,High
2007,11,RN,Low,Low,Medium,High,Medium,Medium,Medium,Medium,Medium,Medium,High,High
2007,12,RN,Low,Low,Medium,High,High,Medium,High,High,Medium,High,High,High
2008,1,RN,Low,Medium,Medium,High,High,High,High,High,Medium,High,High,High
2008,2,RN,Low,Low,Medium,High,High,High,High,High,Medium,High,High,High
2008,3,RN,Low,High,Medium,High,High,Medium,High,High,High,High,High,High
2008,4,RN,Low,High,Medium,High,Medium,Medium,High,Medium,Medium,High,High,High
2008,5,RN,Low,High,Medium,High,Medium,Medium,Medium,Medium,Medium,High,High,High
2008,6,RN,Medium,High,Medium,High,Medium,Medium,Medium,Medium,Medium,Medium,High,High
2008,7,RN,Medium,High,High,High,Low,Medium,Medium,Medium,Medium,Medium,High,High
2008,8,RN,Medium,High,Medium,High,Medium,Medium,Medium,Medium,Medium,Medium,High,High
2008,9,RN,Medium,Low,High,High,Medium,Medium,Medium,Medium,Medium,High,High,High
2008,10,RN,Low,Low,Medium,High,Medium,Medium,Medium,Medium,Medium,Medium,High,High
2008,11,RN,Low,Low,Medium,High,High,Medium,High,High,Medium,Medium,High,High
2008,12,RN,Low,Low,Medium,High,High,Medium,High,High,Medium,High,High,High
2009,1,RN,Low,Medium,Medium,High,High,Medium,High,High,Medium,High,High,High
2009,2,RN,Low,High,Medium,High,High,Medium,High,High,Medium,High,High,High
2009,3,RN,Low,High,Medium,High,High,High,High,High,High,High,High,High
2009,4,RN,Low,High,Medium,High,High,High,High,High,High,High,Medium,High
2009,5,RN,Low,High,Medium,High,Medium,High,High,Medium,High,High,High,High
2009,6,RN,Medium,High,Medium,High,Medium,Medium,Medium,Medium,Medium,High,High,Low
2009,7,RN,Medium,High,High,High,Medium,Medium,Medium,Medium,Medium,Medium,High,Medium
2009,8,RN,Medium,High,High,High,Medium,Medium,Medium,Medium,Medium,Medium,High,Medium
2009,9,RN,Medium,Medium,High,High,Medium,Medium,Medium,Medium,Medium,High,High,High
2009,10,RN,Low,Low,Medium,High,Medium,Medium,Medium,High,Medium,Medium,High,High
2009,11,RN,Low,Low,Medium,High,High,Medium,High,High,Medium,High,High,High
2009,12,RN,Low,Low,Medium,High,High,Medium,High,High,Medium,High,High,High
2010,1,RN,Low,Medium,Medium,High,High,Medium,High,High,Medium,High,High,High
2010,2,RN,Low,Medium,Medium,High,High,High,High,High,High,High,High,High
2010,3,RN,Low,Medium,Medium,High,High,High,High,High,High,High,High,High
2010,4,RN,Low,Low,Medium,High,High,High,High,High,High,High,High,High
2010,5,RN,Medium,Low,Medium,High,High,High,High,High,High,High,High,High
2010,6,RN,Medium,Medium,High,High,Medium,Medium,Medium,Medium,Medium,Medium,High,High
2010,7,RN,Medium,Low,High,High,Medium,Medium,Medium,Medium,Medium,Medium,High,High
2010,8,RN,Medium,Medium,High,High,Medium,Medium,Medium,Medium,Medium,Medium,High,High
2010,9,RN,Medium,Low,High,High,Medium,Medium,Medium,Medium,Medium,Medium,High,High
2010,10,RN,Medium,Low,Medium,High,High,Medium,Medium,High,Medium,High,High,High
2010,11,RN,Low,Low,Medium,High,High,Medium,High,High,Medium,Medium,High,High
2010,12,RN,Low,Low,Medium,High,High,Medium,High,High,Medium,High,High,High
2011,1,RN,Low,High,Medium,High,Medium,Medium,Medium,High,Medium,High,High,High
2011,2,RN,Low,Medium,Medium,High,High,High,High,High,Medium,High,High,High
2011,3,RN,Low,Medium,Medium,High,High,High,High,High,High,Medium,High,Medium
2011,4,RN,Low,High,Medium,High,Medium,High,High,Medium,High,High,High,Medium
2011,5,RN,Low,High,Medium,High,Medium,High,High,Medium,High,High,High,Low
2011,6,RN,Medium,High,Medium,High,Medium,Medium,Medium,Medium,Medium,High,High,Low
2011,7,RN,Medium,Medium,High,High,Medium,Medium,Medium,Medium,Medium,Medium,High,Low
2011,8,RN,Medium,Medium,High,High,Medium,Medium,Medium,Medium,Medium,Medium,High,Low
2011,9,RN,Medium,Low,High,High,Medium,Medium,Medium,Medium,Medium,Medium,High,Low
2011,10,RN,Low,Low,Medium,High,Medium,Medium,Medium,Medium,Medium,Medium,High,High
2011,11,RN,Low,Low,Medium,High,High,Medium,High,High,Medium,High,High,High
2011,12,RN,Low,Low,Medium,High,High,Medium,High,High,Medium,High,High,High
2012,1,RN,Low,Medium,Medium,High,High,Medium,High,High,Medium,High,High,High
2012,2,RN,Low,Medium,Medium,High,High,High,High,High,High,High,High,High
2012,3,RN,Low,Medium,Medium,High,High,Medium,High,High,Medium,High,High,High
2012,4,RN,Low,Medium,Medium,High,High,High,High,High,Medium,High,High,High
2012,5,RN,Medium,High,Medium,High,Medium,Medium,High,Medium,Medium,High,High,High
2012,6,RN,Medium,High,High,Medium,Medium,Medium,Medium,Medium,Medium,High,High,High
2012,7,RN,Medium,High,High,Medium,Medium,Medium,Medium,Medium,Medium,Medium,High,High
2012,8,RN,Medium,Medium,High,High,Medium,Low,Medium,Medium,Medium,Medium,High,High
2012,9,RN,Medium,Low,High,High,Medium,Medium,Medium,Medium,Medium,Medium,High,High
2012,10,RN,Medium,Low,Medium,High,Medium,Medium,Medium,Medium,Medium,Medium,High,High
2012,11,RN,Low,Low,Medium,High,High,Medium,High,High,Medium,Medium,High,High
2012,12,RN,Low,Low,Medium,High,High,Medium,High,High,Medium,High,High,High
2013,1,RN,Low,Low,Medium,High,High,Medium,High,High,Medium,High,High,High
2013,2,RN,Low,Medium,Medium,High,High,Medium,High,High,Medium,High,High,High
2013,3,RN,Low,Low,Medium,High,High,High,High,High,Medium,Medium,High,High
2013,4,RN,Low,High,Medium,High,High,High,High,High,High,High,High,High
2013,5,RN,Low,High,Medium,High,Medium,High,Medium,High,Medium,Medium,High,High
2013,6,RN,Low,High,Medium,Medium,Medium,Medium,Medium,Medium,Medium,High,High,High
2013,7,RN,Low,High,High,Medium,Medium,Medium,Medium,Medium,Medium,Medium,High,High
2013,8,RN,Low,High,High,High,Medium,Medium,Medium,Medium,Medium,Medium,High,High
2013,9,RN,Low,High,High,High,Medium,Medium,Medium,Medium,Medium,Medium,High,High
2013,10,RN,Low,Low,Medium,High,High,Medium,High,High,Medium,High,High,High
2013,11,RN,Low,Low,Medium,High,High,Medium,High,High,Medium,Medium,High,High
2013,12,RN,Low,Low,Medium,High,High,Medium,High,High,Medium,High,High,High
2014,1,RN,Low,Medium,Medium,High,High,Medium,High,High,Medium,High,High,High
2014,2,RN,Low,Low,Medium,High,High,Medium,High,High,Medium,High,High,High
2014,3,RN,Low,High,Medium,High,High,High,High,High,High,High,High,High
2014,4,RN,Low,Medium,Medium,High,High,High,High,High,High,High,High,High
2014,5,RN,Low,High,Medium,Medium,Medium,High,High,Medium,High,High,High,High
2014,6,RN,Medium,High,High,Medium,Medium,Medium,Medium,Medium,Medium,Medium,High,High
2014,7,RN,Medium,High,High,Medium,Medium,Medium,Medium,Medium,Medium,Medium,High,High
2014,8,RN,Medium,Medium,High,High,Medium,Medium,Medium,Medium,Medium,Medium,High,High
2014,9,RN,Medium,Medium,High,High,Medium,Medium,Medium,Medium,Medium,High,High,High
2014,10,RN,Low,Low,High,High,Medium,Medium,High,Medium,Medium,High,High,High
2014,11,RN,Low,Low,Medium,High,High,Medium,Medium,High,Medium,High,High,High
2014,12,RN,Low,Low,Medium,Medium,Medium,Medium,High,High,Medium,High,High,High
2015,1,RN,Low,Low,Medium,High,High,Medium,High,High,Medium,High,High,High
2015,2,RN,Low,Medium,Medium,High,High,High,High,High,Medium,High,High,High
2015,3,RN,Low,High,Medium,High,High,High,Medium,High,High,High,High,High
2015,4,RN,Low,Medium,Medium,High,High,High,High,High,High,High,High,Medium
2015,5,RN,Low,Medium,Medium,High,High,High,High,High,High,High,High,High
2015,6,RN,Low,High,High,Medium,Medium,Medium,Medium,Medium,Medium,High,High,High
2015,7,RN,Low,High,High,Medium,Medium,High,Medium,Medium,Medium,High,High,High
2015,8,RN,Low,Low,High,High,Medium,Medium,Medium,Medium,Medium,High,High,High
2015,9,RN,Low,Low,High,High,Medium,Medium,Medium,Medium,Medium,Medium,High,High
2015,10,RN,Low,Low,High,High,Medium,Medium,High,Medium,Medium,Medium,High,High
2015,11,RN,Low,Low,Medium,High,High,Medium,High,High,Medium,Medium,High,High
2015,12,RN,Low,Low,Medium,High,High,High,High,High,Medium,High,High,High
2016,1,RN,Low,Medium,Medium,High,High,High,High,High,High,High,High,High
2016,2,RN,Low,Medium,Medium,High,High,High,High,High,High,High,High,High
2016,3,RN,Low,Medium,Medium,High,High,High,High,High,High,High,High,High
2016,4,RN,Low,Medium,Medium,Medium,High,High,High,High,High,High,High,High
2016,5,RN,Low,High,High,Medium,Medium,High,High,Medium,High,High,High,High
2016,6,RN,Low,Medium,High,Medium,Medium,High,Medium,Medium,High,Medium,High,High
2016,7,RN,Medium,Low,High,High,Medium,Medium,Medium,Medium,Medium,Medium,High,High
2016,8,RN,Medium,Medium,High,High,Medium,Medium,Medium,Medium,Medium,Medium,High,High
2016,9,RN,Low,Low,High,High,Medium,Medium,Medium,Medium,Medium,Medium,High,High
2016,10,RN,Low,Low,Medium,High,High,Medium,Medium,High,Medium,High,High,High
2016,11,RN,Low,Low,Medium,High,High,Medium,High,High,Medium,High,High,High
2016,12,RN,Low,Medium,Medium,High,High,Medium,High,High,Medium,High,High,High
2017,1,RN,Low,Medium,Medium,High,High,High,High,High,High,High,High,High
2017,2,RN,Low,Medium,Medium,High,High,High,High,High,High,High,High,High
2017,3,RN,Low,High,Medium,High,High,High,High,High,High,High,High,Medium
2017,4,RN,Low,Medium,Medium,High,High,High,High,High,High,High,High,High
2017,5,RN,Low,Medium,Medium,Medium,High,High,Medium,High,High,High,High,High
2017,6,RN,Low,High,Medium,Medium,Medium,High,Medium,Medium,High,High,High,High
2017,7,RN,Low,High,High,Medium,Low,Medium,Medium,Low,Medium,Medium,High,High
2017,8,RN,Low,Low,High,High,Medium,Medium,Medium,Medium,Medium,Medium,High,High
2017,9,RN,Low,Medium,High,High,Medium,Medium,Medium,Medium,Medium,Medium,High,High
2017,10,RN,Low,Medium,Medium,High,Medium,Medium,Medium,Medium,Medium,High,High,High
2017,11,RN,Low,Low,Medium,High,High,Medium,High,High,Medium,High,High,High
2017,12,RN,Low,Low,Medium,High,High,Medium,High,High,Medium,High,High,High
2018,1,RN,Low,Medium,Medium,High,High,High,High,High,High,High,High,High
2018,2,RN,Low,High,Medium,High,High,High,High,High,High,High,High,Medium
2018,3,RN,Low,High,Medium,High,High,High,High,High,High,High,High,Medium
2018,4,RN,Low,Low,Medium,Medium,Medium,High,High,Medium,High,High,High,High
2018,5,RN,Low,Low,Medium,Medium,Medium,High,High,Medium,Medium,High,High,High
2018,6,RN,Low,Low,High,Medium,Medium,High,Medium,Medium,Medium,High,High,High
2018,7,RN,Low,High,High,Medium,Medium,Medium,Medium,Medium,Medium,Medium,High,High
2018,8,RN,Low,Low,High,High,Medium,Medium,Medium,Medium,Medium,Medium,High,High
2018,9,RN,Low,Low,Medium,High,Medium,Medium,Medium,Medium,Medium,High,High,High
2018,10,RN,Low,Low,Medium,High,High,Medium,High,High,Medium,High,High,High
2018,11,RN,Low,Low,Medium,High,High,Medium,High,High,High,High,High,High
2018,12,RN,Low,Low,Medium,High,High,High,High,High,High,High,High,High
2019,1,RN,Low,Low,Medium,Medium,High,High,High,High,High,High,High,High
2019,2,RN,Low,Low,Medium,Medium,High,High,High,High,High,Medium,High,High
2019,3,RN,Low,High,Medium,Medium,High,High,High,High,High,High,High,Medium
2019,4,RN,Low,High,Medium,Medium,High,High,High,High,High,High,High,High
2019,5,RN,Low,High,Medium,Medium,High,High,High,High,High,High,High,High
2019,6,RN,Low,High,High,Medium,Medium,High,Medium,Medium,Medium,High,High,High
2019,7,RN,Low,Medium,High,Medium,Medium,High,Medium,Medium,Medium,High,High,High
2019,8,RN,Low,Medium,High,High,Medium,Medium,Medium,Medium,Medium,Medium,High,High
2019,9,RN,Low,Medium,High,High,Medium,Medium,Medium,Medium,Medium,High,High,High
2019,10,RN,Low,Low,Medium,High,Medium,Medium,Medium,Medium,Medium,High,High,High
2019,11,RN,Low,Low,Medium,High,High,Medium,High,High,Medium,Medium,High,High
2019,12,RN,Low,Low,Medium,High,High,Medium,High,High,Medium,High,High,High
2020,1,RN,Low,High,Medium,Low,High,High,High,High,High,High,High,Medium
2020,2,RN,Low,High,Medium,Low,High,High,High,High,High,High,High,Medium
2020,3,RN,Low,High,Medium,Low,High,High,High,High,High,High,Medium,Medium
2020,4,RN,Low,High,Medium,Low,High,High,High,High,High,High,High,Medium
2020,5,RN,Low,High,Medium,Low,Medium,High,High,Medium,High,High,High,High
2020,6,RN,Low,High,Medium,Low,Medium,High,Medium,Medium,Medium,High,High,High
2020,7,RN,Low,High,High,Low,Medium,Medium,Medium,Medium,Medium,Medium,High,High
2020,8,RN,Low,Low,High,Low,Medium,Medium,Medium,Medium,Medium,Medium,High,High
2020,9,RN,Low,Low,High,Low,Medium,Medium,Medium,Medium,Medium,Medium,High,High
2020,10,RN,Low,Low,Medium,Low,Medium,High,High,High,High,High,High,High
2020,11,RN,Low,Medium,Medium,Low,High,High,High,High,High,High,High,High
2020,12,RN,Low,Low,Medium,Low,High,High,High,High,High,High,High,High
2021,1,RN,Low,Low,Medium,Low,High,High,High,High,Medium,High,High,High
2021,2,RN,Low,Low,Medium,Low,High,High,High,High,High,High,High,Medium
2021,3,RN,Low,Low,Medium,Low,High,High,High,High,High,High,High,High
2021,4,RN,Low,Low,Medium,Low,High,High,High,High,High,High,High,High
2021,5,RN,Low,Low,Medium,Low,High,High,High,Medium,High,High,High,High
2021,6,RN,Low,Low,Medium,Low,Medium,Medium,High,Medium,Medium,Medium,High,High
2021,7,RN,Medium,Low,High,Low,Medium,Medium,High,Medium,Medium,High,High,High
2021,8,RN,Medium,Low,High,Low,Medium,High,Medium,Medium,Medium,Medium,High,High
2021,9,RN,Low,Low,High,Low,Medium,High,High,Medium,High,Medium,High,High
2021,10,RN,Low,Low,Medium,Low,High,High,High,High,High,High,High,High
2021,11,RN,Low,Low,Medium,Low,High,High,High,High,High,High,High,Medium
2021,12,RN,Low,Low,Medium,Low,High,High,High,High,High,High,High,High
2022,1,RN,Low,Low,Medium,Low,High,High,High,High,High,High,High,Medium
2022,2,RN,Low,Low,Medium,Low,High,High,High,High,High,High,High,Medium
2022,3,RN,Low,Low,Medium,Low,High,High,High,High,High,High,High,High
2022,4,RN,Low,Low,Medium,Low,High,High,High,High,High,High,High,High
2022,5,RN,Low,Low,Medium,Low,Medium,High,Medium,Medium,High,High,High,High
2022,6,RN,Low,Medium,Medium,Low,Medium,High,Medium,Medium,High,High,High,High
2022,7,RN,Low,High,High,Low,Medium,High,Medium,Medium,High,Medium,High,High
2022,8,RN,Low,Medium,High,Low,Medium,High,Medium,Medium,High,Medium,High,High
2022,9,RN,Low,Low,High,Low,Medium,Medium,Medium,Medium,Medium,High,High,High
2022,10,RN,Low,Low,Medium,Low,Medium,High,High,High,High,High,High,High
2022,11,RN,Low,Low,Medium,Low,High,Medium,High,High,Medium,High,High,Medium
2022,12,RN,Low,Low,Medium,Low,High,Medium,High,High,Medium,High,High,Medium
2023,1,RN,Low,Low,Medium,Low,High,High,High,High,Medium,High,High,High
2023,2,RN,Low,Medium,Medium,Low,High,High,High,High,High,High,High,High
2023,3,RN,Low,High,Medium,Low,High,High,High,High,High,High,High,High
2023,4,RN,Low,High,Medium,Low,High,High,Medium,High,High,High,High,High
2023,5,RN,Low,Medium,Medium,Low,High,High,High,High,High,High,High,High
2023,6,RN,Low,Medium,High,Low,Medium,High,Medium,Medium,High,High,High,High
2023,7,RN,Low,High,High,Low,Medium,High,Medium,Medium,Medium,High,High,High
2023,8,RN,Low,Medium,High,Low,Medium,High,Medium,Medium,High,High,High,High
2023,9,RN,Low,Low,High,Low,Medium,High,Medium,Medium,High,High,High,High
2023,10,RN,Low,Low,Medium,Low,High,Medium,High,High,Medium,High,High,High
2023,11,RN,Low,Low,Medium,Low,High,Medium,High,High,Medium,High,High,Low
2023,12,RN,Low,Low,Medium,Low,High,Medium,High,High,Medium,High,High,Low
2004,12,TO,Medium,High,Low,Medium,Medium,Medium,Medium,Medium,Medium,Medium,Low,Medium
2005,1,TO,Medium,High,Low,Medium,Medium,Medium,Medium,Medium,Medium,Medium,Low,High
2005,2,TO,Medium,High,Low,Medium,Medium,Medium,Medium,Medium,High,High,Low,Medium
2005,3,TO,Medium,High,Low,Medium,Medium,High,Medium,Medium,High,Medium,Low,Medium
2005,4,TO,High,High,Low,Medium,High,Medium,High,High,High,Medium,Low,Medium
2005,5,TO,High,Low,Low,Medium,Medium,Medium,Medium,Medium,Medium,Medium,Medium,High
2005,6,TO,Critical,Low,Low,Medium,High,Low,Medium,High,Low,Medium,Medium,High
2005,7,TO,Critical,Low,Low,Medium,Medium,Low,Low,Medium,Low,Low,Medium,High
2005,8,TO,Critical,Low,Low,High,High,Low,Medium,High,Low,Low,High,High
2005,9,TO,Critical,Medium,Low,High,High,Medium,Medium,High,Medium,Low,Medium,High
2005,10,TO,High,Medium,Low,High,High,Medium,Medium,High,Medium,Low,Low,High
2005,11,TO,High,Medium,Low,Low,High,Medium,Medium,High,Medium,High,Low,Medium
2005,12,TO,Medium,High,Low,Medium,Medium,Medium,Medium,Medium,Medium,Medium,Low,Medium
2006,1,TO,Medium,High,Low,High,High,Medium,Medium,High,Medium,Medium,Low,Medium
2006,2,TO,Medium,High,Low,High,Medium,Medium,Medium,Medium,Medium,Medium,Low,High
2006,3,TO,Medium,High,Low,Medium,Medium,Medium,Medium,Medium,Medium,High,Low,High
2006,4,TO,Medium,High,Low,Medium,Medium,Medium,Medium,Medium,Medium,High,Low,Medium
2006,5,TO,High,Medium,Low,Medium,Medium,Medium,Medium,Medium,Medium,Medium,Low,High
2006,6,TO,Critical,Low,Low,Medium,Medium,Low,Medium,Medium,Low,Low,Medium,High
2006,7,TO,Critical,Low,Low,Medium,Medium,Low,Low,Medium,Low,Low,Medium,High
2006,8,TO,Critical,Low,Low,High,High,Low,Medium,High,Low,Low,High,High
2006,9,TO,Critical,High,Low,High,High,Low,Medium,High,Low,Low,Medium,High
2006,10,TO,High,Medium,Low,Medium,High,Medium,Medium,High,Medium,Medium,Low,High
2006,11,TO,Medium,Medium,Low,Medium,High,Medium,Medium,High,Medium,Medium,Low,High
2006,12,TO,Medium,High,Low,Medium,Medium,Medium,Medium,Medium,Medium,Medium,Low,High
2007,1,TO,Medium,High,Low,Medium,Medium,Medium,Medium,Medium,Medium,Medium,Low,High
2007,2,TO,Medium,High,Low,Medium,Medium,Medium,Medium,Medium,Medium,High,Low,High
2007,3,TO,Medium,High,Low,Medium,High,Medium,Medium,High,Medium,Low,Low,High
2007,4,TO,High,Medium,Low,Medium,Medium,Medium,Medium,Medium,Medium,Medium,Low,High
2007,5,TO,High,Low,Low,Medium,High,Medium,Medium,High,Medium,Medium,Low,Medium
2007,6,TO,Critical,Low,Low,Medium,High,Low,Low,High,Low,Low,Medium,High
2007,7,TO,Critical,Low,Low,Medium,High,Low,Medium,High,Low,Low,Medium,High
2007,8,TO,Critical,Low,Low,High,High,Low,Medium,High,Low,Low,High,High
2007,9,TO,Critical,Medium,Low,High,High,Low,Medium,High,Low,Low,High,High
2007,10,TO,High,Medium,Low,High,High,Low,Medium,High,Low,Low,Low,High
2007,11,TO,High,Medium,Low,High,High,Medium,Medium,High,Medium,Low,Medium,High
2007,12,TO,Medium,Medium,Low,Medium,Medium,Medium,Medium,Medium,Medium,Medium,Low,High
2008,1,TO,Medium,High,Low,Medium,Medium,Medium,Medium,Medium,Medium,Medium,Low,Medium
2008,2,TO,Medium,High,Low,Medium,Medium,Medium,Medium,Medium,Medium,Medium,Low,High
2008,3,TO,Medium,High,Low,Medium,Medium,Medium,Medium,Medium,Medium,Medium,Low,High
2008,4,TO,Medium,High,Low,Medium,Medium,Medium,Medium,Medium,Medium,Medium,Low,Low
2008,5,TO,High,Low,Low,Medium,Medium,Medium,Medium,Medium,Medium,Medium,Low,Medium
2008,6,TO,Critical,Low,Low,Medium,Medium,Low,Medium,Medium,Low,Low,Low,High
2008,7,TO,Critical,Low,Low,Medium,Medium,Low,Medium,Medium,Low,Low,Medium,High
2008,8,TO,Critical,Low,Low,High,High,Low,Medium,High,Low,Low,Medium,High
2008,9,TO,Critical,Low,Low,High,High,Low,Medium,High,Medium,Low,Medium,High
2008,10,TO,High,Medium,Low,High,High,Medium,Medium,High,Medium,Low,Medium,High
2008,11,TO,Medium,High,Low,Medium,Medium,Medium,Medium,Medium,Medium,Medium,Low,High
2008,12,TO,Medium,Medium,Low,Medium,Medium,Medium,Medium,Medium,High,Medium,Low,High
2009,1,TO,Medium,High,Low,Medium,Medium,Medium,Medium,Medium,Medium,Medium,Low,High
2009,2,TO,Medium,High,Low,Medium,Medium,Medium,Medium,Medium,Medium,Medium,Low,Medium
2009,3,TO,Medium,High,Low,Medium,Medium,Medium,Medium,Medium,High,Medium,Low,High
2009,4,TO,Medium,High,Low,Medium,Medium,Medium,Medium,Medium,Medium,High,Low,Medium
2009,5,TO,High,High,Low,Medium,Medium,Medium,Medium,Medium,Medium,Low,Low,Medium
2009,6,TO,Critical,Medium,Low,Medium,Medium,Medium,Medium,Medium,Low,Medium,Low,High
2009,7,TO,Critical,Low,Low,Medium,High,Low,Low,Medium,Low,Low,Medium,High
2009,8,TO,Critical,Low,Low,High,High,Low,Medium,High,Low,Low,Medium,High
2009,9,TO,Critical,Medium,Low,Medium,High,Medium,Medium,High,Medium,Low,Low,High
2009,10,TO,High,High,Low,Medium,Medium,Medium,Medium,Medium,Medium,Medium,Low,High
2009,11,TO,Medium,High,Low,Medium,Medium,Medium,Medium,Medium,Medium,Medium,Low,Medium
2009,12,TO,Medium,High,Low,Medium,Medium,Medium,Medium,Medium,Medium,Medium,Low,High
2010,1,TO,Medium,High,Low,Medium,Medium,Medium,Medium,Medium,Medium,Medium,Low,Medium
2010,2,TO,Medium,High,Low,Medium,High,Medium,Medium,High,Medium,Medium,Low,Medium
2010,3,TO,Medium,High,Low,Medium,Medium,High,Medium,Medium,High,High,Low,High
2010,4,TO,Medium,Medium,Low,Medium,High,High,Medium,High,High,Medium,Low,High
2010,5,TO,High,Low,Low,Medium,High,High,Medium,High,Medium,Low,Low,High
2010,6,TO,Critical,Low,Low,Medium,High,Low,Low,High,Low,Low,Medium,High
2010,7,TO,Critical,Low,Low,Medium,High,Low,Low,High,Low,Low,High,High
2010,8,TO,Critical,Low,Low,High,High,Low,Medium,High,Low,Low,High,High
2010,9,TO,Critical,Low,Low,High,High,Low,High,High,Medium,Low,High,High
2010,10,TO,High,High,Low,Medium,High,Medium,Medium,High,Medium,Low,Low,High
2010,11,TO,Medium,High,Low,Medium,Medium,Medium,Medium,Medium,Medium,Medium,Low,High
2010,12,TO,Medium,High,Low,Medium,Medium,Medium,Medium,Medium,Medium,Medium,Low,High
2011,1,TO,Medium,High,Low,Medium,Medium,Medium,Medium,Medium,Medium,Medium,Low,Medium
2011,2,TO,Medium,High,Low,Medium,Medium,Medium,Medium,Medium,Medium,Medium,Low,Medium
2011,3,TO,Medium,High,Low,Medium,Medium,Medium,Medium,Medium,Medium,High,Low,High
2011,4,TO,Medium,High,Low,Medium,Medium,Medium,Medium,Medium,Medium,Medium,Low,High
2011,5,TO,High,Low,Low,Medium,High,Medium,Medium,High,Medium,Low,Low,High
2011,6,TO,Critical,Low,Low,Medium,High,Low,Medium,Medium,Low,Low,Low,High
2011,7,TO,Critical,Low,Low,Medium,High,Medium,Medium,High,Medium,Low,Medium,High
2011,8,TO,Critical,Low,Low,High,High,Low,Medium,High,Low,Low,Medium,High
2011,9,TO,Critical,Low,Low,High,High,Low,Medium,High,Low,Low,High,High
2011,10,TO,High,High,Low,Low,Medium,Medium,High,Medium,Low,Low,High,High
2011,11,TO,Medium,High,Low,Low,Medium,Medium,Medium,Medium,Medium,High,High,Low
2011,12,TO,Medium,High,Low,Medium,Medium,Medium,Medium,Medium,Medium,Medium,Low,Medium
2012,1,TO,Medium,High,Low,Medium,Medium,Medium,Medium,Medium,Medium,High,Low,Medium
2012,2,TO,Medium,High,Low,Medium,Medium,Medium,Medium,Medium,Medium,Medium,Low,High
2012,3,TO,Medium,Medium,Low,Medium,Medium,Medium,Medium,Medium,Medium,Medium,Low,Low
2012,4,TO,High,Medium,Low,Medium,Medium,Medium,Medium,Medium,Medium,Medium,Low,High
2012,5,TO,High,Medium,Low,Medium,Medium,Medium,Medium,Medium,Medium,Medium,Low,High
2012,6,TO,Critical,Low,Low,Medium,High,Medium,Medium,Medium,Medium,Low,Low,High
2012,7,TO,Critical,Low,Low,Medium,High,Low,Medium,High,Low,Low,Medium,High
2012,8,TO,Critical,Low,Low,High,High,Low,Medium,High,Low,Low,High,High
2012,9,TO,Critical,Low,Low,Medium,High,Low,High,High,Low,Low,High,High
2012,10,TO,High,Low,Low,High,High,Medium,High,High,Low,Low,High,Medium
2012,11,TO,High,High,Low,Medium,High,Medium,Medium,High,Medium,Medium,Low,Medium
2012,12,TO,Medium,High,Low,Medium,High,Medium,Medium,High,Medium,Medium,Low,High
2013,1,TO,Medium,High,Low,Medium,Medium,Medium,Medium,Medium,Medium,Medium,Low,Medium
2013,2,TO,Medium,High,Low,Medium,Medium,Medium,Medium,Medium,Medium,Medium,Low,Medium
2013,3,TO,Medium,High,Low,Medium,Medium,Medium,Medium,Medium,High,Medium,Low,Medium
2013,4,TO,High,Medium,Low,Medium,High,High,High,High,High,Medium,Low,Low
2013,5,TO,High,Low,Low,Medium,High,Medium,Medium,High,Medium,Medium,Low,Medium
2013,6,TO,Critical,Low,Low,High,High,Medium,Medium,High,Medium,Low,Low,High
2013,7,TO,Critical,Low,Low,Medium,High,Low,Medium,High,Low,Low,Medium,High
2013,8,TO,Critical,Low,Low,Medium,High,Low,Medium,High,Low,Low,Medium,High
2013,9,TO,Critical,Low,Low,High,High,Low,High,High,Low,Low,Medium,High
2013,10,TO,High,Medium,Low,Medium,High,Medium,Medium,High,Medium,Low,Low,High
2013,11,TO,High,High,Low,Medium,Medium,Medium,Medium,Medium,Medium,Medium,Low,Medium
2013,12,TO,Medium,High,Low,Medium,Medium,Medium,Medium,Medium,Medium,Medium,Low,High
2014,1,TO,High,High,Low,Medium,Medium,Medium,Medium,Medium,Medium,Medium,Low,Medium
2014,2,TO,High,High,Low,Medium,Medium,Medium,Medium,Medium,Medium,Medium,Low,High
2014,3,TO,High,High,Low,High,Medium,High,Medium,Medium,High,Medium,Low,Low
2014,4,TO,High,High,Low,Medium,Medium,High,Medium,Medium,High,Medium,Low,Medium
2014,5,TO,Critical,Low,Low,Medium,High,Medium,Medium,High,Medium,Medium,Low,Low
2014,6,TO,Critical,Low,Low,Medium,High,Medium,Medium,High,Medium,Medium,Low,High
2014,7,TO,Critical,Low,Low,Medium,High,Low,Medium,High,Low,Low,Medium,High
2014,8,TO,Critical,Low,Low,High,High,Low,Medium,High,Low,Low,Medium,High
2014,9,TO,Critical,Medium,Low,High,High,Medium,Medium,High,Medium,Low,Medium,High
2014,10,TO,Critical,Medium,Low,High,High,Medium,Medium,High,Medium,Low,Medium,High
2014,11,TO,High,High,Low,Medium,High,Medium,Medium,High,High,Medium,Low,High
2014,12,TO,High,High,Low,Medium,Medium,Medium,Medium,Medium,High,Medium,Low,High
2015,1,TO,High,Medium,Low,Medium,Medium,High,Medium,Medium,High,Medium,Low,Medium
2015,2,TO,High,High,Low,Medium,Medium,High,Medium,Medium,High,Medium,Low,High
2015,3,TO,High,Medium,Low,Medium,Medium,High,Medium,Medium,High,High,Low,Medium
2015,4,TO,High,High,Low,Medium,Medium,High,Medium,Medium,High,High,Low,High
2015,5,TO,Critical,Medium,Low,Medium,High,Medium,Medium,High,Medium,Medium,Low,High
2015,6,TO,Critical,Low,Low,Medium,High,Low,Medium,High,Low,Low,Medium,High
2015,7,TO,Critical,Low,Low,Medium,High,Medium,Medium,High,Low,Low,Medium,High
2015,8,TO,Critical,Low,Low,High,High,Low,Medium,High,Low,Low,High,High
2015,9,TO,Critical,Medium,Low,High,High,Medium,Medium,High,Medium,Low,Low,High
2015,10,TO,Critical,Medium,Low,High,High,Medium,Medium,High,Medium,Low,Low,High
2015,11,TO,High,Low,Low,High,High,Medium,Medium,High,Medium,Medium,Low,Low
2015,12,TO,High,High,Low,Medium,High,Medium,Medium,High,High,Medium,High,Low
2016,1,TO,High,High,Low,Low,Low,Medium,High,Medium,Medium,Medium,High,High
2016,2,TO,High,Low,Low,High,High,Medium,High,High,Medium,Medium,Low,Medium
2016,3,TO,High,High,Low,Medium,High,High,Medium,High,High,Medium,Low,Low
2016,4,TO,High,Medium,Low,Medium,High,High,Medium,High,High,Medium,Low,Medium
2016,5,TO,Critical,Low,Low,Medium,High,Medium,Medium,High,Medium,Medium,Low,High
2016,6,TO,Critical,Low,Low,Medium,High,Medium,Medium,High,Medium,Low,Medium,High
2016,7,TO,Critical,Low,Low,High,High,Low,Medium,High,Low,Low,High,High
2016,8,TO,Critical,Low,Low,High,High,Low,Medium,High,Low,Low,Medium,High
2016,9,TO,Critical,Medium,Low,Medium,High,Medium,Medium,High,Medium,Low,Medium,High
2016,10,TO,Critical,Low,Low,High,High,Medium,Medium,High,Medium,Low,Medium,High
2016,11,TO,High,Medium,Low,Medium,High,High,Medium,High,Medium,Low,Low,Medium
2016,12,TO,High,Low,Low,Medium,High,Medium,Medium,High,Medium,Medium,Low,High
2017,1,TO,High,High,Low,Medium,Medium,Medium,Medium,Medium,High,Medium,Low,High
2017,2,TO,High,High,Low,Medium,Medium,Medium,Medium,Medium,Medium,Medium,Low,High
2017,3,TO,High,High,Low,Medium,Medium,High,Medium,Medium,High,Medium,Low,High
2017,4,TO,High,High,Low,Medium,High,High,Medium,Medium,High,Medium,Low,High
2017,5,TO,Critical,Low,Low,Medium,High,Medium,Medium,High,Medium,Medium,Low,High
2017,6,TO,Critical,Low,Low,Medium,High,Medium,Medium,High,Medium,Low,Medium,High
2017,7,TO,Critical,Low,Low,High,High,Low,Low,Medium,Low,Low,High,High
2017,8,TO,Critical,Low,Low,High,High,Low,Low,High,Low,Low,Medium,High
2017,9,TO,Critical,Low,Low,High,High,Low,High,High,Low,Low,High,High
2017,10,TO,Critical,Low,Low,High,High,Medium,Medium,High,Medium,Low,Medium,High
2017,11,TO,High,High,Low,Medium,High,Medium,Medium,High,Medium,Medium,Low,High
2017,12,TO,High,High,Low,Medium,Medium,High,Medium,Medium,High,Medium,Low,High
2018,1,TO,High,High,Low,Medium,Medium,Medium,Medium,Medium,High,Medium,Low,Medium
2018,2,TO,High,High,Low,Medium,Medium,High,Medium,Medium,Medium,High,Low,High
2018,3,TO,High,Medium,Low,Medium,Medium,High,Medium,Medium,High,High,Low,Low
2018,4,TO,High,High,Low,Medium,Medium,Medium,Medium,Medium,Medium,Medium,Low,Low
2018,5,TO,Critical,Low,Low,Medium,High,Medium,Medium,High,Medium,Medium,Low,High
2018,6,TO,Critical,Low,Low,Medium,High,Low,Low,High,Low,Low,Low,High
2018,7,TO,Critical,Low,Low,High,High,Low,Medium,Medium,Low,Low,Low,High
2018,8,TO,Critical,Low,Low,High,High,Low,Medium,High,Medium,Low,Medium,High
2018,9,TO,Critical,Low,Low,High,High,Medium,Medium,High,Medium,Low,Low,High
2018,10,TO,Critical,High,Low,Medium,High,Medium,Medium,High,Medium,Medium,Low,High
2018,11,TO,High,High,Low,Medium,Medium,Medium,Medium,Medium,High,Medium,Low,High
2018,12,TO,High,High,Low,Medium,Medium,Medium,Medium,Medium,Medium,Medium,Low,Medium
2019,1,TO,Medium,High,Low,Medium,Medium,High,Medium,Medium,High,Medium,Low,High
2019,2,TO,Medium,High,Low,Medium,Medium,Medium,Medium,Medium,High,Medium,Low,High
2019,3,TO,Medium,High,Low,Medium,Medium,High,Medium,Medium,High,Medium,Low,High
2019,4,TO,High,High,Low,Medium,Medium,High,Medium,Medium,High,Medium,Low,High
2019,5,TO,High,Medium,Low,Medium,High,High,Medium,High,High,Medium,Low,Low
2019,6,TO,Critical,Low,Low,Medium,High,Medium,Medium,High,Medium,Low,Medium,High
2019,7,TO,Critical,Low,Low,Medium,High,Low,Medium,High,Low,Low,Medium,High
2019,8,TO,Critical,Low,Low,High,High,Low,Medium,High,Low,Low,High,High
2019,9,TO,Critical,Low,Low,High,High,Low,Medium,High,Low,Low,Medium,High
2019,10,TO,High,Medium,Low,Medium,High,Medium,Medium,High,Medium,Medium,Low,High
2019,11,TO,High,Medium,Low,Medium,High,Medium,Medium,High,Medium,Medium,Low,High
2019,12,TO,Medium,Medium,Low,High,High,Medium,Medium,High,Medium,High,Low,Medium
2020,1,TO,Medium,High,Low,High,Medium,High,Medium,Medium,High,Medium,Low,High
2020,2,TO,Medium,High,Low,High,Medium,High,Medium,Medium,High,Medium,Low,Medium
2020,3,TO,Medium,High,Low,High,Medium,Medium,Medium,Medium,Medium,High,Low,Medium
2020,4,TO,High,High,Low,High,High,High,Medium,High,High,Medium,Low,Medium
2020,5,TO,High,Medium,Low,High,High,High,Medium,High,High,Medium,Low,High
2020,6,TO,Critical,Low,Low,High,High,Medium,Medium,High,Medium,Low,Medium,High
2020,7,TO,Critical,Low,Low,High,High,Low,Medium,High,Low,Low,High,High
2020,8,TO,Critical,Low,Low,High,High,Low,Medium,High,Low,Low,High,High
2020,9,TO,Critical,Low,Low,High,High,Low,Medium,High,Medium,Low,High,High
2020,10,TO,High,Medium,Low,High,High,Medium,Medium,High,Medium,Low,Low,High
2020,11,TO,High,Medium,Low,High,High,Medium,Medium,High,Medium,Medium,Low,High
2020,12,TO,Medium,High,Low,High,High,Medium,Medium,High,Medium,Medium,Low,High
2021,1,TO,Medium,High,Low,High,Medium,Medium,Medium,Medium,Medium,Medium,Low,Medium
2021,2,TO,Medium,High,Low,High,Medium,Medium,Medium,Medium,Medium,High,Low,Medium
2021,3,TO,Medium,High,Low,High,Medium,High,Medium,Medium,Medium,Medium,Low,High
2021,4,TO,High,Medium,Low,High,Medium,Medium,Medium,Medium,Medium,Medium,Low,Medium
2021,5,TO,High,Low,Low,High,High,Medium,Medium,High,Medium,Medium,Low,Medium
2021,6,TO,Critical,Low,Low,High,High,Low,Low,High,Low,Low,Low,High
2021,7,TO,Critical,Low,Low,High,High,Low,Medium,High,Low,Low,Medium,High
2021,8,TO,Critical,Low,Low,High,High,Low,Medium,High,Low,Low,High,High
2021,9,TO,Critical,Low,Low,High,High,Medium,High,High,Medium,Low,Low,High
2021,10,TO,High,Medium,Low,High,High,Medium,Medium,High,High,Medium,Low,High
2021,11,TO,High,Low,Low,High,Medium,Low,High,High,Low,High,Low,Low
2021,12,TO,Medium,Low,Low,High,Low,Low,High,Medium,Low,High,Low,Low
2022,1,TO,Medium,High,Low,High,Medium,Medium,Medium,Medium,Medium,Medium,Low,High
2022,2,TO,Medium,High,Low,High,Medium,High,Medium,Medium,High,High,Low,Medium
2022,3,TO,Medium,High,Low,High,Medium,Medium,Medium,Medium,High,Medium,Low,Low
2022,4,TO,High,Medium,Low,High,High,High,High,High,High,Medium,Low,Medium
2022,5,TO,High,Medium,Low,High,High,Medium,Medium,High,Medium,Medium,Low,Low
2022,6,TO,Critical,High,Low,High,High,Low,High,High,Low,Medium,Medium,Low
2022,7,TO,Critical,Low,Low,High,High,Low,Medium,High,Low,Low,Medium,High
2022,8,TO,Critical,Low,Low,High,High,Low,Medium,High,Low,Low,High,High
2022,9,TO,Critical,Low,Low,High,High,Low,High,High,Low,Low,Medium,High
2022,10,TO,High,Medium,Low,High,High,Medium,Medium,High,Medium,Low,Low,Medium
2022,11,TO,High,High,Low,High,Medium,Medium,Medium,Medium,Medium,Low,Low,High
2022,12,TO,Medium,High,Low,High,Medium,Medium,Medium,Medium,Medium,Medium,Low,High
2023,1,TO,High,High,Low,High,Low,Medium,Medium,Low,Medium,Medium,High,High
2023,2,TO,High,High,Low,High,High,Medium,Medium,High,Medium,Medium,High,Medium
2023,3,TO,High,High,Low,High,Medium,High,Medium,Medium,High,Medium,Low,High
2023,4,TO,High,Medium,Low,High,Medium,High,Medium,Medium,High,Medium,Low,Medium
2023,5,TO,Critical,Low,Low,High,High,High,Medium,High,Medium,Low,Low,Medium
2023,6,TO,Critical,Low,Low,High,High,Low,Medium,High,Low,Low,Low,High
2023,7,TO,Critical,Low,Low,High,High,Low,Medium,High,Low,Low,Medium,High
2023,8,TO,Critical,Low,Low,High,High,Low,Medium,High,Low,Low,Medium,High
2023,9,TO,Critical,Low,Low,High,High,Medium,Medium,High,Medium,Low,Medium,High
2023,10,TO,Critical,Medium,Low,High,High,Medium,Medium,High,Medium,Low,Low,High
2023,11,TO,High,Medium,Low,High,High,Medium,Medium,High,Medium,Medium,Low,High
2023,12,TO,High,Medium,Low,High,High,Medium,Medium,High,Medium,Medium,Low,High
2001,1,RS,Low,Medium,Medium,Low,Medium,Medium,Low,Medium,Medium,Low,Medium,High
2001,2,RS,Low,Medium,Medium,Low,Medium,Medium,Medium,Medium,Medium,Medium,Medium,Medium
2001,3,RS,Low,Medium,Medium,Low,Medium,Medium,Low,Medium,Medium,Medium,Medium,Medium
2001,4,RS,Medium,High,High,Low,Low,Medium,Low,Low,Low,Low,Low,Medium
2001,5,RS,Medium,Low,High,Low,Low,Low,Low,Low,Low,Low,Low,Medium
2001,6,RS,High,Medium,High,Low,Low,Low,Low,Low,Low,Low,Low,High
2001,7,RS,High,High,High,Low,Low,Low,Low,Low,Low,Low,Low,High
2001,8,RS,High,Low,High,Low,Low,Low,Low,Low,Low,Low,Low,Medium
2001,9,RS,High,Medium,High,Low,Low,Low,Low,Low,Low,Low,High,Medium
2001,10,RS,Medium,Low,Medium,Low,Low,Low,Low,Low,Low,Low,High,High
2001,11,RS,Medium,Medium,Medium,Low,Low,Low,Low,Low,Low,Low,High,High
2001,12,RS,Low,Medium,Medium,Low,Low,Medium,Low,Low,Low,Low,High,Medium
2002,1,RS,Low,Medium,Medium,Low,Medium,Medium,Low,Medium,Medium,Low,Medium,Medium
2002,2,RS,Low,Medium,Medium,Low,Low,Medium,Low,Low,Low,Low,Medium,Medium
2002,3,RS,Low,Medium,Medium,Low,Medium,Medium,Medium,Medium,Medium,Medium,Medium,High
2002,4,RS,Medium,Medium,High,Low,Low,Medium,Low,Low,Medium,Low,Medium,Medium
2002,5,RS,Medium,Medium,High,Low,Low,Low,Low,Low,Low,Low,Low,High
2002,6,RS,High,Medium,High,Low,Low,Low,Low,Low,Low,Low,Low,Medium
2002,7,RS,High,Medium,High,Low,Low,Low,Low,Low,Low,Low,Low,High
2002,8,RS,High,Medium,High,Low,Low,Low,Low,Low,Low,Low,Low,Medium
2002,9,RS,High,High,High,Low,Low,Low,Low,Low,Low,Low,Medium,Medium
2002,10,RS,Medium,Medium,Medium,Low,Low,Low,Low,Low,Low,Low,Medium,High
2002,11,RS,Medium,Medium,Medium,Low,Low,Medium,Low,Low,Medium,Low,High,High
2002,12,RS,Low,Medium,Medium,Low,Low,Medium,Low,Low,Medium,Low,Medium,Medium
2003,1,RS,Medium,Medium,Medium,Low,Medium,Medium,Low,Medium,Low,Low,Medium,Medium
2003,2,RS,Medium,High,Medium,Low,Medium,Medium,Low,Medium,Medium,Low,Low,Low
2003,3,RS,Medium,Medium,High,Low,Low,Medium,Low,Low,Medium,Low,Medium,Medium
2003,4,RS,Medium,Medium,High,Low,Low,Low,Low,Low,Low,Low,Medium,Medium
2003,5,RS,High,Low,High,Low,Low,Low,Low,Low,Low,Low,Medium,High
2003,6,RS,High,Medium,High,Low,Low,Low,Low,Low,Low,Low,Low,Medium
2003,7,RS,High,Medium,High,Low,Low,Low,Low,Low,Low,Low,Low,Medium
2003,8,RS,High,Medium,High,Low,Low,Low,Low,Low,Low,Low,Low,Medium
2003,9,RS,High,Low,High,Low,Low,Low,Low,Low,Low,Low,Medium,High
2003,10,RS,High,High,High,Low,Low,Low,Low,Low,Low,Low,Medium,High
2003,11,RS,Medium,Medium,Medium,Low,Low,Low,Low,Low,Low,Low,Medium,High
2003,12,RS,Medium,High,Medium,Low,Low,Low,Low,Low,Low,Low,High,High
2004,1,RS,Medium,Medium,Medium,Low,Medium,Medium,Low,Medium,Medium,Low,Medium,High
2004,2,RS,Medium,Medium,High,Low,Low,Medium,Low,Low,Medium,Low,Medium,Medium
2004,3,RS,Medium,Low,High,Low,Low,Low,Low,Low,Low,Low,Medium,Medium
2004,4,RS,Medium,Low,High,Low,Low,Low,Low,Low,Low,Low,Medium,Medium
2004,5,RS,High,Medium,High,Low,Low,Low,Low,Low,Low,Low,Medium,Medium
2004,6,RS,High,Medium,High,Low,Low,Low,Low,Low,Low,Low,Low,Medium
2004,7,RS,High,Medium,High,Low,Low,Low,Low,Low,Low,Low,Low,Medium
2004,8,RS,High,Medium,High,Low,Low,Low,Low,Low,Low,Low,Low,Low
2004,9,RS,High,Medium,High,Low,Low,Low,Low,Low,Low,Low,Medium,Medium
2004,10,RS,High,Medium,High,Low,Low,Low,Low,Low,Low,Low,Medium,Medium
2004,11,RS,Medium,Medium,Medium,Low,Low,Low,Low,Low,Low,Low,Medium,Medium
2004,12,RS,Medium,Low,Medium,Low,Low,Low,Low,Low,Low,Low,High,Medium
2005,1,RS,Medium,Low,Medium,Low,Medium,Medium,Low,Medium,Medium,Low,Medium,Medium
2005,2,RS,Medium,Low,Medium,Low,Medium,Medium,Low,Low,Low,Low,High,Medium
2005,3,RS,Medium,Medium,High,Low,Low,Low,Low,Low,Low,Low,Medium,Medium
2005,4,RS,Medium,Medium,High,Low,Low,Medium,Low,Low,Medium,Low,Low,Medium
2005,5,RS,High,Medium,High,Low,Low,Low,Low,Low,Low,Low,Low,Low
2005,6,RS,High,Low,High,Low,Low,Low,Low,Low,Low,Low,Low,Low
2005,7,RS,High,Medium,High,Low,Low,Low,Low,Low,Low,Low,Low,Medium
2005,8,RS,High,High,High,Low,Low,Low,Low,Low,Low,Low,Medium,Medium
2005,9,RS,High,Medium,High,Low,Low,Low,Low,Low,Low,Low,High,High
2005,10,RS,High,High,High,Low,Low,Low,Low,Low,Low,Low,Medium,High
2005,11,RS,Medium,Medium,High,Low,Low,Low,Low,Low,Low,Low,Medium,Medium
2005,12,RS,Medium,Medium,Medium,Low,Low,Low,Low,Low,Low,Low,High,Medium
2006,1,RS,Low,Medium,Medium,Low,Medium,Medium,Low,Medium,High,Medium,Medium,High
2006,2,RS,Low,Medium,Medium,Low,Low,Medium,Low,Low,Medium,Low,Medium,Low
2006,3,RS,Low,Medium,Medium,Low,Low,High,Low,Low,High,Low,Medium,Low
2006,4,RS,Medium,Low,High,Low,Low,Medium,Low,Low,Medium,Low,Low,Low
2006,5,RS,Medium,High,High,Low,Low,Low,Low,Low,Low,Low,Medium,Low
2006,6,RS,High,Medium,High,Low,Low,Low,Low,Low,Low,Low,Low,Medium
2006,7,RS,High,Medium,High,Low,Low,Low,Low,Low,Low,Low,Low,Medium
2006,8,RS,High,Medium,High,Low,Low,Low,Low,Low,Low,Low,Medium,Medium
2006,9,RS,High,Medium,High,Low,Low,Low,Low,Low,Low,Low,Medium,High
2006,10,RS,Medium,Low,High,Low,Low,Low,Low,Low,Low,Low,Medium,Medium
2006,11,RS,Medium,Medium,High,Low,Low,Low,Low,Low,Low,Low,High,Medium
2006,12,RS,Low,Medium,Medium,Low,Medium,Medium,Low,Medium,Medium,Low,Medium,Medium
2007,1,RS,Low,Medium,Medium,Low,Medium,Medium,Low,Medium,Medium,Low,Medium,Medium
2007,2,RS,Low,Medium,Medium,Low,Medium,Medium,Low,Medium,Medium,Low,Medium,Medium
2007,3,RS,Low,Medium,Medium,Low,Medium,Medium,Medium,Medium,Medium,Medium,Medium,Medium
2007,4,RS,Medium,Low,High,Low,Low,Medium,Low,Low,Medium,Low,Low,Medium
2007,5,RS,Medium,Medium,High,Low,Low,Low,Low,Low,Low,Low,Low,Low
2007,6,RS,High,High,High,Low,Low,Low,Low,Low,Low,Low,Low,Low
2007,7,RS,High,High,High,Low,Low,Low,Low,Low,Low,Low,Medium,Medium
2007,8,RS,High,Medium,High,Low,Low,Low,Low,Low,Low,Low,High,Medium
2007,9,RS,High,High,High,Low,Low,Low,Low,Low,Low,Low,Medium,High
2007,10,RS,Medium,Medium,High,Low,Low,Medium,Low,Low,Low,Low,Medium,Medium
2007,11,RS,Medium,Medium,Medium,Low,Low,Low,Low,Low,Low,Low,Medium,Medium
2007,12,RS,Low,Medium,Medium,Low,Low,Medium,Low,Low,Medium,Low,Medium,Medium
2008,1,RS,Low,Medium,Medium,Low,Medium,Medium,Low,Low,Low,Low,Medium,High
2008,2,RS,Low,Medium,Medium,Low,Low,Low,Low,Low,Low,Low,Medium,Low
2008,3,RS,Low,Medium,Medium,Low,Low,Low,Low,Low,Low,Medium,Medium,Low
2008,4,RS,Medium,Medium,Medium,Low,Low,Low,Low,Low,Low,Low,Low,Medium
2008,5,RS,Medium,High,High,Low,Low,Low,Low,Low,Low,Low,Low,High
2008,6,RS,High,Medium,High,Low,Low,Low,Low,Low,Low,Low,Low,High
2008,7,RS,High,Medium,High,Low,Low,Low,Low,Low,Low,Low,Low,Medium
2008,8,RS,High,Medium,High,Low,Low,Low,Low,Low,Low,Low,Medium,Medium
2008,9,RS,High,Medium,High,Low,Low,Low,Low,Low,Low,Low,High,Medium
2008,10,RS,Medium,High,High,Low,Low,Low,Low,Low,Low,Low,Medium,Medium
2008,11,RS,Medium,Low,High,Low,Low,Low,Low,Low,Low,Low,High,Medium
2008,12,RS,Low,Medium,Medium,Low,Low,Medium,Low,Low,Low,Low,High,Medium
2009,1,RS,Low,High,Medium,Low,Low,Medium,Low,Low,Low,Low,Medium,Medium
2009,2,RS,Low,Medium,Medium,Low,Medium,Medium,Low,Medium,Medium,Low,Medium,Medium
2009,3,RS,Low,Medium,Medium,Low,Low,Medium,Low,Low,Medium,Low,Medium,Medium
2009,4,RS,Low,Low,High,Low,Low,Low,Low,Low,Low,Low,Low,Low
2009,5,RS,Medium,Medium,High,Low,Low,Low,Low,Low,Low,Low,Low,Medium
2009,6,RS,High,Medium,High,Low,Low,Low,Low,Low,Low,Low,Low,Medium
2009,7,RS,High,Medium,High,Low,Low,Low,Low,Low,Low,Low,Low,Medium
2009,8,RS,High,High,High,Low,Low,Low,Low,Low,Low,Low,Medium,Medium
2009,9,RS,High,High,High,Low,Low,Low,Low,Low,Low,Low,High,High
2009,10,RS,Medium,Medium,High,Low,Low,Low,Low,Low,Low,Low,Medium,High
2009,11,RS,Low,High,Medium,Low,Low,Medium,Low,Low,Medium,Medium,Medium,High
2009,12,RS,Low,Medium,Medium,Low,Low,Medium,Low,Low,Medium,Low,Medium,Medium
2010,1,RS,Low,High,Medium,Low,Medium,High,Low,Medium,High,Low,Medium,Low
2010,2,RS,Low,Medium,Medium,Low,Medium,High,Low,Medium,High,Low,Medium,Medium
2010,3,RS,Low,Medium,Medium,Low,Low,Medium,Low,Low,Medium,Low,Medium,Low
2010,4,RS,Medium,Medium,High,Low,Low,Low,Low,Low,Low,Low,Low,Medium
2010,5,RS,Medium,Medium,High,Low,Low,Low,Low,Low,Low,Low,Medium,Medium
2010,6,RS,High,High,High,Low,Low,Low,Low,Low,Low,Low,Low,Low
2010,7,RS,High,High,High,Low,Low,Low,Low,Low,Low,Low,Low,High
2010,8,RS,High,Medium,High,Low,Low,Low,Low,Low,Low,Low,Low,Medium
2010,9,RS,High,High,High,Low,Low,Low,Low,Low,Low,Low,Medium,High
2010,10,RS,Medium,Medium,High,Low,Low,Low,Low,Low,Low,Low,Medium,High
2010,11,RS,Medium,Medium,Medium,Low,Low,Low,Low,Low,Low,Low,Medium,Medium
2010,12,RS,Low,Medium,Medium,Low,Low,Medium,Low,Low,Medium,Low,High,Medium
2011,1,RS,Low,Medium,Medium,Low,Medium,Medium,Medium,Medium,Medium,Medium,Medium,Medium
2011,2,RS,Low,Medium,Medium,Low,Medium,High,Medium,Medium,Medium,Medium,Medium,Low
2011,3,RS,Low,Medium,High,Low,Low,Medium,Low,Low,Medium,Low,Medium,Medium
2011,4,RS,Medium,High,High,Low,Low,Low,Low,Low,Low,Low,Low,High
2011,5,RS,Medium,Medium,High,Low,Low,Low,Low,Low,Low,Low,Low,Low
2011,6,RS,High,Medium,High,Low,Low,Low,Low,Low,Low,Low,Low,High
2011,7,RS,High,High,High,Low,Low,Low,Low,Low,Low,Low,Low,Medium
2011,8,RS,High,Medium,High,Low,Low,Low,Low,Low,Low,Low,High,High
2011,9,RS,High,Medium,High,Low,Low,Low,Low,Low,Low,Low,Medium,Medium
2011,10,RS,Medium,Medium,Medium,Low,Low,Low,Low,Low,Low,Low,Medium,Medium
2011,11,RS,Medium,Low,High,Low,Low,Low,Low,Low,Low,Low,High,Medium
2011,12,RS,Low,Low,Medium,Low,Low,Medium,Low,Low,Medium,Low,Medium,Medium
2012,1,RS,Medium,Medium,Medium,Low,Low,High,Low,Low,Medium,Low,Medium,Medium
2012,2,RS,Medium,High,Medium,Low,Medium,Medium,Medium,Medium,Medium,Low,Medium,Medium
2012,3,RS,Medium,Medium,High,Low,Low,Medium,Low,Low,Medium,Low,Low,Low
2012,4,RS,Medium,Medium,High,Low,Low,Low,Low,Low,Low,Low,Low,Medium
2012,5,RS,High,Low,High,Low,Low,Low,Low,Low,Low,Low,Low,Low
2012,6,RS,High,Low,High,Low,Low,Low,Low,Low,Low,Low,Low,Low
2012,7,RS,Critical,Medium,High,Low,Low,Low,Low,Low,Low,Low,Low,Medium
2012,8,RS,Critical,Medium,High,Low,Low,Low,Low,Low,Low,Low,Low,Low
2012,9,RS,High,High,High,Low,Low,Low,Low,Low,Low,Low,High,High
2012,10,RS,High,Medium,Medium,Low,Low,Medium,Low,Low,Medium,Low,Medium,High
2012,11,RS,Medium,Low,Medium,Low,Low,Low,Low,Low,Low,Low,Medium,Medium
2012,12,RS,Medium,High,Medium,Low,Medium,Medium,Low,Medium,Medium,Low,Medium,High
2013,1,RS,Medium,Medium,Medium,Low,Low,Medium,Low,Low,Medium,Low,Medium,Medium
2013,2,RS,Medium,Medium,Medium,Low,Medium,Medium,Low,Low,Medium,Low,Medium,Medium
2013,3,RS,Medium,Medium,High,Low,Low,Medium,Low,Low,Low,Low,Medium,Medium
2013,4,RS,Medium,Medium,High,Low,Low,Low,Low,Low,Low,Low,Low,Medium
2013,5,RS,High,Medium,High,Low,Low,Medium,Low,Low,Medium,Low,Low,Low
2013,6,RS,High,Medium,High,Low,Low,Low,Low,Low,Low,Low,Low,Medium
2013,7,RS,High,Medium,High,Low,Low,Low,Low,Low,Low,Low,Low,Low
2013,8,RS,High,High,High,Low,Low,Low,Low,Low,Low,Low,Medium,Medium
2013,9,RS,High,Medium,High,Low,Low,Low,Low,Low,Low,Low,Medium,Medium
2013,10,RS,High,Medium,High,Low,Low,Low,Low,Low,Low,Low,Medium,Medium
2013,11,RS,Medium,High,Medium,Low,Low,Medium,Low,Low,Medium,Low,High,Low
2013,12,RS,Medium,Medium,Medium,Low,Medium,Medium,Low,Medium,Medium,Low,Medium,Medium
2014,1,RS,Medium,Medium,Medium,Low,Medium,High,Medium,Medium,High,Low,Medium,Medium
2014,2,RS,Medium,Medium,Medium,Low,Medium,High,Low,Medium,High,Medium,Medium,Medium
2014,3,RS,Medium,Medium,Medium,Low,Low,Medium,Low,Low,Medium,Low,Medium,Medium
2014,4,RS,Medium,Medium,High,Low,Low,Medium,Low,Low,Medium,Low,Medium,Medium
2014,5,RS,High,Medium,High,Low,Low,Low,Low,Low,Low,Low,Low,Medium
2014,6,RS,High,High,High,Low,Low,Low,Low,Low,Low,Low,Low,Low
2014,7,RS,High,High,High,Low,Low,Low,Low,Low,Low,Low,Low,Low
2014,8,RS,High,Medium,High,Low,Low,Low,Low,Low,Low,Low,Low,Low
2014,9,RS,High,High,High,Low,Low,Low,Low,Low,Low,Low,Medium,Low
2014,10,RS,High,High,High,Low,Low,Low,Low,Low,Low,Low,Medium,Medium
2014,11,RS,Medium,Medium,Medium,Low,Low,Medium,Low,Low,Medium,Low,Medium,Low
2014,12,RS,Medium,High,Medium,Low,Low,Medium,Low,Low,Medium,Low,Medium,Medium
2015,1,RS,Medium,Medium,Medium,Low,Medium,High,Medium,Medium,High,Low,Medium,Low
2015,2,RS,Medium,Medium,Medium,Low,Medium,Medium,Medium,Medium,Medium,Medium,Medium,Low
2015,3,RS,Medium,Medium,High,Low,Low,High,Low,Low,High,Low,Medium,Low
2015,4,RS,Medium,Medium,High,Low,Low,Low,Low,Low,Low,Low,Low,Medium
2015,5,RS,High,Medium,High,Low,Low,Low,Low,Low,Low,Low,Low,Medium
2015,6,RS,High,High,High,Low,Low,Low,Low,Low,Low,Low,Low,Low
2015,7,RS,High,High,High,Low,Low,Low,Low,Low,Low,Low,Low,Low
2015,8,RS,High,Medium,High,Low,Low,Medium,Low,Low,Low,Low,Medium,Medium
2015,9,RS,High,High,High,Low,Low,Low,Low,Low,Low,Low,Medium,Low
2015,10,RS,High,High,High,Low,Low,Low,Low,Low,Low,Low,Medium,Medium
2015,11,RS,Medium,Medium,Medium,Low,Low,Medium,Low,Low,Medium,Low,High,Medium
2015,12,RS,Medium,Medium,Medium,Low,Low,High,Low,Low,High,Low,Medium,Medium
2016,1,RS,Medium,Medium,Medium,Low,Medium,Medium,Medium,Medium,Medium,Low,Medium,Medium
2016,2,RS,Medium,Medium,Medium,Low,Medium,High,Low,Medium,High,Medium,Medium,Medium
2016,3,RS,Medium,High,High,Low,Low,Medium,Low,Low,Medium,Low,Medium,Medium
2016,4,RS,Medium,High,High,Low,Low,High,Low,Low,Medium,Low,Medium,Medium
2016,5,RS,High,Medium,High,Low,Low,Low,Low,Low,Low,Low,Low,Low
2016,6,RS,High,Low,High,Low,Low,Low,Low,Low,Low,Low,Low,Medium
2016,7,RS,Critical,Medium,High,Low,Low,Low,Low,Low,Low,Low,Low,Medium
2016,8,RS,Critical,Medium,High,Low,Low,Low,Low,Low,Low,Low,Low,Low
2016,9,RS,High,Medium,High,Low,Low,Low,Low,Low,Low,Low,Medium,High
2016,10,RS,High,High,High,Low,Low,Medium,Low,Low,Low,Low,High,High
2016,11,RS,Medium,Medium,Medium,Low,Low,Medium,Low,Low,Medium,Low,Medium,Medium
2016,12,RS,Medium,Medium,Medium,Low,Medium,High,Low,Low,High,Low,Medium,Medium
2017,1,RS,Medium,High,Medium,Low,Medium,High,Low,Medium,High,Medium,Medium,Low
2017,2,RS,Medium,Low,Medium,Low,Medium,High,Medium,Medium,High,Medium,Low,Medium
2017,3,RS,Medium,Medium,High,Low,Low,Medium,Low,Low,Medium,Low,Medium,Low
2017,4,RS,Medium,Medium,High,Low,Low,Medium,Low,Low,Medium,Low,Medium,Medium
2017,5,RS,High,High,High,Low,Low,Low,Low,Low,Low,Low,Low,Medium
2017,6,RS,Critical,High,High,Low,Low,Low,Low,Low,Low,Low,Low,Medium
2017,7,RS,Critical,Low,High,Low,Low,Low,Low,Low,Low,Low,Low,Low
2017,8,RS,Critical,Medium,High,Low,Low,Low,Low,Low,Low,Low,Medium,Low
2017,9,RS,Critical,High,High,Low,Low,Medium,Low,Low,Medium,Low,Medium,Medium
2017,10,RS,High,High,Medium,Low,Low,Low,Low,Low,Low,Low,Medium,Low
2017,11,RS,Medium,Medium,Medium,Low,Low,Low,Low,Low,Low,Low,High,High
2017,12,RS,Medium,Medium,Medium,Low,Low,High,Low,Low,High,Low,High,Medium
2018,1,RS,Medium,Medium,Medium,Low,Medium,Medium,Low,Medium,High,Medium,Medium,Medium
2018,2,RS,Medium,Medium,Medium,Low,Low,Medium,Low,Low,Medium,Low,Medium,Medium
2018,3,RS,Medium,Medium,Medium,Low,Low,Medium,Low,Low,Medium,Low,Medium,Low
2018,4,RS,Medium,Medium,High,Low,Low,Medium,Low,Low,Medium,Medium,Low,Low
2018,5,RS,High,Medium,High,Low,Low,Low,Low,Low,Medium,Low,Low,Medium
2018,6,RS,High,Medium,High,Low,Low,Low,Low,Low,Low,Low,Low,High
2018,7,RS,High,High,High,Low,Low,Low,Low,Low,Low,Low,Medium,High
2018,8,RS,High,Medium,High,Low,Low,Low,Low,Low,Low,Low,Medium,Medium
2018,9,RS,High,Medium,High,Low,Low,Medium,Low,Low,Medium,Low,High,Medium
2018,10,RS,High,Medium,High,Low,Low,Low,Low,Low,Low,Low,Medium,Medium
2018,11,RS,Medium,Medium,Medium,Low,Low,Medium,Low,Low,Medium,Low,Medium,Medium
2018,12,RS,Medium,Medium,Medium,Low,Low,High,Low,Low,High,Low,Medium,Medium
2019,1,RS,Medium,Medium,Medium,Low,Medium,High,Medium,Medium,High,Medium,Medium,High
2019,2,RS,Medium,Medium,Medium,Low,Medium,High,Low,Medium,High,Medium,Medium,Low
2019,3,RS,Medium,Medium,High,Low,Low,Medium,Low,Low,Medium,Low,Medium,Medium
2019,4,RS,Medium,High,High,Low,Low,Medium,Low,Low,Medium,Medium,Low,Low
2019,5,RS,High,High,High,Low,Low,Medium,Low,Low,Medium,Low,Low,Medium
2019,6,RS,High,Medium,High,Low,Low,Low,Low,Low,Low,Low,Low,Medium
2019,7,RS,High,Medium,High,Low,Low,Low,Low,Low,Low,Low,Low,Medium
2019,8,RS,High,Medium,High,Low,Low,Low,Low,Low,Low,Low,Medium,Low
2019,9,RS,High,Medium,High,Low,Low,Low,Low,Low,Low,Low,Medium,Low
2019,10,RS,High,High,High,Low,Low,Low,Low,Low,Low,Low,Medium,Medium
2019,11,RS,Medium,Medium,Medium,Low,Low,Low,Low,Low,Medium,Low,Medium,Low
2019,12,RS,Medium,Low,Medium,Low,Medium,Medium,Low,Medium,Medium,Low,Medium,Medium
2020,1,RS,Medium,Medium,Medium,High,Medium,Medium,Low,Medium,Medium,Low,Medium,Medium
2020,2,RS,Medium,Medium,Medium,High,Medium,Medium,Low,Medium,Medium,Low,Medium,Low
2020,3,RS,Medium,Low,High,High,Medium,Medium,Low,Medium,Medium,Low,Medium,Low
2020,4,RS,Medium,Low,High,Medium,Low,Low,Low,Low,Low,Low,Medium,Low
2020,5,RS,High,Medium,High,Low,Low,Low,Low,Low,Low,Low,Low,Medium
2020,6,RS,High,High,High,Low,Low,Low,Low,Low,Low,Low,Low,Low
2020,7,RS,Critical,High,High,Low,Low,Low,Low,Low,Low,Low,Low,Medium
2020,8,RS,Critical,Medium,High,Low,Low,Low,Low,Low,Low,Low,Low,Low
2020,9,RS,High,High,High,Low,Low,Low,Low,Low,Low,Low,Medium,Low
2020,10,RS,High,Medium,High,Medium,Low,Low,Low,Low,Low,Low,Medium,Low
2020,11,RS,Medium,Medium,High,High,Low,Medium,Low,Low,Low,Low,Medium,Low
2020,12,RS,Medium,Medium,Medium,High,Low,Medium,Low,Low,Medium,Low,High,Low
2021,1,RS,Medium,Medium,Medium,High,Medium,Medium,Low,Medium,Medium,Low,Medium,Medium
2021,2,RS,Medium,Low,Medium,High,Medium,Medium,Medium,Medium,High,Low,Medium,Low
2021,3,RS,Medium,Medium,Medium,Medium,Low,Medium,Low,Low,Medium,Medium,Medium,Medium
2021,4,RS,Medium,Low,High,Medium,Low,Low,Low,Low,Low,Low,Medium,Low
2021,5,RS,High,High,High,Low,Low,Low,Low,Low,Low,Low,Low,Low
2021,6,RS,High,High,High,Low,Low,Low,Low,Low,Low,Low,Medium,Low
2021,7,RS,Critical,Low,High,Low,Low,Low,Low,Low,Low,Low,Low,Medium
2021,8,RS,Critical,Medium,High,Low,Low,Low,Low,Low,Low,Low,Medium,Low
2021,9,RS,High,High,High,Medium,Low,Low,Low,Low,Low,Low,Medium,Low
2021,10,RS,High,Medium,High,High,Low,Low,Low,Low,Low,Low,Medium,Low
2021,11,RS,Medium,Medium,Medium,High,Low,Low,Low,Low,Low,Low,Medium,Medium
2021,12,RS,Medium,Medium,Medium,High,Low,Medium,Low,Low,Medium,Low,High,Low
2022,1,RS,Medium,High,Medium,High,Medium,High,Low,Medium,High,Medium,Medium,Low
2022,2,RS,Medium,Low,Medium,High,Medium,Medium,Medium,Medium,Medium,Low,Medium,Low
2022,3,RS,Medium,High,Medium,Medium,Low,Medium,Low,Low,High,Low,Medium,Medium
2022,4,RS,Medium,Medium,High,Low,Low,Low,Low,Low,Low,Low,Low,Low
2022,5,RS,High,Medium,High,Low,Low,Low,Low,Low,Low,Low,Low,Low
2022,6,RS,High,Medium,High,Low,Low,Low,Low,Low,Low,Low,Low,Low
2022,7,RS,Critical,Medium,High,Low,Low,Low,Low,Low,Low,Low,Low,Low
2022,8,RS,Critical,Medium,High,Low,Low,Low,Low,Low,Low,Low,Medium,Low
2022,9,RS,High,Medium,High,Medium,Low,Low,Low,Low,Low,Low,Medium,Medium
2022,10,RS,High,Medium,High,Medium,Low,Low,Low,Low,Low,Low,Medium,Low
2022,11,RS,Medium,Medium,High,High,Low,Low,Low,Low,Low,Low,Medium,Low
2022,12,RS,Medium,Medium,Medium,High,Low,Medium,Low,Low,Medium,Low,High,Low
2023,1,RS,Medium,Medium,Medium,High,Medium,Medium,Medium,Medium,Medium,Low,Medium,Low
2023,2,RS,Medium,Medium,Medium,High,Medium,Medium,Low,Medium,Medium,Low,Medium,Low
2023,3,RS,Medium,Medium,Medium,Medium,Medium,Medium,Medium,Medium,High,Medium,Medium,Low
2023,4,RS,Medium,Low,High,Medium,Low,Low,Low,Low,Low,Low,Low,Low
2023,5,RS,High,Medium,High,Low,Low,Medium,Low,Low,Medium,Low,Low,Low
2023,6,RS,High,High,High,Low,Low,Low,Low,Low,Low,Low,Low,Medium
2023,7,RS,High,High,High,Low,Low,Low,Low,Low,Low,Low,Low,Medium
2023,8,RS,High,Medium,High,Medium,Low,Low,Low,Low,Low,Low,Low,Medium
2023,9,RS,High,High,High,Low,Low,Low,Low,Low,Low,Low,Medium,Medium
2023,10,RS,High,Medium,Medium,Medium,Low,Low,Low,Low,Low,Low,Medium,Low
2023,11,RS,Medium,High,Medium,Medium,Low,Medium,Low,Low,Medium,Low,Medium,Low
2023,12,RS,Medium,Medium,Medium,High,Medium,High,Low,Medium,High,Low,Medium,Low
2007,7,RO,Critical,Low,Medium,Medium,Medium,Medium,Low,Medium,Medium,Low,Low,Medium
2007,8,RO,Critical,Low,Medium,Medium,Medium,Medium,Low,Medium,High,Low,Low,Low
2007,9,RO,Critical,Low,Medium,Medium,High,Medium,Medium,High,Medium,Medium,Low,Medium
2007,10,RO,Critical,High,Medium,Medium,Medium,High,Medium,Medium,Medium,Medium,Low,High
2007,11,RO,High,High,Medium,Medium,Medium,High,Medium,Medium,High,High,Low,High
2007,12,RO,High,High,Medium,Medium,Medium,High,Medium,Medium,High,High,Low,High
2008,1,RO,High,High,Medium,Medium,Medium,High,Medium,Medium,Medium,High,Low,Medium
2008,2,RO,High,High,Medium,Medium,Medium,Medium,Medium,Medium,High,High,High,Medium
2008,3,RO,High,High,Medium,Medium,Medium,High,Medium,Medium,High,High,High,Low
2008,4,RO,High,High,Medium,Medium,Medium,High,Medium,Medium,High,High,High,Low
2008,5,RO,Critical,High,Medium,Medium,Medium,High,Low,Medium,High,Medium,High,Low
2008,6,RO,Critical,Low,Medium,Medium,Medium,Medium,Low,Low,Medium,Medium,High,Low
2008,7,RO,Critical,Low,Medium,Medium,Medium,Medium,Low,Medium,Medium,Low,High,Low
2008,8,RO,Critical,Low,Medium,Medium,High,Medium,Medium,High,High,Low,Medium,Low
2008,9,RO,Critical,Medium,Medium,Medium,High,Medium,Medium,Medium,Medium,Medium,Low,High
2008,10,RO,Critical,Medium,Medium,High,High,Medium,Medium,High,Medium,Medium,Low,High
2008,11,RO,High,High,Medium,Medium,Medium,High,Medium,Medium,High,High,Low,High
2008,12,RO,High,High,Medium,Medium,Medium,High,Medium,Medium,High,High,Low,Medium
2009,1,RO,Medium,High,Medium,Medium,Medium,High,Medium,Medium,High,High,Low,Medium
2009,2,RO,Medium,High,Medium,Low,Medium,High,High,Medium,High,High,Low,Medium
2009,3,RO,Medium,High,Medium,Medium,Medium,High,Medium,Medium,High,High,Low,High
2009,4,RO,High,High,Medium,Medium,Medium,High,Medium,Medium,High,High,Low,Low
2009,5,RO,High,High,Medium,Medium,Medium,High,Medium,Medium,High,High,Low,Medium
2009,6,RO,Critical,Medium,Medium,Medium,Medium,High,Low,Medium,High,Medium,Low,High
2009,7,RO,Critical,Low,Medium,Medium,Medium,Medium,Low,Medium,Medium,Medium,Low,High
2009,8,RO,Critical,Medium,Medium,Medium,Medium,High,Medium,Medium,High,Medium,Low,High
2009,9,RO,Critical,Medium,Medium,High,High,High,Low,Medium,High,Medium,Medium,High
2009,10,RO,High,High,Medium,High,High,High,Medium,High,High,Medium,Low,Medium
2009,11,RO,High,High,Medium,Medium,Medium,High,Medium,Medium,High,High,Low,High
2009,12,RO,Medium,High,Medium,Medium,Medium,High,High,Medium,High,High,Low,Medium
2010,1,RO,High,Low,Medium,Medium,Medium,High,High,Medium,High,High,Medium,Medium
2010,2,RO,High,Medium,Medium,Medium,Medium,High,High,Medium,High,High,High,Low
2010,3,RO,High,High,Medium,Medium,High,High,High,High,High,High,High,Low
2010,4,RO,High,Medium,Medium,Medium,High,High,Medium,High,High,Medium,High,Low
2010,5,RO,Critical,Medium,Medium,Medium,Medium,High,Low,Medium,High,Low,High,Low
2010,6,RO,Critical,Low,Medium,Medium,Medium,High,Medium,Medium,High,Medium,High,Low
2010,7,RO,Critical,Low,Medium,Medium,Medium,Medium,Low,Medium,Medium,Low,Medium,Low
2010,8,RO,Critical,Low,Medium,High,High,Medium,Low,High,High,Low,Medium,Low
2010,9,RO,Critical,Low,Medium,High,High,Medium,Medium,High,Medium,Medium,Low,Low
2010,10,RO,Critical,Low,Medium,High,High,Medium,High,High,Medium,Medium,Low,Low
2010,11,RO,High,Low,Medium,High,High,High,High,High,High,High,Low,Low
2010,12,RO,High,High,Medium,Medium,Medium,High,Medium,Medium,High,High,Low,High
2011,1,RO,High,High,Medium,Medium,Medium,High,Medium,Medium,High,High,Low,Low
2011,2,RO,High,High,Medium,Medium,Medium,Medium,Medium,Medium,High,High,Low,Low
2011,3,RO,High,High,Medium,Medium,Medium,High,Medium,Medium,High,High,Low,Low
2011,4,RO,High,High,Medium,Medium,Medium,High,Medium,Medium,High,High,Low,Low
2011,5,RO,Critical,Medium,Medium,Medium,Medium,High,Medium,Medium,High,Medium,Low,Low
2011,6,RO,Critical,Low,Medium,Low,Low,Low,Medium,Low,Low,High,Low,Low
2011,7,RO,Critical,Low,Medium,High,Low,Low,Medium,Low,Low,High,Low,Low
2011,8,RO,Critical,Low,Medium,High,Medium,Low,High,Medium,Low,High,Low,Low
2011,9,RO,Critical,Low,Medium,High,High,Medium,High,High,Medium,High,Low,Low
2011,10,RO,Critical,Low,Medium,High,High,Medium,High,High,Medium,High,Low,Low
2011,11,RO,High,Medium,Medium,Medium,Medium,High,Medium,Medium,High,High,Low,High
2011,12,RO,High,High,Medium,Medium,Medium,Medium,Medium,Medium,High,High,Low,Medium
2012,1,RO,High,High,Medium,Medium,Medium,High,Medium,Medium,High,High,Low,High
2012,2,RO,High,High,Medium,Medium,Medium,High,Medium,Medium,Medium,High,Low,Low
2012,3,RO,High,High,Medium,Medium,Medium,High,Medium,Medium,High,High,Low,Low
2012,4,RO,High,Medium,Medium,Medium,Medium,High,Medium,Medium,High,High,Low,Low
2012,5,RO,Critical,Medium,Medium,Medium,Medium,Medium,Medium,Medium,High,Medium,Low,Low
2012,6,RO,Critical,Medium,Medium,Medium,Medium,High,Low,Medium,High,Medium,Low,Low
2012,7,RO,Critical,Low,Medium,Medium,Medium,Medium,Low,Medium,Medium,Medium,Low,Low
2012,8,RO,Critical,Low,Medium,High,Medium,Medium,Low,Medium,Medium,Low,Low,Low
2012,9,RO,Critical,Medium,Medium,High,High,Medium,Medium,High,High,Medium,Low,High
2012,10,RO,Critical,Medium,Medium,Medium,High,High,Medium,Medium,High,Medium,Low,Medium
2012,11,RO,High,High,Medium,Medium,Medium,High,Medium,Medium,High,High,Low,Medium
2012,12,RO,High,High,Medium,Low,Medium,Medium,High,Medium,High,High,Low,Low
2013,1,RO,Medium,High,Medium,Low,High,Medium,High,Low,Medium,High,Low,Low
2013,2,RO,Medium,High,Low,Medium,Medium,High,Medium,Medium,High,High,Low,High
2013,3,RO,Medium,High,Medium,High,Medium,High,Medium,Medium,High,High,Low,Medium
2013,4,RO,High,High,Medium,High,Medium,High,Medium,Medium,High,High,Low,High
2013,5,RO,High,Medium,Medium,Medium,Medium,High,Medium,Medium,High,High,Low,Medium
2013,6,RO,Critical,Medium,Medium,Medium,Medium,High,Medium,Medium,High,High,High,High
2013,7,RO,Critical,Medium,Medium,Medium,Medium,Medium,Low,Low,High,Low,High,Low
2013,8,RO,Critical,Low,Medium,High,Medium,Medium,Low,Medium,Medium,Low,High,Low
2013,9,RO,Critical,Medium,Low,High,Medium,Medium,Medium,Medium,Medium,Medium,High,Low
2013,10,RO,High,High,Low,Medium,Medium,High,Medium,Medium,Medium,High,High,Low
2013,11,RO,High,High,Low,High,High,Medium,High,High,Medium,High,High,Low
2013,12,RO,Medium,High,Low,Medium,Medium,High,Medium,Medium,High,High,Medium,Medium
2014,1,RO,High,High,Low,Medium,Medium,High,Medium,Medium,High,High,Low,High
2014,2,RO,High,High,Low,Medium,Medium,High,Medium,Medium,High,High,Low,Medium
2014,3,RO,High,High,Low,Medium,Medium,High,Medium,Medium,High,High,Low,High
2014,4,RO,High,Medium,Low,Medium,Medium,High,Medium,Medium,High,High,Low,High
2014,5,RO,Critical,High,Low,Medium,Medium,High,Low,Medium,High,Medium,Low,Medium
2014,6,RO,Critical,Low,Low,Medium,Medium,High,Low,Medium,High,Medium,Low,Low
2014,7,RO,Critical,Low,Medium,Medium,Medium,High,Medium,Medium,Medium,Medium,Low,Medium
2014,8,RO,Critical,Medium,Medium,Medium,Medium,Medium,Low,Medium,Medium,Low,Low,Medium
2014,9,RO,Critical,Medium,Medium,High,High,Medium,Medium,High,High,Medium,Low,Medium
2014,10,RO,Critical,High,Low,High,Medium,High,Medium,Medium,High,Medium,Low,High
2014,11,RO,High,High,Low,Medium,Medium,High,High,Medium,High,Medium,Low,Medium
2014,12,RO,High,Medium,Low,High,High,High,High,High,High,High,Low,Low
2015,1,RO,High,Low,Medium,High,High,High,High,High,High,High,Medium,Low
2015,2,RO,High,Medium,Low,High,High,High,Medium,High,High,High,Medium,High
2015,3,RO,High,High,Low,Medium,Medium,High,High,Medium,High,High,Low,Medium
2015,4,RO,High,High,Low,Medium,Medium,High,High,Medium,High,High,Low,Medium
2015,5,RO,Critical,High,Low,Medium,Medium,High,Medium,Medium,High,High,Low,Low
2015,6,RO,Critical,Low,Medium,Medium,Medium,High,Low,Medium,High,Medium,Low,Low
2015,7,RO,Critical,Low,Medium,Medium,Medium,High,Medium,Medium,High,Medium,Low,Medium
2015,8,RO,Critical,Low,Medium,High,High,High,Medium,High,High,Low,Low,Medium
2015,9,RO,Critical,Low,Medium,High,High,High,Medium,High,High,Medium,Low,Medium
2015,10,RO,Critical,Medium,Medium,High,High,High,Medium,High,Medium,Medium,Low,High
2015,11,RO,High,Medium,Medium,High,High,High,Medium,High,High,Medium,Low,Medium
2015,12,RO,High,High,Medium,Medium,High,High,High,High,High,Medium,Low,Medium
2016,1,RO,High,High,Medium,Medium,High,High,High,High,High,High,Low,Medium
2016,2,RO,High,High,Low,Medium,High,High,High,High,High,High,Low,Low
2016,3,RO,High,High,Low,Medium,Medium,High,High,Medium,High,High,Low,Low
2016,4,RO,High,High,Low,Medium,Medium,High,Low,Medium,High,Medium,Low,Medium
2016,5,RO,Critical,Medium,Medium,Medium,Medium,High,Medium,Medium,High,Medium,Low,Medium
2016,6,RO,Critical,Low,Medium,Medium,Medium,High,Low,Medium,High,Medium,Low,Low
2016,7,RO,Critical,Low,Medium,High,Medium,Medium,Medium,Medium,Medium,Low,Low,Low
2016,8,RO,Critical,Medium,Medium,Medium,Medium,High,Low,Medium,High,Low,Low,Medium
2016,9,RO,Critical,Medium,Medium,High,Medium,High,Low,Medium,High,Medium,Low,High
2016,10,RO,Critical,High,Medium,High,High,High,High,High,High,Medium,Low,Low
2016,11,RO,High,Medium,Medium,Medium,High,High,Medium,Medium,High,High,Low,High
2016,12,RO,High,High,Medium,Medium,Medium,High,Medium,Medium,High,High,Low,Low
2017,1,RO,High,High,Medium,Medium,Medium,High,Medium,Medium,High,High,Low,High
2017,2,RO,High,High,Medium,Medium,Medium,High,High,Medium,High,High,Low,Medium
2017,3,RO,High,High,Medium,Medium,Medium,High,Medium,Medium,High,High,Low,Medium
2017,4,RO,High,Medium,Medium,Medium,Medium,High,Medium,Medium,High,High,Low,Low
2017,5,RO,Critical,Medium,Medium,Medium,Medium,High,High,Medium,High,High,Low,Medium
2017,6,RO,Critical,Low,Medium,High,Medium,Medium,Medium,Medium,High,Medium,Low,Low
2017,7,RO,Critical,Low,Medium,High,High,Low,Medium,High,Low,Low,Medium,Low
2017,8,RO,Critical,Low,Medium,High,High,High,Medium,High,High,Low,Medium,Medium
2017,9,RO,Critical,High,Medium,Medium,High,Medium,Medium,High,Medium,Low,Low,High
2017,10,RO,Critical,Medium,Medium,High,High,Medium,Medium,High,High,Medium,Low,High
2017,11,RO,High,Medium,Medium,Medium,Medium,High,High,Medium,High,High,Low,Medium
2017,12,RO,High,High,Medium,Medium,Medium,High,High,Medium,High,High,Low,High
2018,1,RO,High,High,Medium,Medium,Medium,Medium,Medium,Medium,High,High,Low,Low
2018,2,RO,High,High,Medium,Medium,Medium,High,Medium,Medium,High,High,Low,Medium
2018,3,RO,High,High,Medium,Medium,Medium,High,High,Medium,High,High,Low,High
2018,4,RO,High,High,Medium,Medium,Medium,High,High,Medium,High,High,Low,Medium
2018,5,RO,Critical,Medium,Medium,Medium,Medium,High,Medium,Medium,High,High,Low,Medium
2018,6,RO,Critical,Low,Medium,Medium,Medium,Medium,Low,Medium,Medium,Medium,Low,Low
2018,7,RO,Critical,Low,Medium,High,High,Medium,Medium,High,Medium,Medium,Low,Medium
2018,8,RO,Critical,Medium,Medium,High,High,Medium,Low,High,Medium,Medium,Low,High
2018,9,RO,Critical,Medium,Medium,High,High,Medium,Medium,High,Medium,Low,Low,High
2018,10,RO,Critical,Medium,Medium,Medium,High,High,Medium,High,High,Medium,Low,High
2018,11,RO,High,High,Medium,Medium,High,High,High,High,High,High,Low,High
2018,12,RO,High,High,Medium,Medium,Medium,High,Medium,Medium,High,High,Low,High
2019,1,RO,High,High,Medium,Medium,Medium,Medium,Medium,Medium,High,High,Low,Medium
2019,2,RO,High,High,Medium,Medium,Medium,High,High,Medium,High,High,Low,Low
2019,3,RO,High,High,Medium,Medium,Medium,High,High,Medium,High,High,Low,Low
2019,4,RO,High,Medium,Medium,Medium,Medium,High,Medium,Medium,High,High,Low,Low
2019,5,RO,Critical,Medium,Medium,Medium,Medium,High,Medium,Medium,High,Medium,Low,Low
2019,6,RO,Critical,Low,Medium,Medium,Medium,High,Medium,Medium,High,Medium,Low,Low
2019,7,RO,Critical,Low,Medium,Medium,Medium,Medium,Low,Medium,Medium,Medium,Low,Low
2019,8,RO,Critical,Low,Medium,Medium,Medium,Medium,Low,Medium,Medium,Low,Low,Low
2019,9,RO,Critical,Low,Medium,Low,High,Medium,Medium,High,Medium,Medium,Low,Low
2019,10,RO,Critical,Low,Medium,Low,Medium,Medium,High,Medium,Low,High,Low,Low
2019,11,RO,High,Low,Medium,Low,Medium,Medium,High,Medium,Low,High,Low,Low
2019,12,RO,High,Low,Medium,Low,Medium,Medium,High,Medium,Low,High,Low,Low
2020,1,RO,High,Low,Medium,Low,Medium,Medium,High,Medium,Low,High,Low,Low
2020,2,RO,High,Low,Medium,Low,Medium,Medium,High,Medium,Low,High,Low,Low
2020,3,RO,High,Low,Medium,Low,Medium,Medium,High,Medium,Medium,High,Low,Low
2020,4,RO,High,Low,Medium,Low,Medium,Medium,High,Medium,Medium,High,Low,Low
2020,5,RO,Critical,Low,Medium,Low,Medium,Medium,High,Medium,Medium,High,Low,Low
2020,6,RO,Critical,Low,Medium,Low,Medium,Medium,High,Medium,Medium,High,Low,Low
2020,7,RO,Critical,Low,Medium,Low,Medium,Medium,High,Medium,Medium,High,Low,Low
2020,8,RO,Critical,Low,Medium,Low,Medium,Medium,High,Medium,Medium,High,Low,Low
2020,9,RO,Critical,Low,Medium,Low,Medium,Medium,High,Medium,Medium,High,Low,Low
2020,10,RO,Critical,Low,Medium,Low,Medium,Medium,High,Medium,Medium,High,Low,Low
2020,11,RO,High,Low,Medium,Low,Medium,Medium,High,Medium,Medium,High,Low,Low
2020,12,RO,High,Low,Medium,Low,Medium,Medium,High,Medium,Medium,High,Low,Low
2021,1,RO,High,Low,Medium,Low,Medium,Medium,High,High,Medium,High,Low,Low
2021,2,RO,High,Low,Medium,Low,Medium,Medium,High,High,Medium,High,Low,Low
2021,3,RO,High,Low,Medium,Low,Medium,Medium,High,High,Medium,High,Low,Low
2021,4,RO,High,Low,Medium,Low,Medium,Medium,High,High,Medium,High,Low,Low
2021,5,RO,Critical,Low,Medium,Low,Medium,Medium,High,High,Medium,High,Low,Low
2021,6,RO,Critical,Low,Medium,Low,Medium,Medium,High,High,Medium,High,Low,Low
2021,7,RO,Critical,Low,Medium,Low,Medium,Medium,High,High,Medium,High,Low,Low
2021,8,RO,Critical,Low,Medium,Low,High,Medium,High,High,Medium,High,Low,Low
2021,9,RO,Critical,Low,Medium,Low,High,Medium,High,High,Medium,High,Low,Low
2021,10,RO,Critical,Low,Medium,Low,High,Medium,High,High,Medium,High,Low,Low
2021,11,RO,High,Low,Medium,Low,High,Medium,High,High,Medium,High,Low,Low
2021,12,RO,High,Low,Medium,Low,High,Medium,High,High,Medium,High,Low,Low
2022,1,RO,High,High,Medium,Low,Medium,High,Medium,Medium,High,High,Low,Low
2022,2,RO,High,High,Medium,Low,Medium,High,Medium,Medium,High,High,Low,Low
2022,3,RO,High,High,Medium,Low,Medium,High,High,Medium,High,High,Low,Low
2022,4,RO,High,High,Medium,Low,Medium,High,Medium,Medium,High,Medium,Low,Low
2022,5,RO,Critical,Medium,Medium,Low,Medium,High,Low,Medium,High,Low,Low,Low
2022,6,RO,Critical,Low,Medium,Low,Medium,High,High,Medium,High,High,Low,Low
2022,7,RO,Critical,Low,Medium,Low,High,Low,Medium,Medium,Low,High,Low,Low
2022,8,RO,Critical,Low,Medium,Low,Medium,Low,Low,Medium,Low,High,Low,High
2022,9,RO,Critical,Medium,Medium,Low,High,Low,Medium,High,Low,High,Low,Medium
2022,10,RO,Critical,High,Medium,Low,High,Low,Medium,High,Low,High,Low,High
2022,11,RO,High,Medium,Medium,Low,Medium,Low,Low,Medium,Low,High,Low,High
2022,12,RO,High,High,Medium,Low,Medium,Medium,Medium,Medium,Low,High,Low,Medium
2023,1,RO,Medium,Low,Medium,Low,Medium,Medium,High,Low,Low,High,Low,Medium
2023,2,RO,Medium,Low,Medium,Low,Low,Medium,High,Low,Low,High,Low,Low
2023,3,RO,Medium,Low,Medium,Low,Low,Medium,High,Low,Medium,High,Low,Low
2023,4,RO,High,High,Medium,Low,Medium,Medium,High,Medium,Medium,High,Low,Low
2023,5,RO,High,Low,Medium,Low,High,High,High,High,Medium,High,Low,Low
2023,6,RO,Critical,Medium,Medium,Low,Medium,Medium,Low,Medium,High,Medium,Low,Medium
2023,7,RO,Critical,Low,Medium,Low,Medium,High,Medium,Medium,Medium,Low,Low,Low
2023,8,RO,Critical,Medium,Medium,Low,High,High,Medium,Medium,High,Medium,Low,Medium
2023,9,RO,Critical,Medium,Medium,Low,High,High,Medium,High,High,Medium,Low,High
2023,10,RO,High,High,Medium,Low,High,High,High,High,High,Medium,Low,High
2023,11,RO,High,High,Medium,Low,High,High,High,High,High,Medium,Low,High
2023,12,RO,Medium,High,Medium,Low,High,High,High,High,High,High,Low,Medium
2004,12,PE,Low,Low,High,Low,High,Low,Medium,High,Low,Medium,High,Medium
2005,1,PE,Low,Low,High,High,High,Medium,Medium,High,Medium,Medium,Medium,Medium
2005,2,PE,Low,Medium,High,High,High,High,Medium,High,Medium,High,Medium,Medium
2005,3,PE,Low,Medium,High,High,High,Medium,Medium,High,Medium,High,Medium,Low
2005,4,PE,Low,High,High,High,High,Medium,Medium,High,Medium,Medium,Medium,Medium
2005,5,PE,Medium,High,High,Medium,Medium,Medium,Medium,Medium,Medium,High,Low,Medium
2005,6,PE,Medium,High,High,Medium,Medium,Medium,Medium,Medium,Medium,High,Medium,Medium
2005,7,PE,High,High,High,High,Low,Medium,Medium,Low,Medium,Medium,Medium,Medium
2005,8,PE,High,High,High,High,Low,Medium,Medium,Low,Low,Medium,Medium,Medium
2005,9,PE,Medium,Low,High,High,Medium,Low,Medium,Medium,Low,Medium,Medium,Medium
2005,10,PE,Medium,Medium,High,High,Medium,Medium,Medium,Medium,Medium,Medium,High,Low
2005,11,PE,Low,Low,High,High,Medium,Medium,Medium,Medium,Medium,Medium,High,Medium
2005,12,PE,Low,High,High,High,Medium,Medium,Medium,Medium,Medium,Medium,Medium,Low
2006,1,PE,Low,Low,High,High,High,Medium,Medium,High,Medium,Medium,High,Low
2006,2,PE,Low,Low,High,High,High,Medium,Medium,High,Medium,Medium,Medium,Low
2006,3,PE,Low,Medium,High,High,High,High,Medium,High,High,High,Medium,Low
2006,4,PE,Low,High,High,High,Medium,Medium,Medium,Medium,Medium,High,Medium,Low
2006,5,PE,Medium,High,High,Medium,Medium,Medium,Medium,Medium,Medium,High,Medium,Low
2006,6,PE,Medium,High,High,Medium,Medium,Medium,Medium,Medium,Medium,High,High,Low
2006,7,PE,Medium,High,High,High,Low,Medium,Medium,Low,Medium,Medium,High,Low
2006,8,PE,Medium,High,High,High,Low,Low,Medium,Low,Low,Medium,High,Low
2006,9,PE,Medium,Medium,High,High,Medium,Low,Medium,Medium,Low,Medium,High,Low
2006,10,PE,Medium,Low,High,High,Medium,Medium,Medium,Medium,Low,Medium,High,Low
2006,11,PE,Low,Medium,High,High,Medium,Medium,Medium,Medium,Medium,Medium,High,Low
2006,12,PE,Low,Medium,High,High,Medium,Medium,Medium,Medium,Medium,Medium,High,Low
2007,1,PE,Low,Medium,High,High,High,Medium,Medium,High,Medium,Medium,High,Low
2007,2,PE,Low,High,High,High,High,Medium,Medium,High,Medium,Medium,High,Low
2007,3,PE,Low,Medium,High,High,Medium,Medium,Medium,Medium,High,High,High,Low
2007,4,PE,Low,High,High,High,Medium,Medium,Medium,Medium,Medium,Medium,High,Low
2007,5,PE,Medium,High,High,High,Medium,Medium,Medium,Medium,Medium,High,High,Low
2007,6,PE,Medium,High,High,Medium,Low,Medium,Medium,Low,Medium,High,High,Low
2007,7,PE,Medium,High,High,High,Low,Medium,Low,Low,Medium,Medium,High,Low
2007,8,PE,Medium,High,High,High,Low,Low,Medium,Low,Low,Medium,High,Low
2007,9,PE,Medium,Medium,High,High,Low,Medium,Medium,Low,Medium,Medium,High,Medium
2007,10,PE,Medium,Low,High,High,Medium,Medium,Medium,Medium,Low,Medium,High,Medium
2007,11,PE,Low,Low,High,High,Medium,Medium,Medium,Medium,Medium,Medium,High,Medium
2007,12,PE,Low,Low,High,High,Medium,Medium,Medium,Medium,Medium,Medium,High,Medium
2008,1,PE,Low,Medium,High,High,Medium,Medium,Medium,Medium,Medium,Medium,Medium,Medium
2008,2,PE,Low,Low,High,High,High,Medium,Medium,High,Medium,Medium,Medium,Medium
2008,3,PE,Low,High,High,High,Medium,Medium,Medium,Medium,Medium,Medium,Low,Low
2008,4,PE,Medium,High,High,High,Medium,Medium,Medium,Medium,Medium,High,Low,Low
2008,5,PE,Medium,High,High,High,Medium,Medium,Medium,Medium,Medium,High,Low,Medium
2008,6,PE,High,High,High,High,Low,Medium,Low,Low,Medium,Medium,Medium,Medium
2008,7,PE,High,High,High,High,Low,High,Medium,Low,High,Low,High,Medium
2008,8,PE,High,Low,High,High,Low,Low,Medium,Low,Low,High,High,Low
2008,9,PE,High,Low,High,Medium,Medium,Low,High,Low,Low,High,High,Low
2008,10,PE,Medium,Low,High,Medium,Medium,Low,High,Medium,Low,High,Low,Low
2008,11,PE,Medium,Low,High,Low,High,Low,High,Medium,Low,High,Low,Low
2008,12,PE,Low,Low,High,Low,High,Low,Medium,High,Low,Medium,Low,Low
2009,1,PE,Low,Low,High,Medium,High,Medium,Medium,High,Medium,Medium,Low,Low
2009,2,PE,Low,Medium,High,High,High,Medium,Medium,High,Medium,High,Low,Low
2009,3,PE,Low,Medium,High,Low,Medium,Medium,Medium,Medium,Medium,High,Low,Low
2009,4,PE,Low,Low,High,Low,Medium,Medium,High,Medium,Medium,High,Low,Low
2009,5,PE,Low,Low,High,Low,Medium,Medium,High,Medium,Low,High,Medium,Low
2009,6,PE,Medium,Low,High,Low,High,Low,High,High,Low,High,High,Low
2009,7,PE,Medium,High,High,Medium,Medium,Medium,Medium,Medium,Medium,High,Medium,Low
2009,8,PE,Medium,High,High,Medium,Medium,Medium,Medium,Medium,Medium,Medium,Medium,Low
2009,9,PE,Medium,Medium,High,High,Medium,Medium,Medium,Medium,Medium,Medium,Medium,Low
2009,10,PE,Low,Low,High,High,Medium,Medium,Medium,Medium,Medium,Medium,Medium,Low
2009,11,PE,Low,Low,High,High,High,Medium,Medium,Medium,Medium,Medium,High,Low
2009,12,PE,Low,Low,High,High,High,High,Medium,High,High,High,Medium,Low
2010,1,PE,Low,High,High,Medium,Medium,High,Medium,Medium,High,High,Medium,Low
2010,2,PE,Low,Low,High,High,High,High,High,High,High,High,Medium,Low
2010,3,PE,Low,Medium,High,High,High,High,Medium,High,High,High,Medium,Low
2010,4,PE,Low,High,High,Medium,High,High,High,High,High,High,Low,Low
2010,5,PE,Medium,Medium,High,Medium,Medium,High,Medium,Medium,High,High,Low,Low
2010,6,PE,High,High,High,Medium,Medium,High,Medium,Medium,High,High,Medium,Low
2010,7,PE,High,High,High,Medium,Low,High,Medium,Low,Medium,Medium,Medium,Low
2010,8,PE,High,High,High,Medium,Low,Medium,Medium,Low,Medium,Medium,Medium,Low
2010,9,PE,High,Low,High,High,Medium,Medium,Medium,Medium,Medium,Medium,High,Low
2010,10,PE,Medium,Low,High,High,Medium,Medium,Medium,Medium,Medium,Medium,Medium,Medium
2010,11,PE,Low,Low,High,High,High,High,Medium,Medium,Medium,Medium,High,Low
2010,12,PE,Low,Medium,High,High,High,Medium,Medium,High,High,Medium,Medium,Low
2011,1,PE,Low,Medium,High,High,Medium,High,Medium,Medium,Medium,Medium,Medium,Low
2011,2,PE,Low,High,High,High,Medium,High,Medium,Medium,High,High,Medium,Low
2011,3,PE,Low,Medium,High,High,High,High,Medium,High,High,Medium,Low,Low
2011,4,PE,Low,High,High,Medium,Medium,High,Medium,Medium,High,High,Low,Low
2011,5,PE,Medium,High,High,Medium,Medium,High,Medium,Medium,High,High,Medium,Low
2011,6,PE,Medium,High,High,Medium,Medium,High,Medium,Medium,High,High,Medium,Low
2011,7,PE,Medium,High,High,Medium,Low,Medium,Medium,Low,High,High,Medium,Low
2011,8,PE,Medium,Medium,High,Medium,Low,High,Medium,Low,High,High,Medium,Low
2011,9,PE,Medium,Low,High,Medium,Medium,High,Medium,Medium,High,High,High,Medium
2011,10,PE,Medium,Low,High,High,Medium,High,Medium,Medium,High,High,Medium,Low
2011,11,PE,Low,Medium,High,High,Medium,High,Medium,Medium,High,High,High,Low
2011,12,PE,Low,Low,High,High,High,High,Medium,High,High,High,High,Low
2012,1,PE,Low,High,High,Medium,Medium,High,Medium,Medium,High,High,Medium,Medium
2012,2,PE,Low,High,High,High,Medium,Medium,Medium,Medium,Medium,High,Medium,Low
2012,3,PE,Low,Medium,High,High,High,High,Medium,High,High,Medium,Medium,Low
2012,4,PE,Medium,Medium,High,High,Medium,Medium,Medium,Medium,Medium,Medium,Medium,Low
2012,5,PE,Medium,High,High,Medium,Medium,High,Medium,Medium,Medium,Medium,Medium,Low
2012,6,PE,High,High,High,Medium,Medium,Medium,Medium,Medium,Medium,High,Low,Low
2012,7,PE,High,High,High,Medium,Low,Medium,Medium,Low,Medium,Medium,Medium,Low
2012,8,PE,High,High,High,Medium,Low,Medium,Medium,Low,Medium,Medium,Medium,Low
2012,9,PE,High,Low,High,High,Medium,Low,Medium,Medium,Low,Medium,High,Low
2012,10,PE,Medium,Medium,High,High,Medium,Medium,Medium,Medium,Medium,Medium,High,Low
2012,11,PE,Medium,Low,High,High,Medium,Medium,Medium,Medium,Medium,Medium,Medium,Low
2012,12,PE,Low,Low,High,High,High,Medium,Medium,High,Medium,Medium,Medium,Low
2013,1,PE,Low,Medium,High,High,High,High,Medium,High,High,Medium,Medium,Low
2013,2,PE,Low,Medium,High,High,High,High,Medium,High,High,Medium,High,Low
2013,3,PE,Low,Medium,High,High,High,High,High,High,High,Medium,Medium,Low
2013,4,PE,Low,High,High,Medium,High,High,Medium,Medium,High,High,Low,Low
2013,5,PE,Low,High,High,Medium,Medium,High,Medium,Medium,High,High,Low,Low
2013,6,PE,Medium,High,High,Medium,Medium,High,Medium,Medium,High,High,Low,Low
2013,7,PE,Medium,High,High,Medium,Low,Medium,Medium,Low,Medium,Medium,Low,Low
2013,8,PE,Medium,High,High,Medium,Low,Medium,Medium,Low,Medium,Medium,Medium,Low
2013,9,PE,Medium,Medium,High,Medium,Medium,Medium,Medium,Medium,Medium,Medium,Medium,Low
2013,10,PE,Low,Medium,High,High,Medium,Medium,Medium,Medium,High,Medium,Medium,Low
2013,11,PE,Low,Medium,High,High,Medium,Low,Medium,Medium,Low,Medium,Medium,Low
2013,12,PE,Low,High,High,High,Medium,Medium,Medium,Medium,Medium,Medium,Medium,Low
2014,1,PE,Low,Medium,High,High,Medium,Medium,Medium,Medium,Medium,Medium,Medium,Low
2014,2,PE,Low,Medium,High,Medium,Medium,Medium,Medium,Medium,Medium,Medium,Low,Low
2014,3,PE,Low,High,High,High,Medium,Medium,Medium,Medium,Medium,Medium,Low,Low
2014,4,PE,Low,High,High,Medium,Medium,Medium,Medium,Medium,Medium,Medium,Low,Low
2014,5,PE,Low,High,High,Medium,Medium,Medium,Medium,Medium,Medium,Medium,Low,Low
2014,6,PE,Medium,High,High,Medium,Medium,Medium,Medium,Medium,Medium,Medium,Medium,Low
2014,7,PE,Medium,High,High,Medium,Low,Medium,Medium,Low,Low,Medium,Medium,Low
2014,8,PE,Medium,Medium,High,High,Low,Medium,Medium,Low,Low,Medium,Medium,Low
2014,9,PE,Medium,High,High,High,Medium,Medium,Medium,Medium,Medium,Medium,Medium,Low
2014,10,PE,Low,Medium,High,High,Medium,High,Medium,Medium,High,Medium,High,Low
2014,11,PE,Low,Medium,High,High,Medium,High,Medium,Medium,High,Medium,Medium,Low
2014,12,PE,Low,Medium,High,High,Medium,Medium,Medium,Medium,High,Medium,Low,Low
2015,1,PE,Low,Medium,High,High,Medium,High,Medium,Medium,High,Medium,Low,Low
2015,2,PE,Low,Low,High,High,High,High,Medium,High,High,Medium,Medium,Low
2015,3,PE,Low,High,High,High,Medium,High,Medium,Medium,High,High,Low,Low
2015,4,PE,Low,Medium,High,High,Medium,High,Medium,Medium,High,Medium,Low,Low
2015,5,PE,Low,High,High,High,Medium,High,Medium,Medium,High,Medium,Low,Low
2015,6,PE,Low,High,High,High,Medium,High,Medium,Medium,High,Medium,Low,Low
2015,7,PE,Medium,High,High,High,Low,Medium,Medium,Low,Medium,Medium,Medium,Low
2015,8,PE,Medium,Medium,High,High,Low,Low,Medium,Low,Low,Medium,Medium,Low
2015,9,PE,Low,Low,High,High,Medium,Low,Medium,Medium,Low,Medium,Medium,Low
2015,10,PE,Low,Low,High,High,Medium,Medium,Medium,Medium,Medium,Low,High,Low
2015,11,PE,Low,Low,High,High,Medium,Medium,Medium,Medium,Medium,Medium,Medium,Low
2015,12,PE,Low,Medium,High,High,High,Medium,Medium,High,Medium,Medium,Medium,Low
2016,1,PE,Low,Medium,High,High,High,Medium,Medium,High,High,Medium,Low,Low
2016,2,PE,Low,Medium,High,High,High,High,Medium,High,Medium,Medium,Medium,Low
2016,3,PE,Low,High,High,High,High,High,Medium,High,High,Medium,Medium,Low
2016,4,PE,Low,High,High,High,Medium,High,Medium,Medium,High,High,Medium,Low
2016,5,PE,Low,High,High,High,Medium,High,Medium,Medium,High,Medium,Low,Low
2016,6,PE,Medium,Medium,High,High,Medium,Medium,Medium,Medium,High,Medium,Low,Low
2016,7,PE,Medium,Medium,High,High,Low,Medium,Medium,Low,Medium,Medium,Medium,Low
2016,8,PE,Medium,Medium,High,High,Medium,High,Medium,Low,High,Medium,Medium,Low
2016,9,PE,Medium,Medium,High,High,Medium,Medium,Medium,Medium,Medium,Medium,Medium,Low
2016,10,PE,Low,Low,High,High,High,Medium,Medium,Medium,Medium,High,High,Low
2016,11,PE,Low,Low,High,High,High,Medium,Medium,High,High,High,High,Low
2016,12,PE,Low,Medium,High,High,High,High,Medium,High,High,High,High,Low
2017,1,PE,Low,Low,High,High,High,High,Medium,High,High,Medium,High,Low
2017,2,PE,Low,Low,High,High,High,High,Medium,High,High,Medium,Medium,Low
2017,3,PE,Low,High,High,High,High,High,Medium,High,High,Low,Medium,Low
2017,4,PE,Low,High,High,High,High,High,Medium,Medium,High,High,Medium,Low
2017,5,PE,Low,High,High,High,Medium,High,Medium,Medium,High,High,Low,Low
2017,6,PE,Medium,High,High,High,Medium,High,Medium,Medium,High,High,Medium,Low
2017,7,PE,Medium,High,High,High,Low,Medium,Medium,Low,High,Medium,High,Low
2017,8,PE,Medium,Medium,High,High,Low,Medium,Medium,Low,Medium,Medium,Medium,Low
2017,9,PE,Medium,Medium,High,High,Medium,Medium,Medium,Medium,Medium,Medium,High,Low
2017,10,PE,Low,Medium,High,High,Medium,Medium,Medium,Medium,Medium,Medium,High,Low
2017,11,PE,Low,Low,High,High,Medium,Medium,Medium,Medium,Medium,Medium,Medium,Low
2017,12,PE,Low,Low,High,Medium,High,Medium,Medium,High,Medium,Medium,Medium,Low
2018,1,PE,Low,Low,High,High,High,Medium,Medium,High,Medium,Medium,Medium,Low
2018,2,PE,Low,High,High,High,High,High,Medium,High,High,High,Medium,Low
2018,3,PE,Low,Medium,High,High,Medium,High,Medium,Medium,High,Medium,Low,Low
2018,4,PE,Low,High,High,High,Medium,High,Medium,Medium,High,High,Low,Low
2018,5,PE,Low,High,High,High,Medium,High,Medium,Medium,High,High,Low,Low
2018,6,PE,Medium,Medium,High,High,Low,High,Medium,Low,High,Medium,Low,Low
2018,7,PE,Medium,Medium,High,High,Low,Medium,Medium,Low,Medium,Medium,Medium,Low
2018,8,PE,Medium,Medium,High,High,Low,Medium,Medium,Low,Medium,Medium,Medium,Low
2018,9,PE,Medium,Medium,High,High,Medium,Medium,Medium,Medium,Medium,Medium,Medium,Low
2018,10,PE,Low,Low,High,High,Medium,Medium,Medium,Medium,Medium,Medium,Medium,Low
2018,11,PE,Low,Low,High,High,High,Medium,Medium,High,High,Medium,High,Low
2018,12,PE,Low,Medium,High,High,High,High,Medium,High,High,Medium,Medium,Low
2019,1,PE,Low,Medium,High,High,High,High,Medium,Medium,High,Medium,Medium,Low
2019,2,PE,Low,Medium,High,High,High,High,Medium,High,High,High,Low,Low
2019,3,PE,Low,High,High,High,High,High,Medium,High,High,High,Low,Low
2019,4,PE,Low,High,High,High,Medium,High,Medium,Medium,High,High,Low,Low
2019,5,PE,Low,High,High,Medium,Medium,High,Medium,Medium,High,High,Low,Low
2019,6,PE,Low,High,High,Medium,Medium,High,Medium,Medium,High,High,Low,Low
2019,7,PE,Low,High,High,Medium,Low,High,Medium,Low,High,Medium,Low,Low
2019,8,PE,Low,High,High,Medium,Low,Medium,Medium,Low,Medium,Medium,Medium,Low
2019,9,PE,Low,Medium,High,Medium,Medium,Medium,Medium,Medium,Medium,Medium,High,Low
2019,10,PE,Low,Medium,High,High,Medium,High,Medium,Medium,Medium,Medium,High,Low
2019,11,PE,Low,Low,High,High,High,Medium,Medium,High,Medium,Medium,High,Low
2019,12,PE,Low,Low,High,High,High,Medium,Medium,High,High,Medium,High,Low
2020,1,PE,Low,Medium,High,Low,High,High,Medium,High,High,Medium,High,Low
2020,2,PE,Low,Medium,High,Low,High,High,High,High,High,High,High,Low
2020,3,PE,Low,Medium,High,Low,High,High,Medium,High,High,High,High,Low
2020,4,PE,Low,High,High,Low,High,High,Medium,High,High,High,High,Low
2020,5,PE,Low,High,High,Low,Medium,High,Medium,Medium,High,High,High,Low
2020,6,PE,Medium,High,High,Low,Medium,High,Medium,Medium,High,Medium,High,Low
2020,7,PE,Medium,High,High,Low,Low,Medium,Medium,Low,Medium,Medium,High,Low
2020,8,PE,Medium,Medium,High,Low,Low,Medium,Medium,Low,Medium,Medium,High,Low
2020,9,PE,Medium,Medium,High,Low,Medium,Medium,Medium,Medium,Medium,Medium,High,Low
2020,10,PE,Low,Low,High,Low,Medium,Medium,Medium,Medium,Medium,Medium,High,Low
2020,11,PE,Low,Medium,High,Low,High,High,Medium,High,High,Medium,High,Low
2020,12,PE,Low,Medium,High,Low,High,Medium,Medium,High,High,Medium,High,Low
2021,1,PE,Low,Medium,High,Low,High,Medium,High,High,Medium,High,Medium,Low
2021,2,PE,Low,Medium,High,Low,High,High,Medium,High,High,Medium,Medium,Low
2021,3,PE,Low,High,High,Low,Medium,High,Medium,High,High,Medium,Low,Low
2021,4,PE,Low,High,High,Low,Medium,High,Medium,Medium,High,High,Low,Low
2021,5,PE,Low,High,High,Low,Medium,High,Medium,Medium,High,High,Low,Low
2021,6,PE,Medium,High,High,Low,Low,High,Medium,Low,High,High,Low,Low
2021,7,PE,Medium,High,High,Low,Low,High,Medium,Low,High,Medium,Low,Low
2021,8,PE,Medium,High,High,Low,Low,High,Medium,Low,High,High,Medium,Low
2021,9,PE,Medium,Medium,High,Low,Medium,High,Medium,Medium,High,Medium,Medium,Low
2021,10,PE,Low,Low,High,Low,Medium,High,Medium,Medium,High,High,Medium,Low
2021,11,PE,Low,Medium,High,Low,Medium,High,High,Medium,High,High,Low,Low
2021,12,PE,Low,Medium,High,Low,Low,Medium,High,Medium,Medium,High,Low,Low
2022,1,PE,Low,Medium,High,Low,Low,Medium,High,Medium,Medium,High,Low,Low
2022,2,PE,Low,Medium,High,Low,Low,Medium,High,Medium,Medium,High,Low,Low
2022,3,PE,Low,Medium,High,Low,Low,Medium,High,Medium,Medium,High,Low,Low
2022,4,PE,Low,Medium,High,Low,Low,Medium,High,Medium,Medium,High,Low,Low
2022,5,PE,Low,Medium,High,Low,Low,Medium,High,Medium,Medium,High,Low,Low
2022,6,PE,Medium,Medium,High,Low,Low,Medium,High,Medium,Medium,High,Low,Low
2022,7,PE,Medium,Medium,High,Low,Low,Medium,High,Medium,Medium,High,Low,Low
2022,8,PE,Medium,Medium,High,Low,Low,Medium,High,Medium,Medium,High,Low,Low
2022,9,PE,Medium,Medium,High,Low,Low,Medium,High,Medium,Medium,High,Low,Low
2022,10,PE,Low,Medium,High,Low,Low,Medium,High,Medium,Medium,High,Low,Low
2022,11,PE,Low,Medium,High,Low,Low,Medium,High,Medium,Medium,High,Low,Low
2022,12,PE,Low,Medium,High,Low,Low,Medium,High,Medium,Medium,High,Low,Low
2023,1,PE,Low,Medium,High,Low,Low,Medium,High,Medium,Medium,High,Low,Low
2023,2,PE,Low,Medium,High,Low,Low,Medium,High,Medium,Medium,High,Low,Low
2023,3,PE,Low,Medium,High,Low,Low,Medium,High,Medium,Medium,High,Low,Low
2023,4,PE,Low,Medium,High,Low,Low,Medium,High,Medium,Medium,High,Low,Low
2023,5,PE,Low,Medium,High,Low,Low,Medium,High,Medium,Medium,High,Low,Low
2023,6,PE,Medium,Medium,High,Low,Low,Medium,High,Medium,Medium,High,Low,Low
2023,7,PE,Medium,Medium,High,Low,Low,Medium,High,Medium,Medium,High,Low,Low
2023,8,PE,Medium,Medium,High,Low,Low,Medium,High,Medium,Medium,High,Low,Low
2023,9,PE,Medium,Medium,High,Low,Low,Medium,High,Medium,Medium,High,Low,Low
2023,10,PE,Low,Medium,High,Low,Low,Medium,High,Medium,Medium,High,Low,Low
2023,11,PE,Low,Medium,High,Low,Low,Medium,High,Medium,Medium,High,Low,Low
2023,12,PE,Low,Medium,High,Low,Low,Medium,High,Medium,Medium,High,Low,Low
2008,7,AC,Critical,Low,Low,Medium,Medium,Medium,Medium,Medium,Medium,Medium,Low,Medium
2008,8,AC,Critical,Low,Low,High,High,Medium,Medium,High,Medium,Low,Medium,High
2008,9,AC,High,Medium,Low,Medium,Medium,Medium,Low,Medium,Medium,Low,Medium,High
2008,10,AC,High,Medium,Low,High,Medium,Medium,Medium,Medium,Medium,Medium,Medium,High
2008,11,AC,Medium,High,Low,Medium,Medium,High,Medium,Medium,High,High,Medium,High
2008,12,AC,Medium,High,Low,Medium,Medium,High,Medium,Medium,High,Medium,Low,High
2009,1,AC,Medium,High,Low,Medium,Medium,High,Medium,Medium,High,Medium,Low,High
2009,2,AC,Medium,High,Low,Medium,Medium,High,Medium,Medium,High,High,Low,High
2009,3,AC,Medium,High,Low,Medium,Medium,High,Medium,Medium,High,High,Low,Medium
2009,4,AC,Medium,High,Low,Medium,Medium,High,Medium,Medium,High,High,Low,Medium
2009,5,AC,High,Medium,Low,Medium,Medium,High,Medium,Medium,High,High,Low,Medium
2009,6,AC,High,Medium,Low,Medium,Low,High,Low,Low,High,Medium,Low,High
2009,7,AC,High,Low,Low,Medium,Low,High,Low,Low,High,Low,Low,High
2009,8,AC,High,Low,Low,High,Medium,High,Low,Medium,High,Medium,Low,High
2009,9,AC,High,Medium,Low,High,Medium,High,Low,Medium,High,Low,Medium,High
2009,10,AC,High,Medium,Low,High,High,High,Medium,Medium,High,Medium,Low,High
2009,11,AC,Medium,High,Low,High,Medium,High,Medium,Medium,High,High,Low,Medium
2009,12,AC,Medium,High,Low,Medium,Medium,High,Medium,Medium,High,High,Low,High
2010,1,AC,Medium,High,Low,Medium,Medium,High,Medium,Medium,High,High,Low,High
2010,2,AC,Medium,High,Low,Medium,Medium,High,Medium,Medium,High,High,Low,High
2010,3,AC,Medium,High,Low,Medium,Medium,High,Medium,Medium,High,High,Low,High
2010,4,AC,Medium,Medium,Low,Medium,Medium,High,Medium,Medium,High,Medium,Low,High
2010,5,AC,High,Low,Low,Medium,Low,High,Low,Low,High,Medium,Low,High
2010,6,AC,High,Low,Low,Medium,Medium,High,Low,Medium,High,Medium,Low,High
2010,7,AC,High,Low,Low,Medium,Low,High,Low,Low,High,Low,Low,High
2010,8,AC,High,Low,Low,Medium,Medium,High,Low,Medium,High,Low,Low,High
2010,9,AC,High,Low,Low,Medium,High,High,Low,High,High,Low,Medium,High
2010,10,AC,High,Medium,Low,Medium,Medium,High,Low,Medium,High,Medium,Medium,High
2010,11,AC,Medium,Medium,Low,Medium,Medium,High,Medium,Medium,High,Medium,Low,High
2010,12,AC,Medium,Medium,Low,Medium,Medium,High,Low,Medium,High,Medium,Medium,High
2011,1,AC,Medium,High,Low,Medium,Medium,High,Medium,Medium,High,Medium,Low,High
2011,2,AC,Medium,High,Low,Medium,Medium,High,Medium,Medium,High,High,Low,High
2011,3,AC,Medium,High,Low,Medium,Medium,High,Medium,Medium,High,High,Low,Medium
2011,4,AC,Medium,High,Low,Medium,Medium,High,Medium,Medium,High,High,Low,High
2011,5,AC,High,Low,Low,Medium,Medium,High,Low,Medium,High,Medium,Low,High
2011,6,AC,High,Low,Low,Medium,Medium,High,Low,Medium,High,Low,Low,High
2011,7,AC,High,Low,Low,Medium,Medium,High,Low,Medium,High,Low,Low,High
2011,8,AC,High,Low,Low,Medium,Medium,High,Low,Medium,High,Low,Low,High
2011,9,AC,High,Medium,Low,High,Medium,High,Medium,Medium,High,Low,Low,High
2011,10,AC,High,Medium,Low,Medium,Medium,High,Medium,Medium,High,Medium,Low,High
2011,11,AC,Medium,High,Low,High,Medium,High,Medium,Medium,High,Medium,Low,High
2011,12,AC,Medium,High,Low,Medium,Medium,High,Medium,Medium,High,Low,Low,High
2012,1,AC,Medium,High,Low,Medium,Medium,High,Medium,Medium,High,Low,Low,High
2012,2,AC,Medium,High,Low,Medium,Low,Low,Medium,Medium,Medium,Low,Low,Medium
2012,3,AC,Medium,High,Low,Medium,Medium,Low,Medium,Medium,Low,Low,Low,Medium
2012,4,AC,Medium,Medium,Low,Medium,Medium,Low,Low,Medium,Low,Low,Low,High
2012,5,AC,High,Low,Low,Medium,Medium,Low,Low,Medium,Low,Low,Low,High
2012,6,AC,Critical,Medium,Low,Medium,Low,Low,Low,Low,Low,Low,Low,High
2012,7,AC,Critical,Low,Low,Medium,Low,Low,Low,Low,Medium,Low,Low,Medium
2012,8,AC,Critical,Low,Low,High,Medium,Medium,Low,Medium,Medium,Low,Low,High
2012,9,AC,Critical,Medium,Low,Medium,Medium,Medium,Low,Medium,Medium,Low,Medium,High
2012,10,AC,High,High,Low,High,Medium,Medium,Low,Medium,High,Medium,Low,High
2012,11,AC,Medium,High,Low,Medium,Medium,High,Medium,Medium,High,High,Low,High
2012,12,AC,Medium,High,Low,Medium,Medium,High,Medium,Medium,High,High,Low,Medium
2013,1,AC,Medium,High,Low,Medium,Medium,High,Medium,Medium,High,High,Low,High
2013,2,AC,Medium,High,Low,Medium,Medium,High,Medium,Medium,High,High,Low,Medium
2013,3,AC,Medium,High,Low,Medium,Medium,High,Medium,Medium,High,High,Low,Medium
2013,4,AC,Medium,Medium,Low,High,Medium,High,Low,Medium,High,Medium,Low,High
2013,5,AC,High,Medium,Low,Medium,Medium,High,Low,Medium,High,Medium,Low,Medium
2013,6,AC,High,Low,Low,Medium,Medium,Medium,Medium,Medium,Medium,High,Low,Medium
2013,7,AC,Critical,Low,Low,Medium,Low,Medium,Low,Low,High,Low,Low,High
2013,8,AC,Critical,Medium,Low,Medium,Medium,Medium,Low,Low,Medium,Low,Low,High
2013,9,AC,High,Medium,Low,High,Medium,High,Low,Medium,High,Low,Low,High
2013,10,AC,High,Medium,Low,Medium,Medium,Medium,Medium,Medium,High,Medium,Low,High
2013,11,AC,Medium,High,Low,Medium,Medium,High,Medium,Medium,High,Medium,Low,High
2013,12,AC,Medium,High,Low,Medium,Medium,High,Medium,Medium,High,High,Medium,High
2014,1,AC,Medium,High,Low,Medium,Medium,High,Medium,Medium,High,High,Low,Medium
2014,2,AC,Medium,High,Low,Medium,Medium,High,Medium,Medium,High,High,Low,High
2014,3,AC,Medium,High,Low,Medium,Medium,High,Medium,Medium,High,High,Low,High
2014,4,AC,Medium,Medium,Low,Medium,Medium,High,Medium,Medium,High,Medium,Low,Medium
2014,5,AC,High,Medium,Low,High,High,High,Medium,High,High,High,Low,Medium
2014,6,AC,Critical,Low,Low,High,High,Medium,High,High,High,High,High,Low
2014,7,AC,Critical,Medium,Low,High,High,Medium,High,High,Medium,High,High,Low
2014,8,AC,Critical,Medium,Low,High,High,Medium,High,High,Medium,High,High,Low
2014,9,AC,Critical,High,Low,High,High,Medium,High,High,Medium,High,High,Low
2014,10,AC,High,High,Low,High,High,Medium,High,High,Medium,High,High,Low
2014,11,AC,Medium,High,Low,Medium,High,Medium,High,High,Low,High,High,Low
2014,12,AC,Medium,High,Low,Medium,Medium,High,Medium,Medium,High,High,Medium,High
2015,1,AC,Medium,High,Low,Medium,Medium,High,Medium,Medium,High,High,Low,High
2015,2,AC,Medium,High,Low,Medium,Medium,High,Medium,Medium,High,High,Low,High
2015,3,AC,Medium,Medium,Low,Low,Low,High,Medium,Medium,High,High,Low,High
2015,4,AC,Medium,Low,Low,Low,Medium,Medium,High,Medium,Medium,High,Low,Low
2015,5,AC,High,Medium,Low,Medium,Medium,High,Medium,High,High,High,Low,Low
2015,6,AC,High,High,Low,High,High,Low,High,High,Medium,High,Low,Low
2015,7,AC,Critical,High,Low,High,High,Low,High,High,Medium,High,Low,Low
2015,8,AC,Critical,High,Low,High,High,Low,High,High,Medium,High,Low,Low
2015,9,AC,High,High,Low,High,High,Low,High,High,Medium,High,Low,Low
2015,10,AC,High,High,Low,High,High,Medium,Medium,High,High,Medium,Low,High
2015,11,AC,Medium,High,Low,High,Medium,High,Medium,Medium,High,High,Low,High
2015,12,AC,Medium,High,Low,High,Medium,High,Medium,Medium,High,High,Low,High
2016,1,AC,Medium,Medium,Low,Medium,Medium,High,Medium,Medium,High,High,Low,High
2016,2,AC,Medium,High,Low,Medium,Medium,High,Medium,Medium,High,High,Low,High
2016,3,AC,Medium,Medium,Low,Low,Medium,High,Medium,Medium,High,High,Low,High
2016,4,AC,High,Low,Low,Low,Low,Medium,High,Medium,Medium,High,Low,Low
2016,5,AC,High,Low,Low,Low,Low,Medium,High,Medium,Medium,High,Medium,Low
2016,6,AC,Critical,Low,Low,Low,Low,Medium,High,Low,Low,High,Medium,Low
2016,7,AC,Critical,Low,Medium,Low,Low,Low,High,Low,Low,High,Medium,Low
2016,8,AC,Critical,Low,Medium,Low,Low,Low,High,Low,Low,High,Medium,Low
2016,9,AC,Critical,Low,Medium,Medium,Low,Medium,Medium,Low,Medium,High,Medium,High
2016,10,AC,High,High,Low,High,Medium,Medium,Medium,Medium,High,Medium,Low,High
2016,11,AC,High,Medium,Low,High,Medium,High,Medium,Medium,High,High,Medium,High
2016,12,AC,Medium,High,Low,High,Medium,Medium,Medium,Medium,Medium,High,Medium,High
2017,1,AC,Medium,High,Low,Medium,Medium,High,Medium,Medium,High,High,Low,High
2017,2,AC,Medium,High,Low,Medium,Medium,High,Medium,Medium,High,High,Low,High
2017,3,AC,Medium,High,Low,Medium,Medium,High,Medium,Medium,High,High,Low,High
2017,4,AC,High,High,Low,Medium,Medium,High,Low,Medium,High,Medium,Low,High
2017,5,AC,High,High,Low,Medium,Medium,High,Medium,Medium,High,High,Low,High
2017,6,AC,Critical,Low,Low,Medium,Low,High,Low,Low,High,Low,Low,High
2017,7,AC,Critical,Low,Medium,High,Medium,Medium,Low,Medium,Medium,Low,Low,High
2017,8,AC,Critical,Low,Low,High,High,Medium,Medium,High,Medium,Medium,Medium,High
2017,9,AC,Critical,Medium,Low,Medium,Medium,Medium,Low,Medium,Medium,Medium,Low,High
2017,10,AC,High,Low,Low,Low,High,Medium,Medium,High,Medium,High,Low,Medium
2017,11,AC,High,Low,Low,Low,High,Low,High,High,Low,High,Low,Low
2017,12,AC,Medium,Low,Low,Low,High,Low,High,High,Low,High,Low,Low
2018,1,AC,Medium,Low,Low,Low,High,Low,High,High,Low,High,Low,Low
2018,2,AC,Medium,Low,Low,Low,High,Low,High,High,Low,High,Low,Low
2018,3,AC,Medium,Low,Low,Low,High,Low,High,High,Low,High,Medium,Low
2018,4,AC,High,Low,Low,Low,High,Low,High,High,Low,High,Medium,Low
2018,5,AC,High,Low,Low,Low,Medium,Low,High,High,Low,High,High,Low
2018,6,AC,Critical,Low,Low,Low,Medium,Low,High,Medium,Low,High,High,Low
2018,7,AC,Critical,Low,Low,Low,Medium,Low,High,Medium,Low,High,High,Low
2018,8,AC,Critical,Medium,Low,Low,Medium,Medium,Low,Medium,Low,Low,High,High
2018,9,AC,Critical,Medium,Low,High,Medium,Medium,Low,Medium,Medium,Low,Medium,High
2018,10,AC,High,High,Low,Medium,Medium,High,Medium,Medium,High,Medium,Low,Medium
2018,11,AC,High,Medium,Low,High,Medium,Medium,High,High,Medium,High,High,Medium
2018,12,AC,Medium,High,Low,High,High,Medium,High,High,Medium,High,High,Low
2019,1,AC,Medium,High,Medium,High,High,Medium,High,High,Medium,High,High,Low
2019,2,AC,Medium,High,Medium,High,High,Medium,High,High,Medium,High,High,Low
2019,3,AC,Medium,High,Medium,High,High,Medium,High,High,Medium,High,Medium,Low
2019,4,AC,High,High,Medium,High,High,Low,High,High,Medium,High,Medium,Low
2019,5,AC,High,High,Medium,High,High,Low,High,High,Medium,High,Medium,Low
2019,6,AC,Critical,High,Medium,High,High,High,Medium,High,Medium,High,Low,Low
2019,7,AC,Critical,Medium,Medium,Medium,Low,Medium,Low,Low,High,Low,Low,Low
2019,8,AC,Critical,Low,Medium,Medium,Medium,Medium,Low,Medium,Medium,Low,Low,Low
2019,9,AC,Critical,Medium,Medium,Medium,High,High,Medium,High,High,Medium,Low,Low
2019,10,AC,High,High,Medium,Medium,Medium,High,Medium,Medium,High,Medium,Low,Low
2019,11,AC,High,High,Medium,Medium,Medium,High,Medium,Medium,High,High,Low,Low
2019,12,AC,Medium,High,Medium,Medium,Medium,High,Medium,Medium,High,High,Low,Medium
2020,1,AC,Medium,Medium,Medium,Low,Medium,High,High,Medium,High,High,Low,Low
2020,2,AC,Medium,High,Medium,Low,Medium,High,Medium,Medium,High,High,Low,Medium
2020,3,AC,Medium,Medium,Medium,Low,High,High,High,High,High,High,Low,Low
2020,4,AC,High,Low,Medium,Low,High,High,High,High,Medium,High,Low,Low
2020,5,AC,High,Low,Medium,Low,High,Medium,High,High,Medium,High,Low,Low
2020,6,AC,Critical,Low,Medium,Low,High,Medium,High,High,Medium,High,Low,Low
2020,7,AC,Critical,Low,Medium,Low,High,Medium,High,High,Medium,High,Low,Low
2020,8,AC,Critical,Low,Medium,Low,High,Medium,High,High,Medium,High,Low,Low
2020,9,AC,Critical,Low,Medium,Low,High,Medium,High,High,Medium,High,Low,Low
2020,10,AC,High,Low,Medium,Low,High,Medium,High,High,Medium,High,Low,Low
2020,11,AC,High,Low,Medium,Low,High,Medium,High,High,Medium,High,Low,Low
2020,12,AC,Medium,Low,Medium,Low,High,Medium,High,High,Medium,High,Low,Low
2021,1,AC,High,Low,Medium,Low,High,Medium,High,High,Medium,High,Low,Low
2021,2,AC,High,Low,Medium,Low,High,Medium,High,High,Medium,High,Low,Low
2021,3,AC,High,Low,Medium,Low,High,Medium,High,High,Medium,High,Low,Low
2021,4,AC,High,Low,Medium,Low,High,Medium,High,High,Medium,High,Low,Low
2021,5,AC,Critical,Low,Medium,Low,High,Medium,High,High,Medium,High,Low,Low
2021,6,AC,Critical,Low,Medium,Low,High,Medium,High,High,Medium,High,Low,Low
2021,7,AC,Critical,Low,Medium,Low,High,Medium,High,High,Medium,High,Low,Low
2021,8,AC,Critical,Low,Medium,Low,High,Medium,High,High,Medium,High,Low,Low
2021,9,AC,Critical,Low,Medium,Low,High,Medium,High,High,Medium,High,Low,Low
2021,10,AC,Critical,Low,Medium,Low,High,Medium,High,High,Medium,High,Low,Low
2021,11,AC,High,Low,Medium,Low,High,Medium,High,High,Medium,High,Low,Low
2021,12,AC,High,Low,Medium,Low,High,Medium,High,High,Medium,High,Low,Low
2022,1,AC,High,Low,Low,Low,High,Medium,High,High,Low,High,Low,Low
2022,2,AC,High,Low,Low,Low,High,Medium,High,High,Low,High,Low,Low
2022,3,AC,High,Low,Low,Low,High,Medium,High,High,Low,High,Low,Low
2022,4,AC,High,Low,Low,Low,High,Medium,High,High,Low,High,Low,Low
2022,5,AC,Critical,Low,Low,Low,High,Medium,High,High,Low,High,Low,Low
2022,6,AC,Critical,Low,Low,Low,High,Medium,High,High,Low,High,Low,Low
2022,7,AC,Critical,Low,Low,Low,High,Medium,High,High,Low,High,Low,Low
2022,8,AC,Critical,Low,Low,Low,High,Low,High,High,Low,Medium,Low,Low
2022,9,AC,Critical,Low,Medium,Low,High,Medium,Medium,High,Medium,Medium,Low,Low
2022,10,AC,Critical,High,Medium,Low,Medium,High,Medium,Medium,High,Medium,Low,Low
2022,11,AC,High,High,Medium,Low,Medium,High,Low,Medium,High,Low,Low,Low
2022,12,AC,High,High,Medium,Low,Medium,High,Medium,Medium,Medium,Medium,Low,Low
2023,1,AC,Medium,High,Medium,Low,Medium,Medium,Medium,Medium,High,High,Low,Low
2023,2,AC,Medium,High,Medium,Low,Medium,High,Medium,Medium,High,Medium,Low,Low
2023,3,AC,Medium,High,Medium,Low,Medium,High,Medium,Medium,High,High,Low,Low
2023,4,AC,Medium,High,Medium,Low,Medium,High,Medium,Medium,High,High,Low,Low
2023,5,AC,High,High,Medium,Low,Medium,High,Medium,Medium,High,High,Low,Low
2023,6,AC,Critical,Low,Medium,Low,Low,High,Low,Low,High,Low,Low,Low
2023,7,AC,Critical,Low,Medium,Low,Medium,High,Low,Medium,High,Medium,Low,Low
2023,8,AC,Critical,Low,Medium,Low,High,Medium,Medium,High,Medium,Medium,Low,Low
2023,9,AC,Critical,Medium,Medium,Low,High,High,Medium,High,High,Medium,Low,Medium
2023,10,AC,High,Medium,Medium,Low,High,High,High,High,High,Medium,Low,Medium
2023,11,AC,Medium,Medium,Medium,Low,High,Medium,Medium,High,High,Medium,Low,Low
2023,12,AC,Medium,High,Medium,Low,Medium,High,Medium,Medium,High,High,Low,Low
2001,1,BA,High,Medium,Medium,High,Medium,Medium,High,Medium,Medium,High,Medium,Low
2001,2,BA,High,Low,Medium,High,High,High,High,High,High,High,Medium,Low
2001,3,BA,High,High,Medium,High,Medium,High,High,High,High,High,Medium,Low
2001,4,BA,High,Medium,Medium,Medium,Medium,High,High,Medium,Medium,High,Medium,Low
2001,5,BA,Critical,High,Medium,Medium,Medium,High,High,Medium,Medium,High,Medium,Medium
2001,6,BA,Critical,High,High,Medium,Medium,Medium,Medium,Medium,Medium,Medium,High,Medium
2001,7,BA,Critical,High,High,Medium,Low,Medium,Medium,Low,Medium,Medium,High,High
2001,8,BA,Critical,Medium,High,Medium,Low,Medium,Medium,Low,Low,Medium,High,Medium
2001,9,BA,Critical,High,High,Medium,Low,Medium,Medium,Low,Medium,Medium,High,High
2001,10,BA,Critical,High,High,Medium,Medium,Medium,Medium,Medium,Medium,Medium,High,Medium
2001,11,BA,High,Low,Medium,High,Medium,Medium,High,Medium,High,High,Medium,Medium
2001,12,BA,High,Medium,Medium,High,Medium,Medium,High,Medium,Medium,High,High,Medium
2002,1,BA,High,High,Medium,High,Medium,High,Medium,Medium,High,Medium,Medium,Medium
2002,2,BA,High,Medium,Medium,High,Medium,Medium,Medium,Medium,High,High,Medium,Low
2002,3,BA,High,Medium,Medium,High,High,High,High,High,High,High,Medium,Low
2002,4,BA,High,Medium,Medium,High,Medium,Medium,High,Medium,Medium,High,Medium,Low
2002,5,BA,Critical,High,High,Medium,Medium,Medium,Medium,Medium,Medium,Medium,Medium,High
2002,6,BA,Critical,High,High,Medium,Medium,Medium,Medium,Medium,Medium,Medium,High,Medium
2002,7,BA,Critical,High,High,Medium,Low,Medium,Medium,Low,Medium,Medium,High,High
2002,8,BA,Critical,Medium,High,Medium,Low,Medium,Medium,Low,Medium,Medium,High,High
2002,9,BA,Critical,High,High,Medium,Low,Medium,Medium,Medium,Medium,Medium,High,Low
2002,10,BA,Critical,Low,High,High,Medium,Medium,Medium,Medium,Medium,Medium,High,Low
2002,11,BA,High,Low,High,High,Medium,Medium,High,Medium,Medium,Medium,High,Low
2002,12,BA,High,Low,Medium,High,High,High,High,High,Medium,High,High,Low
2003,1,BA,High,Low,Medium,High,High,Medium,High,High,Medium,High,High,Low
2003,2,BA,High,Medium,Medium,High,High,High,Medium,High,Medium,High,Medium,Low
2003,3,BA,High,High,Medium,High,High,High,High,High,High,High,Medium,Low
2003,4,BA,High,High,Medium,Medium,Medium,High,High,High,High,High,Low,Low
2003,5,BA,Critical,High,High,Medium,Medium,High,Medium,Medium,High,Medium,Low,Low
2003,6,BA,Critical,High,High,Medium,Medium,Medium,Medium,Medium,Medium,Medium,Low,Low
2003,7,BA,Critical,High,High,Medium,Low,Medium,Medium,Low,Low,Medium,Medium,Low
2003,8,BA,Critical,Medium,High,Medium,Low,Medium,Medium,Low,Medium,Medium,Medium,Low
2003,9,BA,Critical,Medium,High,Medium,Low,Medium,Medium,Low,Medium,Medium,Medium,Low
2003,10,BA,Critical,Medium,High,High,Medium,Medium,Medium,Medium,Medium,Medium,High,Low
2003,11,BA,High,Medium,Medium,High,Medium,Medium,High,Medium,Medium,High,High,Low
2003,12,BA,High,Low,Medium,High,High,High,High,High,High,High,High,Low
2004,1,BA,High,High,Medium,High,High,High,High,High,High,High,Medium,Medium
2004,2,BA,High,High,Medium,High,High,Medium,High,High,Medium,High,Medium,Low
2004,3,BA,High,Medium,Medium,Medium,High,High,High,High,High,High,Medium,Low
2004,4,BA,High,High,Medium,Medium,High,High,High,High,High,High,Medium,Medium
2004,5,BA,Critical,Medium,High,Medium,High,Medium,High,High,Medium,High,Medium,Low
2004,6,BA,Critical,High,High,Medium,Medium,Medium,High,Medium,Medium,Medium,Medium,Low
2004,7,BA,Critical,High,High,Medium,Medium,Medium,Medium,Medium,Medium,Medium,High,High
2004,8,BA,Critical,Medium,High,Medium,Medium,Medium,Medium,Medium,Medium,Medium,High,High
2004,9,BA,Critical,Low,High,High,Medium,Medium,High,Medium,Low,Medium,High,Low
2004,10,BA,Critical,Medium,High,High,High,Medium,High,High,Medium,Medium,High,Low
2004,11,BA,High,High,Medium,High,High,Medium,High,High,Medium,High,High,Medium
2004,12,BA,High,Low,Medium,High,High,Medium,High,High,High,Medium,High,Low
2005,1,BA,High,Low,Medium,High,High,High,High,High,High,Medium,Medium,Low
2005,2,BA,High,High,Medium,Medium,High,High,High,High,High,High,Medium,Medium
2005,3,BA,High,High,Medium,High,High,High,High,High,High,High,Medium,Low
2005,4,BA,High,High,Medium,Medium,High,High,High,High,High,High,Low,Low
2005,5,BA,Critical,High,High,Medium,High,High,High,High,High,High,High,High
2005,6,BA,Critical,High,High,Medium,Medium,High,High,Medium,Medium,High,High,High
2005,7,BA,Critical,High,High,Medium,Medium,Medium,High,Medium,Medium,Medium,High,High
2005,8,BA,Critical,Medium,High,Medium,Medium,Medium,High,Medium,Medium,Medium,High,Low
2005,9,BA,Critical,Low,High,High,High,Medium,High,High,Medium,Medium,High,Low
2005,10,BA,Critical,Low,High,High,High,High,High,High,High,Medium,High,Low
2005,11,BA,High,Low,Medium,High,High,Medium,High,High,Medium,Medium,High,Low
2005,12,BA,High,Medium,Medium,High,High,High,High,Medium,High,High,High,Low
2006,1,BA,High,Low,High,Low,Medium,Medium,High,Medium,Low,High,Medium,Low
2006,2,BA,High,Medium,High,Low,Medium,Medium,High,Medium,Low,High,Medium,Low
2006,3,BA,High,High,High,Low,Medium,Medium,High,Medium,Low,High,Medium,Low
2006,4,BA,High,High,High,Low,Medium,Low,High,Medium,Low,High,Low,Low
2006,5,BA,Critical,High,High,Medium,High,Low,High,Medium,Low,High,Low,Low
2006,6,BA,Critical,High,High,Medium,High,Medium,High,Medium,Medium,Medium,Low,Medium
2006,7,BA,Critical,Low,High,Medium,Medium,Medium,High,Medium,Medium,Medium,High,Medium
2006,8,BA,Critical,Low,High,High,Medium,Medium,High,Medium,Medium,Medium,High,High
2006,9,BA,Critical,Low,High,High,Medium,Medium,Medium,Medium,Medium,Low,High,Medium
2006,10,BA,Critical,Low,Medium,High,High,Medium,High,High,Medium,Medium,High,Medium
2006,11,BA,High,Medium,Medium,High,High,Medium,High,High,Medium,High,High,Low
2006,12,BA,High,Low,Medium,High,High,Medium,High,High,High,High,High,Low
2007,1,BA,High,Low,Medium,High,High,High,High,High,High,Medium,High,Low
2007,2,BA,High,High,Medium,High,High,High,High,High,High,High,High,Low
2007,3,BA,High,Medium,Medium,High,High,High,High,High,High,High,Medium,Low
2007,4,BA,High,Medium,Medium,Medium,High,High,High,High,High,High,Medium,Low
2007,5,BA,Critical,High,High,Medium,High,Medium,High,High,Medium,Medium,High,High
2007,6,BA,Critical,Medium,High,Low,High,High,High,High,High,High,High,Low
2007,7,BA,Critical,Medium,High,Medium,High,High,Medium,High,High,High,High,High
2007,8,BA,Critical,High,High,High,Low,High,Medium,Low,High,High,High,Medium
2007,9,BA,Critical,Medium,High,High,Low,High,Medium,Low,High,High,High,Low
2007,10,BA,Critical,Medium,High,High,Medium,High,Medium,Medium,High,High,High,Low
2007,11,BA,High,Low,Medium,High,Medium,High,High,Medium,High,High,High,Low
2007,12,BA,High,Low,Medium,Medium,Medium,High,High,Medium,High,High,High,Medium
2008,1,BA,High,Low,Medium,Low,Medium,High,High,Medium,High,High,High,Low
2008,2,BA,High,Low,Medium,Medium,High,High,High,Medium,High,High,Medium,Low
2008,3,BA,High,Low,Medium,High,High,High,High,High,High,High,Medium,Low
2008,4,BA,High,Low,Medium,High,High,High,High,High,High,High,Low,Low
2008,5,BA,Critical,Medium,High,High,Medium,High,High,Medium,High,High,High,Medium
2008,6,BA,Critical,Medium,High,Medium,Medium,Medium,Medium,Medium,Medium,Medium,High,Low
2008,7,BA,Critical,High,High,Medium,Low,Low,Medium,Low,Low,Medium,High,Medium
2008,8,BA,Critical,Medium,High,Medium,Low,Medium,Medium,Low,Low,Medium,High,Low
2008,9,BA,Critical,Low,High,Low,Medium,Medium,Medium,Medium,Medium,Medium,High,Low
2008,10,BA,Critical,Low,High,Low,Medium,Medium,Medium,Medium,Medium,Medium,High,Low
2008,11,BA,High,Medium,Medium,Low,Medium,High,High,Medium,Medium,Medium,High,Medium
2008,12,BA,High,Medium,Medium,Low,Medium,Medium,High,Medium,Medium,High,Medium,Low
2009,1,BA,High,Low,Medium,Low,High,Medium,High,High,Medium,High,High,Low
2009,2,BA,High,Medium,Medium,Low,High,High,High,High,High,High,Medium,Low
2009,3,BA,High,Low,Medium,Low,High,High,High,High,High,High,Medium,Low
2009,4,BA,High,Medium,Medium,High,Medium,High,Medium,Medium,High,High,Medium,Low
2009,5,BA,Critical,Low,High,High,Medium,High,Medium,Medium,High,High,High,Medium
2009,6,BA,Critical,Medium,High,High,Medium,Medium,High,Medium,Medium,High,Medium,Low
2009,7,BA,Critical,Medium,High,Medium,Low,Medium,Medium,Low,Medium,High,Medium,Low
2009,8,BA,Critical,Medium,High,Medium,Low,Medium,Medium,Low,Medium,Medium,High,Low
2009,9,BA,Critical,Medium,High,High,Medium,Medium,Medium,Medium,Medium,Medium,Medium,Low
2009,10,BA,Critical,Medium,Medium,High,Medium,High,Medium,Medium,High,High,High,Low
2009,11,BA,High,Low,Medium,High,Medium,Medium,Medium,Medium,Medium,Medium,High,Low
2009,12,BA,High,Low,Medium,High,High,High,High,High,High,High,High,Low
2010,1,BA,High,Medium,Medium,High,High,Medium,High,High,High,High,Medium,Low
2010,2,BA,High,Low,Medium,High,High,High,High,High,High,High,High,Low
2010,3,BA,High,Medium,Medium,High,High,High,High,High,High,High,Medium,Low
2010,4,BA,High,Low,Medium,Medium,Medium,High,High,Medium,High,High,Medium,Medium
2010,5,BA,Critical,High,Medium,Medium,Medium,High,High,Medium,High,High,Medium,Low
2010,6,BA,Critical,Medium,High,Medium,Medium,Medium,Medium,Medium,Medium,Medium,High,Medium
2010,7,BA,Critical,High,High,Medium,Low,Medium,Medium,Low,Medium,Medium,High,Medium
2010,8,BA,Critical,High,High,Medium,Low,Low,Medium,Low,Low,Medium,High,Medium
2010,9,BA,Critical,Medium,High,High,Low,Medium,Medium,Low,Low,Medium,High,Medium
2010,10,BA,Critical,Medium,Medium,High,Medium,Medium,Medium,Medium,Medium,High,High,Low
2010,11,BA,High,Low,Medium,High,Medium,Medium,Medium,Medium,Medium,Medium,High,Low
2010,12,BA,High,Medium,Medium,High,Medium,Medium,Medium,Medium,Medium,High,High,Low
2011,1,BA,High,Medium,Medium,High,Medium,High,Medium,Medium,High,High,Medium,Low
2011,2,BA,High,Low,Medium,High,High,High,High,High,High,High,High,Low
2011,3,BA,High,High,Medium,Medium,Medium,High,High,Medium,High,High,Medium,Medium
2011,4,BA,High,High,Medium,Medium,Medium,High,High,Medium,High,High,Medium,Low
2011,5,BA,Critical,High,Medium,Medium,Medium,Medium,Medium,Medium,High,High,High,Low
2011,6,BA,Critical,High,High,Medium,Low,Medium,Medium,Low,Medium,Medium,Medium,Medium
2011,7,BA,Critical,Low,High,Medium,Low,Medium,Medium,Low,Medium,Medium,High,Low
2011,8,BA,Critical,Low,High,Medium,Low,Medium,Medium,Low,Medium,Medium,Medium,Low
2011,9,BA,Critical,Medium,High,High,Low,Medium,Medium,Low,Medium,Medium,High,Medium
2011,10,BA,Critical,High,Medium,Medium,Medium,Medium,Medium,Medium,Medium,High,High,High
2011,11,BA,High,High,Medium,Medium,Medium,Medium,Medium,Medium,High,Medium,High,Medium
2011,12,BA,High,Medium,Medium,High,Medium,Medium,High,Medium,High,High,High,Low
2012,1,BA,High,Low,Medium,High,Medium,High,Medium,Medium,High,Medium,High,Low
2012,2,BA,High,Low,Medium,High,Medium,Medium,Medium,Medium,High,Medium,Medium,Low
2012,3,BA,High,Low,Medium,High,Medium,High,High,Medium,High,High,Medium,Low
2012,4,BA,High,Low,Medium,High,Medium,Medium,High,Medium,Medium,Medium,Medium,Low
2012,5,BA,Critical,High,High,Medium,Medium,High,Medium,Medium,High,High,High,Medium
2012,6,BA,Critical,High,High,Medium,Medium,Medium,Medium,Medium,Medium,High,Medium,Low
2012,7,BA,Critical,Medium,High,Medium,Low,Medium,Medium,Low,Medium,Medium,Medium,Low
2012,8,BA,Critical,Medium,High,Medium,Low,Low,Medium,Low,Medium,Medium,High,Low
2012,9,BA,Critical,Low,High,Medium,Medium,Medium,Medium,Medium,Medium,Medium,High,Medium
2012,10,BA,Critical,Medium,High,High,Medium,Medium,Medium,Medium,Medium,Medium,High,Low
2012,11,BA,High,Low,Medium,High,Medium,Medium,Medium,Medium,High,Medium,High,Low
2012,12,BA,High,Low,Medium,High,High,Medium,High,High,Medium,Medium,High,Low
2013,1,BA,High,Low,Medium,High,High,High,High,High,High,High,High,Low
2013,2,BA,High,Low,Medium,High,High,High,High,High,High,High,High,Low
2013,3,BA,High,Low,Medium,High,High,High,High,High,High,High,Medium,Low
2013,4,BA,High,High,Medium,Medium,Medium,High,High,Medium,High,High,High,Medium
2013,5,BA,Critical,High,High,Medium,Medium,High,Medium,Medium,High,High,Medium,Medium
2013,6,BA,Critical,High,High,Low,Medium,High,Medium,Medium,High,High,Medium,Low
2013,7,BA,Critical,Low,High,Low,Low,High,High,Low,Medium,High,Low,Low
2013,8,BA,Critical,High,High,Low,Low,Medium,Medium,Low,Medium,Medium,High,Low
2013,9,BA,Critical,Medium,High,Medium,Medium,Medium,Medium,Medium,Medium,Medium,High,Low
2013,10,BA,Critical,High,High,High,Medium,Medium,Medium,Medium,Medium,Medium,High,Low
2013,11,BA,High,High,Medium,High,Medium,High,Medium,Medium,High,High,High,Low
2013,12,BA,High,Medium,Medium,High,Medium,High,High,Medium,High,High,High,Low
2014,1,BA,High,Low,Medium,High,Medium,High,High,Medium,High,High,Medium,Low
2014,2,BA,High,Medium,Medium,High,Medium,High,High,Medium,High,High,Medium,Low
2014,3,BA,High,Medium,Medium,High,High,High,High,High,High,High,Medium,Low
2014,4,BA,High,Low,Medium,High,High,High,High,High,High,Medium,Medium,Medium
2014,5,BA,Critical,High,High,Medium,Medium,High,Medium,Medium,High,High,Medium,Medium
2014,6,BA,Critical,High,High,Medium,Medium,Medium,Medium,Medium,Medium,Medium,Medium,Low
2014,7,BA,Critical,High,High,Medium,Low,Medium,Medium,Low,High,High,High,Low
2014,8,BA,Critical,Medium,High,Medium,Low,Medium,Medium,Low,High,Medium,High,Medium
2014,9,BA,Critical,Medium,High,Medium,Low,Medium,Medium,Low,Medium,Medium,High,Medium
2014,10,BA,Critical,Low,High,High,Medium,Medium,Medium,Medium,High,Medium,High,High
2014,11,BA,High,Medium,Medium,High,Medium,High,Medium,Medium,High,High,High,Low
2014,12,BA,High,High,Medium,High,Medium,High,Medium,Medium,High,Medium,Medium,Low
2015,1,BA,High,Medium,High,High,High,Medium,Medium,High,High,High,Medium,Low
2015,2,BA,High,Medium,Medium,High,High,High,High,High,High,High,Medium,Low
2015,3,BA,High,Low,Medium,High,High,High,High,High,High,High,Medium,Low
2015,4,BA,High,High,Medium,Medium,High,High,Medium,High,High,Medium,Medium,Medium
2015,5,BA,Critical,High,High,Low,Medium,High,Medium,Medium,High,High,High,Medium
2015,6,BA,Critical,High,High,Low,Medium,Medium,Medium,Medium,Medium,Medium,High,Medium
2015,7,BA,Critical,High,High,Medium,Low,Medium,Medium,Low,Medium,Medium,Medium,Low
2015,8,BA,Critical,Medium,High,Medium,Low,Medium,Medium,Low,Medium,Medium,Medium,Low
2015,9,BA,Critical,Low,High,High,Medium,Medium,Medium,Medium,Medium,Medium,Medium,Low
2015,10,BA,Critical,Low,High,High,Medium,Medium,Medium,Medium,Medium,Medium,Medium,Low
2015,11,BA,High,Low,Medium,High,High,Medium,High,High,Medium,Medium,High,Low
2015,12,BA,High,Low,High,High,High,Medium,High,High,Medium,Medium,High,Low
2016,1,BA,High,High,Medium,Medium,High,High,High,High,High,High,Medium,Low
2016,2,BA,High,Low,Medium,High,High,High,High,High,High,High,Medium,Low
2016,3,BA,High,Medium,High,High,High,High,High,High,High,High,Medium,Low
2016,4,BA,High,Low,High,Medium,High,High,High,High,High,Medium,Medium,Low
2016,5,BA,Critical,High,High,Medium,Medium,High,High,Medium,High,Medium,Medium,Low
2016,6,BA,Critical,Medium,High,Medium,Medium,Medium,Medium,Medium,Medium,Medium,High,Medium
2016,7,BA,Critical,Medium,High,Medium,Medium,Medium,Medium,Medium,Medium,Medium,Medium,Low
2016,8,BA,Critical,Medium,High,Medium,Low,Medium,Medium,Low,Medium,Medium,Medium,Low
2016,9,BA,Critical,Medium,High,Medium,Medium,Medium,Medium,Medium,Low,Medium,Medium,Low
2016,10,BA,Critical,High,High,Medium,Medium,Medium,Medium,Medium,Medium,Medium,High,Low
2016,11,BA,High,Medium,Medium,High,Medium,Medium,High,Medium,Medium,High,High,Medium
2016,12,BA,High,Medium,Medium,High,High,Medium,High,High,High,High,High,Low
2017,1,BA,High,Low,Medium,High,High,Medium,High,High,Medium,High,Medium,Low
2017,2,BA,High,Medium,Medium,High,High,High,High,High,High,High,Medium,Low
2017,3,BA,High,High,Medium,High,High,High,High,High,High,High,Medium,Low
2017,4,BA,High,Medium,Medium,Medium,Medium,High,High,Medium,High,High,Medium,Medium
2017,5,BA,Critical,High,High,Medium,Medium,High,Medium,Medium,High,Medium,Medium,Medium
2017,6,BA,Critical,Medium,High,Medium,Medium,High,Medium,Medium,High,Medium,Medium,Low
2017,7,BA,Critical,High,High,Medium,Low,Low,Medium,Low,Medium,Medium,High,Medium
2017,8,BA,Critical,Medium,High,Medium,Low,Medium,Medium,Low,Medium,Medium,Medium,Low
2017,9,BA,Critical,Medium,High,High,Low,Medium,Medium,Low,Medium,Medium,High,Low
2017,10,BA,Critical,Medium,High,High,Medium,Medium,Medium,Medium,Medium,Medium,Medium,Low
2017,11,BA,High,Medium,Medium,High,Medium,Medium,High,Medium,Medium,Medium,Medium,Low
2017,12,BA,High,Medium,Medium,High,High,High,High,High,High,High,Medium,Low
2018,1,BA,High,Medium,Medium,High,High,High,High,High,High,High,Medium,Low
2018,2,BA,High,Low,Medium,High,High,High,High,High,High,High,Medium,Low
2018,3,BA,High,High,Medium,High,High,High,High,High,High,Medium,Medium,Low
2018,4,BA,High,High,High,Medium,Medium,High,High,Medium,High,High,Medium,Low
2018,5,BA,Critical,High,High,Medium,Medium,Medium,High,Medium,High,High,Medium,Low
2018,6,BA,Critical,High,High,Medium,Medium,Medium,Medium,Medium,High,High,Medium,Low
2018,7,BA,Critical,Medium,High,Medium,Low,Medium,Medium,Low,Medium,Medium,Medium,Low
2018,8,BA,Critical,Low,High,Medium,Medium,Medium,Medium,Medium,Medium,Medium,Medium,Low
2018,9,BA,Critical,Medium,High,Medium,Medium,Medium,Medium,Medium,Medium,Medium,Medium,Low
2018,10,BA,Critical,Medium,Medium,High,Medium,Medium,Medium,Medium,High,Medium,High,Low
2018,11,BA,High,Medium,Medium,High,Medium,Medium,Medium,Medium,High,High,High,Low
2018,12,BA,High,Medium,Medium,High,Medium,High,High,Medium,High,Medium,Medium,Low
2019,1,BA,Medium,Medium,High,High,High,High,High,High,High,High,Medium,Low
2019,2,BA,Medium,Low,Medium,High,High,High,High,High,High,High,Medium,Low
2019,3,BA,Medium,High,Medium,High,High,High,High,High,High,High,Medium,Low
2019,4,BA,High,High,Medium,Medium,High,High,High,High,High,High,Low,Low
2019,5,BA,High,High,Medium,Medium,Medium,High,High,Medium,High,High,Low,Low
2019,6,BA,Critical,High,High,Medium,Medium,Medium,Medium,Medium,Medium,High,High,Medium
2019,7,BA,Critical,High,High,Medium,Low,Medium,Medium,Low,Medium,Medium,High,Medium
2019,8,BA,Critical,Medium,High,Medium,Low,Medium,Medium,Low,Medium,Medium,Medium,Low
2019,9,BA,Critical,Medium,High,Medium,Medium,Medium,Medium,Medium,Medium,Medium,Medium,Low
2019,10,BA,High,Medium,High,High,Medium,Medium,Medium,Medium,Medium,High,Medium,Low
2019,11,BA,High,High,Medium,High,Medium,High,High,Medium,High,High,Medium,Low
2019,12,BA,Medium,Low,Medium,High,High,Medium,High,High,High,Medium,Medium,Low
2020,1,BA,Medium,Medium,Medium,Low,High,High,High,High,High,High,Medium,Low
2020,2,BA,Medium,Low,Medium,Low,High,High,High,High,High,High,Low,Low
2020,3,BA,Medium,High,Medium,Low,High,High,High,High,High,High,Medium,Low
2020,4,BA,High,High,Medium,Low,Medium,High,High,Medium,High,High,Medium,Medium
2020,5,BA,High,High,High,Low,Medium,High,High,Medium,High,Medium,Medium,Medium
2020,6,BA,Critical,High,High,Low,Medium,High,Medium,Medium,High,Medium,Medium,Low
2020,7,BA,Critical,High,High,Low,Low,Medium,Medium,Low,Medium,Medium,Medium,Low
2020,8,BA,Critical,Medium,High,Low,Low,Medium,Medium,Low,Medium,Medium,High,Medium
2020,9,BA,Critical,Medium,High,Low,Medium,Medium,Medium,Medium,Medium,Medium,Medium,Low
2020,10,BA,High,Medium,Medium,Low,Medium,Medium,High,Medium,Medium,Medium,Medium,Low
2020,11,BA,High,Medium,Medium,Low,Medium,High,Medium,Medium,High,High,High,Medium
2020,12,BA,Medium,Low,Medium,Low,High,Medium,High,High,High,Medium,Medium,Low
2021,1,BA,High,High,Medium,Low,Medium,High,High,Medium,High,High,Medium,Low
2021,2,BA,High,Medium,Medium,Low,High,High,High,High,High,High,Medium,Low
2021,3,BA,High,Medium,Medium,Low,High,High,High,High,High,High,Medium,Low
2021,4,BA,High,High,Medium,Low,Medium,High,High,Medium,High,High,Medium,Low
2021,5,BA,Critical,Medium,High,Low,Medium,Medium,Medium,Medium,Medium,Medium,Medium,Low
2021,6,BA,Critical,Medium,High,Low,Medium,Medium,Medium,Medium,High,Medium,Medium,Low
2021,7,BA,Critical,High,High,Low,Low,Medium,Medium,Low,Medium,Medium,High,Medium
2021,8,BA,Critical,High,High,Low,Low,Medium,Medium,Low,Medium,Medium,Medium,Low
2021,9,BA,Critical,Low,High,Low,Medium,Medium,Medium,Medium,Medium,Medium,Medium,Low
2021,10,BA,Critical,Medium,Medium,Low,Medium,High,High,Medium,High,High,Medium,Low
2021,11,BA,High,High,Medium,Low,Medium,High,Medium,Medium,High,High,Medium,Low
2021,12,BA,High,High,Medium,Low,Medium,High,Medium,Medium,High,High,Medium,Low
2022,1,BA,High,Low,Medium,Low,High,High,High,High,High,High,Low,Low
2022,2,BA,High,Medium,Medium,Low,High,High,High,High,High,High,Low,Low
2022,3,BA,High,High,Medium,Low,Medium,High,High,Medium,High,High,Low,Low
2022,4,BA,High,High,Medium,Low,Medium,High,Medium,Medium,High,High,Medium,Low
2022,5,BA,Critical,High,High,Low,Medium,High,Medium,Medium,High,Medium,Medium,Low
2022,6,BA,Critical,Medium,High,Low,Low,High,Medium,Medium,Medium,Medium,High,Low
2022,7,BA,Critical,High,High,Low,Low,Medium,Medium,Low,Medium,Medium,Medium,Low
2022,8,BA,Critical,Medium,High,Low,Low,Medium,Medium,Low,Medium,Medium,Medium,Low
2022,9,BA,Critical,Medium,High,Low,Low,Medium,Medium,Low,Medium,Medium,Medium,Low
2022,10,BA,Critical,Medium,High,Low,Medium,Medium,Medium,Medium,High,Medium,Medium,Low
2022,11,BA,High,High,Medium,Low,Medium,High,Medium,Medium,High,High,Medium,Medium
2022,12,BA,High,Medium,Medium,Low,Medium,High,Medium,Medium,High,High,Medium,Low
2023,1,BA,High,Medium,Medium,Low,High,High,High,High,High,High,Low,Low
2023,2,BA,High,Medium,Medium,Low,High,High,High,High,High,High,Low,Low
2023,3,BA,High,Medium,Medium,Low,High,High,High,High,High,High,Low,Low
2023,4,BA,High,High,Medium,Low,Medium,High,High,High,High,High,Low,Low
2023,5,BA,Critical,High,High,Low,Medium,High,High,Medium,High,High,Medium,Low
2023,6,BA,Critical,High,High,Low,Medium,Medium,Medium,Medium,High,Medium,Medium,Low
2023,7,BA,Critical,Medium,High,Low,Low,Medium,Medium,Low,Medium,Medium,Medium,Low
2023,8,BA,Critical,Medium,High,Low,Medium,Medium,Medium,Medium,Medium,Medium,Medium,Low
2023,9,BA,Critical,Medium,High,Low,Medium,Medium,Medium,Medium,Medium,Medium,Medium,Low
2023,10,BA,Critical,Low,High,Low,Medium,Medium,High,Medium,Medium,Medium,Medium,Low
2023,11,BA,High,Low,Medium,Low,High,Medium,High,High,Medium,Medium,Medium,Low
2023,12,BA,High,Medium,Medium,Low,High,High,Medium,High,High,High,Medium,Low
2003,1,MA,Medium,Medium,Medium,High,High,Medium,High,High,Medium,High,High,Low
2003,2,MA,Medium,High,Medium,High,Medium,High,Medium,Medium,High,High,Medium,Medium
2003,3,MA,Medium,High,Medium,High,Medium,High,Medium,Medium,High,High,Medium,Medium
2003,4,MA,High,High,Medium,High,Medium,High,High,Medium,High,High,Low,Medium
2003,5,MA,High,High,Medium,High,Medium,High,High,Medium,High,High,Medium,Medium
2003,6,MA,Critical,Medium,High,High,High,High,High,High,High,High,Medium,Low
2003,7,MA,Critical,Medium,High,High,High,High,High,High,High,High,High,Medium
2003,8,MA,Critical,Low,High,High,High,High,High,High,High,High,High,Medium
2003,9,MA,Critical,Low,Medium,High,High,Medium,High,High,Medium,High,High,Medium
2003,10,MA,High,Low,Medium,High,High,Medium,High,High,Medium,High,High,Medium
2003,11,MA,High,Low,Medium,High,High,Medium,High,High,Medium,High,High,High
2003,12,MA,Medium,Low,Medium,High,High,High,High,High,Medium,High,High,Medium
2004,1,MA,High,High,Medium,High,Medium,High,High,Medium,High,High,Medium,Medium
2004,2,MA,High,High,Medium,High,Medium,High,Medium,Medium,High,High,Medium,Medium
2004,3,MA,High,High,Medium,High,Medium,High,High,Medium,High,High,Medium,Medium
2004,4,MA,High,High,Medium,High,Medium,High,High,Medium,High,High,Low,Medium
2004,5,MA,Critical,High,Medium,High,High,High,High,High,High,High,Medium,Low
2004,6,MA,Critical,High,High,High,High,High,High,High,High,High,High,Low
2004,7,MA,Critical,High,High,High,High,High,High,High,High,High,High,Low
2004,8,MA,Critical,Medium,High,High,High,Medium,Medium,High,High,High,High,Medium
2004,9,MA,Critical,Low,Medium,High,High,Medium,High,High,Medium,High,High,High
2004,10,MA,Critical,Low,Medium,High,High,Medium,High,High,Medium,High,High,Medium
2004,11,MA,High,Low,Medium,High,High,Medium,High,High,Medium,High,High,Medium
2004,12,MA,High,Low,Medium,High,High,Medium,High,High,Medium,Medium,High,Medium
2005,1,MA,High,Low,Medium,High,High,High,High,High,High,High,High,Medium
2005,2,MA,High,High,Medium,High,High,High,High,High,High,High,Medium,Medium
2005,3,MA,High,High,Medium,High,Medium,High,High,Medium,High,High,Low,Medium
2005,4,MA,High,High,Medium,High,Medium,High,High,Medium,High,High,Low,Low
2005,5,MA,Critical,Medium,Medium,High,High,High,High,High,High,High,Low,Low
2005,6,MA,Critical,Medium,High,High,High,High,High,High,High,High,High,Low
2005,7,MA,Critical,High,High,High,High,High,High,High,High,Medium,High,Low
2005,8,MA,Critical,Low,Medium,High,High,Medium,High,High,Medium,High,High,Medium
2005,9,MA,Critical,Low,Medium,High,High,Medium,High,High,Medium,High,High,Medium
2005,10,MA,Critical,Low,Medium,High,High,Medium,High,High,Medium,Medium,High,Medium
2005,11,MA,High,Low,Medium,High,High,Medium,High,High,Medium,High,High,High
2005,12,MA,High,High,Medium,High,High,High,Medium,High,High,High,High,Medium
2006,1,MA,High,High,Medium,High,Medium,High,High,Medium,High,High,Medium,Low
2006,2,MA,High,High,Medium,High,Medium,High,Medium,High,High,High,Medium,Medium
2006,3,MA,High,High,Medium,High,Medium,High,High,Medium,High,High,Low,Medium
2006,4,MA,High,High,Medium,High,Medium,High,High,Medium,High,High,Low,Low
2006,5,MA,Critical,High,High,High,High,High,High,High,High,High,Low,Low
2006,6,MA,Critical,High,High,High,High,High,High,High,High,High,Low,Low
2006,7,MA,Critical,Low,High,High,Medium,High,High,High,High,Medium,Medium,Low
2006,8,MA,Critical,Medium,Medium,High,Medium,High,High,High,High,High,Medium,Low
2006,9,MA,Critical,Low,Medium,High,High,Medium,High,High,Medium,Medium,Medium,Low
2006,10,MA,Critical,Low,Medium,High,High,Medium,High,High,Medium,High,Medium,Low
2006,11,MA,High,Low,Medium,High,High,High,High,High,High,High,Medium,Low
2006,12,MA,High,Low,Medium,High,High,Medium,High,High,Medium,High,High,Low
2007,1,MA,High,Low,Medium,High,High,High,High,High,High,High,High,Low
2007,2,MA,High,High,Medium,High,Medium,High,Medium,Medium,High,High,High,Low
2007,3,MA,High,High,Medium,High,Medium,High,High,Medium,High,High,High,Low
2007,4,MA,High,High,Medium,High,Medium,High,High,Medium,High,High,High,Low
2007,5,MA,Critical,High,Medium,High,High,High,High,High,High,High,High,Low
2007,6,MA,Critical,Low,Medium,High,High,High,High,High,High,High,High,Low
2007,7,MA,Critical,Medium,High,High,High,High,High,High,High,High,High,Low
2007,8,MA,Critical,Low,Medium,High,Medium,Medium,High,Medium,Medium,Medium,High,Low
2007,9,MA,Critical,Low,Medium,High,High,Medium,High,High,Medium,Medium,High,Low
2007,10,MA,Critical,Low,Medium,High,High,Medium,High,High,Low,High,High,Low
2007,11,MA,High,Low,High,High,High,Medium,High,High,Medium,High,High,Low
2007,12,MA,High,Low,Medium,High,High,Medium,High,High,Medium,High,High,Medium
2008,1,MA,High,Medium,Medium,Medium,Medium,High,High,High,High,High,Medium,Low
2008,2,MA,High,High,Medium,Medium,Medium,High,High,Medium,High,High,Medium,Low
2008,3,MA,High,High,Medium,High,Medium,High,Medium,Medium,High,High,Low,Medium
2008,4,MA,High,High,Medium,Medium,Medium,High,High,Medium,High,High,Low,Low
2008,5,MA,Critical,High,Medium,Medium,Medium,High,High,Medium,High,High,Low,Low
2008,6,MA,Critical,High,Medium,Medium,Medium,High,Medium,Medium,High,High,Low,Low
2008,7,MA,Critical,Medium,Medium,Medium,Medium,High,High,Medium,High,High,Low,Low
2008,8,MA,Critical,Medium,Medium,High,Medium,High,High,Medium,High,High,Medium,Low
2008,9,MA,Critical,Low,Medium,High,High,Medium,High,High,Medium,High,High,Medium
2008,10,MA,Critical,Low,Medium,High,High,High,High,High,High,High,High,Medium
2008,11,MA,High,Low,Medium,High,High,Medium,High,High,Medium,High,High,Medium
2008,12,MA,High,Medium,Medium,High,High,High,High,High,High,High,High,Medium
2009,1,MA,High,High,Medium,Medium,High,High,High,High,High,High,Medium,Medium
2009,2,MA,High,High,Medium,Medium,Medium,High,High,Medium,High,High,Medium,Low
2009,3,MA,High,High,Medium,Medium,Medium,High,High,Medium,High,High,Low,Low
2009,4,MA,High,High,Medium,Medium,Medium,High,High,Medium,High,High,Low,Low
2009,5,MA,Critical,High,Medium,Medium,Medium,High,High,Medium,High,High,Low,Low
2009,6,MA,Critical,High,Medium,Medium,Medium,High,High,Medium,High,High,Low,Low
2009,7,MA,Critical,Medium,Medium,Medium,Medium,High,High,Medium,High,High,Low,Low
2009,8,MA,Critical,Low,Medium,High,High,High,High,High,High,High,High,Low
2009,9,MA,Critical,Low,Medium,High,High,Medium,High,High,Medium,High,High,Medium
2009,10,MA,Critical,Low,Medium,High,High,Medium,High,High,Medium,High,High,Medium
2009,11,MA,High,Low,Medium,High,High,High,High,High,High,High,High,Medium
2009,12,MA,High,Low,Medium,High,High,High,High,High,High,High,High,Medium
2010,1,MA,High,Medium,Medium,High,High,High,High,High,High,High,High,Medium
2010,2,MA,High,Medium,Medium,High,High,High,High,High,High,High,High,Medium
2010,3,MA,High,High,Medium,High,High,High,High,High,High,High,Medium,Medium
2010,4,MA,High,High,Medium,Medium,High,High,High,High,High,High,Low,Low
2010,5,MA,Critical,High,Medium,Medium,High,High,High,High,High,High,Low,Low
2010,6,MA,Critical,High,Medium,Medium,Medium,High,High,High,High,High,Low,Low
2010,7,MA,Critical,Medium,Medium,Medium,Medium,High,High,High,High,High,Low,Low
2010,8,MA,Critical,Low,Medium,High,Medium,High,High,Medium,High,Medium,Medium,Low
2010,9,MA,Critical,Low,Medium,High,High,Medium,High,High,Medium,High,High,Medium
2010,10,MA,Critical,Low,Medium,High,High,Medium,High,High,Medium,High,High,Low
2010,11,MA,High,Low,Medium,High,High,Medium,High,High,Medium,High,High,Medium
2010,12,MA,High,Medium,Medium,High,High,High,High,High,High,High,High,Medium
2011,1,MA,High,High,Medium,Medium,Medium,High,High,Medium,High,High,Medium,Low
2011,2,MA,High,Medium,Medium,High,Medium,High,High,Medium,High,High,Medium,Low
2011,3,MA,High,High,Medium,Medium,Medium,High,High,Medium,High,High,Low,Medium
2011,4,MA,High,High,Medium,Medium,Medium,High,Medium,Medium,High,High,Low,Low
2011,5,MA,Critical,High,Medium,Medium,Medium,High,High,Medium,High,High,Low,Low
2011,6,MA,Critical,Medium,Medium,High,Medium,High,High,Medium,High,High,Low,Medium
2011,7,MA,Critical,Medium,Medium,High,High,High,High,High,High,High,Medium,Low
2011,8,MA,Critical,Low,Medium,High,High,Medium,High,High,High,High,High,Low
2011,9,MA,Critical,Low,Medium,High,High,High,High,High,High,High,High,Medium
2011,10,MA,Critical,Low,Medium,Medium,High,High,High,High,High,High,High,Medium
2011,11,MA,High,Low,Medium,High,High,High,High,High,High,High,High,Medium
2011,12,MA,High,Low,Medium,Medium,High,High,High,High,High,High,High,Medium
2012,1,MA,High,Medium,Medium,Medium,High,High,Medium,High,High,High,High,Medium
2012,2,MA,High,High,Medium,Medium,Medium,High,Medium,Medium,High,High,High,Medium
2012,3,MA,High,High,Medium,Medium,Medium,High,High,Medium,High,High,Medium,Medium
2012,4,MA,High,Low,Medium,Medium,Medium,High,High,High,High,High,Medium,Medium
2012,5,MA,Critical,Low,Medium,Medium,High,High,High,High,High,High,Medium,Low
2012,6,MA,Critical,Low,Medium,Medium,Medium,High,High,High,High,High,Medium,Low
2012,7,MA,Critical,Low,Medium,Medium,Medium,High,High,Medium,High,High,Medium,Low
2012,8,MA,Critical,Low,Medium,High,Medium,High,High,High,High,High,High,Low
2012,9,MA,Critical,Low,Medium,High,High,Medium,High,High,Medium,High,High,Medium
2012,10,MA,Critical,Low,Medium,High,High,Medium,High,High,Medium,High,High,Medium
2012,11,MA,High,Low,Medium,High,High,Medium,High,High,Medium,High,High,Medium
2012,12,MA,High,Low,Medium,Medium,High,High,High,High,High,High,High,Medium
2013,1,MA,High,Low,Medium,Medium,High,High,High,High,High,High,High,Medium
2013,2,MA,High,Low,Medium,Medium,High,High,High,High,High,High,High,Medium
2013,3,MA,High,Low,Medium,Medium,High,High,High,High,High,High,High,Medium
2013,4,MA,High,Low,Medium,Medium,High,High,High,High,High,High,Medium,Low
2013,5,MA,Critical,Medium,Medium,Medium,High,High,High,High,High,High,Low,Low
2013,6,MA,Critical,High,Medium,Medium,Medium,High,High,Medium,High,High,Low,Low
2013,7,MA,Critical,High,Medium,Medium,Medium,High,Medium,Medium,High,High,Low,Low
2013,8,MA,Critical,Low,Medium,Medium,High,High,High,High,High,High,High,Low
2013,9,MA,Critical,Low,Medium,High,High,Medium,High,High,Medium,High,High,Medium
2013,10,MA,Critical,Low,Medium,High,High,Medium,High,High,Medium,Medium,High,Medium
2013,11,MA,High,Low,Medium,High,High,Medium,High,High,Medium,Medium,High,Medium
2013,12,MA,High,Low,Medium,High,High,Medium,High,High,Medium,Medium,High,Medium
2014,1,MA,High,Medium,Medium,Medium,Medium,High,Medium,Medium,High,High,High,Medium
2014,2,MA,High,Medium,Medium,Medium,Medium,High,Medium,Medium,High,High,Medium,Medium
2014,3,MA,High,Medium,Medium,Medium,Medium,High,High,Medium,High,High,Medium,Medium
2014,4,MA,Critical,High,Medium,Medium,Medium,High,Medium,Medium,High,High,Low,Low
2014,5,MA,Critical,High,Medium,Medium,Medium,High,High,Medium,High,High,Low,Low
2014,6,MA,Critical,High,Medium,Medium,Medium,High,High,Medium,High,High,Low,Low
2014,7,MA,Critical,Low,High,Medium,Medium,High,High,Medium,High,High,Medium,Low
2014,8,MA,Critical,Low,Medium,Medium,High,High,Medium,High,Medium,Medium,High,Low
2014,9,MA,Critical,Low,Medium,High,High,Medium,High,High,High,High,High,Medium
2014,10,MA,Critical,High,Medium,Low,High,Medium,High,High,High,High,High,Low
2014,11,MA,Critical,High,Medium,Medium,High,Medium,High,High,Medium,High,High,Low
2014,12,MA,High,Low,Medium,Medium,High,High,High,High,High,Medium,High,Medium
2015,1,MA,High,Low,Medium,Medium,High,Medium,Medium,High,High,Medium,High,Medium
2015,2,MA,High,Medium,Medium,Medium,High,High,Medium,High,High,High,High,Low
2015,3,MA,High,High,Medium,Medium,Medium,High,High,Medium,High,High,Low,Low
2015,4,MA,High,High,Medium,Medium,Medium,High,High,Medium,High,High,Low,Low
2015,5,MA,Critical,High,Medium,Medium,Medium,High,High,Medium,High,High,Low,Low
2015,6,MA,Critical,Medium,Medium,Medium,Medium,High,High,Medium,High,High,Low,Low
2015,7,MA,Critical,Medium,Medium,Medium,Medium,High,High,Medium,High,Medium,Medium,Low
2015,8,MA,Critical,Low,Medium,High,High,High,High,High,Medium,Medium,High,Low
2015,9,MA,Critical,Low,Medium,High,High,Medium,High,High,Medium,High,High,Medium
2015,10,MA,Critical,Low,Medium,High,High,Medium,High,High,Medium,High,High,Medium
2015,11,MA,High,Low,Medium,High,High,Medium,High,High,Medium,High,High,Medium
2015,12,MA,High,Low,Medium,High,High,Medium,High,High,Medium,Medium,High,Medium
2016,1,MA,Critical,High,Medium,Medium,High,High,Medium,High,High,High,High,Medium
2016,2,MA,Critical,Medium,Medium,Medium,High,High,High,High,High,High,Medium,Low
2016,3,MA,Critical,High,Medium,Medium,High,High,High,High,High,High,Medium,Low
2016,4,MA,Critical,High,Medium,Medium,High,High,High,High,High,High,Medium,Low
2016,5,MA,Critical,High,Medium,Medium,High,High,High,High,High,High,Medium,Low
2016,6,MA,Critical,Medium,Medium,Medium,High,High,Medium,High,High,High,Low,Low
2016,7,MA,Critical,Medium,Medium,Medium,Medium,High,High,Medium,High,Medium,Medium,Low
2016,8,MA,Critical,Low,Medium,Medium,High,High,High,High,High,Medium,High,Low
2016,9,MA,Critical,Low,Medium,High,High,High,High,High,High,High,High,Medium
2016,10,MA,Critical,Low,Medium,High,High,Medium,High,High,Medium,Medium,High,Medium
2016,11,MA,Critical,Low,Medium,High,High,Medium,High,High,Medium,High,High,Medium
2016,12,MA,Critical,Low,Medium,Medium,High,High,Medium,High,High,High,High,Medium
2017,1,MA,Critical,High,Medium,Medium,High,High,Medium,High,High,High,Medium,Low
2017,2,MA,Critical,High,Medium,Low,Medium,High,High,Medium,High,High,Low,Medium
2017,3,MA,Critical,High,Medium,Medium,Medium,High,High,Medium,High,High,Low,Low
2017,4,MA,Critical,High,Medium,Medium,Medium,High,High,Medium,High,High,Low,Medium
2017,5,MA,Critical,High,Medium,Medium,Medium,High,High,High,High,High,Low,Low
2017,6,MA,Critical,Medium,Medium,Medium,High,High,High,High,High,High,Low,Low
2017,7,MA,Critical,High,High,Medium,Medium,High,High,Medium,High,Medium,Low,Low
2017,8,MA,Critical,Low,Medium,High,High,Medium,High,High,High,High,High,Low
2017,9,MA,Critical,Low,Medium,High,High,Medium,High,High,Medium,Medium,High,Low
2017,10,MA,Critical,Low,Medium,High,High,High,High,High,High,High,High,Medium
2017,11,MA,Critical,Low,Medium,High,High,High,High,High,Medium,High,High,Medium
2017,12,MA,Critical,Medium,Medium,Medium,High,High,High,High,High,High,High,Medium
2018,1,MA,High,High,Medium,Medium,Medium,High,Medium,High,High,High,Medium,Low
2018,2,MA,High,High,Medium,Medium,Medium,High,Medium,Medium,High,High,Low,Low
2018,3,MA,High,High,Medium,Medium,Medium,High,High,High,High,High,Medium,Low
2018,4,MA,Critical,High,Medium,Medium,Medium,High,High,Medium,High,High,Low,Low
2018,5,MA,Critical,High,Medium,Medium,Medium,High,High,Medium,High,High,Low,Low
2018,6,MA,Critical,Medium,Medium,Medium,Medium,High,High,Medium,High,Medium,Low,Low
2018,7,MA,Critical,Medium,Medium,Medium,Medium,High,High,Medium,High,High,Low,Low
2018,8,MA,Critical,Low,Medium,Medium,Medium,High,Medium,Medium,High,High,High,Low
2018,9,MA,Critical,Low,Medium,High,High,Medium,High,High,Medium,High,High,Medium
2018,10,MA,Critical,Low,Medium,High,High,High,High,High,High,High,High,Medium
2018,11,MA,Critical,Low,Medium,Medium,High,High,High,High,High,High,High,Medium
2018,12,MA,High,High,Medium,Medium,Medium,High,Medium,Medium,High,High,Medium,Low
2019,1,MA,High,High,Medium,Medium,High,High,High,High,High,High,Medium,Low
2019,2,MA,High,High,Medium,Medium,Medium,High,High,Medium,High,High,Medium,Medium
2019,3,MA,High,High,Medium,Medium,Medium,High,High,Medium,High,High,Low,Low
2019,4,MA,High,High,Medium,Medium,Medium,High,High,Medium,High,High,Low,Medium
2019,5,MA,Critical,High,Medium,Medium,Medium,High,High,Medium,High,High,Low,Low
2019,6,MA,Critical,High,Medium,Medium,Medium,High,High,Medium,High,High,Low,Low
2019,7,MA,Critical,Medium,Medium,Medium,Medium,High,High,Medium,High,High,Low,Low
2019,8,MA,Critical,Low,Medium,Medium,High,High,High,High,High,High,Medium,Low
2019,9,MA,Critical,Low,Medium,High,High,High,High,High,High,High,Low,Low
2019,10,MA,Critical,Low,Medium,High,High,High,High,High,High,High,Low,Medium
2019,11,MA,High,Low,Medium,High,High,High,High,High,High,High,High,Medium
2019,12,MA,High,Low,Medium,High,High,High,High,High,High,High,High,Medium
2020,1,MA,High,Low,Medium,Low,Medium,High,Medium,Medium,High,High,Medium,Low
2020,2,MA,High,Low,Medium,Low,Medium,High,High,Medium,High,High,Low,Low
2020,3,MA,High,Low,Medium,Low,Medium,High,High,Medium,High,High,Low,Low
2020,4,MA,Critical,Low,Medium,Low,Medium,High,High,Medium,High,High,Low,Low
2020,5,MA,Critical,Low,Medium,Low,High,High,High,High,High,High,Low,Low
2020,6,MA,Critical,Low,Medium,Low,High,High,High,High,High,High,Low,Low
2020,7,MA,Critical,Low,Medium,Low,Medium,High,High,Medium,High,High,Low,Low
2020,8,MA,Critical,Low,Medium,Low,High,High,High,High,High,High,Medium,Medium
2020,9,MA,Critical,Low,Medium,Low,High,Medium,High,High,Medium,High,High,Medium
2020,10,MA,Critical,Low,Medium,Low,High,Medium,High,High,High,High,High,Medium
2020,11,MA,Critical,Low,Medium,Low,High,High,High,High,High,High,High,Low
2020,12,MA,High,Low,Medium,Low,High,High,High,High,High,High,High,Medium
2021,1,MA,High,Low,Medium,Low,High,High,Medium,High,High,High,High,Medium
2021,2,MA,High,Low,Medium,Low,Medium,High,High,Medium,High,High,Medium,Low
2021,3,MA,High,Low,Medium,Low,Medium,High,Medium,Medium,High,High,Low,Low
2021,4,MA,Critical,Low,Medium,Low,Medium,High,High,High,High,High,Low,Low
2021,5,MA,Critical,Low,Medium,Low,Medium,High,Medium,High,High,High,Low,Low
2021,6,MA,Critical,Low,Medium,Low,Medium,High,High,Medium,High,High,Low,Low
2021,7,MA,Critical,Low,Medium,Low,Medium,High,High,Medium,High,High,Low,Low
2021,8,MA,Critical,Low,Medium,Low,High,High,High,High,High,Medium,Medium,Medium
2021,9,MA,Critical,Low,Medium,Low,High,High,High,High,High,High,High,Medium
2021,10,MA,Critical,Low,Medium,Low,High,High,High,High,High,High,High,Low
2021,11,MA,Critical,Low,Medium,Low,High,High,High,High,High,High,High,Low
2021,12,MA,High,Low,Medium,Low,High,High,High,High,High,High,High,Low
2022,1,MA,High,Low,Medium,Low,Medium,High,Medium,Medium,High,High,Low,Low
2022,2,MA,High,Low,Medium,Low,Medium,High,High,Medium,High,High,Medium,Low
2022,3,MA,High,Low,Medium,Low,Medium,High,Medium,Medium,High,High,Low,Low
2022,4,MA,Critical,High,Medium,Low,Medium,High,Medium,Medium,High,High,Low,Low
2022,5,MA,Critical,High,Medium,Low,Medium,High,Medium,Medium,High,High,Low,Low
2022,6,MA,Critical,Medium,Medium,Low,Medium,High,High,Medium,High,High,Low,Low
2022,7,MA,Critical,Medium,Medium,Low,Medium,High,High,Medium,High,High,Low,Low
2022,8,MA,Critical,Medium,Medium,Low,Medium,High,High,Medium,High,Medium,Medium,Low
2022,9,MA,Critical,Low,Medium,Low,High,Medium,High,High,Medium,High,High,Low
2022,10,MA,Critical,Low,Medium,Low,High,Medium,High,High,Medium,High,High,Medium
2022,11,MA,Critical,Low,Medium,Low,High,High,High,High,High,High,High,Low
2022,12,MA,High,Medium,Medium,Low,High,High,High,High,High,High,High,Low
2023,1,MA,High,High,Medium,Low,Medium,High,Medium,Medium,High,High,Medium,Low
2023,2,MA,High,High,Medium,Low,Medium,High,Medium,Medium,High,High,Medium,Low
2023,3,MA,High,High,Medium,Low,Medium,High,Medium,Medium,High,High,Low,Low
2023,4,MA,Critical,High,Medium,Low,Medium,High,Medium,Medium,High,High,Low,Low
2023,5,MA,Critical,High,Medium,Low,Medium,High,High,Medium,High,High,Low,Low
2023,6,MA,Critical,High,Medium,Low,Medium,High,Medium,Medium,High,High,Low,Medium
2023,7,MA,Critical,Medium,Medium,Low,Medium,High,High,High,High,Medium,Medium,Low
2023,8,MA,Critical,Low,Medium,Low,High,High,High,High,High,High,High,Low
2023,9,MA,Critical,Low,Medium,Low,High,High,High,High,Medium,High,High,Low
2023,10,MA,Critical,Low,Medium,Low,High,Medium,High,High,Medium,High,High,Low
2023,11,MA,Critical,Low,Medium,Low,High,Medium,High,High,Medium,High,High,Medium
2023,12,MA,High,Low,Medium,Low,High,High,High,High,High,High,High,Low
2006,7,SP,Critical,Low,Low,Low,Low,Low,Low,Low,Low,Medium,Medium,Medium
2006,8,SP,Critical,Low,Low,Medium,Low,Low,Low,Low,Low,Low,Medium,Medium
2006,9,SP,High,Medium,Low,Medium,Low,Low,Low,Low,Low,Low,High,High
2006,10,SP,High,Medium,Low,Medium,Low,Low,Low,Low,Low,Low,Medium,Medium
2006,11,SP,Medium,High,Low,Medium,Low,Low,Low,Low,Low,Low,High,Medium
2006,12,SP,Medium,High,Low,Medium,Low,Low,Low,Low,Low,Medium,High,High
2007,1,SP,Medium,High,Low,Medium,Low,Low,Low,Low,Low,Low,Low,High
2007,2,SP,Medium,High,Low,High,Low,Low,Low,Low,Low,Low,Medium,Medium
2007,3,SP,Medium,High,Low,High,Low,Low,Medium,Low,Low,Low,Medium,Medium
2007,4,SP,Medium,Medium,Low,Medium,Low,Low,Low,Low,Low,Medium,Medium,Medium
2007,5,SP,High,Medium,Low,Low,Low,Low,Low,Low,Low,Low,Medium,High
2007,6,SP,High,Low,Low,Low,Low,Low,Low,Low,Low,Low,Low,High
2007,7,SP,Critical,Medium,Low,Low,Low,Low,Low,Low,Low,Low,Medium,High
2007,8,SP,Critical,Low,Low,Medium,Low,Low,Low,Low,Low,Low,Medium,Medium
2007,9,SP,High,Low,Low,Medium,Low,Low,Low,Low,Low,Low,Medium,Medium
2007,10,SP,High,Medium,Low,Medium,Low,Low,Low,Low,Low,Low,Medium,High
2007,11,SP,Medium,High,Low,Medium,Low,Low,Low,Low,Low,Low,High,High
2007,12,SP,Medium,High,Low,Medium,Low,Low,Low,Low,Low,Low,Medium,High
2008,1,SP,Medium,High,Low,Medium,Low,Low,Low,Low,Low,Low,High,Medium
2008,2,SP,Medium,High,Low,Medium,Low,Low,Low,Low,Low,Medium,Medium,High
2008,3,SP,Medium,High,Low,Medium,Low,Low,Low,Low,Low,Low,Medium,High
2008,4,SP,Medium,Medium,Low,Low,Low,Low,Low,Low,Low,Low,Medium,High
2008,5,SP,High,Medium,Low,Low,Low,Low,Low,Low,Low,Low,Medium,Medium
2008,6,SP,High,Medium,Low,Low,Low,Low,Low,Low,Low,Low,Medium,High
2008,7,SP,Critical,Low,Low,Medium,Low,Low,Low,Low,Low,Low,Low,Low
2008,8,SP,Critical,Medium,Low,Medium,Low,Low,Low,Low,Low,Low,Low,Medium
2008,9,SP,High,Low,Low,Medium,Low,Low,Low,Low,Low,Low,High,Medium
2008,10,SP,High,Medium,Low,Medium,Low,Low,Low,Low,Low,Low,High,High
2008,11,SP,Medium,Medium,Low,Medium,Low,Low,Low,Low,Low,Low,High,High
2008,12,SP,Medium,High,Low,Medium,Low,Low,Low,Low,Low,Low,High,High
2009,1,SP,Medium,High,Low,Medium,Low,Low,Low,Low,Low,Low,High,High
2009,2,SP,Medium,High,Low,Medium,Low,Low,Low,Low,Low,Medium,Medium,High
2009,3,SP,Medium,Medium,Low,Medium,Low,Low,Low,Low,Low,Low,Medium,Medium
2009,4,SP,Medium,Medium,Low,Medium,Low,Low,Low,Low,Low,Low,Medium,Medium
2009,5,SP,High,Medium,Low,Low,Low,Low,Low,Low,Low,Low,Medium,Medium
2009,6,SP,High,Low,Low,Low,Low,Low,Low,Low,Low,Low,Medium,Medium
2009,7,SP,High,High,Low,Low,Low,Low,Low,Low,Low,Low,Medium,Medium
2009,8,SP,High,Medium,Low,Medium,Low,Low,Low,Low,Low,Low,High,Medium
2009,9,SP,High,High,Low,Low,Low,Low,Low,Low,Low,Low,High,High
2009,10,SP,High,High,Low,Medium,Low,Low,Low,Low,Low,Low,High,High
2009,11,SP,Medium,High,Low,Medium,Low,Low,Low,Low,Low,Low,High,High
2009,12,SP,Medium,High,Low,Medium,Low,Low,Low,Low,Low,Low,High,High
2010,1,SP,Medium,High,Low,Medium,Low,High,Medium,Low,High,Low,Medium,High
2010,2,SP,Medium,High,Low,High,Medium,Low,Medium,Medium,Low,Low,Medium,High
2010,3,SP,Medium,High,Low,Medium,Low,Low,Low,Low,Low,Low,High,High
2010,4,SP,Medium,Medium,Low,Medium,Low,Low,Low,Low,Low,Low,High,High
2010,5,SP,High,Medium,Low,Low,Low,Low,Low,Low,Low,Low,Medium,High
2010,6,SP,Critical,Low,Low,Low,Low,Low,Low,Low,Low,Low,Medium,Medium
2010,7,SP,Critical,Medium,Low,Low,Low,Low,Low,Low,Low,Low,Medium,Medium
2010,8,SP,Critical,Low,Low,Medium,Low,Low,Low,Low,Low,Low,Medium,High
2010,9,SP,Critical,Medium,Low,Medium,Low,Low,Low,Low,Low,Low,High,Medium
2010,10,SP,High,Medium,Low,Medium,Low,Low,Low,Low,Low,Low,High,High
2010,11,SP,Medium,Medium,Low,Medium,Low,Low,Low,Low,Low,Low,High,High
2010,12,SP,Medium,High,Low,Medium,Low,Low,Low,Low,Low,Low,High,Medium
2011,1,SP,Medium,High,Low,Medium,Low,Medium,Medium,Low,Medium,Low,Medium,Medium
2011,2,SP,Medium,High,Low,Medium,Low,Low,Medium,Low,Low,Low,Medium,Medium
2011,3,SP,Medium,Medium,Low,Low,Low,Low,Low,Low,Low,Low,High,Medium
2011,4,SP,Medium,Medium,Low,Medium,Low,Low,Low,Low,Low,Low,Medium,Medium
2011,5,SP,High,Low,Low,Low,Low,Low,Low,Low,Low,Low,Medium,Low
2011,6,SP,High,Medium,Low,Medium,Low,Low,Low,Low,Low,Low,Medium,High
2011,7,SP,Critical,Low,Low,Low,Low,Low,Low,Low,Low,Low,Low,Medium
2011,8,SP,Critical,Medium,Low,Medium,Low,Low,Low,Low,Low,Low,High,High
2011,9,SP,High,Low,Low,Medium,Low,Low,Low,Low,Low,Low,High,Medium
2011,10,SP,High,Medium,Low,Medium,Low,Low,Low,Low,Low,Low,High,Medium
2011,11,SP,Medium,Medium,Low,High,Low,Low,Low,Low,Low,Low,High,Medium
2011,12,SP,Medium,High,Low,Medium,Low,Low,Low,Low,Low,Low,High,High
2012,1,SP,Medium,High,Low,Medium,Low,Low,Low,Low,Low,Low,Medium,Medium
2012,2,SP,Medium,High,Low,High,Low,Medium,Medium,Low,Low,Low,Medium,High
2012,3,SP,Medium,High,Low,High,Low,Low,Low,Low,Low,Low,Medium,Medium
2012,4,SP,Medium,High,Low,Medium,Low,Low,Low,Low,Low,Low,Medium,High
2012,5,SP,High,Medium,Low,Low,Low,Low,Low,Low,Low,Low,Medium,High
2012,6,SP,Critical,High,Low,Low,Low,Low,Low,Low,Low,Low,Medium,Medium
2012,7,SP,Critical,Medium,Low,Low,Low,Low,Low,Low,Low,Low,Medium,Medium
2012,8,SP,Critical,Low,Low,Medium,Low,Low,Low,Low,Low,Low,Medium,Medium
2012,9,SP,Critical,Low,Low,Medium,Low,Low,Low,Low,Low,Low,High,High
2012,10,SP,High,Medium,Low,High,Low,Low,Low,Low,Low,Low,Low,Medium
2012,11,SP,Medium,Medium,Low,Medium,Low,Low,Low,Low,Low,Low,High,Medium
2012,12,SP,Medium,High,Low,Medium,Low,Medium,Medium,Low,Medium,Medium,Medium,High
2013,1,SP,Medium,High,Low,Medium,Low,Medium,Low,Low,Low,Low,High,Medium
2013,2,SP,Medium,High,Low,Medium,Low,Low,Low,Low,Low,Medium,Medium,High
2013,3,SP,Medium,High,Low,Medium,Low,Low,Low,Low,Low,Low,High,Medium
2013,4,SP,Medium,Medium,Low,Medium,Low,Low,Low,Low,Low,Low,Medium,Medium
2013,5,SP,High,Low,Low,Low,Low,Low,Low,Low,Low,Low,Medium,Medium
2013,6,SP,High,Medium,Low,Low,Low,Low,Low,Low,Low,Low,Low,High
2013,7,SP,High,Medium,Low,Low,Low,Low,Low,Low,Low,Low,Medium,High
2013,8,SP,High,Low,Low,Medium,Low,Low,Low,Low,Low,Low,Medium,High
2013,9,SP,High,Medium,Low,Medium,Low,Low,Low,Low,Low,Low,Medium,Medium
2013,10,SP,High,Medium,Low,Medium,Low,Low,Low,Low,Low,Low,High,Medium
2013,11,SP,Medium,Medium,Low,Medium,Low,Low,Low,Low,Low,Low,High,High
2013,12,SP,Medium,Medium,Low,High,Low,Low,Low,Low,Low,Low,High,Medium
2014,1,SP,Medium,High,Low,High,Medium,Low,Medium,Medium,Low,Low,Medium,Medium
2014,2,SP,Medium,High,Low,High,Medium,Low,Low,Medium,Low,Low,Medium,Medium
2014,3,SP,Medium,High,Low,Medium,Low,Low,Low,Low,Low,Medium,High,Medium
2014,4,SP,Medium,Medium,Low,Medium,Low,Low,Low,Low,Low,Low,Medium,Medium
2014,5,SP,High,Medium,Low,Low,Low,Low,Low,Low,Low,Low,Medium,High
2014,6,SP,High,Low,Low,Low,Low,Low,Low,Low,Low,Low,Medium,Medium
2014,7,SP,High,Low,Low,Low,Low,Low,Low,Low,Low,Low,Medium,Medium
2014,8,SP,High,Low,Low,Medium,Low,Low,Low,Low,Low,Low,Medium,Medium
2014,9,SP,High,Medium,Low,Medium,Low,Low,Low,Low,Low,Low,High,Medium
2014,10,SP,High,Low,Low,High,Low,Low,Low,Low,Low,Low,High,Medium
2014,11,SP,Medium,Medium,Low,Medium,Low,Low,Low,Low,Low,Low,High,Medium
2014,12,SP,Medium,High,Low,High,Low,Low,Low,Low,Low,Low,High,Medium
2015,1,SP,Low,Medium,Low,High,Medium,Medium,Medium,Medium,Low,Low,Medium,High
2015,2,SP,Low,High,Low,Medium,Low,Low,Medium,Low,Low,Low,Medium,Medium
2015,3,SP,Low,High,Low,Medium,Low,Low,Low,Low,Low,Low,Medium,Medium
2015,4,SP,Medium,Medium,Low,Medium,Low,Low,Low,Low,Low,Low,Medium,Medium
2015,5,SP,Medium,Medium,Low,Low,Low,Low,Low,Low,Low,Low,Medium,Medium
2015,6,SP,High,Low,Low,Low,Low,Low,Low,Low,Low,Low,Medium,High
2015,7,SP,High,Medium,Low,Low,Low,Low,Low,Low,Low,Low,Medium,Medium
2015,8,SP,High,Low,Low,Medium,Low,Low,Low,Low,Low,Low,Medium,Medium
2015,9,SP,High,High,Low,Medium,Low,Low,Low,Low,Low,Low,Medium,High
2015,10,SP,Medium,Medium,Low,Medium,Low,Low,Low,Low,Low,Low,High,Medium
2015,11,SP,Medium,High,Low,Medium,Low,Low,Low,Low,Low,Medium,Medium,High
2015,12,SP,Low,High,Low,Medium,Low,Low,Low,Low,Low,Medium,High,High
2016,1,SP,Medium,High,Low,Medium,Low,Low,Low,Low,Low,Low,High,Medium
2016,2,SP,Medium,High,Low,High,Medium,Low,Medium,Low,Low,Low,Medium,High
2016,3,SP,Medium,High,Low,High,Low,Low,Low,Low,Low,Low,Medium,Medium
2016,4,SP,Medium,Low,Low,High,Low,Low,Low,Low,Low,Low,Medium,High
2016,5,SP,High,Medium,Low,Medium,Low,Low,Low,Low,Low,Low,Medium,Medium
2016,6,SP,High,High,Low,Medium,Low,Low,Low,Low,Low,Low,Low,Medium
2016,7,SP,High,Low,Low,Medium,Low,Low,Low,Low,Low,Low,Medium,High
2016,8,SP,High,Medium,Low,Medium,Low,Low,Low,Low,Low,Low,Medium,High
2016,9,SP,High,Low,Low,High,Low,Low,Low,Low,Low,Low,High,High
2016,10,SP,High,Medium,Low,High,Low,Low,Low,Low,Low,Low,High,High
2016,11,SP,Medium,High,Low,High,Low,Low,Low,Low,Low,Low,High,Medium
2016,12,SP,Medium,Medium,Low,High,Low,Low,Low,Low,Low,Low,High,High
2017,1,SP,Medium,High,Low,Medium,Low,Low,Low,Low,Low,Low,Medium,High
2017,2,SP,Medium,Medium,Low,High,Low,Low,Medium,Low,Low,Low,Medium,Medium
2017,3,SP,Medium,Medium,Low,High,Low,Low,Low,Low,Low,Low,High,Medium
2017,4,SP,Medium,Medium,Low,Medium,Low,Low,Low,Low,Low,Low,High,Medium
2017,5,SP,High,Medium,Low,Medium,Low,Low,Low,Low,Low,Low,Medium,High
2017,6,SP,High,Medium,Low,Medium,Low,Low,Low,Low,Low,Low,Medium,High
2017,7,SP,Critical,Low,Low,Medium,Low,Low,Low,Low,Low,Low,Medium,Medium
2017,8,SP,Critical,Medium,Low,Medium,Low,Low,Low,Low,Low,Low,Medium,High
2017,9,SP,High,Low,Low,High,Low,Low,Low,Low,Low,Low,Medium,Medium
2017,10,SP,High,Medium,Low,High,Low,Low,Low,Low,Low,Low,High,High
2017,11,SP,Medium,Medium,Low,High,Low,Low,Low,Low,Low,Low,High,High
2017,12,SP,Medium,High,Low,High,Low,Low,Low,Low,Low,Low,High,High
2018,1,SP,Low,High,Low,High,Low,Low,Low,Low,Low,Low,High,High
2018,2,SP,Low,Medium,Low,High,Low,Low,Low,Low,Low,Low,High,High
2018,3,SP,Low,High,Low,High,Low,Low,Medium,Low,Low,Medium,Medium,Medium
2018,4,SP,Medium,Low,Low,High,Low,Low,Low,Low,Low,Low,Medium,Medium
2018,5,SP,Medium,Low,Low,Medium,Low,Low,Low,Low,Low,Low,Medium,High
2018,6,SP,High,Low,Low,Low,Low,Low,Low,Low,Low,Low,Low,Medium
2018,7,SP,High,Low,Low,Medium,Low,Low,Low,Low,Low,Low,Low,Medium
2018,8,SP,High,Low,Low,Medium,Low,Low,Low,Low,Low,Low,Medium,High
2018,9,SP,High,Medium,Low,High,Low,Low,Low,Low,Low,Low,High,Medium
2018,10,SP,Medium,Medium,Low,Medium,Low,Low,Low,Low,Low,Low,High,High
2018,11,SP,Medium,Medium,Low,High,Low,Low,Low,Low,Low,Low,High,High
2018,12,SP,Low,High,Low,High,Low,Low,Low,Low,Low,Low,High,Medium
2019,1,SP,Low,High,Low,High,Medium,Low,Low,Medium,Low,Low,Medium,High
2019,2,SP,Low,High,Low,High,Low,Low,Low,Low,Low,Low,Medium,High
2019,3,SP,Low,High,Low,High,Low,Low,Low,Low,Low,Low,Medium,Medium
2019,4,SP,Medium,Medium,Low,Medium,Low,Low,Low,Low,Low,Low,Medium,High
2019,5,SP,Medium,Medium,Low,Medium,Low,Low,Low,Low,Low,Low,Medium,High
2019,6,SP,High,Low,Low,Medium,Low,Low,Low,Low,Low,Low,Low,Medium
2019,7,SP,High,Medium,Low,Medium,Low,Low,Low,Low,Low,Low,Low,Medium
2019,8,SP,High,Low,Low,Medium,Low,Low,Low,Low,Low,Low,Medium,Medium
2019,9,SP,High,Medium,Low,Medium,Low,Low,Low,Low,Low,Low,Medium,Medium
2019,10,SP,Medium,Low,Low,High,Low,Low,Low,Low,Low,Low,Medium,Medium
2019,11,SP,Medium,Medium,Low,High,Low,Low,Low,Low,Low,Low,High,Medium
2019,12,SP,Low,High,Low,High,Low,Low,Low,Low,Low,Low,Medium,High
2020,1,SP,Low,High,Low,Low,Low,Low,Low,Low,Low,Low,Medium,Medium
2020,2,SP,Low,High,Low,Low,Low,Low,Low,Low,Low,Medium,Medium,Medium
2020,3,SP,Low,Medium,Low,Low,Low,Low,Low,Low,Low,Low,High,Low
2020,4,SP,Medium,Low,Low,Low,Low,Low,Low,Low,Low,Low,Medium,Medium
2020,5,SP,Medium,Low,Low,Low,Low,Low,Low,Low,Low,Low,Medium,Medium
2020,6,SP,High,Medium,Low,Low,Low,Low,Low,Low,Low,Low,Medium,High
2020,7,SP,High,Low,Low,Low,Low,Low,Low,Low,Low,Low,Medium,High
2020,8,SP,High,Medium,Low,Low,Low,Low,Low,Low,Low,Low,Medium,Low
2020,9,SP,High,Low,Low,Low,Low,Low,Low,Low,Low,Low,Medium,Medium
2020,10,SP,Medium,High,Low,Low,Low,Low,Low,Low,Low,Low,High,High
2020,11,SP,Medium,Medium,Low,Low,Low,Low,Low,Low,Low,Low,Medium,High
2020,12,SP,Low,High,Low,Low,Low,Low,Low,Low,Low,Medium,Medium,High
2021,1,SP,Medium,High,Low,Low,Low,Low,Medium,Low,Low,Low,Medium,Medium
2021,2,SP,Medium,High,Low,Low,Low,Low,Low,Low,Low,Low,Medium,Medium
2021,3,SP,Medium,Medium,Low,Low,Low,Low,Low,Low,Low,Low,Medium,Medium
2021,4,SP,Medium,Medium,Low,Low,Low,Low,Low,Low,Low,Low,Low,Low
2021,5,SP,High,Low,Low,Low,Low,Low,Low,Low,Low,Low,Low,High
2021,6,SP,High,Low,Low,Low,Low,Low,Low,Low,Low,Low,Medium,Medium
2021,7,SP,High,Low,Low,Low,Low,Low,Low,Low,Low,Low,Low,Low
2021,8,SP,High,Low,Low,Low,Low,Low,Low,Low,Low,Low,Low,Low
2021,9,SP,High,Low,Low,Low,Low,Low,Low,Low,Low,Low,Medium,Medium
2021,10,SP,High,Medium,Low,Low,Low,Low,Low,Low,Low,Low,High,Medium
2021,11,SP,Medium,Medium,Low,Low,Low,Low,Low,Low,Low,Low,High,Medium
2021,12,SP,Medium,High,Low,Low,Low,Low,Low,Low,Low,Low,High,Medium
2022,1,SP,Low,High,Low,Low,Low,Low,Low,Low,Low,Low,Medium,High
2022,2,SP,Low,Medium,Low,Low,Low,Low,Low,Low,Low,Low,Medium,High
2022,3,SP,Low,High,Low,Low,Low,Low,Low,Low,Low,Low,Medium,High
2022,4,SP,Medium,Medium,Low,Low,Low,Low,Low,Low,Low,Low,Medium,High
2022,5,SP,Medium,Medium,Low,Low,Low,Low,Low,Low,Low,Low,Medium,High
2022,6,SP,High,Low,Low,Low,Low,Low,Low,Low,Low,Low,Medium,High
2022,7,SP,High,Low,Low,Low,Low,Low,Low,Low,Low,Low,Medium,Medium
2022,8,SP,High,Low,Low,Low,Low,Low,Low,Low,Low,Low,High,High
2022,9,SP,High,Medium,Low,Low,Low,Low,Low,Low,Low,Low,High,Medium
2022,10,SP,Medium,Medium,Low,Low,Low,Low,Low,Low,Low,Low,Medium,High
2022,11,SP,Medium,High,Low,Low,Low,Low,Low,Low,Low,Low,High,Medium
2022,12,SP,Low,High,Low,Low,Low,Low,Low,Low,Low,Low,High,Medium
2023,1,SP,Low,High,Low,Low,Low,Low,Low,Low,Low,Low,Medium,Medium
2023,2,SP,Low,High,Low,Low,Low,Low,Low,Low,Low,Medium,High,High
2023,3,SP,Low,High,Low,Low,Low,Low,Medium,Low,Low,Low,Medium,High
2023,4,SP,Medium,Medium,Low,Low,Low,Low,Low,Low,Low,Low,Medium,Medium
2023,5,SP,Medium,Medium,Low,Low,Low,Low,Low,Low,Low,Low,Low,Low
2023,6,SP,High,Low,Low,Low,Low,Low,Low,Low,Low,Low,Low,High
2023,7,SP,High,Low,Low,Low,Low,Low,Low,Low,Low,Low,Medium,High
2023,8,SP,High,High,Low,Low,Low,Low,Low,Low,Low,Low,Medium,Medium
2023,9,SP,High,Medium,Low,Low,Low,Low,Low,Low,Low,Low,Medium,Medium
2023,10,SP,Medium,High,Low,Low,Low,Low,Low,Low,Low,Low,High,Medium
2023,11,SP,Medium,Medium,Low,Low,Low,Low,Low,Low,Low,Low,High,High
2023,12,SP,Low,Medium,Low,Low,Low,Low,Low,Low,Medium,Low,High,Medium
2006,10,ES,Medium,Low,High,High,Medium,Medium,High,Medium,Low,High,High,Medium
2006,11,ES,Low,High,High,Medium,Low,Medium,Low,Medium,Medium,Medium,High,Medium
2006,12,ES,Low,High,High,High,Medium,Medium,Medium,Medium,Medium,Medium,High,Medium
2007,1,ES,Low,High,High,Medium,Medium,High,Medium,Medium,High,Medium,High,Medium
2007,2,ES,Low,Medium,High,High,Medium,Medium,Medium,Medium,Medium,Medium,Medium,Medium
2007,3,ES,Low,Low,High,High,Medium,Medium,Medium,Medium,Medium,Medium,Medium,Medium
2007,4,ES,Low,Medium,High,Medium,Medium,Medium,Medium,Medium,Medium,Medium,Medium,Medium
2007,5,ES,Medium,Low,High,Medium,Low,Medium,Low,Low,Low,Medium,Medium,Medium
2007,6,ES,Medium,Low,High,Medium,Low,Low,Low,Low,Low,Low,Low,Medium
2007,7,ES,High,Low,High,Medium,Low,Low,Low,Low,Low,Low,Medium,Medium
2007,8,ES,High,Low,High,Medium,Low,Low,Low,Low,Low,Low,Medium,Medium
2007,9,ES,Medium,Medium,High,Medium,Low,Low,Low,Low,Low,Low,High,High
2007,10,ES,Medium,Low,High,High,Low,Medium,Low,Low,Medium,Low,High,Medium
2007,11,ES,Low,Medium,High,High,Medium,Medium,Low,Medium,Medium,Low,High,High
2007,12,ES,Low,Medium,High,High,Medium,Medium,Medium,Medium,Medium,Medium,High,High
2008,1,ES,Low,High,High,High,Medium,Medium,Medium,Medium,Medium,Medium,High,Medium
2008,2,ES,Low,Medium,High,High,Medium,Medium,Medium,Medium,Medium,Medium,Medium,Medium
2008,3,ES,Low,Medium,High,High,Medium,High,Medium,Medium,High,Medium,Low,Low
2008,4,ES,Low,Medium,High,Medium,Medium,High,Medium,Medium,Medium,Medium,Low,Low
2008,5,ES,Medium,Low,High,Medium,Low,Medium,Low,Low,Medium,Low,Low,Medium
2008,6,ES,Medium,Low,High,Low,Low,Low,Low,Low,Low,Low,Medium,Medium
2008,7,ES,Medium,Low,High,Medium,Low,Low,Low,Low,Low,Low,Medium,Medium
2008,8,ES,Medium,Low,High,Medium,Low,Low,Low,Low,Low,Medium,Medium,Low
2008,9,ES,Medium,Low,High,Medium,Low,Low,Low,Low,Low,Low,High,Medium
2008,10,ES,Medium,Medium,High,High,Medium,Medium,Low,Medium,Medium,Medium,High,Medium
2008,11,ES,Low,High,High,Medium,Low,Medium,Medium,Low,Medium,Medium,Medium,Medium
2008,12,ES,Low,Medium,High,Medium,Medium,Medium,Medium,Medium,Medium,Medium,Medium,Medium
2009,1,ES,Low,High,High,High,Medium,Medium,Medium,Medium,Medium,Medium,High,High
2009,2,ES,Low,Medium,High,High,High,Medium,High,High,Medium,Medium,High,Medium
2009,3,ES,Low,High,High,High,Medium,High,High,High,Medium,Medium,Medium,Low
2009,4,ES,Low,High,High,Medium,Medium,Medium,Medium,Medium,Medium,Medium,Low,Low
2009,5,ES,Medium,Medium,High,Medium,Low,Medium,Low,Low,Medium,Medium,Low,Medium
2009,6,ES,Medium,Medium,High,Low,Low,Low,Low,Low,Low,Medium,Low,Low
2009,7,ES,High,Medium,High,Medium,Low,Low,Low,Low,Low,Medium,Medium,Medium
2009,8,ES,High,Medium,High,Medium,Low,Low,Low,Low,Low,Low,Medium,Low
2009,9,ES,Medium,Low,High,Medium,Low,Medium,Low,Low,Medium,Medium,High,Medium
2009,10,ES,Medium,High,High,Medium,Medium,Medium,Low,Medium,Medium,Medium,Medium,Medium
2009,11,ES,Low,Medium,High,High,Medium,Medium,Medium,Medium,Medium,Medium,High,Medium
2009,12,ES,Low,High,High,High,High,Medium,Medium,High,Medium,Medium,High,Medium
2010,1,ES,Low,Low,High,High,High,Medium,High,High,Medium,Medium,High,Medium
2010,2,ES,Low,Low,High,High,High,High,Medium,High,Medium,Medium,High,Medium
2010,3,ES,Low,High,High,Medium,High,High,Medium,High,High,High,Medium,Medium
2010,4,ES,Low,High,High,Medium,Medium,High,Low,Medium,High,Low,Medium,Low
2010,5,ES,Medium,Medium,High,Medium,Low,Medium,Low,Low,Low,Medium,Low,Medium
2010,6,ES,Medium,Medium,High,Medium,Low,Low,Low,Low,Low,Low,Low,Medium
2010,7,ES,High,Medium,High,Low,Low,Low,Low,Low,Low,Medium,Low,Low
2010,8,ES,High,Low,High,Medium,Low,Low,Low,Low,Low,Low,Medium,Medium
2010,9,ES,Medium,Low,High,Medium,Low,Medium,Low,Low,Medium,Low,High,Medium
2010,10,ES,Medium,Medium,High,Medium,Low,Medium,Low,Low,Low,Low,High,Medium
2010,11,ES,Low,High,High,Medium,Medium,Medium,Medium,Medium,Medium,Medium,Medium,Medium
2010,12,ES,Low,High,High,High,Medium,Medium,Medium,Medium,High,Medium,High,Medium
2011,1,ES,Low,Low,High,High,Medium,Medium,Medium,Medium,Medium,Medium,High,Medium
2011,2,ES,Low,Medium,High,High,High,Medium,Medium,High,Medium,Medium,Medium,Medium
2011,3,ES,Low,High,High,Medium,Medium,High,Medium,Medium,High,Medium,Low,Low
2011,4,ES,Low,High,High,Medium,Medium,Medium,Medium,Medium,Medium,High,Low,Low
2011,5,ES,Medium,Low,High,Medium,Low,Medium,Low,Low,Medium,Low,Low,Medium
2011,6,ES,High,Medium,High,Medium,Low,Low,Low,Low,Low,Low,Medium,Low
2011,7,ES,High,Low,High,Medium,Low,Low,Low,Low,Low,Low,Medium,Low
2011,8,ES,High,Low,High,Medium,Low,Low,Low,Low,Low,Low,Medium,Medium
2011,9,ES,High,Low,High,Medium,Low,Low,Low,Low,Low,Low,High,Medium
2011,10,ES,Medium,High,High,Medium,Low,Medium,Low,Low,Medium,Medium,High,Medium
2011,11,ES,Low,High,High,Medium,Low,Medium,Low,Low,Medium,Medium,Medium,Low
2011,12,ES,Low,High,High,Medium,Medium,Medium,Medium,Medium,Medium,Medium,Medium,Medium
2012,1,ES,Low,High,High,High,Medium,Medium,Medium,Medium,Medium,Medium,Medium,Medium
2012,2,ES,Low,Medium,High,High,Medium,Medium,Medium,Medium,Medium,Medium,Medium,Medium
2012,3,ES,Low,Low,High,High,Medium,Medium,Medium,Medium,Medium,Medium,Medium,Medium
2012,4,ES,Medium,Low,High,Medium,Medium,Medium,Medium,Medium,Medium,Medium,Low,Low
2012,5,ES,Medium,High,High,Low,Low,Medium,Low,Low,Medium,Medium,Medium,Medium
2012,6,ES,High,Medium,High,Medium,Low,Low,Low,Low,Low,Medium,Medium,Low
2012,7,ES,High,Medium,High,Medium,Low,Low,Low,Low,Low,Low,Medium,Low
2012,8,ES,High,High,High,Medium,Low,Low,Low,Low,Low,Low,Low,Low
2012,9,ES,High,Low,High,Medium,Low,Low,Low,Low,Low,Low,High,Medium
2012,10,ES,Medium,Low,High,High,Low,Medium,Low,Low,Low,Low,High,Medium
2012,11,ES,Medium,High,High,Medium,Low,Medium,Medium,Low,Medium,Medium,Medium,Low
2012,12,ES,Low,Low,High,High,High,Medium,Medium,High,Medium,Medium,High,Medium
2013,1,ES,Low,High,High,High,Medium,Medium,Medium,Medium,Medium,Medium,High,Medium
2013,2,ES,Low,Low,High,High,High,High,Medium,Medium,High,Medium,Medium,Medium
2013,3,ES,Low,High,High,Medium,Medium,High,Medium,Medium,High,Medium,Medium,Low
2013,4,ES,Low,Medium,High,Medium,Low,High,Low,Low,High,Medium,Low,Low
2013,5,ES,Medium,Medium,High,Medium,Low,Medium,Low,Low,Medium,Medium,Low,Medium
2013,6,ES,Medium,Low,High,Medium,Low,Medium,Low,Low,Medium,Medium,Low,Low
2013,7,ES,Medium,Medium,High,Medium,Low,Medium,Low,Low,Medium,Medium,Medium,Low
2013,8,ES,Medium,Medium,High,Medium,Low,Low,Low,Low,Low,Low,Medium,Medium
2013,9,ES,Medium,Low,High,Medium,Low,Medium,Low,Low,Medium,Low,Medium,Medium
2013,10,ES,Medium,Medium,High,Medium,Low,Medium,Low,Low,Low,Medium,High,Medium
2013,11,ES,Low,High,High,High,Low,Medium,Low,Low,High,Medium,Medium,Medium
2013,12,ES,Low,High,High,Medium,Medium,High,Medium,Medium,High,High,Medium,Medium
2014,1,ES,Medium,Medium,High,High,Medium,Medium,Medium,Medium,High,Medium,Medium,Medium
2014,2,ES,Medium,Medium,High,High,Medium,Medium,Medium,Medium,Medium,Medium,Medium,Medium
2014,3,ES,Medium,Medium,High,High,Medium,High,Medium,Medium,Medium,Medium,Medium,Medium
2014,4,ES,Medium,Medium,High,Medium,Medium,High,Low,Medium,High,Low,Medium,Low
2014,5,ES,High,Low,High,Medium,Low,Medium,Low,Low,Medium,Medium,Low,Low
2014,6,ES,High,Low,High,Medium,Low,Low,Low,Low,Low,Medium,Low,Low
2014,7,ES,High,Medium,High,Low,Low,Medium,Low,Low,Low,Low,Low,Low
2014,8,ES,High,Medium,High,Medium,Low,Low,Low,Low,Low,Low,Medium,Medium
2014,9,ES,High,Low,High,High,Low,Medium,Low,Low,Low,Low,High,Medium
2014,10,ES,High,High,High,Medium,Low,Medium,Low,Low,Medium,Low,High,Medium
2014,11,ES,Medium,Medium,High,High,Medium,Medium,Low,Medium,Medium,Medium,High,Medium
2014,12,ES,Medium,Medium,High,High,Medium,Medium,Medium,Medium,Medium,Medium,High,Medium
2015,1,ES,Low,Low,High,High,High,Medium,Medium,High,Medium,Medium,High,Medium
2015,2,ES,Low,Medium,High,High,High,High,Medium,High,High,Medium,High,Medium
2015,3,ES,Low,Medium,High,High,High,Medium,Medium,High,High,Medium,Medium,Low
2015,4,ES,Low,Low,High,Medium,Medium,High,Medium,Medium,High,Medium,Low,Medium
2015,5,ES,Medium,High,High,Low,Low,Medium,Low,Low,Medium,Medium,Low,Low
2015,6,ES,High,Medium,High,Low,Low,Low,Low,Low,Low,Medium,High,Low
2015,7,ES,High,Low,High,Medium,Low,Medium,Low,Low,Low,Medium,Low,Low
2015,8,ES,High,Medium,High,Medium,Low,Low,Low,Low,Medium,Low,Low,Low
2015,9,ES,High,Low,High,Medium,Medium,Medium,Medium,Medium,Medium,Medium,High,Medium
2015,10,ES,Medium,Medium,High,High,Medium,Medium,Medium,Medium,Medium,Medium,High,High
2015,11,ES,Low,Low,High,High,High,Medium,Medium,High,High,Medium,High,Medium
2015,12,ES,Low,Medium,High,High,High,High,Medium,High,Medium,Medium,High,Medium
2016,1,ES,Low,High,High,High,Medium,High,Medium,High,High,Medium,Medium,Medium
2016,2,ES,Low,Low,High,High,High,High,Medium,High,Medium,Medium,High,Medium
2016,3,ES,Low,Medium,High,High,High,High,High,High,Medium,Medium,Medium,Low
2016,4,ES,Medium,Low,High,Medium,Medium,High,Medium,Medium,High,Medium,Medium,Low
2016,5,ES,Medium,Low,High,Medium,Low,Medium,Low,Low,Medium,Low,Medium,Low
2016,6,ES,High,Medium,High,Low,Low,Medium,Low,Low,Medium,Low,Low,Low
2016,7,ES,High,Medium,High,Low,Low,Medium,Low,Low,Low,Medium,Low,Low
2016,8,ES,High,Low,High,Medium,Low,Low,Low,Low,Low,Low,Medium,Medium
2016,9,ES,High,Low,High,Medium,Low,Medium,Medium,Low,Low,Low,High,Medium
2016,10,ES,Medium,Medium,High,Medium,Low,Medium,Medium,Low,Medium,Medium,Medium,Medium
2016,11,ES,Medium,High,High,Medium,Medium,High,Low,Medium,High,Low,Medium,Medium
2016,12,ES,Low,Medium,High,High,Medium,High,Medium,Medium,High,Medium,High,Medium
2017,1,ES,Medium,Medium,High,High,High,High,Medium,High,High,Medium,High,Medium
2017,2,ES,Medium,Medium,High,High,Medium,High,Medium,Medium,High,Medium,Medium,Low
2017,3,ES,Medium,Low,High,High,Medium,Medium,Medium,Medium,Medium,Medium,Medium,Medium
2017,4,ES,Medium,Low,High,Medium,Medium,High,Medium,Medium,High,Medium,Medium,Low
2017,5,ES,High,High,High,Low,Low,Medium,Low,Low,Medium,Medium,Low,Low
2017,6,ES,High,Medium,High,Medium,Low,Medium,Low,Low,Medium,Low,Low,Low
2017,7,ES,High,High,High,Low,Low,Medium,Low,Low,Medium,Low,Low,Low
2017,8,ES,High,Low,High,Medium,Low,Low,Low,Low,Low,Low,Medium,Low
2017,9,ES,High,Medium,High,Medium,Low,Medium,Low,Low,Low,Medium,Medium,Low
2017,10,ES,High,Medium,High,High,Medium,Medium,Medium,Medium,Medium,Medium,High,Medium
2017,11,ES,Medium,Medium,High,Medium,Low,Medium,Low,Low,Medium,Low,Medium,Medium
2017,12,ES,Medium,High,High,High,Medium,High,Medium,Medium,High,Medium,Medium,Low
2018,1,ES,Medium,Medium,High,High,High,Medium,Medium,High,High,Medium,High,Medium
2018,2,ES,Medium,High,High,High,Medium,High,Medium,Medium,High,Medium,Medium,Low
2018,3,ES,Medium,Medium,High,High,Medium,High,Medium,Medium,High,Medium,Low,Low
2018,4,ES,Medium,High,High,Medium,Low,Medium,Medium,Low,Medium,Medium,Low,Low
2018,5,ES,Medium,High,High,Medium,Low,Medium,Low,Low,Medium,Medium,Low,Low
2018,6,ES,High,Medium,High,Low,Low,Low,Low,Low,Low,Medium,Low,Low
2018,7,ES,High,Low,High,Medium,Low,Low,Low,Low,Low,Medium,Low,Low
2018,8,ES,High,Medium,High,Low,Low,Low,Low,Low,Low,Medium,Low,Low
2018,9,ES,High,Low,High,Medium,Low,Medium,Low,Low,Medium,Low,Medium,Medium
2018,10,ES,Medium,High,High,Medium,Low,Medium,Low,Low,Medium,Medium,Medium,Medium
2018,11,ES,Medium,High,High,Medium,Medium,Medium,Medium,Medium,Medium,Medium,Medium,Low
2018,12,ES,Medium,High,High,High,Medium,Medium,Medium,Medium,Medium,Medium,Medium,Low
2019,1,ES,Low,Low,High,High,High,Medium,Medium,High,Medium,Medium,High,Low
2019,2,ES,Low,Medium,High,High,High,High,Medium,High,High,Medium,Medium,Low
2019,3,ES,Low,Medium,High,High,High,High,Medium,High,High,Medium,Medium,Low
2019,4,ES,Low,Low,High,High,Medium,High,Medium,Medium,Medium,Medium,Low,Low
2019,5,ES,Medium,High,High,Medium,Medium,High,Medium,Medium,Medium,Medium,Low,Low
2019,6,ES,Medium,Low,High,Low,Low,Medium,Low,Low,Medium,Low,Low,Low
2019,7,ES,Medium,Medium,High,Medium,Low,Medium,Low,Low,Low,Low,Low,Low
2019,8,ES,Medium,Medium,High,Medium,Low,Low,Low,Low,Low,Low,Medium,Low
2019,9,ES,Medium,Medium,High,Medium,Low,Low,Low,Low,Low,Medium,High,Medium
2019,10,ES,Medium,Medium,High,High,Medium,Medium,Low,Medium,Medium,Low,Medium,Medium
2019,11,ES,Low,High,High,Medium,Medium,Medium,Low,Medium,Medium,Medium,Medium,Medium
2019,12,ES,Low,High,High,High,Medium,High,Medium,Medium,Medium,Medium,Medium,Low
2020,1,ES,Low,High,High,Low,Medium,High,Medium,Medium,High,Medium,Medium,Medium
2020,2,ES,Low,Medium,High,Low,High,High,Medium,High,High,High,Medium,Low
2020,3,ES,Low,High,High,Low,Medium,High,Medium,Medium,Medium,Medium,Low,Low
2020,4,ES,Low,Low,High,Low,Low,Medium,Low,Low,Medium,Medium,Low,Low
2020,5,ES,Medium,Medium,High,Low,Low,Medium,Low,Low,Low,Low,Low,Low
2020,6,ES,Medium,Low,High,Low,Medium,Low,Medium,Medium,Medium,Low,Medium,Low
2020,7,ES,Medium,Low,High,Low,Medium,Low,Medium,Medium,Low,Medium,Medium,Low
2020,8,ES,Medium,Low,High,Low,Medium,Low,Medium,Low,Low,Low,High,Low
2020,9,ES,Medium,Medium,High,Low,Low,Low,Low,Low,Low,Medium,High,Low
2020,10,ES,Medium,High,High,Low,Low,Medium,Medium,Medium,Medium,Medium,Medium,Low
2020,11,ES,Low,Medium,High,Low,Medium,Medium,Medium,Medium,Medium,Medium,Medium,Low
2020,12,ES,Low,Medium,High,Low,Medium,Medium,Medium,Medium,Medium,Medium,High,Low
2021,1,ES,Low,Low,High,Low,Medium,Medium,Medium,Medium,Medium,Medium,Medium,Low
2021,2,ES,Low,High,High,Low,Medium,Medium,Medium,Medium,High,Medium,Medium,Low
2021,3,ES,Low,High,High,Low,Medium,Medium,Medium,Medium,Medium,Medium,Low,Low
2021,4,ES,Low,Medium,High,Low,Low,Medium,Medium,Low,Medium,Low,Low,Low
2021,5,ES,Low,Medium,High,Low,Low,Low,Low,Low,Medium,Medium,Low,Low
2021,6,ES,Medium,Medium,High,Low,Low,Medium,Low,Low,Low,Medium,Low,Low
2021,7,ES,Medium,Low,High,Low,Low,Low,Low,Low,Low,Low,Low,Low
2021,8,ES,Medium,Medium,High,Low,Low,Low,Low,Low,Low,Low,Medium,Low
2021,9,ES,Medium,Medium,High,Low,Low,Medium,Low,Low,Medium,Low,Medium,Medium
2021,10,ES,Low,High,High,Low,Low,Medium,Medium,Low,Medium,Medium,High,Medium
2021,11,ES,Low,High,High,Low,Low,Medium,Low,Low,Medium,Medium,Medium,Low
2021,12,ES,Low,Medium,High,Low,Medium,Medium,Medium,Medium,Medium,Medium,Medium,Low
2022,1,ES,Low,Medium,High,Low,Medium,High,Medium,Medium,Medium,Medium,Medium,Medium
2022,2,ES,Low,Medium,High,Low,Medium,High,Medium,Medium,High,Medium,Medium,Low
2022,3,ES,Low,Medium,High,Low,Medium,High,Medium,Medium,Medium,Medium,Medium,Low
2022,4,ES,Low,Low,High,Low,Medium,Medium,Low,Medium,Medium,Low,Low,Low
2022,5,ES,Medium,Low,High,Low,Medium,Low,Low,Low,Low,Low,Medium,Low
2022,6,ES,Medium,Low,High,Low,Low,Medium,Low,Low,Medium,Low,Low,Low
2022,7,ES,Medium,Low,High,Low,Low,Low,Low,Low,Low,Medium,Low,Low
2022,8,ES,Medium,Low,High,Low,Low,Low,Low,Low,Low,Low,High,Low
2022,9,ES,Medium,Medium,High,Low,Low,Low,Low,Low,Medium,Low,Medium,Low
2022,10,ES,Medium,Medium,High,Low,Medium,Medium,Medium,Medium,Medium,Low,Medium,Low
2022,11,ES,Low,High,High,Low,Low,Medium,Low,Low,Medium,Low,Medium,Medium
2022,12,ES,Low,High,High,Low,Medium,High,Medium,Medium,High,Medium,Medium,Low
2023,1,ES,Low,High,High,Low,Medium,High,Medium,Medium,High,Medium,Medium,Low
2023,2,ES,Low,Low,High,Low,High,High,Medium,High,High,Medium,Medium,Low
2023,3,ES,Low,Medium,High,Low,High,High,Medium,High,High,Medium,Medium,Low
2023,4,ES,Low,Medium,High,Low,Medium,High,Medium,Medium,High,Medium,Low,Low
2023,5,ES,Medium,Medium,High,Low,Low,High,Low,Low,Medium,Low,Low,Low
2023,6,ES,Medium,Low,High,Low,Low,Medium,Low,Low,Medium,Low,Low,Low
2023,7,ES,Medium,Medium,High,Low,Low,Medium,Low,Low,Medium,Low,Low,Low
2023,8,ES,Medium,High,High,Low,Low,High,Low,Low,Medium,Medium,Low,Low
2023,9,ES,Medium,Low,High,Low,Low,Medium,Low,Low,Medium,Medium,Medium,Low
2023,10,ES,Medium,Low,High,Low,Medium,Medium,Medium,Medium,Medium,Medium,Medium,Low
2023,11,ES,Low,Low,High,Low,Medium,Medium,Low,Medium,Medium,Low,High,Low
2023,12,ES,Low,High,High,Low,High,High,Medium,High,High,Medium,Medium,Medium
