Year,Month,State,Month_sin,Month_cos,Deforestation_ha,Deforestation_Class_Median,Deforestation_Class_Q75,CO2_Emissions,Total_Precipitation_z,Atmospheric_Pressure_Station_z,Global_Radiation_z,Air_Temperature_z,Max_Air_Temperature_z,Min_Air_Temperature_z,Relative_Humidity_z,Max_Relative_Humidity_z,Min_Relative_Humidity_z,Hourly_Wind_Speed_z,Max_Wind_Gust_z
2003,2,SE,0.866025,0.500000,221.3200,0,0,59332.5000,-0.230372,0.733114,0.057405,0.863718,0.681429,0.726842,0.889528,0.603281,0.880813,1.088880,0.532070
2003,3,SE,1.000000,6.123234e-17,221.3200,0,0,59332.5000,-0.312053,0.719180,-0.062917,0.866642,0.587884,0.781447,0.910030,0.603281,0.940190,0.701615,0.727985
2003,4,SE,0.866025,-0.500000,331.9800,0,0,88998.7500,-0.260840,0.735217,-0.260349,0.872490,0.650247,0.672237,0.901243,0.478149,0.836280,0.560233,0.923900
2003,5,SE,0.500000,-0.866025,885.2800,0,0,237330.0000,0.398437,0.763874,-0.160370,0.468992,0.587884,0.581229,0.494143,0.446866,0.851125,0.363526,0.972879
2003,6,SE,1.2246468e-16,-1.000000,1659.9000,0,0,444993.7500,0.157934,0.804099,-0.097073,0.205841,0.182520,0.290002,0.227624,0.134035,0.509706,0.357379,0.532070
2003,7,SE,-0.500000,-0.866025,2213.2000,0,0,593325.0000,0.162472,0.862202,-0.130155,0.027483,-0.066934,0.198994,0.040182,0.071469,-0.054378,0.965939,0.776964
2003,8,SE,-0.866025,-0.500000,2213.2000,0,0,593325.0000,-0.107852,0.853526,-0.109326,0.004092,-0.066934,0.271801,0.028467,-0.084946,0.450328,0.732350,0.287177
2003,9,SE,-1.000000,-1.8369702e-16,1659.9000,0,0,444993.7500,-0.256951,0.829601,-0.137968,0.202917,0.276066,0.308204,0.242268,0.196602,0.316730,1.150351,0.972879
2003,10,SE,-0.866025,0.500000,885.2800,0,0,237330.0000,0.091812,0.778597,0.151318,0.334492,0.120157,0.490221,0.376991,0.134035,0.732370,1.531469,0.972879
2003,11,SE,-0.500000,0.866025,331.9800,0,0,88998.7500,0.010779,0.729696,0.082120,0.439753,0.307248,0.599430,0.485356,0.353017,0.865969,1.463851,0.874921
2003,12,SE,-2.4492936e-16,1.000000,221.3200,0,0,59332.5000,-0.321128,0.732588,0.340859,0.691208,0.619065,0.799649,0.748947,0.415583,0.895658,1.672851,1.217772
2004,1,SE,0.500000,0.866025,76.8200,0,0,21769.5600,0.406216,0.692889,0.225713,0.509926,0.681429,0.563027,0.546861,0.697130,0.910502,0.793821,0.923900
2004,2,SE,0.866025,0.500000,76.8200,0,0,21769.5600,-0.315294,0.725753,0.084813,0.705827,0.681429,0.672237,0.748947,0.571998,0.955035,0.763086,0.825943
2004,3,SE,1.000000,6.123234e-17,76.8200,0,0,21769.5600,-0.297791,0.716288,-0.120671,0.784773,0.650247,0.690439,0.819237,0.478149,0.925346,0.898321,0.727985
2004,4,SE,0.866025,-0.500000,115.2300,0,0,32654.3400,-0.124058,0.735743,-0.129137,0.714599,0.619065,0.544825,0.740160,0.415583,0.806592,0.640144,0.825943
2004,5,SE,0.500000,-0.866025,307.2800,0,0,87078.2400,0.052268,0.775705,-0.083474,0.425133,0.338429,0.326406,0.453140,0.603281,0.747214,0.381968,0.532070
2004,6,SE,1.2246468e-16,-1.000000,576.1500,0,0,163271.7000,-0.036543,0.853789,-0.134143,0.278938,0.026611,0.326406,0.303772,0.040186,0.376107,0.830703,0.581049
2004,7,SE,-0.500000,-0.866025,768.2000,0,0,217695.6000,0.280454,0.836174,0.007550,-0.147951,0.026611,0.053381,-0.123830,0.134035,0.153442,1.015115,1.021857
2004,8,SE,-0.866025,-0.500000,768.2000,0,0,217695.6000,0.157286,0.869300,-0.044133,-0.200581,-0.066934,-0.037627,-0.161904,-0.147512,0.138598,0.560233,0.385134
2004,9,SE,-1.000000,-1.8369702e-16,576.1500,0,0,163271.7000,-0.235558,0.835385,-0.112487,0.106428,-0.160479,0.198994,0.142689,-0.147512,0.346418,1.150351,0.630028
2004,10,SE,-0.866025,0.500000,307.2800,0,0,87078.2400,-0.452724,0.765189,0.069458,0.425133,-0.004570,0.726842,0.473641,-0.053663,0.628460,1.672851,1.119815
2004,11,SE,-0.500000,0.866025,115.2300,0,0,32654.3400,-0.391788,0.732588,0.218649,0.515774,0.276066,0.799649,0.558576,0.196602,0.331574,1.574498,1.364709
2004,12,SE,-2.4492936e-16,1.000000,76.8200,0,0,21769.5600,-0.476062,0.722072,0.217098,0.688284,0.276066,0.854254,0.734303,0.227885,0.895658,1.396233,1.119815
2006,1,SE,0.500000,0.866025,298.3400,0,0,95212.6200,-0.386602,0.724701,5.533385,0.702904,0.681429,0.726842,0.740160,0.571998,0.969879,1.267145,0.630028
2006,2,SE,0.866025,0.500000,298.3400,0,0,95212.6200,-0.372989,0.693152,5.772777,0.822783,0.743793,0.890657,0.886599,0.665847,1.058945,1.426969,1.217772
2006,3,SE,1.000000,6.123234e-17,298.3400,0,0,95212.6200,-0.406050,0.708926,7.618331,1.006989,0.930883,0.927060,1.047682,0.790979,1.281609,1.334763,1.217772
2006,4,SE,0.866025,-0.500000,447.5100,0,0,142818.9300,-0.453373,0.670542,10.678983,1.199966,0.868520,1.527715,1.246839,0.697130,1.355831,0.929056,0.776964
2006,5,SE,0.500000,-0.866025,1193.3600,0,0,380850.4800,-0.476062,0.675011,9.015868,1.074239,0.288538,1.742494,1.088685,0.271681,1.384035,0.658586,-1.480955
2006,6,SE,1.2246468e-16,-1.000000,2237.5500,0,0,714094.6500,-0.476062,0.739424,6.460348,0.854946,0.039084,1.576859,0.719659,0.021417,1.260827,0.744644,-1.515240
2006,7,SE,-0.500000,-0.866025,2983.4000,1,0,952126.2000,-0.476062,0.803836,3.904831,0.635654,-0.204134,1.403943,0.350632,-0.222591,1.134651,0.830703,-1.549525
2006,8,SE,-0.866025,-0.500000,2983.4000,1,0,952126.2000,-0.476062,0.869300,1.307418,0.413438,-0.456707,1.231028,-0.024252,-0.475984,1.006990,0.916762,-1.583810
2006,9,SE,-1.000000,-1.8369702e-16,2237.5500,0,0,714094.6500,0.069576,0.842221,-0.100119,0.144439,0.400793,0.399212,0.098757,0.259168,0.791747,1.279439,0.532070
2006,10,SE,-0.866025,0.500000,1193.3600,0,0,380850.4800,1.812934,0.756776,0.018431,0.322797,0.587884,0.763245,0.374063,0.540715,1.088634,1.420822,0.874921
2006,11,SE,-0.500000,0.866025,447.5100,0,0,142818.9300,-0.262266,0.714185,0.027135,0.416362,0.681429,0.745044,0.473641,0.571998,1.133166,1.414675,0.630028
2006,12,SE,-2.4492936e-16,1.000000,298.3400,0,0,95212.6200,-0.446890,0.736795,0.089490,0.755534,0.837338,0.836052,0.819237,0.790979,1.148011,1.537616,1.021857
2007,1,SE,0.500000,0.866025,166.4200,0,0,57129.2800,-0.385954,0.727856,0.037045,0.746762,0.806156,0.836052,0.801665,0.822262,1.251921,1.088880,0.923900
2007,2,SE,0.866025,0.500000,166.4200,0,0,57129.2800,0.913737,0.721283,-0.040950,0.539165,0.837338,0.581229,0.576149,0.697130,1.162855,0.443438,1.364709
2007,3,SE,1.000000,6.123234e-17,166.4200,0,0,57129.2800,0.201756,0.741264,0.047692,0.699980,0.899702,0.563027,0.725516,0.884828,0.999568,0.486468,0.042283
2007,4,SE,0.866025,-0.500000,249.6300,0,0,85693.9200,0.382976,0.740213,-0.130764,0.463144,0.899702,0.235397,0.485356,0.790979,0.999568,0.461880,1.511645
2007,5,SE,0.500000,-0.866025,665.6800,0,0,228517.1200,4.737352,0.816193,-0.447828,-0.215200,0.179402,1.092695,-0.082827,0.005775,1.415208,0.959792,-1.583810
2007,6,SE,1.2246468e-16,-1.000000,1248.1500,0,0,428469.6000,3.592563,0.811198,-0.437965,-0.185961,0.141984,1.076314,-0.047682,-0.025508,1.415208,1.138057,-1.324223
2007,7,SE,-0.500000,-0.866025,1664.2000,0,0,571292.8000,2.719004,0.806202,-0.428107,-0.153799,0.104566,1.059932,-0.012536,-0.059919,1.415208,1.322469,-1.054840
2007,8,SE,-0.866025,-0.500000,1664.2000,0,0,571292.8000,1.693266,0.800944,-0.418082,-0.121636,0.064029,1.043551,0.025538,-0.091202,1.415208,1.506880,-0.785457
2007,9,SE,-1.000000,-1.8369702e-16,1248.1500,0,0,428469.6000,0.646655,0.795949,-0.408219,-0.092397,0.026611,1.028989,0.060683,-0.125614,1.415208,1.691292,-0.525870
2007,10,SE,-0.866025,0.500000,665.6800,0,0,228517.1200,-0.227552,0.780175,-0.251538,0.080113,0.556702,0.763245,0.198336,0.415583,0.969879,1.758910,0.630028
2007,11,SE,-0.500000,0.866025,249.6300,0,0,85693.9200,-0.468931,0.721020,0.028903,0.337416,0.712611,0.308204,0.376991,0.540715,0.895658,1.851116,1.413687
2007,12,SE,-2.4492936e-16,1.000000,166.4200,0,0,57129.2800,-0.476062,0.701039,-0.131638,0.243852,0.619065,0.271801,0.294986,0.540715,0.776903,1.531469,1.658581
2008,1,SE,0.500000,0.866025,275.0200,0,0,85686.1800,-0.476062,0.689997,-0.362726,0.232156,0.728202,1.059932,0.286199,0.287322,1.415208,1.771204,-0.790355
2008,2,SE,0.866025,0.500000,275.0200,0,0,85686.1800,-0.476062,0.686842,-0.335447,0.647349,1.373665,1.360259,0.649368,0.772209,1.609669,2.570323,-0.790355
2008,3,SE,1.000000,6.123234e-17,275.0200,0,0,85686.1800,-0.463745,0.681847,-0.307771,1.024532,2.062783,0.963463,0.983249,1.288379,1.792254,3.185029,-0.692398
2008,4,SE,0.866025,-0.500000,412.5300,0,0,128529.2700,0.027634,0.684739,-0.097124,0.676588,2.334064,0.654035,0.699157,2.136149,1.370675,0.160673,-0.055674
2008,5,SE,0.500000,-0.866025,1100.0800,0,0,342744.7200,0.998075,0.750466,-0.170539,0.430981,2.271701,0.399212,0.456069,2.104866,1.029256,0.523350,-0.055674
2008,6,SE,1.2246468e-16,-1.000000,2062.6500,0,0,642646.3500,-0.006075,0.809883,-0.164766,0.208765,1.055611,0.290002,0.227624,1.135092,0.554238,0.787674,0.776964
2008,7,SE,-0.500000,-0.866025,2750.2000,1,0,856861.8000,-0.131189,0.857995,-0.169564,-0.095321,1.273883,-0.055829,-0.085756,1.479206,0.865969,1.095027,0.287177
2008,8,SE,-0.866025,-0.500000,2750.2000,1,0,856861.8000,-0.475413,0.816456,-0.134794,-0.051462,1.149156,0.362809,-0.056468,1.197658,0.791747,0.799968,0.434113
2008,9,SE,-1.000000,-1.8369702e-16,2062.6500,0,0,642646.3500,-0.476062,0.822503,-0.090508,0.235080,1.585701,0.435616,0.245196,1.573055,0.806592,0.873733,0.776964
2008,10,SE,-0.866025,0.500000,1100.0800,0,0,342744.7200,-0.476062,0.795423,-0.038062,0.457296,0.993247,0.472019,0.461926,0.978677,1.029256,1.463851,0.972879
2008,11,SE,-0.500000,0.866025,412.5300,0,0,128529.2700,-0.461152,0.719443,0.044735,0.679512,0.930883,0.781447,0.693300,0.916111,1.133166,1.592939,1.119815
2008,12,SE,-2.4492936e-16,1.000000,275.0200,0,0,85686.1800,-0.453373,0.695518,0.030241,0.647349,0.837338,0.890657,0.693300,0.759696,1.192544,1.304027,0.776964
2009,1,SE,0.500000,0.866025,118.9200,0,0,39554.0800,-0.389844,0.715762,0.026458,0.770153,0.837338,0.726842,0.816309,0.790979,1.014412,1.334763,1.217772
2009,2,SE,0.866025,0.500000,118.9200,0,0,39554.0800,-0.372341,0.699462,-0.008367,0.784773,1.024429,0.836052,0.813380,0.978677,1.162855,0.972086,1.511645
2009,3,SE,1.000000,6.123234e-17,118.9200,0,0,39554.0800,-0.472172,0.678166,0.009378,0.872490,1.273883,0.945262,0.921745,1.197658,1.281609,0.818409,0.581049
2009,4,SE,0.866025,-0.500000,178.3800,0,0,59331.1200,-0.463097,0.709978,-0.081991,0.816936,2.209337,0.745044,0.851454,2.167432,1.251921,0.474174,0.679006
2009,5,SE,0.500000,-0.866025,475.6800,0,0,158216.3200,-0.474765,0.742053,-0.207886,0.322797,1.991065,0.690439,0.365276,1.885885,1.415208,0.209850,0.630028
2009,6,SE,1.2246468e-16,-1.000000,891.9000,0,0,296655.6000,-0.476062,0.801733,-0.137564,0.357884,1.991065,0.453817,0.388707,1.854602,0.999568,0.381968,0.140241
2009,7,SE,-0.500000,-0.866025,1189.2000,0,0,395540.8000,-0.061825,0.827761,-0.155261,0.159059,1.117974,0.381011,0.169048,1.041243,0.969879,0.578674,0.385134
2009,8,SE,-0.866025,-0.500000,1189.2000,0,0,395540.8000,0.223408,0.827235,-0.141309,0.056722,1.648065,0.399212,0.066541,1.604338,0.450328,0.953645,0.581049
2009,9,SE,-1.000000,-1.8369702e-16,891.9000,0,0,296655.6000,-0.232317,0.818033,-0.061081,0.267243,1.273883,0.417414,0.303772,1.291508,0.895658,1.162645,0.679006
2009,10,SE,-0.866025,0.500000,475.6800,0,0,158216.3200,-0.446598,0.722598,-0.072137,0.495307,1.180338,0.654035,0.552718,1.166375,1.148011,1.174939,0.972879
2009,11,SE,-0.500000,0.866025,178.3800,0,0,59331.1200,-0.228654,0.717865,0.247560,1.009913,0.304129,1.334777,1.033038,0.334247,1.550291,1.629822,-0.099755
2009,12,SE,-2.4492936e-16,1.000000,118.9200,0,0,39554.0800,-0.371757,0.726541,0.088664,1.053771,1.648065,0.635834,1.053540,1.573055,1.192544,1.703587,1.021857
2010,1,SE,0.500000,0.866025,203.9200,0,0,66980.3400,-0.327611,0.725490,0.021021,1.015761,1.273883,0.763245,1.021323,1.291508,1.222232,1.150351,0.630028
2010,2,SE,0.866025,0.500000,203.9200,0,0,66980.3400,-0.210925,0.716814,-0.048053,0.939739,1.492156,0.799649,0.983249,1.354074,1.251921,0.818409,2.540198
2010,3,SE,1.000000,6.123234e-17,203.9200,0,0,66980.3400,-0.354189,0.701302,-0.040622,1.050847,1.242701,0.836052,1.097472,1.322791,1.192544,0.806115,1.315730
2010,4,SE,0.866025,-0.500000,305.8800,0,0,100470.5100,0.965662,0.716288,-0.143533,0.752610,1.772792,0.708640,0.792878,1.729470,1.281609,0.209850,0.581049
2010,5,SE,0.500000,-0.866025,815.6800,0,0,267921.3600,0.076253,0.741001,-0.140005,0.623958,2.271701,0.672237,0.658154,2.198715,1.192544,0.664733,-0.398525
2010,6,SE,1.2246468e-16,-1.000000,1529.4000,0,0,502352.5500,0.567632,0.820662,-0.191488,0.255547,1.803974,0.198994,0.274484,1.792036,0.969879,1.254851,-1.040147
2010,7,SE,-0.500000,-0.866025,2039.2000,0,0,669803.4000,0.124873,0.838540,-0.144210,0.106428,1.305065,0.362809,0.122188,1.291508,0.821436,1.500733,-0.677704
2010,8,SE,-0.866025,-0.500000,2039.2000,0,0,669803.4000,-0.081273,0.862465,-0.110344,-0.025147,0.712611,0.107986,-0.006679,0.697130,0.509706,1.752763,-0.310364
2010,9,SE,-1.000000,-1.8369702e-16,1529.4000,0,0,502352.5500,-0.177215,0.825132,-0.094840,0.112276,0.463157,0.180792,0.128045,0.478149,0.509706,1.949469,0.727985
2010,10,SE,-0.866025,0.500000,815.6800,0,0,267921.3600,0.336950,0.753095,-0.174007,0.436829,-0.035752,0.672237,0.388707,0.040186,0.554238,0.972086,0.825943
2010,11,SE,-0.500000,0.866025,305.8800,0,0,100470.5100,-0.066460,0.681584,-0.242570,1.077162,-0.004570,0.988946,0.561505,-0.353980,0.984723,1.476145,-0.276079
2010,12,SE,-2.4492936e-16,1.000000,203.9200,0,0,66980.3400,-0.440408,0.656345,-0.165614,1.141488,0.463157,1.018068,1.059397,0.509432,0.776903,1.955616,1.119815
2011,1,SE,0.500000,0.866025,166.4600,0,0,55446.6200,-0.098776,0.686053,-0.090456,0.846175,0.494338,0.708640,0.842668,0.697130,-1.286455,1.156498,0.923900
2011,2,SE,0.866025,0.500000,166.4600,0,0,55446.6200,-0.380768,0.702617,-0.085297,0.913424,-0.544016,0.708640,0.915887,-2.083931,-0.812922,1.285586,0.630028
2011,3,SE,1.000000,6.123234e-17,166.4600,0,0,55446.6200,-0.291957,0.679218,-0.096199,1.053771,0.587884,0.763245,1.053540,0.759696,0.563145,0.861439,0.972879
2011,4,SE,0.866025,-0.500000,249.6900,0,0,83169.9300,0.366673,0.713659,-0.172631,0.796468,0.463157,0.817850,0.792878,0.509432,0.717526,0.787674,0.727985
2011,5,SE,0.500000,-0.866025,665.8400,0,0,221786.4800,0.692746,0.755461,-0.220727,0.445601,0.338429,0.508422,0.476570,0.321734,0.598771,0.670880,0.189219
2011,6,SE,1.2246468e-16,-1.000000,1248.4500,0,0,415849.6500,-0.145451,0.806728,-0.202279,0.164906,0.088975,0.198994,0.186621,0.165319,0.509706,0.154526,0.238198
2011,7,SE,-0.500000,-0.866025,1664.6000,0,0,554466.2000,0.008835,0.831442,-0.221933,0.007016,-0.004570,0.217196,0.013823,0.040186,0.316730,0.910615,0.483092
2011,8,SE,-0.866025,-0.500000,1664.6000,0,0,554466.2000,-0.171381,0.844061,-0.148513,0.047950,-0.316388,0.144389,0.078256,-0.397776,0.390951,0.701615,0.385134
2011,9,SE,-1.000000,-1.8369702e-16,1248.4500,0,0,415849.6500,-0.257599,0.861939,-0.135745,0.115200,-0.316388,0.490221,0.154404,-0.303927,0.183131,1.340910,-0.104653
2011,10,SE,-0.866025,0.500000,665.8400,0,0,221786.4800,-0.090997,0.737846,-0.097699,0.366655,0.151339,0.654035,0.426781,0.134035,0.702682,1.513028,1.217772
2011,11,SE,-0.500000,0.866025,249.6900,0,0,83169.9300,-0.319832,0.734429,-0.105747,0.422209,0.182520,0.417414,0.485356,0.134035,0.598771,1.617528,1.364709
2011,12,SE,-2.4492936e-16,1.000000,166.4600,0,0,55446.6200,-0.459207,0.723386,-0.056569,0.591795,0.276066,0.799649,0.643511,1.197658,0.762059,1.199527,0.972879
2012,1,SE,0.500000,0.866025,74.7200,0,0,26246.4600,-0.415774,0.737058,-0.081279,0.679512,0.307248,0.927060,0.725516,0.134035,0.806592,1.617528,1.511645
2012,2,SE,0.866025,0.500000,74.7200,0,0,26246.4600,-0.120169,0.729433,-0.070650,0.776001,0.276066,0.927060,0.810451,0.290451,0.851125,1.482292,0.532070
2012,3,SE,1.000000,6.123234e-17,74.7200,0,0,26246.4600,-0.380768,0.743630,-0.080231,0.799392,0.307248,0.836052,0.839739,0.415583,0.791747,1.205674,1.168794
2012,4,SE,0.866025,-0.500000,112.0800,0,0,39369.6900,-0.368451,0.742316,-0.112474,0.781849,0.400793,0.308204,0.816309,0.321734,0.405795,0.720056,0.091262
2012,5,SE,0.500000,-0.866025,298.8800,0,0,104985.8400,0.092460,0.787799,-0.177377,0.507002,0.057793,0.544825,0.538074,0.134035,0.465173,0.461880,-0.006696
2012,6,SE,1.2246468e-16,-1.000000,560.4000,0,0,196848.4500,0.067826,0.829601,-0.203021,0.276014,0.587884,0.399212,0.297914,0.822262,0.227664,0.578674,0.385134
2012,7,SE,-0.500000,-0.866025,747.2000,0,0,262464.6000,-0.020337,0.847216,-0.201402,0.050874,-0.004570,0.144389,0.078256,-0.147512,0.227664,0.695468,0.091262
2012,8,SE,-0.866025,-0.500000,747.2000,0,0,262464.6000,-0.067660,0.889281,-0.164362,-0.042690,-0.066934,0.198994,-0.035967,0.102752,0.316730,1.076586,0.874921
2012,9,SE,-1.000000,-1.8369702e-16,560.4000,0,0,196848.4500,-0.142209,0.864568,-0.139225,0.150287,-0.035752,0.217196,0.177834,-0.084946,0.361263,1.088880,0.679006
2012,10,SE,-0.866025,0.500000,298.8800,0,0,104985.8400,-0.124058,0.790691,-0.105091,0.258471,1.554519,0.435616,0.280342,1.447923,0.658149,1.513028,1.021857
2012,11,SE,-0.500000,0.866025,112.0800,0,0,39369.6900,-0.449483,0.714710,-0.061413,0.591795,1.180338,0.654035,0.631795,1.291508,1.406302,2.146175,1.364709
2012,12,SE,-2.4492936e-16,1.000000,74.7200,0,0,26246.4600,-0.463097,0.719180,-0.059219,0.764305,-4.360668,0.927060,0.792878,0.415583,1.370675,1.445410,0.385134
2013,1,SE,0.500000,0.866025,49.3200,0,0,19843.3000,-0.446890,0.733903,-0.072469,0.825707,-2.655023,0.963463,0.877813,0.199730,1.335049,1.586792,0.972879
2013,2,SE,0.866025,0.500000,49.3200,0,0,19843.3000,-0.401512,0.729433,-0.064758,0.936815,-1.117761,1.145480,0.968605,-0.016123,1.302392,1.347057,0.581049
2013,3,SE,1.000000,6.123234e-17,49.3200,0,0,19843.3000,-0.380768,0.729433,-0.066266,1.012837,0.244884,1.018068,1.059397,0.321734,0.984723,1.334763,1.021857
2013,4,SE,0.866025,-0.500000,73.9800,0,0,29764.9500,0.260358,0.740213,-0.136460,0.805240,1.211520,0.654035,0.836810,1.385357,0.910502,0.886027,0.385134
2013,5,SE,0.500000,-0.866025,197.2800,0,0,79373.2000,-0.119520,0.773076,-0.187244,0.489459,1.211520,0.635834,0.511715,1.291508,0.910502,-0.091356,0.140241
2013,6,SE,1.2246468e-16,-1.000000,369.9000,0,0,148824.7500,-0.476062,0.804888,-0.200098,0.322797,0.899702,0.508422,0.333060,0.884828,0.672993,-0.005297,0.336155
2013,7,SE,-0.500000,-0.866025,493.2000,0,0,198433.0000,-0.476062,0.844587,-0.212994,0.100581,0.525520,0.290002,0.113401,0.446866,0.613616,0.369674,0.679006
2013,8,SE,-0.866025,-0.500000,493.2000,0,0,198433.0000,-0.259868,0.836963,-0.183998,0.009940,0.806156,0.362809,0.010894,1.009960,0.242508,0.775380,0.483092
2013,9,SE,-1.000000,-1.8369702e-16,369.9000,0,0,148824.7500,-0.345114,0.829601,-0.101568,0.328645,0.369611,0.544825,0.344775,0.196602,0.569083,1.353204,0.874921
2013,10,SE,-0.866025,0.500000,197.2800,0,0,79373.2000,0.128114,0.790954,-0.091083,0.451448,0.463157,0.635834,0.479499,0.603281,0.702682,1.722028,1.266751
2013,11,SE,-0.500000,0.866025,73.9800,0,0,29764.9500,0.074957,0.731011,-0.085715,0.524546,1.024429,0.399212,0.549790,1.009960,0.806592,1.851116,1.217772
2013,12,SE,-2.4492936e-16,1.000000,49.3200,0,0,19843.3000,-0.243986,0.713922,-0.054541,0.688284,2.271701,0.854254,0.728445,2.386414,-1.835695,1.654410,1.217772
2014,1,SE,0.500000,0.866025,36.9400,0,0,14331.6800,-0.406698,0.753621,-0.044550,0.872490,1.554519,0.799649,0.871955,1.604338,-1.924761,1.101174,0.776964
2014,2,SE,0.866025,0.500000,36.9400,0,0,14331.6800,-0.208331,0.722335,-0.092058,0.834479,2.084610,0.854254,0.828024,2.198715,-1.880228,1.058145,0.287177
2014,3,SE,1.000000,6.123234e-17,36.9400,0,0,14331.6800,-0.114982,0.736269,-0.119074,0.878337,1.429792,0.872455,0.886599,1.885885,-1.850539,1.027409,0.287177
2014,4,SE,0.866025,-0.500000,55.4100,0,0,21497.5200,0.270082,0.736532,-0.154520,0.860794,0.993247,0.763245,0.860240,1.166375,-0.752060,0.677027,0.287177
2014,5,SE,0.500000,-0.866025,147.7600,0,0,57326.7200,0.178678,0.765189,-0.189251,0.507002,0.026611,0.417414,0.502929,1.166375,-0.084067,0.357379,0.581049
2014,6,SE,1.2246468e-16,-1.000000,277.0500,0,0,107487.6000,0.068474,0.820137,-0.209066,0.267243,0.276066,0.362809,0.268627,0.478149,0.569083,0.357379,-0.104653
2014,7,SE,-0.500000,-0.866025,369.4000,0,0,143316.8000,0.225353,0.884286,-0.210067,0.074265,0.182520,0.253599,0.078256,0.947394,0.658149,0.941351,0.287177
2014,8,SE,-0.866025,-0.500000,369.4000,0,0,143316.8000,-0.174622,0.871404,-0.164349,0.088885,0.057793,0.326406,0.095828,0.259168,0.301885,0.738497,-0.153632
2014,9,SE,-1.000000,-1.8369702e-16,277.0500,0,0,107487.6000,-0.247227,0.839329,-0.133431,0.205841,0.057793,0.362809,0.218837,-0.053663,0.450328,1.334763,0.825943
2014,10,SE,-0.866025,0.500000,147.7600,0,0,57326.7200,-0.286122,0.811724,-0.105572,0.445601,0.182520,0.617632,0.450211,0.540715,0.420640,1.765057,1.021857
2014,11,SE,-0.500000,0.866025,55.4100,0,0,21497.5200,-0.249820,0.742053,-0.087704,0.521622,0.525520,0.526624,0.538074,0.509432,0.672993,1.408527,1.266751
2014,12,SE,-2.4492936e-16,1.000000,36.9400,0,0,14331.6800,-0.407346,0.755987,-0.087372,0.685360,0.369611,0.708640,0.705015,0.947394,0.910502,1.254851,0.776964
2015,1,SE,0.500000,0.866025,20.4400,0,0,8810.5600,-0.340576,0.777283,-0.059232,0.840327,0.587884,1.072673,0.860240,0.634564,0.821436,1.414675,0.630028
2015,2,SE,0.866025,0.500000,20.4400,0,0,8810.5600,-0.255006,0.746785,-0.092723,0.846175,0.650247,0.817850,0.860240,0.697130,1.044101,1.095027,0.727985
2015,3,SE,1.000000,6.123234e-17,20.4400,0,0,8810.5600,-0.228427,0.735217,-0.093545,0.960207,0.650247,0.781447,0.983249,0.728413,0.910502,0.953645,0.434113
2015,4,SE,0.866025,-0.500000,30.6600,0,0,13215.8400,0.098294,0.732062,-0.140942,0.922196,0.837338,0.799649,0.942246,1.698187,0.865969,0.486468,0.581049
2015,5,SE,0.500000,-0.866025,81.7600,0,0,35242.2400,0.989000,0.779912,-0.205334,0.562556,0.681429,0.563027,0.573220,1.510489,0.672993,0.172967,0.630028
2015,6,SE,1.2246468e-16,-1.000000,153.3000,0,0,66079.2000,0.277213,0.840643,-0.222955,0.311101,0.806156,0.599430,0.312558,1.573055,0.361263,0.369674,1.070836
2015,7,SE,-0.500000,-0.866025,204.4000,0,0,88105.6000,0.340742,0.858258,-0.209739,0.123972,1.336247,0.326406,0.128045,1.354074,-0.143444,-2.556329,-0.202610
2015,8,SE,-0.866025,-0.500000,204.4000,0,0,88105.6000,-0.127299,0.860099,-0.177411,0.024559,-0.628206,0.035179,0.019680,-0.679323,-0.484863,-3.152594,-2.749504
2015,9,SE,-1.000000,-1.8369702e-16,153.3000,0,0,66079.2000,-0.352245,0.821188,-0.100102,0.392970,-0.659388,0.417414,0.420923,-0.616757,0.138598,-0.177415,0.483092
2015,10,SE,-0.866025,0.500000,81.7600,0,0,35242.2400,-0.376878,0.805677,-0.070305,0.501155,-0.472297,0.654035,0.546861,-0.554191,-0.202821,1.506880,0.825943
2015,11,SE,-0.500000,0.866025,30.6600,0,0,13215.8400,-0.443649,0.732062,-0.027177,0.641502,-0.347570,0.763245,0.693300,-0.491625,0.257352,2.140028,1.413687
2015,12,SE,-2.4492936e-16,1.000000,20.4400,0,0,8810.5600,-0.369748,0.774128,-0.056761,0.726295,-0.035752,0.890657,0.763591,-0.022380,0.316730,1.396233,0.825943
2016,1,SE,0.500000,0.866025,50.8600,0,0,21646.8400,-0.207035,0.730485,-0.123879,0.743838,0.120157,0.581229,0.792878,0.290451,0.569083,0.677027,0.874921
2016,2,SE,0.866025,0.500000,50.8600,0,0,21646.8400,-0.476062,0.757564,-0.062210,1.006989,0.213702,0.890657,1.035967,0.040186,0.539394,0.959792,1.511645
2016,3,SE,1.000000,6.123234e-17,50.8600,0,0,21646.8400,-0.476062,0.761508,-0.097550,1.085934,0.463157,1.127278,1.109187,0.353017,0.613616,0.892174,-0.006696
2016,4,SE,0.866025,-0.500000,76.2900,0,0,32470.2600,-0.476062,0.753621,-0.139285,1.006989,0.120157,0.872455,1.035967,0.227885,0.613616,0.916762,0.434113
2016,5,SE,0.500000,-0.866025,203.4400,0,0,86587.3600,0.191643,0.807517,-0.192374,0.626882,0.244884,0.581229,0.640582,0.102752,0.272197,0.271321,0.776964
2016,6,SE,1.2246468e-16,-1.000000,381.4500,0,0,162351.3000,0.254524,0.850108,-0.212117,0.343264,-0.129298,0.417414,0.362348,-0.084946,0.212819,-0.165121,-2.700525
2016,7,SE,-0.500000,-0.866025,508.6000,0,0,216468.4000,-0.301681,0.861939,-0.174386,0.191221,-0.347570,0.271801,0.198336,-0.460342,-0.202821,-0.822857,-2.710321
2016,8,SE,-0.866025,-0.500000,508.6000,0,0,216468.4000,-0.270564,0.856944,-0.148040,0.161982,-0.285207,0.326406,0.180763,-0.460342,-0.009845,-1.492887,-2.720117
2016,9,SE,-1.000000,-1.8369702e-16,381.4500,0,0,162351.3000,-0.348355,0.838803,-0.104273,0.305253,-0.472297,0.581229,0.347704,-0.585474,0.094065,-2.150623,-2.729912
2016,10,SE,-0.866025,0.500000,203.4400,0,0,86587.3600,-0.418367,0.773339,-0.066692,0.518698,-0.129298,0.708640,0.579077,-0.335210,0.569083,-2.808359,-2.739708
2016,11,SE,-0.500000,0.866025,76.2900,0,0,32470.2600,-0.425498,0.742579,-0.037806,0.653197,-0.254025,1.018068,0.713801,-0.366493,0.465173,-3.201771,-2.749504
2016,12,SE,-2.4492936e-16,1.000000,50.8600,0,0,21646.8400,-0.349652,0.732851,-0.043025,0.720447,-0.160479,0.836052,0.781163,-0.084946,0.717526,-3.201771,-2.749504
2017,1,SE,0.500000,0.866025,130.8800,0,0,60779.4600,-0.463745,0.744682,-0.031441,0.875414,-0.254025,0.963463,0.927602,-0.397776,0.094065,-3.201771,-2.749504
2017,2,SE,0.866025,0.500000,130.8800,0,0,60779.4600,-0.419015,0.729959,-0.045841,0.945587,-0.160479,0.981665,0.997893,-0.241361,0.420640,-3.201771,-2.749504
2017,3,SE,1.000000,6.123234e-17,130.8800,0,0,60779.4600,-0.286771,0.721809,-0.086980,0.998217,0.182520,0.999867,1.041825,0.165319,0.465173,-3.177183,-2.749504
2017,4,SE,0.866025,-0.500000,196.3200,0,0,91169.1900,-0.019689,0.742842,-0.144329,0.948511,0.088975,0.726842,0.977392,0.384300,0.732370,-2.113741,-2.259717
2017,5,SE,0.500000,-0.866025,523.5200,0,0,243117.8400,0.369266,0.777020,-0.187585,0.626882,0.182520,0.599430,0.658154,0.165319,0.227664,-1.996946,-2.622159
2017,6,SE,1.2246468e-16,-1.000000,981.6000,0,0,455845.9500,-0.476062,0.825921,-0.219423,0.314025,0.120157,0.453817,0.321345,-0.053663,0.123754,-1.462152,-2.529100
2017,7,SE,-0.500000,-0.866025,1308.8000,0,0,607794.6000,-0.476062,0.906370,-0.200690,-0.025147,-0.565843,0.417414,-0.030109,-0.585474,-0.351264,-0.933504,-2.436040
2017,8,SE,-0.866025,-0.500000,1308.8000,0,0,607794.6000,-0.476062,0.855629,-0.186682,-0.107016,-0.628206,0.253599,-0.094542,-0.491625,0.183131,-0.392562,-2.342980
2017,9,SE,-1.000000,-1.8369702e-16,981.6000,0,0,455845.9500,-0.476062,0.874559,-0.152207,-0.042690,-0.409934,0.472019,-0.053539,-0.366493,0.049532,0.160673,-0.692398
2017,10,SE,-0.866025,0.500000,523.5200,0,0,243117.8400,-0.190180,0.796738,-0.092783,0.325721,-0.035752,0.599430,0.341846,0.227885,0.435484,0.904468,0.042283
2017,11,SE,-0.500000,0.866025,196.3200,0,0,91169.1900,-0.384657,0.729433,-0.041504,0.583024,-0.035752,0.854254,0.617152,0.102752,0.658149,1.285586,0.287177
2017,12,SE,-2.4492936e-16,1.000000,130.8800,0,0,60779.4600,-0.407346,0.717602,-0.071225,0.667817,0.057793,0.745044,0.702086,0.008903,0.524550,0.972086,0.483092
2018,1,SE,0.500000,0.866025,32.8600,0,0,16349.6200,-0.428091,0.731800,-0.048670,0.869566,-0.160479,0.890657,0.904172,-0.272644,0.613616,1.144204,0.434113
2018,2,SE,0.866025,0.500000,32.8600,0,0,16349.6200,-0.183049,0.707612,-0.075984,0.811088,0.182520,0.672237,0.848525,-0.022380,0.583927,0.756939,0.532070
2018,3,SE,1.000000,6.123234e-17,32.8600,0,0,16349.6200,-0.020337,0.708926,-0.080589,0.790620,0.276066,0.726842,0.825095,0.196602,0.687837,0.732350,0.385134
2018,4,SE,0.866025,-0.500000,49.2900,0,0,24524.4300,-0.181753,0.753884,-0.141735,0.737990,0.213702,0.726842,0.746018,0.196602,0.539394,0.037732,-0.398525
2018,5,SE,0.500000,-0.866025,131.4400,0,0,65398.4800,-0.211476,0.791743,-0.180049,0.489459,0.120157,0.453817,0.488285,0.227885,0.390951,0.099203,0.091262
2018,6,SE,1.2246468e-16,-1.000000,246.4500,0,0,122622.1500,0.176636,0.846953,-0.199063,0.208765,0.120157,0.308204,0.204193,0.040186,0.064376,0.252879,-0.202610
2018,7,SE,-0.500000,-0.866025,328.6000,0,0,163496.2000,-0.181753,0.862728,-0.187888,0.012864,-0.409934,0.362809,0.002108,-0.335210,0.064376,0.031585,-0.447504
2018,8,SE,-0.866025,-0.500000,328.6000,0,0,163496.2000,-0.378175,0.865620,-0.149561,0.188298,-0.441116,0.308204,0.207122,-0.429059,0.168287,0.424997,-0.349547
2018,9,SE,-1.000000,-1.8369702e-16,246.4500,0,0,122622.1500,-0.441056,0.806991,-0.106139,0.369579,-0.409934,0.362809,0.391635,-0.366493,0.168287,0.910615,0.385134
2018,10,SE,-0.866025,0.500000,131.4400,0,0,65398.4800,-0.401512,0.757302,-0.081245,0.600567,-0.191661,0.854254,0.628867,-0.178795,0.435484,1.353204,0.630028
2018,11,SE,-0.500000,0.866025,49.2900,0,0,24524.4300,-0.385306,0.744156,-0.063940,0.743838,-0.066934,0.927060,0.769448,-0.116229,0.598771,1.383939,0.238198
2018,12,SE,-2.4492936e-16,1.000000,32.8600,0,0,16349.6200,-0.448187,0.753095,-0.056203,0.860794,0.151339,0.908858,0.874884,0.353017,0.331574,0.990527,0.385134
2019,1,SE,0.500000,0.866025,39.9400,0,0,20146.4800,-0.434573,0.775442,-0.061251,0.995293,0.244884,0.963463,0.992035,0.102752,0.509706,0.633997,-0.153632
2019,2,SE,0.866025,0.500000,39.9400,0,0,20146.4800,-0.344466,0.721546,-0.090827,1.115173,0.400793,0.945262,1.135546,0.446866,0.806592,0.910615,0.385134
2019,3,SE,1.000000,6.123234e-17,39.9400,0,0,20146.4800,-0.043674,0.728645,-0.168903,1.039152,0.494338,0.836052,1.050611,0.603281,0.791747,0.461880,0.532070
2019,4,SE,0.866025,-0.500000,59.9100,0,0,30219.7200,-0.074142,0.730222,-0.291505,0.954359,0.556702,0.890657,0.977392,0.884828,0.672993,-0.079062,-0.251589
2019,5,SE,0.500000,-0.866025,159.7600,0,0,80585.9200,0.064585,0.751255,-0.330100,0.729219,0.619065,0.635834,0.734303,0.822262,0.628460,-0.318798,-0.104653
2019,6,SE,1.2246468e-16,-1.000000,299.5500,0,0,151098.6000,0.467153,0.839592,-0.330671,0.252623,0.120157,0.490221,0.242268,0.259168,0.272197,0.209850,-0.055674
2019,7,SE,-0.500000,-0.866025,399.4000,0,0,201464.8000,0.741365,0.844324,-0.376428,0.036255,1.616883,0.217196,0.034324,1.792036,0.390951,0.228291,-0.153632
2019,8,SE,-0.866025,-0.500000,399.4000,0,0,201464.8000,-0.157767,0.894540,-0.147290,0.103504,-0.628206,0.271801,0.101686,-0.147512,0.405795,0.252879,0.287177
2019,9,SE,-1.000000,-1.8369702e-16,299.5500,0,0,151098.6000,-0.166195,0.834334,-0.111707,0.290634,-1.099052,0.581229,0.294986,-0.663682,0.668540,0.529497,0.140241
2019,10,SE,-0.866025,0.500000,159.7600,0,0,80585.9200,-0.181105,0.777546,-0.060033,0.518698,-1.498179,0.581229,0.529288,-1.211135,0.444391,0.892174,0.336155
2019,11,SE,-0.500000,0.866025,59.9100,0,0,30219.7200,-0.430035,0.722861,-0.038224,0.746762,-0.784115,0.908858,0.760662,-0.585474,0.212819,0.959792,0.336155
2019,12,SE,-2.4492936e-16,1.000000,39.9400,0,0,20146.4800,-0.450131,0.726016,-0.038807,0.875414,-0.534661,0.890657,0.892457,-0.710606,-0.039534,1.205674,0.679006
2020,1,SE,0.500000,0.866025,61.4000,0,0,30341.3200,-0.414477,0.725227,-0.430859,0.966054,-0.285207,0.981665,0.994964,-0.460342,0.197975,0.886027,0.532070
2020,2,SE,0.866025,0.500000,61.4000,0,0,30341.3200,-0.055991,0.727856,-0.430859,1.047924,-0.035752,0.927060,1.059397,-0.116229,0.480017,0.566380,0.091262
2020,3,SE,1.000000,6.123234e-17,61.4000,0,0,30341.3200,0.132004,0.709978,-0.430859,0.960207,0.120157,0.781447,0.971534,0.165319,0.390951,0.302056,0.238198
2020,4,SE,0.866025,-0.500000,92.1000,0,0,45511.9800,0.453539,0.740475,-0.430859,0.831555,0.182520,0.672237,0.842668,0.290451,0.628460,-0.011444,-0.251589
2020,5,SE,0.500000,-0.866025,245.6000,0,0,121365.2800,0.192940,0.786484,-0.430859,0.439753,0.276066,0.453817,0.447282,0.321734,0.242508,-0.263474,0.532070
2020,6,SE,1.2246468e-16,-1.000000,460.5000,0,0,227559.9000,0.377693,0.818033,-0.430859,0.226308,0.244884,0.381011,0.215909,0.134035,0.183131,-0.128239,0.679006
2020,7,SE,-0.500000,-0.866025,614.0000,0,0,303413.2000,-0.242041,0.831967,-0.430859,0.047950,-0.472297,0.381011,0.037253,-0.491625,-0.470019,0.185262,0.385134
2020,8,SE,-0.866025,-0.500000,614.0000,0,0,303413.2000,-0.046915,0.844850,-0.430859,0.056722,-0.316388,0.107986,0.043110,-0.429059,-0.559084,0.215997,0.189219
2020,9,SE,-1.000000,-1.8369702e-16,460.5000,0,0,227559.9000,-0.339928,0.829601,-0.430859,0.258471,-0.597025,0.563027,0.253983,-0.804455,-0.084067,0.424997,0.189219
2020,10,SE,-0.866025,0.500000,245.6000,0,0,121365.2800,-0.411236,0.762034,-0.430859,0.580100,-0.285207,0.635834,0.608365,-0.491625,0.138598,0.941351,0.238198
2020,11,SE,-0.500000,0.866025,92.1000,0,0,45511.9800,-0.286122,0.738898,-0.430859,0.682436,-0.503479,0.617632,0.707944,-0.585474,0.272197,1.064292,0.238198
2020,12,SE,-2.4492936e-16,1.000000,61.4000,0,0,30341.3200,-0.449483,0.741527,-0.430859,0.732143,-0.503479,1.036270,0.772377,-0.460342,-0.084067,1.168792,0.287177
2021,1,SE,0.500000,0.866025,43.2600,0,0,21995.6000,-0.072846,0.727593,-0.430859,0.840327,3.706063,0.854254,0.795807,3.637735,0.242508,0.836850,0.287177
2021,2,SE,0.866025,0.500000,43.2600,0,0,21995.6000,-0.430684,0.709715,-0.430859,1.313998,3.207155,1.660587,1.191193,3.137206,-0.633306,0.972086,0.434113
2021,3,SE,1.000000,6.123234e-17,43.2600,0,0,21995.6000,-0.240744,0.721809,-0.430859,1.252596,1.866337,2.106527,1.085756,2.292564,-1.660532,0.560233,0.091262
2021,4,SE,0.866025,-0.500000,64.8900,0,0,32993.4000,-0.042378,0.730748,-0.430859,0.977750,-8.984928,1.418505,0.851454,-5.399932,-1.731785,0.068467,-0.006696
2021,5,SE,0.500000,-0.866025,173.0400,0,0,87982.4000,0.181919,0.788325,-0.430859,0.302330,-5.960294,0.472019,0.297914,-4.683551,-1.761473,0.056173,0.042283
2021,6,SE,1.2246468e-16,-1.000000,324.4500,0,0,164967.0000,-0.185642,0.815141,-0.430859,0.173678,-6.234694,0.308204,0.192478,-4.608472,-1.363646,0.025438,0.091262
2021,7,SE,-0.500000,-0.866025,432.6000,0,0,219956.0000,0.442519,0.862728,-0.430859,-0.045614,-4.033259,0.326406,-0.038895,-3.275815,-0.720887,-0.171268,-0.251589
2021,8,SE,-0.866025,-0.500000,432.6000,0,0,219956.0000,-0.293901,0.862465,-0.430859,-0.001756,-1.828706,0.126188,0.010894,-1.940029,-0.057347,0.437291,-0.153632
2021,9,SE,-1.000000,-1.8369702e-16,324.4500,0,0,164967.0000,-0.312053,0.820400,-0.430859,0.319873,-0.784115,0.544825,0.356490,-0.773172,0.019843,0.357379,-0.153632
2021,10,SE,-0.866025,0.500000,173.0400,0,0,87982.4000,-0.325666,0.760456,-0.430859,0.536241,0.962065,0.763245,0.584935,1.573055,0.301885,0.812262,0.287177
2021,11,SE,-0.500000,0.866025,64.8900,0,0,32993.4000,-0.216111,0.705509,-0.430859,0.702904,0.865402,0.781447,0.763591,0.681489,1.409271,1.174939,0.336155
2021,12,SE,-2.4492936e-16,1.000000,43.2600,0,0,21995.6000,-0.476062,0.713922,-0.430859,1.235053,0.581647,1.181883,1.079899,0.446866,1.302392,1.420822,-0.104653
2022,1,SE,0.500000,0.866025,56.1800,0,0,29124.5200,-0.476062,0.738898,-0.430859,1.205814,0.285420,1.797099,1.062326,0.205986,1.194028,1.260998,-0.888313
2022,2,SE,0.866025,0.500000,56.1800,0,0,29124.5200,-0.476062,0.759405,-0.430859,1.132717,-0.010807,1.769797,1.018394,-0.038021,1.097540,1.076586,-1.000964
2022,3,SE,1.000000,6.123234e-17,56.1800,0,0,29124.5200,-0.476062,0.779649,-0.430859,1.056695,-0.278970,1.738854,0.974463,-0.253874,0.989177,0.892174,-1.098921
2022,4,SE,0.866025,-0.500000,84.2700,0,0,43686.7800,-0.476062,0.800681,-0.430859,0.980674,-0.572079,1.709731,0.930531,-0.497882,0.885267,0.707762,-1.206674
2022,5,SE,0.500000,-0.866025,224.7200,0,0,116498.0800,-0.476062,0.821714,-0.430859,0.901729,-0.858952,1.678788,0.883671,-0.732504,0.778388,0.517203,-1.314427
2022,6,SE,1.2246468e-16,-1.000000,421.3500,0,0,218433.9000,-0.476062,0.842747,-0.430859,0.825707,-1.155179,1.649666,0.839739,-0.973384,0.674477,0.326644,-1.422181
2022,7,SE,-0.500000,-0.866025,561.8000,0,0,291245.2000,-0.476062,0.864042,-0.430859,0.749686,-1.438933,1.618723,0.795807,-1.208006,0.566114,0.142232,-1.529934
2022,8,SE,-0.866025,-0.500000,561.8000,0,0,291245.2000,-0.476062,0.885338,-0.430859,0.670741,-1.735160,1.589600,0.748947,-1.448886,0.459235,-0.054474,-1.637687
2022,9,SE,-1.000000,-1.8369702e-16,421.3500,0,0,218433.9000,-0.406698,0.826184,-0.430859,0.249699,0.650247,0.362809,0.300843,1.009960,0.019843,0.240585,-0.006696
2022,10,SE,-0.866025,0.500000,224.7200,0,0,116498.0800,-0.200552,0.779649,-0.430859,0.390046,1.679247,0.581229,0.432638,1.635621,0.123754,0.707762,0.189219
2022,11,SE,-0.500000,0.866025,84.2700,0,0,43686.7800,0.025689,0.713396,-0.430859,0.325721,1.928701,0.544825,0.344775,1.792036,1.266765,0.886027,0.140241
2022,12,SE,-2.4492936e-16,1.000000,56.1800,0,0,29124.5200,-0.322425,0.712344,-0.430859,0.390046,-0.035752,0.654035,0.444353,1.369715,1.155433,0.597115,-0.104653
2023,1,SE,0.500000,0.866025,34.2400,0,0,17149.9000,-0.376878,0.735743,-0.430859,0.638578,0.400793,0.781447,0.690371,1.385357,0.732370,0.738497,-0.104653
2023,2,SE,0.866025,0.500000,34.2400,0,0,17149.9000,-0.175919,0.736532,-0.430859,0.790620,2.240519,0.781447,0.828024,2.229998,1.441928,0.455732,-0.153632
2023,3,SE,1.000000,6.123234e-17,34.2400,0,0,17149.9000,0.106073,0.736006,-0.430859,0.761382,2.240519,0.617632,0.784092,2.167432,0.153442,0.338938,-0.202610
2023,4,SE,0.866025,-0.500000,51.3600,0,0,25724.8500,0.159230,0.715499,-0.430859,0.673665,1.432910,0.763245,0.707944,2.107995,0.212819,-0.122092,-0.398525
2023,5,SE,0.500000,-0.866025,136.9600,0,0,68599.6000,0.929360,0.776494,-0.430859,0.384199,-1.594842,0.599430,0.406279,-1.367550,-0.885659,-0.128239,0.189219
2023,6,SE,1.2246468e-16,-1.000000,256.8000,0,0,128624.2500,0.174789,0.838540,-0.430859,0.147363,-1.969024,0.508422,0.163190,-1.336267,-0.511583,-0.091356,-0.300568
2023,7,SE,-0.500000,-0.866025,342.4000,0,0,171499.0000,0.144320,0.866146,-0.430859,0.015788,1.648065,0.290002,0.037253,1.635621,-0.143444,-0.128239,-0.349547
2023,8,SE,-0.866025,-0.500000,342.4000,0,0,171499.0000,-0.166195,0.830127,-0.430859,0.115200,-0.201016,0.344607,0.136831,0.071469,0.554238,0.332791,-0.251589
2023,9,SE,-1.000000,-1.8369702e-16,256.8000,0,0,128624.2500,-0.326314,0.824606,-0.430859,0.229232,-0.347570,0.544825,0.262769,-0.335210,0.376107,0.345085,0.042283
2023,10,SE,-0.866025,0.500000,136.9600,0,0,68599.6000,-0.476062,0.746259,-0.430859,0.337416,-0.562725,1.214646,0.432638,-0.685580,1.124260,1.064292,-0.912802
2023,11,SE,-0.500000,0.866025,51.3600,0,0,25724.8500,-0.441704,0.726278,-0.430859,0.457296,0.151339,0.890657,0.543932,-0.053663,0.197975,1.328616,0.189219
2023,12,SE,-2.4492936e-16,1.000000,34.2400,0,0,17149.9000,-0.363913,0.729170,-0.430859,0.623958,0.244884,0.635834,0.672798,0.102752,0.658149,0.707762,0.434113
2003,1,PA,0.500000,0.866025,12550.6200,1,1,7013419.3800,-0.048212,0.646617,2.262273,0.170754,0.962065,0.508422,0.198336,0.790979,1.192544,-0.853592,-0.888313
2003,2,PA,0.866025,0.500000,12550.6200,1,1,7013419.3800,1.099203,0.648983,2.301507,0.115200,0.899702,0.490221,0.145618,0.947394,1.073789,-1.001122,-0.496483
2003,3,PA,1.000000,6.123234e-17,12550.6200,1,1,7013419.3800,1.473248,0.646091,2.299437,0.170754,1.024429,0.563027,0.201265,1.009960,1.058945,-0.982681,-0.545461
2003,4,PA,0.866025,-0.500000,18825.9300,1,1,10520129.0700,0.850921,0.654242,2.634190,0.302330,0.962065,0.672237,0.324273,0.853545,0.984723,-1.087181,-0.398525
2003,5,PA,0.500000,-0.866025,50202.4800,1,1,28053677.5200,0.979600,0.663180,2.680181,0.629806,0.806156,0.654035,0.623009,0.916111,1.088634,-0.675327,-0.594440
2003,6,PA,1.2246468e-16,-1.000000,94129.6500,1,1,52600645.3500,-0.185642,0.644251,6.999767,1.349085,0.712611,0.963463,1.317130,0.634564,0.969879,-0.288062,-0.790355
2003,7,PA,-0.500000,-0.866025,125506.2000,1,1,70134193.8000,0.038654,0.663706,7.846148,1.577149,0.743793,0.763245,1.548504,0.759696,0.435484,-0.054474,-1.231164
2003,8,PA,-0.866025,-0.500000,125506.2000,1,1,70134193.8000,-0.033302,0.692889,6.151174,1.024532,0.837338,0.799649,1.006679,0.665847,0.806592,-0.214298,-0.251589
2003,9,PA,-1.000000,-1.8369702e-16,94129.6500,1,1,52600645.3500,0.226001,0.665021,3.716227,0.536241,0.743793,0.635834,0.529288,0.790979,0.940190,-0.607710,-0.692398
2003,10,PA,-0.866025,0.500000,50202.4800,1,1,28053677.5200,0.085977,0.623481,3.245520,0.603491,0.868520,0.654035,0.614223,0.853545,0.880813,-0.589269,-0.937291
2003,11,PA,-0.500000,0.866025,18825.9300,1,1,10520129.0700,0.145617,0.602449,3.233957,0.694132,0.837338,0.563027,0.699157,1.228942,0.910502,-0.552386,-0.741376
2003,12,PA,-2.4492936e-16,1.000000,12550.6200,1,1,7013419.3800,0.196505,0.619801,1.951992,0.419285,0.962065,0.672237,0.458997,0.884828,0.910502,-0.853592,-0.692398
2004,1,PA,0.500000,0.866025,19493.9600,1,1,11695860.0600,0.740069,0.620589,2.432413,0.451448,0.993247,0.617632,0.479499,0.978677,0.895658,-0.681475,-0.398525
2004,2,PA,0.866025,0.500000,19493.9600,1,1,11695860.0600,1.679718,0.651875,1.996006,0.083037,0.899702,0.581229,0.110472,0.853545,1.162855,-1.167093,-0.741376
2004,3,PA,1.000000,6.123234e-17,19493.9600,1,1,11695860.0600,1.409718,0.631894,2.051430,0.191221,0.899702,0.726842,0.218837,1.072526,1.148011,-1.234710,-0.251589
2004,4,PA,0.866025,-0.500000,29240.9400,1,1,17543790.0900,1.066790,0.637153,2.775657,0.395894,0.899702,0.617632,0.403350,0.978677,1.192544,-1.167093,-0.643419
2004,5,PA,0.500000,-0.866025,77975.8400,1,1,46783440.2400,0.765578,0.644251,5.432273,1.094706,0.962065,0.854254,1.053540,0.822262,1.073789,-0.411004,-0.300568
2004,6,PA,1.2246468e-16,-1.000000,146204.7000,1,1,87718950.4500,-0.021212,0.690260,8.871185,1.404639,0.556702,0.945262,1.355204,0.603281,1.058945,-0.275768,-0.790355
2004,7,PA,-0.500000,-0.866025,194939.6000,1,1,1.169586e+08,-0.450780,0.678429,7.784282,1.202890,0.494338,0.690439,1.109187,0.478149,0.851125,-0.300356,-0.986270
2004,8,PA,-0.866025,-0.500000,194939.6000,1,1,1.169586e+08,-0.193422,0.710241,5.543521,0.767229,0.837338,0.690439,0.719659,0.759696,0.672993,-0.349533,-0.643419
2004,9,PA,-1.000000,-1.8369702e-16,146204.7000,1,1,87718950.4500,1.639428,0.648195,2.233324,0.188298,0.619065,0.563027,0.192478,0.822262,0.910502,-0.755239,-0.545461
2004,10,PA,-0.866025,0.500000,77975.8400,1,1,46783440.2400,0.947608,0.596928,2.082211,0.591795,0.494338,0.708640,0.707944,0.634564,1.311298,-1.013416,-1.378100
2004,11,PA,-0.500000,0.866025,29240.9400,1,1,17543790.0900,-0.476062,0.614017,6.404379,1.390020,0.216820,1.797099,1.498715,0.174703,1.354347,-1.025710,-2.318491
2004,12,PA,-2.4492936e-16,1.000000,19493.9600,1,1,11695860.0600,0.408161,0.620326,5.831026,1.129793,0.930883,0.672237,1.167762,0.790979,0.940190,-0.798269,-0.888313
2005,1,PA,0.500000,0.866025,18834.3000,1,1,11046534.0600,0.690801,0.604026,2.773024,0.504078,0.930883,0.635834,0.511715,0.884828,1.014412,-0.890475,-0.398525
2005,2,PA,0.866025,0.500000,18834.3000,1,1,11046534.0600,0.953994,0.600345,2.545846,0.387123,0.837338,0.708640,0.403350,1.041243,0.925346,-1.099475,0.042283
2005,3,PA,1.000000,6.123234e-17,18834.3000,1,1,11046534.0600,1.112168,0.646091,2.445326,0.372503,1.055611,0.745044,0.385778,0.978677,1.281609,-1.124063,-0.643419
2005,4,PA,0.866025,-0.500000,28251.4500,1,1,16569801.0900,-0.273805,0.637415,2.610766,0.346188,0.899702,0.690439,0.356490,1.103809,1.133166,-1.271593,-0.643419
2005,5,PA,0.500000,-0.866025,75337.2000,1,1,44186136.2400,2.712391,0.638993,3.634270,0.632730,0.743793,0.781447,0.652297,0.916111,1.207388,-0.816710,-0.986270
2005,6,PA,1.2246468e-16,-1.000000,141257.2500,1,1,82849005.4500,-0.114334,0.630843,4.635342,1.375400,0.650247,0.908858,1.460640,0.509432,0.999568,-0.785975,-1.574015
2005,7,PA,-0.500000,-0.866025,188343.0000,1,1,1.1046534e+08,-0.413181,0.664232,7.426054,1.448498,0.525520,0.726842,1.434281,0.384300,0.880813,-0.386415,-1.329121
2005,8,PA,-0.866025,-0.500000,188343.0000,1,1,1.1046534e+08,-0.156795,0.674748,5.677988,1.097630,0.650247,0.708640,1.082828,0.697130,0.672993,-0.411004,-0.692398
2005,9,PA,-1.000000,-1.8369702e-16,141257.2500,1,1,82849005.4500,0.025041,0.663969,3.467351,0.667817,0.837338,0.635834,0.669870,0.759696,0.895658,-0.447886,-0.888313
2005,10,PA,-0.866025,0.500000,75337.2000,1,1,44186136.2400,0.289530,0.632420,3.319830,0.711675,0.868520,0.690439,0.713801,0.822262,0.969879,-0.466327,-0.937291
2005,11,PA,-0.500000,0.866025,28251.4500,1,1,16569801.0900,-0.003158,0.586148,2.993168,0.790620,1.024429,0.708640,0.784092,0.978677,0.880813,-0.570827,-0.741376
2005,12,PA,-2.4492936e-16,1.000000,18834.3000,1,1,11046534.0600,1.127078,0.589829,2.590670,0.638578,6.418880,0.526624,0.599579,6.328075,0.821436,-1.007269,-0.692398
2006,1,PA,0.500000,0.866025,15418.3000,1,1,9331863.9600,0.878796,0.600083,2.554733,1.094706,6.450062,0.708640,1.117973,6.547056,0.955035,-1.019563,-0.741376
2006,2,PA,0.866025,0.500000,15418.3000,1,1,9331863.9600,1.036646,0.618486,2.059610,0.989446,2.988882,1.127278,1.033038,3.293621,1.133166,-0.915063,-0.447504
2006,3,PA,1.000000,6.123234e-17,15418.3000,1,1,9331863.9600,0.222435,0.640570,0.546108,0.466068,1.492156,1.036270,0.590792,1.479206,1.058945,-1.363799,-0.741376
2006,4,PA,0.866025,-0.500000,23127.4500,1,1,13997795.9400,-0.476062,0.656608,-0.369394,0.325721,0.478747,1.291093,0.458997,0.306092,1.599278,-1.517475,-2.627057
2006,5,PA,0.500000,-0.866025,61673.2000,1,1,37327455.8400,-0.476062,0.682373,-0.387454,0.378351,0.360257,1.347518,0.488285,0.187217,1.529509,-1.277740,-2.548691
2006,6,PA,1.2246468e-16,-1.000000,115637.2500,1,1,69988979.7000,-0.476062,0.708401,-0.405514,0.430981,0.235529,1.403943,0.520502,0.062085,1.461226,-1.038004,-2.475223
2006,7,PA,-0.500000,-0.866025,154183.0000,1,1,93318639.6000,-0.273157,0.687105,2.317663,0.536241,0.681429,0.635834,0.546861,0.634564,0.687837,-1.148651,0.140241
2006,8,PA,-0.866025,-0.500000,154183.0000,1,1,93318639.6000,0.060047,0.667124,3.510581,0.641502,0.681429,0.544825,0.628867,0.697130,0.702682,-0.798269,-0.888313
2006,9,PA,-1.000000,-1.8369702e-16,115637.2500,1,1,69988979.7000,-0.093590,0.661603,3.320814,0.717523,0.993247,0.617632,0.699157,0.853545,0.747214,-0.533945,-0.643419
2006,10,PA,-0.866025,0.500000,61673.2000,1,1,37327455.8400,-0.196015,0.612965,3.483472,0.816936,0.774974,0.599430,0.798736,0.947394,0.865969,-0.497063,-0.839334
2006,11,PA,-0.500000,0.866025,23127.4500,1,1,13997795.9400,0.586432,0.595350,3.071069,0.606415,1.117974,0.508422,0.590792,0.916111,0.865969,-0.902769,-0.447504
2006,12,PA,-2.4492936e-16,1.000000,15418.3000,1,1,9331863.9600,1.052853,0.630843,2.946052,0.486535,0.993247,0.617632,0.473641,0.947394,1.029256,-0.921210,-0.349547
2007,1,PA,0.500000,0.866025,13446.9800,1,1,7968165.3000,0.608473,0.618749,2.543609,0.591795,0.962065,0.799649,0.584935,1.103809,0.969879,-0.835151,-0.790355
2007,2,PA,0.866025,0.500000,13446.9800,1,1,7968165.3000,0.756599,0.648195,2.194149,0.246775,0.774974,0.599430,0.271555,0.759696,1.058945,-0.945798,-0.741376
2007,3,PA,1.000000,6.123234e-17,13446.9800,1,1,7968165.3000,0.846059,0.626636,2.401286,0.229232,0.993247,0.690439,0.245196,1.041243,1.103478,-1.382240,-1.133206
2007,4,PA,0.866025,-0.500000,20170.4700,1,1,11952247.9500,1.119623,0.642937,2.483529,0.314025,0.899702,0.635834,0.333060,0.916111,1.148011,-1.333063,-0.790355
2007,5,PA,0.500000,-0.866025,53787.9200,1,1,31872661.2000,0.431174,0.634786,2.656791,0.486535,0.806156,0.654035,0.491214,0.978677,1.133166,-1.339210,-0.692398
2007,6,PA,1.2246468e-16,-1.000000,100852.3500,1,1,59761239.7500,0.001380,0.669227,3.504306,0.559633,0.587884,0.581229,0.529288,0.603281,0.999568,-1.302328,-1.084227
2007,7,PA,-0.500000,-0.866025,134469.8000,1,1,79681653.0000,0.177057,0.667124,3.597349,0.583024,0.650247,0.635834,0.582006,0.665847,0.984723,-1.001122,-0.741376
2007,8,PA,-0.866025,-0.500000,134469.8000,1,1,79681653.0000,-0.283853,0.645303,3.438985,0.612263,0.463157,0.599430,0.605436,0.571998,0.791747,-0.884328,-1.182185
2007,9,PA,-1.000000,-1.8369702e-16,100852.3500,1,1,59761239.7500,-0.161981,0.657659,3.357944,0.635654,0.587884,0.672237,0.637653,0.634564,0.865969,-0.546239,-0.888313
2007,10,PA,-0.866025,0.500000,53787.9200,1,1,31872661.2000,3.134763,0.595350,1.498011,0.735066,0.712611,0.726842,0.766519,0.571998,0.999568,0.609409,-1.084227
2007,11,PA,-0.500000,0.866025,20170.4700,1,1,11952247.9500,1.026890,0.560646,1.412846,1.699953,0.681429,0.672237,1.475284,0.540715,0.925346,0.504909,-0.594440
2007,12,PA,-2.4492936e-16,1.000000,13446.9800,1,1,7968165.3000,3.199200,0.573266,2.808321,1.313998,0.587884,0.836052,1.322988,0.540715,1.162855,0.830703,-0.937291
2008,1,PA,0.500000,0.866025,14153.1200,1,1,8835940.4000,1.171840,0.600083,0.641989,0.278938,1.149156,0.417414,0.262769,0.947394,1.073789,-0.749092,-0.594440
2008,2,PA,0.866025,0.500000,14153.1200,1,1,8835940.4000,0.600045,0.632420,0.661510,0.249699,0.743793,0.581229,0.253983,0.759696,1.103478,-0.964239,-0.594440
2008,3,PA,1.000000,6.123234e-17,14153.1200,1,1,8835940.4000,0.957235,0.634524,0.192426,0.302330,0.650247,0.563027,0.312558,0.697130,0.762059,-0.970387,-0.986270
2008,4,PA,0.866025,-0.500000,21229.6800,1,1,13253910.6000,0.537488,0.609810,-0.438758,0.261395,0.712611,0.563027,0.268627,0.759696,1.118322,-1.191681,-0.447504
2008,5,PA,0.500000,-0.866025,56612.4800,1,1,35343761.6000,0.494703,0.641622,-0.442686,0.460220,0.650247,0.726842,0.426781,0.978677,1.133166,-0.902769,-0.790355
2008,6,PA,1.2246468e-16,-1.000000,106148.4000,1,1,66269553.0000,0.421450,0.662655,-0.446618,0.656121,0.681429,0.690439,0.579077,0.665847,0.851125,-0.712210,-0.888313
2008,7,PA,-0.500000,-0.866025,141531.2000,1,1,88359404.0000,-0.423229,0.654767,-0.450546,1.293531,0.431975,0.763245,1.305415,0.384300,0.836280,-0.029886,0.385134
2008,8,PA,-0.866025,-0.500000,141531.2000,1,1,88359404.0000,-0.170084,0.638204,-0.452237,0.992369,0.681429,0.672237,0.927602,0.665847,0.717526,-0.202003,-0.006696
2008,9,PA,-1.000000,-1.8369702e-16,106148.4000,1,1,66269553.0000,0.037358,0.645040,-0.448710,0.699980,0.837338,0.672237,0.696229,0.728413,1.014412,-0.312651,-0.153632
2008,10,PA,-0.866025,0.500000,56612.4800,1,1,35343761.6000,0.007538,0.620589,-0.079307,0.746762,0.993247,0.599430,0.740160,0.853545,-0.499707,-0.232739,-0.300568
2008,11,PA,-0.500000,0.866025,21229.6800,1,1,13253910.6000,-0.129244,0.588777,-0.119065,0.781849,0.806156,0.690439,0.784092,0.853545,0.762059,-0.423298,-0.594440
2008,12,PA,-2.4492936e-16,1.000000,14153.1200,1,1,8835940.4000,-0.063770,0.586937,-0.150958,0.714599,0.930883,0.745044,0.719659,0.884828,0.732370,-0.675327,-0.790355
2009,1,PA,0.500000,0.866025,9607.3000,1,1,6172534.1600,0.669085,0.621378,-0.196408,0.378351,0.993247,0.635834,0.385778,1.072526,1.044101,-0.970387,-0.839334
2009,2,PA,0.866025,0.500000,9607.3000,1,1,6172534.1600,1.162084,0.610073,-0.207831,0.185374,0.930883,0.690439,0.210051,1.041243,1.192544,-1.124063,-0.006696
2009,3,PA,1.000000,6.123234e-17,9607.3000,1,1,6172534.1600,1.511495,0.611388,-0.209846,0.255547,1.055611,0.654035,0.274484,0.978677,1.058945,-1.130210,-0.888313
2009,4,PA,0.866025,-0.500000,14410.9500,1,1,9258801.2400,0.805154,0.646617,-0.227901,0.261395,0.868520,0.599430,0.292057,0.947394,1.014412,-1.179387,-0.839334
2009,5,PA,0.500000,-0.866025,38429.2000,1,1,24690136.6400,0.951790,0.656082,-0.200405,0.349112,0.806156,0.763245,0.309630,0.822262,1.103478,-1.074887,-1.084227
2009,6,PA,1.2246468e-16,-1.000000,72054.7500,1,1,46294006.2000,0.742014,0.668702,-0.170484,0.448524,0.619065,0.672237,0.447282,0.634564,1.044101,-0.822857,-0.202610
2009,7,PA,-0.500000,-0.866025,96073.0000,1,1,61725341.6000,-0.044971,0.672382,-0.135983,0.571328,0.619065,0.617632,0.579077,0.822262,0.450328,-0.675327,-0.888313
2009,8,PA,-0.866025,-0.500000,96073.0000,1,1,61725341.6000,-0.070253,0.654505,-0.091803,0.737990,0.681429,0.672237,0.740160,0.790979,0.346418,-0.398710,-0.741376
2009,9,PA,-1.000000,-1.8369702e-16,72054.7500,1,1,46294006.2000,-0.127299,0.660288,-0.087973,0.723371,0.868520,0.617632,0.710872,0.978677,0.598771,-0.281915,-0.643419
2009,10,PA,-0.866025,0.500000,38429.2000,1,1,24690136.6400,-0.074142,0.610073,-0.069031,0.746762,0.774974,0.563027,0.728445,0.853545,0.836280,-0.343386,-0.888313
2009,11,PA,-0.500000,0.866025,14410.9500,1,1,9258801.2400,-0.212221,0.585886,-0.122861,0.852022,0.930883,0.599430,0.848525,0.884828,0.672993,-0.208151,-0.839334
2009,12,PA,-2.4492936e-16,1.000000,9607.3000,1,1,6172534.1600,0.223408,0.604289,-0.183836,0.623958,1.024429,0.654035,0.623009,0.978677,0.925346,-0.927357,-0.839334
2010,1,PA,0.500000,0.866025,11314.8000,1,1,6985903.7400,0.577356,0.614280,-0.166279,0.471916,0.930883,0.544825,0.470712,0.853545,0.969879,-0.878181,-0.790355
2010,2,PA,0.866025,0.500000,11314.8000,1,1,6985903.7400,0.154044,0.591144,-0.171080,0.609339,0.993247,0.745044,0.608365,1.135092,0.925346,-0.804416,-0.986270
2010,3,PA,1.000000,6.123234e-17,11314.8000,1,1,6985903.7400,0.502158,0.611650,-0.145837,0.723371,0.993247,0.836052,0.710872,1.135092,1.133166,-0.847445,-0.692398
2010,4,PA,0.866025,-0.500000,16972.2000,1,1,10478855.6100,0.997427,0.613754,-0.191245,0.504078,0.993247,0.836052,0.520502,1.041243,1.192544,-1.308475,-0.594440
2010,5,PA,0.500000,-0.866025,45259.2000,1,1,27943614.9600,0.801005,0.623744,-0.189975,0.676588,0.962065,0.799649,0.687442,0.978677,1.222232,-1.222416,-0.006696
2010,6,PA,1.2246468e-16,-1.000000,84861.0000,1,1,52394278.0500,-0.002186,0.671331,-0.176900,0.638578,0.743793,0.635834,0.652297,0.790979,0.821436,-1.093328,-0.741376
2010,7,PA,-0.500000,-0.866025,113148.0000,1,1,69859037.4000,-0.165547,0.659763,-0.173871,0.664893,0.712611,0.690439,0.678656,0.571998,0.836280,-0.976534,-0.986270
2010,8,PA,-0.866025,-0.500000,113148.0000,1,1,69859037.4000,0.047730,0.659500,-0.140278,0.717523,0.650247,0.672237,0.716730,0.759696,0.687837,-0.712210,-0.741376
2010,9,PA,-1.000000,-1.8369702e-16,84861.0000,1,1,52394278.0500,-0.313349,0.622430,-0.109718,0.831555,0.930883,0.708640,0.828024,0.853545,0.940190,-0.398710,-1.182185
2010,10,PA,-0.866025,0.500000,45259.2000,1,1,27943614.9600,0.211739,0.613754,-0.111695,0.764305,0.806156,0.654035,0.751875,0.822262,0.376107,-0.576974,-0.349547
2010,11,PA,-0.500000,0.866025,16972.2000,1,1,10478855.6100,0.233780,0.574580,-0.121877,0.758458,0.899702,0.617632,0.751875,0.978677,0.955035,-0.675327,-0.888313
2010,12,PA,-2.4492936e-16,1.000000,11314.8000,1,1,6985903.7400,0.389362,0.561961,-0.160578,0.568404,0.806156,0.726842,0.567362,0.884828,0.851125,-0.964239,-1.084227
2011,1,PA,0.500000,0.866025,8703.1400,1,0,5532704.4200,0.937463,0.589040,-0.206063,0.208765,0.743793,0.490221,0.230552,0.790979,0.955035,-1.093328,-1.035249
2011,2,PA,0.866025,0.500000,8703.1400,1,0,5532704.4200,0.888520,0.612702,-0.217915,0.229232,0.868520,0.599430,0.251054,0.884828,1.014412,-1.259299,-0.741376
2011,3,PA,1.000000,6.123234e-17,8703.1400,1,0,5532704.4200,1.048639,0.608496,-0.191863,0.302330,0.774974,0.617632,0.309630,0.790979,0.999568,-1.179387,-0.643419
2011,4,PA,0.866025,-0.500000,13054.7100,1,1,8299056.6300,1.027895,0.622693,-0.183866,0.372503,0.774974,0.508422,0.376991,0.728413,0.999568,-1.154798,-0.790355
2011,5,PA,0.500000,-0.866025,34812.5600,1,1,22130817.6800,0.806839,0.620326,-0.184701,0.492383,0.899702,0.726842,0.511715,0.947394,1.192544,-1.259299,-1.084227
2011,6,PA,1.2246468e-16,-1.000000,65273.5500,1,1,41495283.1500,0.206553,0.653453,-0.164238,0.562556,1.398610,0.635834,0.570291,1.447923,0.940190,-0.994975,-0.643419
2011,7,PA,-0.500000,-0.866025,87031.4000,1,1,55327044.2000,0.006890,0.656345,-0.150682,0.515774,0.806156,0.617632,0.520502,0.634564,0.524550,-1.013416,0.091262
2011,8,PA,-0.866025,-0.500000,87031.4000,1,1,55327044.2000,-0.110445,0.665284,-0.111456,0.647349,0.712611,0.508422,0.634724,0.759696,0.628460,-0.687622,-0.839334
2011,9,PA,-1.000000,-1.8369702e-16,65273.5500,1,1,41495283.1500,-0.240744,0.659237,-0.104298,0.770153,0.681429,0.690439,0.763591,0.916111,0.836280,-0.466327,-1.084227
2011,10,PA,-0.866025,0.500000,34812.5600,1,1,22130817.6800,-0.008020,0.591669,-0.112086,0.714599,0.650247,0.472019,0.707944,0.790979,0.747214,-0.607710,-1.280142
2011,11,PA,-0.500000,0.866025,13054.7100,1,1,8299056.6300,-0.031357,0.590881,-0.108785,0.732143,0.743793,0.544825,0.725516,0.665847,0.821436,-0.607710,-1.329121
2011,12,PA,-2.4492936e-16,1.000000,8703.1400,1,0,5532704.4200,0.360190,0.596928,-0.136375,0.682436,1.117974,0.581229,0.669870,1.041243,0.925346,-0.564680,-1.182185
2012,1,PA,0.500000,0.866025,11114.5200,1,1,7121108.8600,0.851569,0.611388,-0.184535,0.416362,1.024429,0.490221,0.417994,0.853545,0.880813,-0.853592,-0.643419
2012,2,PA,0.866025,0.500000,11114.5200,1,1,7121108.8600,0.559853,0.609810,-0.211324,0.223384,0.619065,0.508422,0.242268,0.884828,0.955035,-1.074887,-0.839334
2012,3,PA,1.000000,6.123234e-17,11114.5200,1,1,7121108.8600,1.312480,0.630317,-0.212364,0.208765,0.868520,0.599430,0.215909,0.853545,0.925346,-1.191681,-0.447504
2012,4,PA,0.866025,-0.500000,16671.7800,1,1,10681663.2900,0.515772,0.619275,-0.190397,0.416362,0.899702,0.599430,0.409208,0.853545,0.925346,-1.253152,-1.182185
2012,5,PA,0.500000,-0.866025,44458.0800,1,1,28484435.4400,0.214980,0.643988,-0.170403,0.460220,0.650247,0.581229,0.450211,0.790979,1.073789,-1.203975,-0.888313
2012,6,PA,1.2246468e-16,-1.000000,83358.9000,1,1,53408316.4500,0.555315,0.679218,-0.189877,0.387123,0.712611,0.508422,0.374063,0.697130,0.969879,-1.154798,-0.790355
2012,7,PA,-0.500000,-0.866025,111145.2000,1,1,71211088.6000,0.306385,0.666072,-0.172712,0.448524,0.587884,0.599430,0.456069,0.790979,0.969879,-1.081034,0.042283
2012,8,PA,-0.866025,-0.500000,111145.2000,1,1,71211088.6000,-0.080625,0.681584,-0.136384,0.600567,0.587884,0.654035,0.608365,0.884828,0.895658,-0.699916,-1.035249
2012,9,PA,-1.000000,-1.8369702e-16,83358.9000,1,1,53408316.4500,0.138486,0.679481,-0.128966,0.615187,0.899702,0.581229,0.608365,0.697130,0.806592,-0.521651,-1.231164
2012,10,PA,-0.866025,0.500000,44458.0800,1,1,28484435.4400,-0.328907,0.613754,-0.122388,0.702904,0.681429,0.617632,0.702086,0.822262,0.895658,-0.521651,-1.182185
2012,11,PA,-0.500000,0.866025,16671.7800,1,1,10681663.2900,-0.285474,0.611388,-0.176512,0.857870,0.587884,0.654035,0.860240,0.540715,0.435484,-0.337239,-1.035249
2012,12,PA,-2.4492936e-16,1.000000,11114.5200,1,1,7121108.8600,0.476876,0.591407,-0.157865,0.585948,0.962065,0.654035,0.576149,0.884828,0.910502,-0.951945,-0.937291
2013,1,PA,0.500000,0.866025,8683.3200,1,0,5284035.6800,0.703118,0.625322,-0.195024,0.498231,0.930883,0.654035,0.491214,0.947394,1.044101,-1.154798,-0.692398
2013,2,PA,0.866025,0.500000,8683.3200,1,0,5284035.6800,0.802301,0.602975,-0.205794,0.369579,1.024429,0.472019,0.374063,1.041243,1.029256,-1.154798,-0.496483
2013,3,PA,1.000000,6.123234e-17,8683.3200,1,0,5284035.6800,1.012337,0.623744,-0.195480,0.507002,0.962065,0.581229,0.511715,1.041243,1.044101,-1.117916,-1.035249
2013,4,PA,0.866025,-0.500000,13024.9800,1,1,7926053.5200,0.712194,0.639256,-0.198253,0.442677,0.837338,0.672237,0.441425,1.103809,1.118322,-1.179387,0.140241
2013,5,PA,0.500000,-0.866025,34733.2800,1,1,21136142.7200,0.501186,0.648458,-0.185800,0.466068,0.868520,0.654035,0.470712,0.916111,1.088634,-1.308475,-1.084227
2013,6,PA,1.2246468e-16,-1.000000,65124.9000,1,1,39630267.6000,-0.135727,0.662129,-0.170850,0.600567,0.681429,0.690439,0.602508,0.571998,0.806592,-1.093328,-0.692398
2013,7,PA,-0.500000,-0.866025,86833.2000,1,1,52840356.8000,0.125521,0.686579,-0.174237,0.489459,0.681429,0.581229,0.482428,0.790979,0.910502,-1.031857,-1.280142
2013,8,PA,-0.866025,-0.500000,86833.2000,1,1,52840356.8000,0.025689,0.652664,-0.153178,0.594719,0.619065,0.708640,0.593721,0.790979,0.999568,-0.872034,-1.182185
2013,9,PA,-1.000000,-1.8369702e-16,65124.9000,1,1,39630267.6000,-0.075439,0.647143,-0.136107,0.659045,1.086792,0.672237,0.646439,0.916111,1.014412,-0.730651,-1.084227
2013,10,PA,-0.866025,0.500000,34733.2800,1,1,21136142.7200,-0.161009,0.630580,-0.106697,0.714599,0.806156,0.690439,0.705015,0.790979,0.643304,-0.521651,-1.231164
2013,11,PA,-0.500000,0.866025,13024.9800,1,1,7926053.5200,0.147562,0.587726,-0.143507,0.629806,0.619065,0.563027,0.631795,0.728413,0.806592,-0.779828,-1.231164
2013,12,PA,-2.4492936e-16,1.000000,8683.3200,1,0,5284035.6800,0.439277,0.606392,-0.155926,0.629806,0.806156,0.617632,0.623009,0.947394,0.732370,-0.816710,-0.545461
2014,1,PA,0.500000,0.866025,11152.1400,1,1,6823448.6200,0.679133,0.632157,-0.187521,0.369579,1.024429,0.472019,0.379920,0.884828,0.895658,-1.031857,-1.182185
2014,2,PA,0.866025,0.500000,11152.1400,1,1,6823448.6200,1.081700,0.611913,-0.225013,0.205841,0.993247,0.635834,0.227624,1.009960,1.118322,-1.412975,-0.692398
2014,3,PA,1.000000,6.123234e-17,11152.1400,1,1,6823448.6200,0.699553,0.633209,-0.221813,0.296482,0.837338,0.708640,0.318416,0.947394,1.192544,-1.228563,-0.986270
2014,4,PA,0.866025,-0.500000,16728.2100,1,1,10235172.9300,1.283957,0.647406,-0.213463,0.416362,0.868520,0.672237,0.385778,0.916111,1.192544,-1.160946,-1.231164
2014,5,PA,0.500000,-0.866025,44608.5600,1,1,27293794.4800,0.675891,0.645829,-0.220919,0.378351,0.962065,0.726842,0.388707,1.103809,1.162855,-1.505181,-0.545461
2014,6,PA,1.2246468e-16,-1.000000,83641.0500,1,1,51175864.6500,0.344632,0.660551,-0.191543,0.518698,0.962065,0.690439,0.532217,0.978677,1.058945,-1.253152,-1.035249
2014,7,PA,-0.500000,-0.866025,111521.4000,1,1,68234486.2000,0.080791,0.710767,-0.178626,0.480687,0.650247,0.635834,0.479499,0.665847,0.910502,-1.099475,-0.888313
2014,8,PA,-0.866025,-0.500000,111521.4000,1,1,68234486.2000,-0.210276,0.682110,-0.163974,0.626882,0.681429,0.617632,0.623009,0.634564,0.851125,-0.951945,-1.084227
2014,9,PA,-1.000000,-1.8369702e-16,83641.0500,1,1,51175864.6500,0.148210,0.664495,-0.146719,0.577176,0.806156,0.544825,0.561505,0.790979,0.524550,-0.847445,-1.378100
2014,10,PA,-0.866025,0.500000,44608.5600,1,1,27293794.4800,-0.153878,0.633998,-0.128221,0.735066,0.743793,0.635834,0.719659,1.009960,0.717526,-0.706063,0.385134
2014,11,PA,-0.500000,0.866025,16728.2100,1,1,10235172.9300,-0.332149,0.610336,-0.133073,0.887109,0.806156,0.526624,0.874884,0.947394,0.613616,-0.386415,-1.231164
2014,12,PA,-2.4492936e-16,1.000000,11152.1400,1,1,6823448.6200,0.096998,0.618749,-0.140682,0.816936,0.899702,0.672237,0.766519,1.009960,0.643304,-0.497063,-0.692398
2015,1,PA,0.500000,0.866025,9271.6600,1,1,5659967.6200,0.818832,0.647406,-0.206668,0.401742,1.024429,0.581229,0.388707,0.884828,0.791747,-1.228563,-0.692398
2015,2,PA,0.866025,0.500000,9271.6600,1,1,5659967.6200,0.461642,0.640833,-0.162347,0.495307,0.993247,0.563027,0.456069,1.009960,1.029256,-0.964239,-0.741376
2015,3,PA,1.000000,6.123234e-17,9271.6600,1,1,5659967.6200,0.952049,0.640570,-0.233875,0.246775,1.273883,0.654035,0.256911,1.135092,1.177699,-1.406828,-1.280142
2015,4,PA,0.866025,-0.500000,13907.4900,1,1,8489951.4300,1.121892,0.648983,-0.237743,0.296482,1.149156,0.635834,0.309630,1.041243,0.851125,-1.283887,-0.986270
2015,5,PA,0.500000,-0.866025,37086.6400,1,1,22639870.4800,0.557909,0.654505,-0.211733,0.489459,0.993247,0.654035,0.494143,1.041243,1.133166,-1.283887,-0.986270
2015,6,PA,1.2246468e-16,-1.000000,69537.4500,1,1,42449757.1500,0.015317,0.687894,-0.202539,0.515774,0.806156,0.654035,0.508787,0.759696,0.806592,-1.160946,-1.084227
2015,7,PA,-0.500000,-0.866025,92716.6000,1,1,56599676.2000,0.064585,0.682636,-0.194913,0.515774,0.712611,0.672237,0.517573,0.947394,0.940190,-1.093328,-1.035249
2015,8,PA,-0.866025,-0.500000,92716.6000,1,1,56599676.2000,-0.170733,0.666861,-0.180249,0.740914,0.619065,0.672237,0.746018,0.634564,0.865969,-0.724504,-0.888313
2015,9,PA,-1.000000,-1.8369702e-16,69537.4500,1,1,42449757.1500,-0.297791,0.656082,-0.166036,0.787697,0.619065,0.672237,0.778234,0.853545,0.880813,-0.620004,-1.182185
2015,10,PA,-0.866025,0.500000,37086.6400,1,1,22639870.4800,-0.238151,0.641359,-0.133827,0.933891,1.055611,0.726842,0.910030,1.166375,0.702682,-0.417151,-1.133206
2015,11,PA,-0.500000,0.866025,13907.4900,1,1,8489951.4300,-0.280288,0.606655,-0.150839,0.986522,0.712611,0.726842,0.968605,0.790979,0.301885,-0.374121,-1.231164
2015,12,PA,-2.4492936e-16,1.000000,9271.6600,1,1,5659967.6200,0.265545,0.637415,-0.198253,0.778925,1.149156,0.690439,0.757733,1.103809,0.598771,-0.859739,-0.692398
2016,1,PA,0.500000,0.866025,31465.4400,1,1,21194172.4200,0.373155,0.640045,-0.231297,0.629806,1.117974,0.635834,0.637653,1.197658,0.984723,-0.847445,-1.133206
2016,2,PA,0.866025,0.500000,31465.4400,1,1,21194172.4200,1.204221,0.635312,-0.226887,0.387123,1.305065,0.672237,0.397493,1.166375,0.999568,-1.167093,-1.133206
2016,3,PA,1.000000,6.123234e-17,31465.4400,1,1,21194172.4200,1.086886,0.655556,-0.245582,0.442677,1.336247,0.635834,0.453140,1.322791,1.237077,-1.412975,-1.231164
2016,4,PA,0.866025,-0.500000,47198.1600,1,1,31791258.6300,0.496324,0.624007,-0.220267,0.644426,1.305065,0.781447,0.655226,1.291508,1.222232,-1.271593,-0.594440
2016,5,PA,0.500000,-0.866025,125861.7600,1,1,84776689.6800,0.334908,0.668439,-0.220177,0.705827,1.149156,0.781447,0.702086,1.228942,1.118322,-1.191681,-0.790355
2016,6,PA,1.2246468e-16,-1.000000,235990.8000,1,1,1.5895629e+08,0.194884,0.699988,-0.163020,0.583024,0.930883,0.581229,0.582006,1.041243,0.984723,-1.148651,-0.888313
2016,7,PA,-0.500000,-0.866025,314654.4000,1,1,2.1194172e+08,-0.058584,0.684739,-0.157830,0.626882,0.837338,0.654035,0.623009,0.790979,0.791747,-1.105622,-1.182185
2016,8,PA,-0.866025,-0.500000,314654.4000,1,1,2.1194172e+08,-0.079328,0.676589,-0.146647,0.737990,1.086792,0.690439,0.728445,1.103809,0.821436,-0.767533,-1.378100
2016,9,PA,-1.000000,-1.8369702e-16,235990.8000,1,1,1.5895629e+08,-0.129892,0.668702,-0.163710,0.737990,0.774974,0.726842,0.728445,0.884828,0.776903,-0.724504,-1.231164
2016,10,PA,-0.866025,0.500000,125861.7600,1,1,84776689.6800,-0.218704,0.614805,-0.133427,0.857870,0.712611,0.635834,0.848525,0.728413,0.880813,-0.570827,0.287177
2016,11,PA,-0.500000,0.866025,47198.1600,1,1,31791258.6300,-0.167491,0.591144,-0.152867,0.930968,1.149156,0.745044,0.924674,1.260225,0.955035,-0.533945,-0.888313
2016,12,PA,-2.4492936e-16,1.000000,31465.4400,1,1,21194172.4200,0.377693,0.608233,-0.228008,0.512850,1.336247,0.690439,0.514644,1.166375,0.865969,-1.247004,-1.231164
2017,1,PA,0.500000,0.866025,26389.5600,1,1,15809872.0000,1.383140,0.629791,-0.246809,0.308177,1.055611,0.508422,0.321345,1.041243,1.029256,-1.431416,-1.329121
2017,2,PA,0.866025,0.500000,26389.5600,1,1,15809872.0000,0.879120,0.629528,-0.239792,0.255547,0.868520,0.617632,0.286199,1.072526,1.088634,-1.437563,-0.447504
2017,3,PA,1.000000,6.123234e-17,26389.5600,1,1,15809872.0000,1.385085,0.636364,-0.263224,0.199993,0.837338,0.599430,0.224695,0.884828,1.207388,-1.578946,-1.231164
2017,4,PA,0.866025,-0.500000,39584.3400,1,1,23714808.0000,0.876203,0.635575,-0.225192,0.416362,0.837338,0.635834,0.417994,0.884828,1.148011,-1.456005,-0.839334
2017,5,PA,0.500000,-0.866025,105558.2400,1,1,63239488.0000,0.287585,0.647143,-0.188574,0.603491,0.806156,0.763245,0.602508,0.853545,1.044101,-1.283887,-0.888313
2017,6,PA,1.2246468e-16,-1.000000,197921.7000,1,1,1.1857404e+08,0.014669,0.660288,-0.153890,0.711675,0.712611,0.690439,0.716730,0.603281,0.999568,-1.117916,-0.839334
2017,7,PA,-0.500000,-0.866025,263895.6000,1,1,1.5809872e+08,-0.385954,0.706560,-0.119866,0.796468,0.431975,0.635834,0.804593,0.446866,0.272197,-0.945798,0.776964
2017,8,PA,-0.866025,-0.500000,263895.6000,1,1,1.5809872e+08,0.220167,0.667387,-0.172320,0.714599,0.525520,0.690439,0.702086,0.665847,0.851125,-0.798269,-1.231164
2017,9,PA,-1.000000,-1.8369702e-16,197921.7000,1,1,1.1857404e+08,-0.285474,0.652401,-0.216492,0.834479,0.774974,0.817850,0.825095,0.853545,0.821436,-0.546239,-0.937291
2017,10,PA,-0.866025,0.500000,105558.2400,1,1,63239488.0000,0.290827,0.616120,-0.280253,0.705827,1.024429,0.708640,0.693300,1.103809,1.029256,-0.804416,-1.231164
2017,11,PA,-0.500000,0.866025,39584.3400,1,1,23714808.0000,-0.118872,0.594036,-0.113927,0.808164,0.993247,0.654035,0.798736,1.041243,0.791747,-0.755239,-1.280142
2017,12,PA,-2.4492936e-16,1.000000,26389.5600,1,1,15809872.0000,0.358894,0.604552,-0.239984,0.606415,1.024429,0.617632,0.605436,0.853545,0.465173,-0.982681,-0.741376
2018,1,PA,0.500000,0.866025,16405.1400,1,1,10698256.7000,0.672002,0.621378,-0.273982,0.343264,0.899702,0.599430,0.338917,1.009960,0.643304,-1.253152,-1.280142
2018,2,PA,0.866025,0.500000,16405.1400,1,1,10698256.7000,1.682959,0.628477,-0.239801,0.240928,0.774974,0.690439,0.271555,0.853545,0.955035,-1.376093,-1.329121
2018,3,PA,1.000000,6.123234e-17,16405.1400,1,1,10698256.7000,1.039564,0.625585,-0.194329,0.428057,0.868520,0.581229,0.426781,0.884828,1.103478,-1.185534,-1.231164
2018,4,PA,0.866025,-0.500000,24607.7100,1,1,16047385.0500,1.130968,0.652401,-0.223560,0.287710,0.868520,0.472019,0.303772,0.728413,0.910502,-1.671152,-0.496483
2018,5,PA,0.500000,-0.866025,65620.5600,1,1,42793026.8000,1.066790,0.666335,-0.191155,0.319873,0.743793,0.654035,0.333060,0.853545,1.118322,-1.585093,-1.084227
2018,6,PA,1.2246468e-16,-1.000000,123038.5500,1,1,80236925.2500,-0.127948,0.685528,-0.135306,0.641502,0.837338,0.672237,0.649368,0.728413,0.435484,-1.001122,0.336155
2018,7,PA,-0.500000,-0.866025,164051.4000,1,1,1.0698257e+08,-0.081273,0.684213,-0.159356,0.632730,0.525520,0.617632,0.637653,0.446866,0.791747,-1.025710,-1.133206
2018,8,PA,-0.866025,-0.500000,164051.4000,1,1,1.0698257e+08,0.244800,0.697621,-0.185404,0.504078,0.650247,0.563027,0.494143,0.634564,0.895658,-1.062593,-1.280142
2018,9,PA,-1.000000,-1.8369702e-16,123038.5500,1,1,80236925.2500,0.253228,0.629528,-0.182047,0.705827,0.650247,0.599430,0.687442,0.822262,0.940190,-0.730651,-1.084227
2018,10,PA,-0.866025,0.500000,65620.5600,1,1,42793026.8000,0.392603,0.617172,-0.165239,0.784773,0.899702,0.635834,0.769448,0.884828,0.984723,-0.712210,-1.476057
2018,11,PA,-0.500000,0.866025,24607.7100,1,1,16047385.0500,0.552074,0.593247,-0.182021,0.787697,0.774974,0.672237,0.772377,0.790979,0.851125,-0.872034,-0.496483
2018,12,PA,-2.4492936e-16,1.000000,16405.1400,1,1,10698256.7000,1.033081,0.647143,-0.244560,0.252623,0.774974,0.526624,0.265698,0.884828,0.969879,-1.437563,-0.643419
2019,1,PA,0.500000,0.866025,13860.8600,1,1,9048695.8200,0.725807,0.655030,-0.222793,0.390046,0.868520,0.417414,0.359419,0.916111,1.073789,-1.191681,-1.035249
2019,2,PA,0.866025,0.500000,13860.8600,1,1,9048695.8200,0.906671,0.642148,-0.260221,0.404666,1.429792,0.599430,0.321345,1.291508,1.029256,-1.185534,-1.231164
2019,3,PA,1.000000,6.123234e-17,13860.8600,1,1,9048695.8200,1.999633,0.658974,-0.258981,0.276014,0.806156,0.581229,0.292057,1.009960,0.940190,-1.296181,-1.329121
2019,4,PA,0.866025,-0.500000,20791.2900,1,1,13573043.7300,1.337762,0.648195,-0.243520,0.410514,1.055611,0.672237,0.429710,1.260225,1.162855,-1.369946,-0.986270
2019,5,PA,0.500000,-0.866025,55443.4400,1,1,36194783.2800,0.961124,0.637153,-0.225737,0.477763,0.930883,0.745044,0.491214,0.884828,1.177699,-1.357652,-1.231164
2019,6,PA,1.2246468e-16,-1.000000,103956.4500,1,1,67865218.6500,0.345928,0.680270,-0.168677,0.606415,0.712611,0.763245,0.620080,0.822262,1.103478,-1.062593,-0.300568
2019,7,PA,-0.500000,-0.866025,138608.6000,1,1,90486958.2000,0.030227,0.682110,-0.155717,0.600567,0.556702,0.635834,0.605436,0.603281,0.895658,-1.007269,-0.055674
2019,8,PA,-0.866025,-0.500000,138608.6000,1,1,90486958.2000,0.013372,0.699988,-0.128719,0.685360,0.681429,0.654035,0.684513,0.571998,0.865969,-2.875977,-2.651546
2019,9,PA,-1.000000,-1.8369702e-16,103956.4500,1,1,67865218.6500,0.277861,0.657659,-0.138088,0.755534,0.993247,0.726842,0.743089,1.009960,0.821436,-1.019563,-1.035249
2019,10,PA,-0.866025,0.500000,55443.4400,1,1,36194783.2800,0.415292,0.619538,-0.151585,0.697056,0.962065,0.672237,0.675727,1.009960,0.955035,-0.724504,-0.986270
2019,11,PA,-0.500000,0.866025,20791.2900,1,1,13573043.7300,0.335556,0.589303,-0.157745,0.743838,0.962065,0.690439,0.734303,0.822262,0.955035,-0.847445,-1.084227
2019,12,PA,-2.4492936e-16,1.000000,13860.8600,1,1,9048695.8200,0.771833,0.596928,-0.189873,0.664893,1.117974,0.672237,0.655226,1.260225,1.029256,-0.878181,-0.545461
2020,1,PA,0.500000,0.866025,16113.0400,1,1,10521306.1800,1.016875,0.645566,-0.451735,0.366655,0.930883,0.654035,0.374063,0.916111,0.331574,-1.167093,-1.133206
2020,2,PA,0.866025,0.500000,16113.0400,1,1,10521306.1800,1.318962,0.648458,-0.451735,0.325721,0.899702,0.708640,0.347704,0.947394,1.058945,-1.234710,-0.545461
2020,3,PA,1.000000,6.123234e-17,16113.0400,1,1,10521306.1800,4.654570,0.661077,-0.451735,-0.156722,0.993247,-3.131908,-0.135545,1.041243,-1.345833,-1.191681,-1.329121
2020,4,PA,0.866025,-0.500000,24169.5600,1,1,15781959.2700,0.963069,0.652664,-0.451735,0.468992,0.962065,0.690439,0.494143,1.103809,1.162855,-1.412975,-1.084227
2020,5,PA,0.500000,-0.866025,64452.1600,1,1,42085224.7200,1.005854,0.662392,-0.451735,0.577176,0.993247,0.763245,0.584935,0.947394,1.133166,-1.167093,-0.153632
2020,6,PA,1.2246468e-16,-1.000000,120847.8000,1,1,78909796.3500,0.330370,0.661077,-0.451735,0.632730,0.806156,0.745044,0.643511,0.853545,0.925346,-1.074887,-0.986270
2020,7,PA,-0.500000,-0.866025,161130.4000,1,1,1.0521306e+08,0.015317,0.653190,-0.451735,0.723371,0.650247,0.635834,0.734303,0.665847,0.494861,-0.853592,-0.545461
2020,8,PA,-0.866025,-0.500000,161130.4000,1,1,1.0521306e+08,-0.116927,0.647932,-0.451735,0.966054,0.619065,0.745044,0.951033,0.634564,0.168287,-0.497063,-0.594440
2020,9,PA,-1.000000,-1.8369702e-16,120847.8000,1,1,78909796.3500,0.015317,0.639256,-0.451735,0.831555,1.024429,0.708640,0.810451,1.009960,0.702682,-0.533945,-0.986270
2020,10,PA,-0.866025,0.500000,64452.1600,1,1,42085224.7200,0.480118,0.619801,-0.451735,0.694132,1.242701,0.672237,0.666941,1.103809,0.880813,-0.829004,-0.447504
2020,11,PA,-0.500000,0.866025,24169.5600,1,1,15781959.2700,0.868424,0.604552,-0.451735,0.606415,0.993247,0.617632,0.590792,1.228942,0.791747,-0.927357,-0.790355
2020,12,PA,-2.4492936e-16,1.000000,16113.0400,1,1,10521306.1800,0.259386,0.605341,-0.451735,0.659045,0.993247,0.635834,0.637653,0.947394,0.940190,-0.767533,-0.888313
2021,1,PA,0.500000,0.866025,13870.3200,1,1,9526687.7400,0.682374,0.604026,-0.451735,0.612263,1.180338,0.654035,0.564433,1.166375,1.029256,-0.927357,-0.496483
2021,2,PA,0.866025,0.500000,13870.3200,1,1,9526687.7400,1.582803,0.614805,-0.451735,0.311101,1.273883,0.581229,0.315487,1.322791,1.029256,-1.160946,-0.937291
2021,3,PA,1.000000,6.123234e-17,13870.3200,1,1,9526687.7400,1.044750,0.626899,-0.451735,0.249699,0.930883,0.526624,0.256911,1.009960,1.029256,-1.314622,0.776964
2021,4,PA,0.866025,-0.500000,20805.4800,1,1,14290031.6100,1.076514,0.617960,-0.451735,0.457296,1.086792,0.654035,0.453140,1.354074,1.058945,-1.216269,0.140241
2021,5,PA,0.500000,-0.866025,55481.2800,1,1,38106750.9600,1.137450,0.652664,-0.451735,0.518698,1.086792,0.745044,0.526359,0.947394,1.162855,-1.142504,-1.084227
2021,6,PA,1.2246468e-16,-1.000000,104027.4000,1,1,71450158.0500,0.143024,0.669490,-0.451735,0.571328,0.993247,0.635834,0.564433,1.197658,1.073789,-1.001122,-0.937291
2021,7,PA,-0.500000,-0.866025,138703.2000,1,1,95266877.4000,0.246097,0.691049,-0.451735,0.568404,0.962065,0.672237,0.561505,1.260225,0.999568,-2.027682,-0.888313
2021,8,PA,-0.866025,-0.500000,138703.2000,1,1,95266877.4000,0.410106,0.663180,-0.451735,0.729219,1.024429,0.635834,0.716730,1.291508,0.776903,-0.583121,-0.153632
2021,9,PA,-1.000000,-1.8369702e-16,104027.4000,1,1,71450158.0500,0.347225,0.659237,-0.451735,0.577176,1.492156,0.544825,0.561505,1.291508,0.910502,-0.785975,-0.251589
2021,10,PA,-0.866025,0.500000,55481.2800,1,1,38106750.9600,0.493731,0.620852,-0.451735,0.784773,1.336247,0.708640,0.751875,1.385357,1.148011,-0.576974,-0.937291
2021,11,PA,-0.500000,0.866025,20805.4800,1,1,14290031.6100,0.587728,0.596665,-0.451735,0.723371,1.585701,0.690439,0.681585,1.604338,1.103478,-0.798269,-0.741376
2021,12,PA,-2.4492936e-16,1.000000,13870.3200,1,1,9526687.7400,0.475580,0.582205,-0.451735,0.749686,1.211520,0.763245,0.734303,1.541772,1.266765,-0.736798,-0.986270
2022,1,PA,0.500000,0.866025,16145.4400,1,1,11094353.8800,0.552722,0.630317,-0.451735,0.340340,1.367429,0.581229,0.335989,1.447923,1.044101,-1.296181,-0.790355
2022,2,PA,0.866025,0.500000,16145.4400,1,1,11094353.8800,0.456780,0.610599,-0.451735,0.521622,1.554519,0.599430,0.505858,1.541772,0.672993,-1.578946,-2.661342
2022,3,PA,1.000000,6.123234e-17,16145.4400,1,1,11094353.8800,1.209083,0.612702,-0.451735,0.363731,1.086792,0.563027,0.385778,1.197658,0.762059,-1.566652,-2.210738
2022,4,PA,0.866025,-0.500000,24218.1600,1,1,16641530.8200,1.185421,0.622167,-0.451735,0.305253,1.367429,0.726842,0.324273,1.228942,1.296454,-1.400681,-0.790355
2022,5,PA,0.500000,-0.866025,64581.7600,1,1,44377415.5200,1.022709,0.662655,-0.451735,0.366655,1.180338,0.526624,0.371134,1.729470,-0.202821,-1.117916,0.042283
2022,6,PA,1.2246468e-16,-1.000000,121090.8000,1,1,83207654.1000,0.226649,0.657397,-0.451735,0.349112,1.024429,0.526624,0.280342,1.291508,1.044101,-1.333063,-1.084227
2022,7,PA,-0.500000,-0.866025,161454.4000,1,1,1.1094354e+08,-0.102017,0.661866,-0.451735,0.729219,1.086792,0.745044,0.728445,1.103809,0.880813,-0.595416,0.189219
2022,8,PA,-0.866025,-0.500000,161454.4000,1,1,1.1094354e+08,0.122280,0.657659,-0.451735,0.834479,1.180338,0.745044,0.819237,1.072526,1.058945,-0.306504,-0.202610
2022,9,PA,-1.000000,-1.8369702e-16,121090.8000,1,1,83207654.1000,0.204608,0.643988,-0.451735,0.854946,1.180338,0.672237,0.830953,1.385357,0.865969,-0.097503,-0.545461
2022,10,PA,-0.866025,0.500000,64581.7600,1,1,44377415.5200,0.142376,0.612702,-0.451735,0.831555,1.523338,0.654035,0.807522,1.385357,1.073789,-0.152827,-0.398525
2022,11,PA,-0.500000,0.866025,24218.1600,1,1,16641530.8200,0.759517,0.609547,-0.451735,0.664893,1.305065,0.472019,0.643511,1.322791,1.148011,-0.669180,-1.084227
2022,12,PA,-2.4492936e-16,1.000000,16145.4400,1,1,11094353.8800,0.621762,0.604815,-0.451735,0.568404,1.149156,0.617632,0.543932,1.416640,1.118322,-0.816710,-0.937291
2023,1,PA,0.500000,0.866025,13346.3200,1,1,9168971.8800,0.676864,0.636101,-0.451735,0.425133,1.117974,0.490221,0.400422,1.385357,1.073789,-0.810563,-0.937291
2023,2,PA,0.866025,0.500000,13346.3200,1,1,9168971.8800,0.828556,0.631632,-0.451735,0.328645,1.336247,0.472019,0.330131,1.322791,1.192544,-1.296181,-0.202610
2023,3,PA,1.000000,6.123234e-17,13346.3200,1,1,9168971.8800,1.321231,0.642411,-0.451735,0.354960,1.429792,0.635834,0.371134,1.447923,1.118322,-1.326916,-0.104653
2023,4,PA,0.866025,-0.500000,20019.4800,1,1,13753457.8200,0.469097,0.623218,-0.451735,0.542089,1.211520,0.635834,0.549790,1.135092,1.103478,-1.167093,-0.888313
2023,5,PA,0.500000,-0.866025,53385.2800,1,1,36675887.5200,0.669409,0.645040,-0.451735,0.676588,1.149156,0.763245,0.684513,1.322791,1.281609,-0.976534,-0.496483
2023,6,PA,1.2246468e-16,-1.000000,100097.4000,1,1,68767289.1000,0.213684,0.677378,-0.451735,0.755534,1.024429,0.781447,0.757733,1.135092,1.222232,-0.675327,-1.035249
2023,7,PA,-0.500000,-0.866025,133463.2000,1,1,91689718.8000,-0.146099,0.686842,-0.451735,0.837403,1.149156,0.690439,0.836810,1.135092,1.044101,-0.527798,-0.692398
2023,8,PA,-0.866025,-0.500000,133463.2000,1,1,91689718.8000,-0.379796,0.661603,-0.451735,1.018685,1.149156,0.799649,1.003751,1.197658,1.118322,-0.245033,-0.888313
2023,9,PA,-1.000000,-1.8369702e-16,100097.4000,1,1,68767289.1000,-0.305570,0.639256,-0.451735,1.112249,1.149156,0.763245,1.079899,1.135092,0.910502,0.006997,-0.986270
2023,10,PA,-0.866025,0.500000,53385.2800,1,1,36675887.5200,-0.298439,0.612702,-0.451735,1.176575,1.305065,0.836052,1.138475,1.166375,1.029256,-0.036033,-1.035249
2023,11,PA,-0.500000,0.866025,20019.4800,1,1,13753457.8200,-0.143506,0.604289,-0.451735,1.059619,1.398610,0.927060,1.024252,1.541772,1.162855,-0.398710,-0.937291
2023,12,PA,-2.4492936e-16,1.000000,13346.3200,1,1,9168971.8800,0.307681,0.604026,-0.451735,0.854946,1.679247,0.817850,0.842668,1.604338,1.133166,-0.675327,-0.986270
2006,10,MG,-0.866025,0.500000,12983.6000,1,1,4579688.8800,-0.111093,-1.777395,-0.428175,-0.867230,-0.503479,-0.820298,-0.885313,-0.303927,-0.425486,0.492615,0.336155
2006,11,MG,-0.500000,0.866025,4868.8500,1,0,1717383.3300,1.084293,-1.790804,-0.428175,-0.975414,-0.409934,-0.947710,-0.973177,-0.210078,-0.380953,0.209850,0.483092
2006,12,MG,-2.4492936e-16,1.000000,3245.9000,1,0,1144922.2200,0.571198,-1.768982,-0.428175,-0.709339,-0.503479,-0.146837,-0.715444,-0.397776,0.034688,-0.042180,0.483092
2007,1,MG,0.500000,0.866025,3647.1600,1,0,1346885.1800,0.781881,-1.779499,-0.428175,-0.694720,-0.098116,-0.274249,-0.689085,-0.053663,0.257352,-0.454033,0.483092
2007,2,MG,0.866025,0.500000,3647.1600,1,0,1346885.1800,0.009807,-1.764513,-0.428175,-0.671328,-0.503479,-0.256047,-0.689085,-0.303927,-0.262198,0.363526,0.287177
2007,3,MG,1.000000,6.123234e-17,3647.1600,1,0,1346885.1800,0.101535,-1.731386,-0.428175,-0.267831,-0.565843,-0.128636,-0.305414,-0.710606,-0.885659,0.351232,0.189219
2007,4,MG,0.866025,-0.500000,5470.7400,1,0,2020327.7700,-0.119520,-1.718504,-0.428175,-0.718111,-0.815297,-0.510870,-0.738874,-0.992154,-0.395797,0.006997,0.727985
2007,5,MG,0.500000,-0.866025,14588.6400,1,1,5387540.7200,-0.443001,-1.698523,-0.428175,-1.463705,-1.719569,-1.657574,-1.500357,-1.680380,-1.227078,-0.300356,0.532070
2007,6,MG,1.2246468e-16,-1.000000,27353.7000,1,1,10101638.8500,-0.476062,-1.643312,-0.428175,-1.609900,-1.532479,-1.275340,-1.658511,-1.711663,-1.761473,-0.558533,-0.006696
2007,7,MG,-0.500000,-0.866025,36471.6000,1,1,13468851.8000,-0.430684,-1.659875,-0.428175,-1.393531,-2.124933,-1.675776,-1.424209,-1.179852,-1.746629,-0.029886,0.091262
2007,8,MG,-0.866025,-0.500000,36471.6000,1,1,13468851.8000,-0.475413,-1.627275,-0.428175,-1.428618,-2.031387,-1.257138,-1.473998,-0.585474,-1.909916,0.498762,0.091262
2007,9,MG,-1.000000,-1.8369702e-16,27353.7000,1,1,10101638.8500,-0.466986,-1.646204,-0.428175,-0.931555,-1.969024,-0.711088,-0.958533,-2.055777,-1.909916,1.291733,0.923900
2007,10,MG,-0.866025,0.500000,14588.6400,1,1,5387540.7200,0.002352,-1.746109,-0.428175,-0.355548,-0.908843,-0.638282,-0.396207,-0.960871,-1.197390,0.947498,1.070836
2007,11,MG,-0.500000,0.866025,5470.7400,1,0,2020327.7700,0.014021,-1.810259,-0.428175,-0.355548,-0.628206,-0.347055,-0.419637,-0.460342,-0.380953,0.271321,1.168794
2007,12,MG,-2.4492936e-16,1.000000,3647.1600,1,0,1346885.1800,0.577356,-1.796588,-0.428175,-0.475427,-0.441116,-0.201442,-0.516287,-0.491625,-1.123168,0.154526,2.197347
2008,1,MG,0.500000,0.866025,2959.3600,1,0,1203663.5000,0.957235,-1.789752,-0.428175,-0.782437,-0.222843,-0.456265,-0.791592,-0.397776,-0.455174,0.105350,0.287177
2008,2,MG,0.866025,0.500000,2959.3600,1,0,1203663.5000,0.230539,-1.779762,-0.428175,-0.487123,-0.409934,-0.146837,-0.516287,-0.303927,-0.039534,-0.011444,0.042283
2008,3,MG,1.000000,6.123234e-17,2959.3600,1,0,1203663.5000,0.722566,-1.776607,-0.428175,-0.691796,-0.347570,-0.383459,-0.721301,-0.147512,0.049532,-0.054474,0.972879
2008,4,MG,0.866025,-0.500000,4439.0400,1,0,1805495.2500,0.056157,-1.786071,-0.428175,-0.671328,-0.597025,-0.547274,-0.712515,-0.241361,-0.306731,-0.632298,-0.300568
2008,5,MG,0.500000,-0.866025,11837.4400,1,1,4814654.0000,-0.461800,-1.705359,-0.428175,-1.457857,-1.501297,-1.147928,-1.497428,-1.086003,-1.405210,-0.626151,0.679006
2008,6,MG,1.2246468e-16,-1.000000,22195.2000,1,1,9027476.2500,-0.444945,-1.655669,-0.428175,-1.560193,-2.280842,-1.002315,-1.594078,-2.306041,-1.256767,-0.404857,0.042283
2008,7,MG,-0.500000,-0.866025,29593.6000,1,1,12036635.0000,-0.476062,-1.618336,-0.428175,-1.873051,-2.686205,-1.766784,-1.942603,-2.618871,-1.806006,-0.423298,-0.300568
2008,8,MG,-0.866025,-0.500000,29593.6000,1,1,12036635.0000,-0.334742,-1.684852,-0.428175,-1.150848,-1.563660,-0.874903,-1.195764,-1.649097,-1.642719,0.228291,1.070836
2008,9,MG,-1.000000,-1.8369702e-16,22195.2000,1,1,9027476.2500,-0.032654,-1.702730,-0.428175,-1.051435,-1.314206,-0.965911,-1.090328,-1.367550,-1.806006,0.406556,0.483092
2008,10,MG,-0.866025,0.500000,11837.4400,1,1,4814654.0000,-0.402160,-1.744006,-0.428175,0.144439,-1.033570,-0.802097,0.136831,-0.960871,-1.924761,1.033557,1.756538
2008,11,MG,-0.500000,0.866025,4439.0400,1,0,1805495.2500,0.629865,-1.788438,-0.428175,-0.832143,-0.721752,-0.456265,-0.838453,-0.616757,-0.277043,0.363526,0.140241
2008,12,MG,-2.4492936e-16,1.000000,2959.3600,1,0,1203663.5000,2.225226,-1.813151,-0.428175,-0.855534,-0.378752,-0.310652,-0.853097,-0.210078,-0.529396,-0.054474,-0.006696
2009,1,MG,0.500000,0.866025,2543.1000,1,0,1119468.2600,0.755627,-1.776607,-0.428175,-0.560220,-0.222843,-0.292450,-0.580720,-0.053663,-0.395797,0.062320,0.238198
2009,2,MG,0.866025,0.500000,2543.1000,1,0,1119468.2600,0.149506,-1.770560,-0.428175,-0.428645,-0.191661,-0.165039,-0.460640,0.040186,-0.336420,0.013144,0.630028
2009,3,MG,1.000000,6.123234e-17,2543.1000,1,0,1119468.2600,0.489193,-1.792118,-0.428175,-0.434493,-0.254025,-0.347055,-0.472355,-0.210078,-0.484863,-0.374121,-0.055674
2009,4,MG,0.866025,-0.500000,3814.6500,1,0,1679202.3900,-0.263433,-1.739537,-0.428175,-0.887697,-0.316388,-0.656483,-0.926316,-0.303927,-0.633306,-0.447886,-0.300568
2009,5,MG,0.500000,-0.866025,10172.4000,1,1,4477873.0400,-0.412533,-1.699575,-0.428175,-1.378912,-1.657206,-1.075121,-1.421280,-1.711663,-0.826282,-0.589269,-0.447504
2009,6,MG,1.2246468e-16,-1.000000,19073.2500,1,1,8396011.9500,-0.401512,-1.670129,-0.428175,-1.738551,-1.719569,-1.712179,-1.784449,-1.649097,-1.776318,-0.675327,0.042283
2009,7,MG,-0.500000,-0.866025,25431.0000,1,1,11194682.6000,-0.476062,-1.665397,-0.428175,-1.297043,-1.844297,-1.366348,-1.345132,-1.961927,-1.405210,-0.306504,0.140241
2009,8,MG,-0.866025,-0.500000,25431.0000,1,1,11194682.6000,-0.356782,-1.660664,-0.428175,-1.343825,-1.563660,-0.929508,-1.377348,-1.649097,-1.301300,0.338938,0.238198
2009,9,MG,-1.000000,-1.8369702e-16,19073.2500,1,1,8396011.9500,-0.310108,-1.710354,-0.428175,-0.507590,-0.940024,-0.474467,-0.539717,-1.023437,-0.662995,0.418850,0.630028
2009,10,MG,-0.866025,0.500000,10172.4000,1,1,4477873.0400,1.027895,-1.785020,-0.428175,-0.697644,-0.378752,-0.620080,-0.730088,-0.335210,-0.173133,0.166820,0.679006
2009,11,MG,-0.500000,0.866025,3814.6500,1,0,1679202.3900,-0.009965,-1.796325,-0.428175,-0.238592,-0.597025,-0.237845,-0.276127,-0.522908,-0.573929,0.043879,0.630028
2009,12,MG,-2.4492936e-16,1.000000,2543.1000,1,0,1119468.2600,1.868036,-1.789489,-0.428175,-0.811676,-0.066934,-0.419862,-0.829666,-0.147512,-0.559084,-0.337239,0.825943
2010,1,MG,0.500000,0.866025,3154.3400,1,0,1384658.5400,0.202015,-1.753734,-0.428175,-0.247363,-0.191661,-0.237845,-0.290771,-0.210078,-0.395797,0.031585,-0.202610
2010,2,MG,0.866025,0.500000,3154.3400,1,0,1384658.5400,-0.134430,-1.750053,-0.428175,-0.036843,-0.597025,-0.128636,-0.076970,-0.616757,-0.098911,0.400409,0.874921
2010,3,MG,1.000000,6.123234e-17,3154.3400,1,0,1384658.5400,0.370562,-1.774766,-0.428175,-0.443264,-0.254025,-0.055829,-0.492856,-0.241361,0.272197,-0.312651,-0.202610
2010,4,MG,0.866025,-0.500000,4731.5100,1,0,2076987.8100,-0.314646,-1.721659,-0.428175,-0.876001,-0.191661,-1.075121,-0.917530,-0.210078,-1.108324,-0.183562,-0.398525
2010,5,MG,0.500000,-0.866025,12617.3600,1,1,5538634.1600,-0.391788,-1.721922,-0.428175,-1.364292,-0.752934,-1.857792,-1.409565,-0.710606,-1.806006,-0.484768,0.581049
2010,6,MG,1.2246468e-16,-1.000000,23657.5500,1,1,10384939.0500,-0.471524,-1.627538,-0.428175,-2.016322,-2.093751,-1.912397,-2.059754,-2.212192,-1.345833,-0.392562,-0.104653
2010,7,MG,-0.500000,-0.866025,31543.4000,1,1,13846585.4000,-0.476062,-1.611237,-0.428175,-1.574813,-1.875478,-1.056920,-1.599936,-2.024493,-1.123168,0.265173,0.042283
2010,8,MG,-0.866025,-0.500000,31543.4000,1,1,13846585.4000,-0.476062,-1.637265,-0.428175,-1.431542,-2.717387,-1.602969,-1.494500,-2.900418,-1.835695,0.148379,0.140241
2010,9,MG,-1.000000,-1.8369702e-16,23657.5500,1,1,10384939.0500,-0.251765,-1.690373,-0.428175,-0.937403,-1.189479,-0.838500,-0.964390,-1.117286,-1.820850,0.959792,0.630028
2010,10,MG,-0.866025,0.500000,12617.3600,1,1,5538634.1600,0.185161,-1.774503,-0.428175,-0.744426,-0.877661,-0.729290,-0.765233,-0.804455,-1.835695,0.461880,0.287177
2010,11,MG,-0.500000,0.866025,4731.5100,1,0,2076987.8100,0.908616,-1.809996,-0.428175,-0.934479,-0.472297,-0.401660,-0.940960,-0.397776,-0.277043,-0.177415,0.189219
2010,12,MG,-2.4492936e-16,1.000000,3154.3400,1,0,1384658.5400,0.471042,-1.857582,-0.428175,-0.381863,-0.347570,0.016978,-0.416708,0.008903,-0.336420,-0.183562,-0.055674
2011,1,MG,0.500000,0.866025,1669.7600,0,0,942694.9800,0.484007,-1.805527,-0.428175,-0.449112,-0.409934,-0.128636,-0.469426,-0.241361,-0.321576,0.160673,0.042283
2011,2,MG,0.866025,0.500000,1669.7600,0,0,942694.9800,-0.204442,-1.779762,-0.428175,0.009940,-0.409934,-0.019426,-0.035967,-0.210078,-0.707528,0.670880,1.609602
2011,3,MG,1.000000,6.123234e-17,1669.7600,0,0,942694.9800,0.513827,-1.794747,-0.428175,-0.703491,-0.347570,-0.165039,-0.712515,-0.397776,0.034688,-0.349533,0.581049
2011,4,MG,0.866025,-0.500000,2504.6400,1,0,1414042.4700,-0.415126,-1.726128,-0.428175,-0.761969,-0.752934,-0.765693,-0.788663,-0.679323,-0.306731,0.068467,-0.300568
2011,5,MG,0.500000,-0.866025,6679.0400,1,0,3770779.9200,-0.473469,-1.700100,-0.428175,-1.387683,-1.314206,-1.202533,-1.438853,-1.023437,-1.093479,-0.417151,-0.202610
2011,6,MG,1.2246468e-16,-1.000000,12523.2000,1,1,7070212.3500,-0.441704,-1.678279,-0.428175,-1.791181,-2.156114,-1.348146,-1.834238,-2.149626,-0.900504,-0.429445,0.140241
2011,7,MG,-0.500000,-0.866025,16697.6000,1,1,9426949.8000,-0.476062,-1.658035,-0.428175,-1.671302,-2.374387,-1.348146,-1.714158,-2.493739,-1.880228,-0.281915,0.189219
2011,8,MG,-0.866025,-0.500000,16697.6000,1,1,9426949.8000,-0.476062,-1.677227,-0.428175,-0.916936,-2.124933,-0.874903,-0.976105,-2.306041,-1.909916,0.172967,0.336155
2011,9,MG,-1.000000,-1.8369702e-16,12523.2000,1,1,7070212.3500,-0.467634,-1.657772,-0.428175,-0.969566,-2.124933,-1.712179,-1.005393,-2.274758,-1.924761,1.058145,0.287177
2011,10,MG,-0.866025,0.500000,6679.0400,1,0,3770779.9200,0.207850,-1.763198,-0.428175,-1.025120,-0.472297,-1.038718,-1.028823,-0.522908,-1.627874,0.369674,1.217772
2011,11,MG,-0.500000,0.866025,2504.6400,1,0,1414042.4700,0.395844,-1.772137,-0.428175,-1.174239,-0.784115,-0.929508,-1.178191,-0.835738,-0.737216,0.492615,-0.153632
2011,12,MG,-2.4492936e-16,1.000000,1669.7600,0,0,942694.9800,2.082609,-1.796062,-0.428175,-0.975414,-0.565843,-0.383459,-0.976105,-0.460342,-0.143444,-0.232739,0.434113
2012,1,MG,0.500000,0.866025,3326.4000,1,0,1667911.8200,1.147823,-1.768194,-0.428175,-0.764893,-0.254025,-0.510870,-0.779877,-0.241361,-0.395797,0.308203,-0.153632
2012,2,MG,0.866025,0.500000,3326.4000,1,0,1667911.8200,-0.334742,-1.750316,-0.428175,-0.449112,-0.565843,-0.110434,-0.495785,-0.741889,-0.633306,0.381968,0.091262
2012,3,MG,1.000000,6.123234e-17,3326.4000,1,0,1667911.8200,0.428905,-1.741903,-0.428175,-0.583612,-0.409934,-0.274249,-0.618794,-0.429059,-0.677839,-0.005297,0.581049
2012,4,MG,0.866025,-0.500000,4989.6000,1,0,2501867.7300,-0.278992,-1.742166,-0.428175,-0.738578,-0.597025,-0.783895,-0.779877,-0.554191,-0.336420,-0.312651,-0.202610
2012,5,MG,0.500000,-0.866025,13305.6000,1,1,6671647.2800,-0.234262,-1.673810,-0.428175,-1.642063,-1.501297,-1.166130,-1.667298,-1.617814,-1.108324,-0.324945,-0.202610
2012,6,MG,1.2246468e-16,-1.000000,24948.0000,1,1,12509338.6500,-0.452724,-1.658561,-0.428175,-1.387683,-2.031387,-1.384549,-1.421280,-2.087060,-1.093479,-0.583121,-0.251589
2012,7,MG,-0.500000,-0.866025,33264.0000,1,1,16679118.2000,-0.476062,-1.646730,-0.428175,-1.609900,-2.842114,-1.712179,-1.655582,-2.994267,-1.895072,-0.300356,0.140241
2012,8,MG,-0.866025,-0.500000,33264.0000,1,1,16679118.2000,-0.476062,-1.578900,-0.428175,-1.700541,-3.060387,-1.038718,-1.737588,-3.275815,-1.850539,0.726203,0.581049
2012,9,MG,-1.000000,-1.8369702e-16,24948.0000,1,1,12509338.6500,-0.382713,-1.666448,-0.428175,-0.726883,-2.093751,-1.475558,-0.779877,-2.180909,-1.880228,0.726203,0.776964
2012,10,MG,-0.866025,0.500000,13305.6000,1,1,6671647.2800,-0.306218,-1.740325,-0.428175,-0.346776,-1.626024,-0.856702,-0.402064,-0.710606,-1.687252,0.898321,0.532070
2012,11,MG,-0.500000,0.866025,4989.6000,1,0,2501867.7300,0.644775,-1.804475,-0.428175,-0.744426,-0.877661,-0.601878,-0.771091,-0.804455,-1.138012,0.252879,1.266751
2012,12,MG,-2.4492936e-16,1.000000,3326.4000,1,0,1667911.8200,-0.142533,-1.792644,-0.428175,0.071342,-0.846479,0.071583,0.007965,-0.648040,-0.380953,0.074614,0.727985
2013,1,MG,0.500000,0.866025,1967.9200,0,0,1058052.1400,0.764703,-1.770560,-0.428175,-0.595307,-0.784115,-0.201442,-0.615865,-0.522908,-0.692683,-0.146680,0.434113
2013,2,MG,0.866025,0.500000,1967.9200,0,0,1058052.1400,-0.144154,-1.756889,-0.428175,-0.250287,-0.940024,-0.146837,-0.273198,-1.054720,-0.425486,0.363526,-0.104653
2013,3,MG,1.000000,6.123234e-17,1967.9200,0,0,1058052.1400,0.060047,-1.747687,-0.428175,-0.507590,-1.002388,-0.274249,-0.525073,-0.898304,-0.187977,0.043879,0.189219
2013,4,MG,0.866025,-0.500000,2951.8800,1,0,1587078.2100,0.049027,-1.714297,-0.428175,-1.168391,-1.064752,-0.984113,-1.195764,-0.929587,-0.870815,-0.454033,0.336155
2013,5,MG,0.500000,-0.866025,7871.6800,1,0,4232208.5600,-0.267971,-1.694316,-0.428175,-1.384760,-1.750751,-1.093323,-1.415422,-1.868078,-1.553653,-0.423298,-0.349547
2013,6,MG,1.2246468e-16,-1.000000,14759.4000,1,1,7935391.0500,-0.425498,-1.665659,-0.428175,-1.393531,-1.844297,-1.056920,-1.427138,-1.993210,-1.167701,-0.497063,-0.496483
2013,7,MG,-0.500000,-0.866025,19679.2000,1,1,10580521.4000,-0.476062,-1.637265,-0.428175,-1.463705,-1.937842,-1.311743,-1.517930,-2.118343,-1.642719,-0.331092,-0.300568
2013,8,MG,-0.866025,-0.500000,19679.2000,1,1,10580521.4000,-0.476062,-1.655669,-0.428175,-1.294119,-2.561478,-1.184331,-1.342203,-2.618871,-1.924761,0.338938,0.140241
2013,9,MG,-1.000000,-1.8369702e-16,14759.4000,1,1,7935391.0500,-0.339928,-1.681434,-0.428175,-0.963718,-1.501297,-0.856702,-0.993678,-1.398833,-1.494276,0.689321,0.434113
2013,10,MG,-0.866025,0.500000,7871.6800,1,0,4232208.5600,0.120983,-1.721133,-0.428175,-1.019272,-1.220661,-0.947710,-1.034681,-0.992154,-1.093479,0.511056,0.091262
2013,11,MG,-0.500000,0.866025,2951.8800,1,0,1587078.2100,0.115797,-1.773978,-0.428175,-0.726883,-0.846479,-0.383459,-0.735945,-0.522908,-0.900504,0.633997,0.091262
2013,12,MG,-2.4492936e-16,1.000000,1967.9200,0,0,1058052.1400,1.264509,-1.827085,-0.428175,-0.645013,-0.409934,-0.328854,-0.677370,-0.366493,-0.084067,-0.312651,0.483092
2014,1,MG,0.500000,0.866025,3916.3400,1,0,2121980.7000,-0.227779,-1.728494,-0.428175,-0.112864,-0.565843,-0.201442,-0.176548,-0.335210,-0.974725,0.394262,-0.251589
2014,2,MG,0.866025,0.500000,3916.3400,1,0,2121980.7000,-0.290012,-1.742692,-0.428175,-0.150875,-1.189479,-0.055829,-0.199978,-1.086003,-0.959881,0.836850,0.630028
2014,3,MG,1.000000,6.123234e-17,3916.3400,1,0,2121980.7000,-0.146747,-1.732964,-0.428175,-0.568992,-0.597025,-0.292450,-0.589506,-0.366493,-0.321576,0.179115,-0.153632
2014,4,MG,0.866025,-0.500000,5874.5100,1,0,3182971.0500,0.277861,-1.724551,-0.428175,-0.843838,-0.721752,-1.202533,-0.882384,-0.741889,-1.063791,-0.423298,0.189219
2014,5,MG,0.500000,-0.866025,15665.3600,1,1,8487922.8000,-0.457911,-1.696157,-0.428175,-1.320434,-1.095933,-1.348146,-1.368562,-1.086003,-1.494276,-0.466327,-0.153632
2014,6,MG,1.2246468e-16,-1.000000,29372.5500,1,1,15914855.2500,-0.445594,-1.648833,-0.428175,-1.460781,-2.124933,-1.166130,-1.506215,-2.149626,-1.019258,-0.300356,-0.251589
2014,7,MG,-0.500000,-0.866025,39163.4000,1,1,21219807.0000,-0.260192,-1.592834,-0.428175,-1.779486,-2.093751,-1.220735,-1.802022,-1.930644,-1.301300,-0.023739,0.091262
2014,8,MG,-0.866025,-0.500000,39163.4000,1,1,21219807.0000,-0.470876,-1.636740,-0.428175,-1.302890,-2.093751,-1.439154,-1.356847,-2.212192,-1.909916,0.062320,1.217772
2014,9,MG,-1.000000,-1.8369702e-16,29372.5500,1,1,15914855.2500,-0.468931,-1.689847,-0.428175,-0.671328,-1.314206,-1.093323,-0.718373,-1.430116,-1.538809,0.929056,0.630028
2014,10,MG,-0.866025,0.500000,15665.3600,1,1,8487922.8000,-0.059232,-1.705884,-0.428175,-0.533905,-1.251842,-1.329944,-0.580720,-1.398833,-1.880228,0.947498,1.119815
2014,11,MG,-0.500000,0.866025,5874.5100,1,0,3182971.0500,0.340742,-1.773978,-0.428175,-0.598231,-0.690570,-0.401660,-0.618794,-0.554191,-0.766905,0.234438,-0.251589
2014,12,MG,-2.4492936e-16,1.000000,3916.3400,1,0,2121980.7000,0.126817,-1.756889,-0.428175,-0.361395,-0.659388,-0.310652,-0.387420,-0.554191,-1.138012,0.148379,0.630028
2015,1,MG,0.500000,0.866025,2469.0200,1,0,1828959.0000,-0.212869,-1.730335,-0.428175,0.097657,-0.628206,-0.183241,0.034324,-0.147512,-0.781749,0.252879,-0.104653
2015,2,MG,0.866025,0.500000,2469.0200,1,0,1828959.0000,0.642830,-1.744532,-0.428175,-0.437417,-0.628206,-0.219644,-0.475284,-0.460342,-0.514552,-0.048327,1.119815
2015,3,MG,1.000000,6.123234e-17,2469.0200,1,0,1828959.0000,0.113204,-1.746109,-0.428175,-0.454960,-0.628206,-0.146837,-0.495785,-0.522908,-0.410641,-0.214298,-0.251589
2015,4,MG,0.866025,-0.500000,3703.5300,1,0,2743438.5000,-0.265378,-1.729020,-0.428175,-0.814599,-0.285207,-0.674685,-0.841381,-0.241361,-0.559084,-0.275768,-0.104653
2015,5,MG,0.500000,-0.866025,9876.0800,1,1,7315836.0000,-0.242689,-1.668289,-0.428175,-1.478324,-1.064752,-0.911307,-1.473998,-1.117286,-0.470019,-0.091356,-0.251589
2015,6,MG,1.2246468e-16,-1.000000,18517.6500,1,1,13717192.5000,-0.455966,-1.606505,-0.428175,-1.671302,-1.813115,-1.511961,-1.693657,-1.836795,-1.627874,-0.232739,-0.055674
2015,7,MG,-0.500000,-0.866025,24690.2000,1,1,18289590.0000,-0.426794,-1.625435,-0.428175,-1.466629,-2.156114,-1.020516,-1.494500,-2.149626,-1.019258,-0.054474,-0.300568
2015,8,MG,-0.866025,-0.500000,24690.2000,1,1,18289590.0000,-0.476062,-1.638317,-0.428175,-1.200554,-2.374387,-0.965911,-1.242624,-2.525022,-1.523964,0.388115,-0.006696
2015,9,MG,-1.000000,-1.8369702e-16,18517.6500,1,1,13717192.5000,-0.297143,-1.727180,-0.428175,-0.191809,-1.251842,-0.401660,-0.232195,-1.179852,-1.820850,0.375821,-0.104653
2015,10,MG,-0.866025,0.500000,9876.0800,1,1,7315836.0000,-0.274454,-1.729283,-0.428175,0.249699,-1.127115,-0.219644,0.195407,-1.117286,-1.761473,0.818409,0.581049
2015,11,MG,-0.500000,0.866025,3703.5300,1,0,2743438.5000,0.195533,-1.791592,-0.428175,0.036255,-0.565843,-0.292450,-0.000821,-0.460342,-0.692683,0.019291,0.434113
2015,12,MG,-2.4492936e-16,1.000000,2469.0200,1,0,1828959.0000,0.044489,-1.735856,-0.428175,-0.250287,-0.721752,-0.219644,-0.293699,-0.429059,-0.351264,0.000850,1.119815
2016,1,MG,0.500000,0.866025,3781.7800,1,0,2735092.1200,0.740069,-1.786071,-0.428175,-0.501742,-0.254025,-0.146837,-0.513358,-0.022380,-0.752060,0.013144,0.238198
2016,2,MG,0.866025,0.500000,3781.7800,1,0,2735092.1200,0.302495,-1.732964,-0.428175,0.056722,-0.597025,0.035179,-0.000821,-0.773172,-0.277043,-0.066768,2.246325
2016,3,MG,1.000000,6.123234e-17,3781.7800,1,0,2735092.1200,-0.131189,-1.707199,-0.428175,-0.352624,-0.628206,-0.110434,-0.387420,-0.335210,-0.321576,-0.202003,-0.545461
2016,4,MG,0.866025,-0.500000,5672.6700,1,0,4102638.1800,-0.358727,-1.709828,-0.428175,-0.387710,-0.908843,-0.529072,-0.437210,-1.086003,-0.544240,-0.263474,-0.496483
2016,5,MG,0.500000,-0.866025,15127.1200,1,1,10940368.4800,-0.476062,-1.665659,-0.428175,-1.086522,-1.563660,-1.020516,-1.119616,-1.523965,-0.677839,-0.521651,-0.594440
2016,6,MG,1.2246468e-16,-1.000000,28363.3500,1,1,20513190.9000,-0.319832,-1.624383,-0.428175,-1.732703,-1.251842,-1.402751,-1.761019,-1.273701,-1.583342,-0.540092,-0.545461
2016,7,MG,-0.500000,-0.866025,37817.8000,1,1,27350921.2000,-0.476062,-1.635425,-0.428175,-1.396455,-2.592660,-1.657574,-1.441781,-2.712720,-1.924761,-0.214298,-0.202610
2016,8,MG,-0.866025,-0.500000,37817.8000,1,1,27350921.2000,-0.473469,-1.663030,-0.428175,-1.089446,-1.532479,-1.329944,-1.143046,-1.555248,-1.895072,0.234438,0.189219
2016,9,MG,-1.000000,-1.8369702e-16,28363.3500,1,1,20513190.9000,-0.334093,-1.693791,-0.428175,-0.498819,-1.626024,-0.874903,-0.548503,-1.336267,-1.182545,0.867586,0.287177
2016,10,MG,-0.866025,0.500000,15127.1200,1,1,10940368.4800,-0.263433,-1.750053,-0.428175,-0.384786,-1.189479,-0.911307,-0.413779,-1.336267,-1.553653,0.861439,-0.006696
2016,11,MG,-0.500000,0.866025,5672.6700,1,0,4102638.1800,0.214332,-1.771349,-0.428175,-0.770741,-0.565843,-1.166130,-0.791592,-0.554191,-1.494276,0.197556,-0.251589
2016,12,MG,-2.4492936e-16,1.000000,3781.7800,1,0,2735092.1200,0.580598,-1.763724,-0.428175,-0.522210,-0.472297,-0.765693,-0.563147,-0.272644,-0.870815,0.117644,0.287177
2017,1,MG,0.500000,0.866025,3455.5800,1,0,2699917.7000,0.106073,-1.752945,-0.428175,-0.121636,-0.690570,-0.201442,-0.156047,-0.522908,-0.588773,0.332791,-0.398525
2017,2,MG,0.866025,0.500000,3455.5800,1,0,2699917.7000,0.062640,-1.741114,-0.428175,-0.566068,-0.472297,-0.183241,-0.592435,-0.397776,-0.395797,0.252879,-0.153632
2017,3,MG,1.000000,6.123234e-17,3455.5800,1,0,2699917.7000,-0.194718,-1.746372,-0.428175,-0.422797,-0.565843,-0.711088,-0.469426,-0.741889,-0.692683,-0.029886,0.434113
2017,4,MG,0.866025,-0.500000,5183.3700,1,0,4049876.5500,-0.380768,-1.712983,-0.428175,-0.718111,-0.877661,-0.765693,-0.744732,-0.741889,-1.034102,0.000850,-0.251589
2017,5,MG,0.500000,-0.866025,13822.3200,1,1,10799670.8000,-0.385306,-1.686166,-0.428175,-1.326282,-1.220661,-0.947710,-1.348061,-0.898304,-0.870815,-0.220445,-0.055674
2017,6,MG,1.2246468e-16,-1.000000,25916.8500,1,1,20249382.7500,-0.395678,-1.630693,-0.428175,-1.522183,-2.031387,-1.293541,-1.573577,-1.836795,-1.509120,-0.398710,0.042283
2017,7,MG,-0.500000,-0.866025,34555.8000,1,1,26999177.0000,-0.476062,-1.531839,-0.428175,-2.171288,-2.966841,-1.821389,-2.217908,-3.119400,-1.746629,0.375821,0.042283
2017,8,MG,-0.866025,-0.500000,34555.8000,1,1,26999177.0000,-0.476062,-1.660138,-0.428175,-1.317510,-2.935659,-1.238936,-1.374420,-3.119400,-1.850539,0.547938,0.434113
2017,9,MG,-1.000000,-1.8369702e-16,25916.8500,1,1,20249382.7500,-0.325666,-1.617284,-0.428175,-1.145000,-1.937842,-1.075121,-1.186978,-2.055777,-1.924761,1.101174,0.483092
2017,10,MG,-0.866025,0.500000,13822.3200,1,1,10799670.8000,-0.094238,-1.737433,-0.428175,-0.314613,-1.033570,-0.510870,-0.355204,-0.992154,-1.835695,0.972086,0.336155
2017,11,MG,-0.500000,0.866025,5183.3700,1,0,4049876.5500,0.185809,-1.780550,-0.428175,-0.805828,-0.908843,-0.365257,-0.806236,-0.741889,-1.776318,0.160673,0.140241
2017,12,MG,-2.4492936e-16,1.000000,3455.5800,1,0,2699917.7000,0.528089,-1.795273,-0.428175,-0.466656,-0.409934,-0.128636,-0.481141,-0.303927,-0.336420,-0.115945,-0.349547
2018,1,MG,0.500000,0.866025,2138.8200,0,0,1859835.9200,0.148858,-1.766090,-0.428175,-0.223972,-0.472297,-0.128636,-0.264412,-0.491625,-1.138012,0.037732,0.385134
2018,2,MG,0.866025,0.500000,2138.8200,0,0,1859835.9200,0.415940,-1.779762,-0.428175,-0.647937,-0.129298,-0.274249,-0.662726,-0.303927,-0.603617,-0.251180,0.287177
2018,3,MG,1.000000,6.123234e-17,2138.8200,0,0,1859835.9200,0.716732,-1.773715,-0.428175,-0.449112,-0.409934,-0.110434,-0.489928,-0.241361,-0.351264,-0.331092,0.874921
2018,4,MG,0.866025,-0.500000,3208.2300,1,0,2789753.8800,-0.433277,-1.689058,-0.428175,-0.960794,-0.940024,-0.692887,-0.984892,-0.992154,-0.455174,0.222144,0.042283
2018,5,MG,0.500000,-0.866025,8555.2800,1,0,7439343.6800,-0.439111,-1.656458,-0.428175,-1.484172,-1.501297,-1.748582,-1.544289,-1.148569,-1.895072,-0.349533,-0.300568
2018,6,MG,1.2246468e-16,-1.000000,16041.1500,1,1,13948769.4000,-0.476062,-1.630693,-0.428175,-1.402303,-1.875478,-1.056920,-1.441781,-1.899361,-1.212234,-0.509357,-0.251589
2018,7,MG,-0.500000,-0.866025,21388.2000,1,1,18598359.2000,-0.474765,-1.631744,-0.428175,-1.522183,-2.623841,-1.093323,-1.591149,-2.775286,-1.301300,-0.509357,-0.300568
2018,8,MG,-0.866025,-0.500000,21388.2000,1,1,18598359.2000,-0.343169,-1.644627,-0.428175,-1.405227,-1.844297,-1.457356,-1.432995,-1.836795,-1.880228,0.056173,-0.153632
2018,9,MG,-1.000000,-1.8369702e-16,16041.1500,1,1,13948769.4000,-0.310756,-1.727443,-0.428175,-0.794132,-1.501297,-0.965911,-0.817951,-1.398833,-1.865383,0.302056,0.189219
2018,10,MG,-0.866025,0.500000,8555.2800,1,0,7439343.6800,0.094405,-1.760306,-0.428175,-0.460808,-0.690570,-0.656483,-0.481141,-0.522908,-0.603617,0.363526,0.336155
2018,11,MG,-0.500000,0.866025,3208.2300,1,0,2789753.8800,0.382879,-1.749790,-0.428175,-0.858458,-0.752934,-0.692887,-0.861883,-0.710606,-0.544240,0.357379,0.483092
2018,12,MG,-2.4492936e-16,1.000000,2138.8200,0,0,1859835.9200,0.472339,-1.757677,-0.428175,-0.495895,-0.503479,-0.529072,-0.536788,-0.335210,-0.618462,-0.146680,0.042283
2019,1,MG,0.500000,0.866025,1757.5400,0,0,1062248.4400,-0.243986,-1.710354,-0.428175,0.045027,-0.846479,-0.055829,-0.000821,-0.710606,-0.855971,0.148379,-0.398525
2019,2,MG,0.866025,0.500000,1757.5400,0,0,1062248.4400,0.273972,-1.763198,-0.428175,-0.232744,-0.534661,-0.001224,-0.273198,-0.147512,-0.618462,-0.404857,-0.349547
2019,3,MG,1.000000,6.123234e-17,1757.5400,0,0,1062248.4400,-0.119520,-1.732175,-0.428175,-0.384786,-0.129298,-0.383459,-0.434281,-0.084946,-0.187977,-0.374121,-0.349547
2019,4,MG,0.866025,-0.500000,2636.3100,1,0,1593372.6600,-0.104610,-1.737433,-0.428175,-0.516362,-0.254025,-0.510870,-0.577791,-0.147512,-0.455174,-0.601563,-0.447504
2019,5,MG,0.500000,-0.866025,7030.1600,1,0,4248993.7600,-0.323721,-1.709565,-0.428175,-0.928632,-0.659388,-0.856702,-0.979034,-0.867021,-0.692683,-0.847445,0.042283
2019,6,MG,1.2246468e-16,-1.000000,13181.5500,1,1,7966863.3000,-0.460504,-1.609923,-0.428175,-1.501716,-2.156114,-1.275340,-1.553075,-1.961927,-1.286455,-0.398710,0.140241
2019,7,MG,-0.500000,-0.866025,17575.4000,1,1,10622484.4000,-0.476062,-1.626223,-0.428175,-1.820420,-2.436751,-2.039809,-1.881099,-2.525022,-1.909916,-0.238886,-0.055674
2019,8,MG,-0.866025,-0.500000,17575.4000,1,1,10622484.4000,-0.476062,-1.601510,-0.428175,-1.267804,-2.343205,-1.184331,-1.318773,-2.556305,-1.850539,0.437291,0.091262
2019,9,MG,-1.000000,-1.8369702e-16,13181.5500,1,1,7966863.3000,-0.413181,-1.688007,-0.428175,-0.361395,-2.187296,-0.802097,-0.404993,-2.180909,-1.657563,0.726203,0.189219
2019,10,MG,-0.866025,0.500000,7030.1600,1,0,4248993.7600,-0.292605,-1.743480,-0.428175,-0.118712,-1.189479,-0.292450,-0.188263,-1.117286,-1.761473,0.879880,1.266751
2019,11,MG,-0.500000,0.866025,2636.3100,1,0,1593372.6600,0.183864,-1.783442,-0.428175,-0.405254,-0.659388,-0.292450,-0.445996,-0.272644,-0.662995,0.375821,-0.055674
2019,12,MG,-2.4492936e-16,1.000000,1757.5400,0,0,1062248.4400,0.209146,-1.766090,-0.428175,-0.504666,-0.285207,-0.146837,-0.542646,-0.241361,-0.752060,0.123791,0.434113
2020,1,MG,0.500000,0.866025,2000.3200,0,0,1179614.2200,1.921842,-1.796325,-0.113262,-0.364319,-0.285207,-0.037627,-0.404993,-0.053663,0.168287,-0.411004,1.070836
2020,2,MG,0.866025,0.500000,2000.3200,0,0,1179614.2200,0.655147,-1.746635,-0.143652,-0.542677,-0.347570,-0.292450,-0.563147,0.008903,0.079221,-0.367974,-0.398525
2020,3,MG,1.000000,6.123234e-17,2000.3200,0,0,1179614.2200,0.540406,-1.738222,-0.135238,-0.770741,-0.191661,-0.692887,-0.800378,-0.178795,-0.277043,-0.257327,0.091262
2020,4,MG,0.866025,-0.500000,3000.4800,1,0,1769421.3300,-0.148692,-1.703781,-0.153643,-0.943251,-0.004570,-0.802097,-0.990749,-0.210078,-0.900504,-0.435592,-0.251589
2020,5,MG,0.500000,-0.866025,8001.2800,1,0,4718456.8800,-0.385954,-1.665397,-0.185370,-1.791181,-1.127115,-1.821389,-1.834238,-1.242418,-1.613030,-0.638445,-0.839334
2020,6,MG,1.2246468e-16,-1.000000,15002.4000,1,1,8847106.6500,-0.461800,-1.633059,-0.196281,-1.604052,-1.688388,-1.602969,-1.661440,-1.617814,-0.974725,-0.693769,-0.643419
2020,7,MG,-0.500000,-0.866025,20003.2000,1,1,11796142.2000,-0.468283,-1.638580,-0.170791,-1.492944,-2.000206,-1.147928,-1.550146,-2.055777,-1.316144,-0.300356,-0.300568
2020,8,MG,-0.866025,-0.500000,20003.2000,1,1,11796142.2000,-0.431332,-1.632796,-0.132421,-1.580661,-2.031387,-1.803187,-1.623366,-2.243475,-1.806006,0.289762,-0.300568
2020,9,MG,-1.000000,-1.8369702e-16,15002.4000,1,1,8847106.6500,-0.442352,-1.681434,-0.034786,-0.183038,-1.501297,-0.365257,-0.249768,-1.680380,-1.924761,0.363526,-0.349547
2020,10,MG,-0.866025,0.500000,8001.2800,1,0,4718456.8800,-0.106555,-1.759781,-0.133397,-0.387710,-0.815297,-0.583677,-0.416708,-0.804455,-1.553653,0.283615,0.581049
2020,11,MG,-0.500000,0.866025,3000.4800,1,0,1769421.3300,0.010779,-1.760043,-0.083542,-0.665481,-0.628206,-0.711088,-0.709586,-0.554191,-1.613030,0.265173,-0.398525
2020,12,MG,-2.4492936e-16,1.000000,2000.3200,0,0,1179614.2200,0.335556,-1.773978,-0.107017,-0.443264,-0.441116,-0.146837,-0.481141,-0.429059,-1.316144,-0.361827,-0.594440
2021,1,MG,0.500000,0.866025,1691.1000,0,0,1932775.3600,0.222760,-1.760306,-0.033439,-0.332156,-0.378752,-0.401660,-0.390349,-0.366493,-0.766905,0.203703,-0.104653
2021,2,MG,0.866025,0.500000,1691.1000,0,0,1932775.3600,0.845086,-1.791330,-0.146438,-0.709339,-0.347570,-0.365257,-0.727159,-0.147512,-0.440330,-0.380268,-0.545461
2021,3,MG,1.000000,6.123234e-17,1691.1000,0,0,1932775.3600,-0.133134,-1.751893,-0.077658,-0.504666,-0.254025,-0.237845,-0.560218,-0.366493,-0.425486,-0.288062,-0.153632
2021,4,MG,0.866025,-0.500000,2536.6500,1,0,2899163.0400,-0.451428,-1.731124,-0.114004,-0.957870,-1.220661,-0.911307,-1.034681,-1.023437,-0.989569,-0.417151,-0.594440
2021,5,MG,0.500000,-0.866025,6764.4000,1,0,7731101.4400,-0.420312,-1.685640,-0.173394,-1.253184,-1.407751,-1.111525,-1.321701,-1.492682,-1.286455,-0.767533,-0.643419
2021,6,MG,1.2246468e-16,-1.000000,12683.2500,1,1,14495815.2000,-0.459855,-1.659875,-0.186209,-1.644987,-1.813115,-1.475558,-1.702443,-1.774229,-1.345833,-0.687622,-0.496483
2021,7,MG,-0.500000,-0.866025,16911.0000,1,1,19327753.6000,-0.476062,-1.613604,-0.160838,-1.972463,-3.029205,-1.948801,-2.045110,-3.213249,-1.924761,-0.423298,-0.153632
2021,8,MG,-0.866025,-0.500000,16911.0000,1,1,19327753.6000,-0.425498,-1.625172,-0.127096,-1.408151,-2.499114,-1.348146,-1.450568,-2.212192,-1.716940,0.406556,-0.398525
2021,9,MG,-1.000000,-1.8369702e-16,12683.2500,1,1,14495815.2000,-0.458559,-1.708513,-0.074246,-0.150875,-1.626024,-0.711088,-0.217551,-1.774229,-1.835695,0.369674,-0.398525
2021,10,MG,-0.866025,0.500000,6764.4000,1,0,7731101.4400,0.306385,-1.747424,-0.137116,-0.683024,-0.129298,-0.729290,-0.703729,-0.053663,-0.559084,0.455732,-0.496483
2021,11,MG,-0.500000,0.866025,2536.6500,1,0,2899163.0400,0.344632,-1.797114,-0.111183,-0.817523,-0.441116,-0.692887,-0.850168,-0.335210,-0.796593,-0.208151,-0.447504
2021,12,MG,-2.4492936e-16,1.000000,1691.1000,0,0,1932775.3600,0.788040,-1.811311,-0.128033,-0.867230,-0.409934,-0.984113,-0.894099,-0.460342,-0.410641,-0.300356,-0.594440
2022,1,MG,0.500000,0.866025,1945.1400,0,0,1861103.9000,0.935842,-1.775029,-0.133572,-0.568992,-0.285207,-0.146837,-0.610008,-0.022380,-0.648150,-0.515504,-0.349547
2022,2,MG,0.866025,0.500000,1945.1400,0,0,1861103.9000,0.544295,-1.768719,-0.156454,-0.794132,-0.378752,-0.365257,-0.820880,-0.022380,-0.232510,-0.835151,-0.447504
2022,3,MG,1.000000,6.123234e-17,1945.1400,0,0,1861103.9000,-0.460504,-1.746898,-0.059083,-0.165494,-1.158297,-0.365257,-0.229266,-1.148569,-1.019258,0.136085,-0.692398
2022,4,MG,0.866025,-0.500000,2917.7100,1,0,2791655.8500,-0.384657,-1.735067,-0.134403,-0.577764,-0.659388,-0.874903,-0.642224,-0.710606,-0.618462,-0.509357,-0.496483
2022,5,MG,0.500000,-0.866025,7780.5600,1,0,7444415.6000,-0.264082,-1.682486,-0.180828,-1.697617,-1.033570,-2.185422,-1.740517,-0.929587,-1.924761,-0.626151,-0.594440
2022,6,MG,1.2246468e-16,-1.000000,14588.5500,1,1,13958279.2500,-0.476062,-1.675650,-0.183644,-1.756095,-2.062569,-1.821389,-1.807879,-2.118343,-1.895072,-0.890475,-0.937291
2022,7,MG,-0.500000,-0.866025,19451.4000,1,1,18611039.0000,-0.476062,-1.627012,-0.168767,-1.709312,-2.810932,-1.348146,-1.763947,-2.837852,-1.182545,-0.447886,-0.692398
2022,8,MG,-0.866025,-0.500000,19451.4000,1,1,18611039.0000,-0.476062,-1.649885,-0.125494,-1.393531,-2.280842,-1.675776,-1.447639,-2.431173,-1.776318,0.308203,-0.545461
2022,9,MG,-1.000000,-1.8369702e-16,14588.5500,1,1,13958279.2500,-0.304274,-1.702467,-0.128148,-0.960794,-1.002388,-1.275340,-1.002464,-0.741889,-1.657563,0.332791,-0.545461
2022,10,MG,-0.866025,0.500000,7780.5600,1,0,7444415.6000,-0.093590,-1.735067,-0.081863,-0.501742,-0.472297,-0.601878,-0.533859,-0.554191,-1.538809,0.252879,-0.398525
2022,11,MG,-0.500000,0.866025,2917.7100,1,0,2791655.8500,0.369914,-1.777132,-0.090631,-1.071903,-0.597025,-1.420953,-1.119616,-0.366493,-1.004414,0.111497,-0.055674
2022,12,MG,-2.4492936e-16,1.000000,1945.1400,0,0,1861103.9000,0.867775,-1.798165,-0.153276,-0.881849,-0.409934,-0.328854,-0.888242,0.353017,-0.336420,-0.189709,-0.398525
2023,1,MG,0.500000,0.866025,1858.7600,0,0,1679462.6600,1.158843,-1.762673,-0.146502,-0.811676,-0.191661,-0.274249,-0.841381,0.071469,0.049532,-0.613857,-0.692398
2023,2,MG,0.866025,0.500000,1858.7600,0,0,1679462.6600,-0.153878,-1.745846,-0.068324,-0.261983,-0.628206,-0.237845,-0.317130,-0.491625,-0.128600,-0.318798,-0.790355
2023,3,MG,1.000000,6.123234e-17,1858.7600,0,0,1679462.6600,-0.332149,-1.727180,-0.077219,-0.209353,-1.002388,-0.201442,-0.267340,-1.023437,-0.915348,-0.171268,-0.986270
2023,4,MG,0.866025,-0.500000,2788.1400,1,0,2519193.9900,-0.281585,-1.742429,-0.158286,-0.814599,-0.815297,-0.620080,-0.850168,-0.710606,-1.152857,-0.355680,-0.398525
2023,5,MG,0.500000,-0.866025,7435.0400,1,0,6717850.6400,-0.474117,-1.677227,-0.176717,-1.422770,-1.532479,-1.530163,-1.494500,-1.586531,-1.405210,-0.699916,-0.839334
2023,6,MG,1.2246468e-16,-1.000000,13940.7000,1,1,12595969.9500,-0.466986,-1.622543,-0.195216,-1.808725,-1.532479,-1.493759,-1.872312,-1.617814,-1.613030,-1.001122,-1.133206
2023,7,MG,-0.500000,-0.866025,18587.6000,1,1,16794626.6000,-0.470876,-1.622543,-0.188412,-1.583585,-2.405569,-1.748582,-1.635081,-2.399890,-1.360677,-0.490915,-0.251589
2023,8,MG,-0.866025,-0.500000,18587.6000,1,1,16794626.6000,-0.410588,-1.678542,-0.171183,-1.071903,-1.563660,-1.075121,-1.128402,-1.398833,-1.806006,-0.337239,-0.545461
2023,9,MG,-1.000000,-1.8369702e-16,13940.7000,1,1,12595969.9500,-0.441056,-1.700889,-0.099101,-0.256135,-1.002388,-0.438064,-0.308343,-0.929587,-1.345833,0.597115,-0.398525
2023,10,MG,-0.866025,0.500000,7435.0400,1,0,6717850.6400,0.145617,-1.761095,-0.103135,-0.039767,-0.222843,-0.165039,-0.068183,-0.053663,-0.559084,0.068467,-0.496483
2023,11,MG,-0.500000,0.866025,2788.1400,1,0,2519193.9900,-0.066363,-1.779499,-0.030457,0.249699,-0.160479,-0.256047,0.189549,-0.366493,-1.613030,-0.134386,-0.741376
2023,12,MG,-2.4492936e-16,1.000000,1858.7600,0,0,1679462.6600,0.006890,-1.773189,-0.051695,-0.118712,-0.035752,-0.146837,-0.176548,0.071469,-0.380953,-0.023739,0.727985
2010,8,RR,-0.866025,-0.500000,4612.0000,1,0,2858626.6000,-0.402809,0.445755,0.197172,1.217510,0.182520,0.745044,1.068184,0.196602,0.836280,-0.497063,-0.937291
2010,9,RR,-1.000000,-1.8369702e-16,3459.0000,1,0,2143969.9500,-0.071549,0.432084,-0.036831,0.957283,0.587884,0.508422,0.921745,0.634564,0.717526,-0.773680,-0.643419
2010,10,RR,-0.866025,0.500000,1844.8000,0,0,1143450.6400,-0.328259,0.416836,-0.068988,1.121021,0.743793,0.690439,1.088685,0.603281,0.554238,-0.558533,-0.594440
2010,11,RR,-0.500000,0.866025,691.8000,0,0,428793.9900,0.026338,0.389493,-0.110110,0.743838,0.806156,0.617632,0.719659,0.853545,0.851125,-0.724504,-0.692398
2010,12,RR,-2.4492936e-16,1.000000,461.2000,0,0,285862.6600,-0.155174,0.385287,-0.097196,0.679512,0.587884,0.617632,0.664012,0.665847,0.672993,-0.429445,-0.300568
2011,1,RR,0.500000,0.866025,389.2200,0,0,243673.2400,-0.374285,0.406582,-0.101785,0.697056,0.587884,0.563027,0.687442,0.603281,-0.187977,0.517203,-0.251589
2011,2,RR,0.866025,0.500000,389.2200,0,0,243673.2400,-0.266026,0.426037,-0.087551,0.922196,0.587884,0.745044,0.904172,0.446866,0.301885,0.326644,-0.349547
2011,3,RR,1.000000,6.123234e-17,389.2200,0,0,243673.2400,0.065233,0.429455,-0.118409,0.612263,0.400793,0.508422,0.617152,0.759696,0.554238,0.086909,-0.153632
2011,4,RR,0.866025,-0.500000,583.8300,0,0,365509.8600,-0.402809,0.437868,-0.062755,0.866642,0.338429,0.362809,0.854383,0.353017,0.494861,-0.048327,0.140241
2011,5,RR,0.500000,-0.866025,1556.8800,0,0,974692.9600,1.541315,0.449173,-0.200409,0.284786,0.774974,0.526624,0.312558,0.728413,0.955035,-1.111769,0.287177
2011,6,RR,1.2246468e-16,-1.000000,2919.1500,1,0,1827549.3000,0.885927,0.473887,-0.153208,0.337416,0.556702,0.581229,0.327202,0.728413,0.895658,-0.994975,-0.349547
2011,7,RR,-0.500000,-0.866025,3892.2000,1,0,2436732.4000,0.609121,0.470995,-0.120296,0.375427,0.525520,0.490221,0.338917,0.665847,0.851125,-0.988828,-0.496483
2011,8,RR,-0.866025,-0.500000,3892.2000,1,0,2436732.4000,-0.075439,0.472046,-0.058354,0.591795,0.712611,0.453817,0.558576,0.603281,0.390951,-0.884328,0.825943
2011,9,RR,-1.000000,-1.8369702e-16,2919.1500,1,0,1827549.3000,-0.238151,0.464685,-0.043157,0.828631,0.525520,0.599430,0.781163,0.571998,0.762059,-0.773680,-0.398525
2011,10,RR,-0.866025,0.500000,1556.8800,0,0,974692.9600,-0.127299,0.400272,-0.078830,0.843251,0.587884,0.490221,0.801665,0.728413,0.672993,-0.349533,0.679006
2011,11,RR,-0.500000,0.866025,583.8300,0,0,365509.8600,-0.127299,0.397643,-0.086865,0.831555,0.463157,0.599430,0.807522,0.540715,0.836280,-0.607710,-0.545461
2011,12,RR,-2.4492936e-16,1.000000,389.2200,0,0,243673.2400,-0.362617,0.405268,-0.072320,0.916348,0.400793,0.526624,0.877813,0.665847,0.331574,0.062320,-0.447504
2012,1,RR,0.500000,0.866025,413.9200,0,0,247292.8000,-0.420960,0.434976,-0.094874,0.887109,0.463157,0.617632,0.854383,0.509432,0.346418,0.713909,0.042283
2012,2,RR,0.866025,0.500000,413.9200,0,0,247292.8000,-0.423553,0.429455,-0.106608,0.793544,0.088975,0.490221,0.763591,0.446866,0.094065,0.873733,0.532070
2012,3,RR,1.000000,6.123234e-17,413.9200,0,0,247292.8000,-0.291308,0.447596,-0.095339,0.837403,0.431975,0.490221,0.810451,0.540715,0.257352,0.486468,-0.055674
2012,4,RR,0.866025,-0.500000,620.8800,0,0,370939.2000,0.229242,0.444441,-0.109206,0.556709,0.681429,0.544825,0.549790,0.571998,0.762059,-0.404857,-0.594440
2012,5,RR,0.500000,-0.866025,1655.6800,0,0,989171.2000,0.240911,0.464685,-0.118256,0.442677,0.431975,0.435616,0.438496,0.728413,0.940190,-0.620004,-0.594440
2012,6,RR,1.2246468e-16,-1.000000,3104.4000,1,0,1854696.0000,-0.363265,0.493342,-0.101376,0.468992,0.556702,0.599430,0.444353,0.603281,0.717526,-0.663033,-0.741376
2012,7,RR,-0.500000,-0.866025,4139.2000,1,0,2472928.0000,-0.191477,0.491764,-0.159364,0.223384,0.431975,0.544825,0.218837,0.665847,0.910502,-1.105622,-0.251589
2012,8,RR,-0.866025,-0.500000,4139.2000,1,0,2472928.0000,-0.290012,0.498863,-0.109892,0.319873,0.587884,0.453817,0.297914,0.728413,0.836280,-0.872034,-0.006696
2012,9,RR,-1.000000,-1.8369702e-16,3104.4000,1,0,1854696.0000,-0.376230,0.477567,-0.019363,0.913424,0.400793,0.526624,0.860240,0.415583,0.405795,-0.620004,-0.447504
2012,10,RR,-0.866025,0.500000,1655.6800,0,0,989171.2000,-0.389195,0.405793,-0.043750,1.223357,0.494338,0.617632,1.167762,0.446866,0.405795,-0.447886,-0.055674
2012,11,RR,-0.500000,0.866025,620.8800,0,0,370939.2000,-0.418367,0.395803,-0.060327,1.258444,0.525520,0.654035,1.202908,0.321734,0.465173,-0.202003,-0.594440
2012,12,RR,-2.4492936e-16,1.000000,413.9200,0,0,247292.8000,-0.394381,0.406582,-0.095288,0.933891,0.681429,0.708640,0.895386,0.571998,0.613616,0.062320,-0.153632
2013,1,RR,0.500000,0.866025,394.2200,0,0,246183.4600,-0.474765,0.450225,-0.073845,1.153184,-0.316388,0.508422,1.141403,-0.491625,-0.202821,1.101174,0.042283
2013,2,RR,0.866025,0.500000,394.2200,0,0,246183.4600,-0.211573,0.431296,-0.136844,0.811088,0.369611,0.581229,0.795807,0.415583,0.524550,0.842998,-0.251589
2013,3,RR,1.000000,6.123234e-17,394.2200,0,0,246183.4600,-0.454669,0.441812,-0.067391,1.115173,0.276066,0.708640,1.094543,0.916111,0.212819,0.775380,0.042283
2013,4,RR,0.866025,-0.500000,591.3300,0,0,369275.1900,-0.194070,0.456798,-0.112585,0.901729,0.619065,0.563027,0.898314,0.571998,0.376107,0.240585,0.042283
2013,5,RR,0.500000,-0.866025,1576.8800,0,0,984733.8400,0.665519,0.475464,-0.137973,0.425133,0.743793,0.563027,0.429710,0.634564,0.821436,-0.724504,-0.594440
2013,6,RR,1.2246468e-16,-1.000000,2956.6500,1,0,1846375.9500,0.319998,0.479145,-0.099305,0.571328,0.431975,0.490221,0.546861,0.571998,0.806592,-0.644592,-0.349547
2013,7,RR,-0.500000,-0.866025,3942.2000,1,0,2461834.6000,0.444464,0.510431,-0.126116,0.349112,0.587884,0.508422,0.330131,0.384300,0.762059,-0.841298,-0.692398
2013,8,RR,-0.866025,-0.500000,3942.2000,1,0,2461834.6000,0.578653,0.478093,-0.122282,0.299406,0.525520,0.362809,0.268627,0.697130,0.895658,-0.902769,-0.692398
2013,9,RR,-1.000000,-1.8369702e-16,2956.6500,1,0,1846375.9500,-0.248523,0.454957,-0.069129,0.720447,0.587884,0.563027,0.672798,0.603281,0.732370,-0.847445,-0.251589
2013,10,RR,-0.866025,0.500000,1576.8800,0,0,984733.8400,-0.310108,0.431033,-0.070888,0.916348,0.619065,0.472019,0.842668,0.853545,0.361263,-0.466327,-0.496483
2013,11,RR,-0.500000,0.866025,591.3300,0,0,369275.1900,-0.313349,0.392911,-0.095893,0.907576,0.463157,0.526624,0.871955,0.603281,0.435484,-0.417151,0.140241
2013,12,RR,-2.4492936e-16,1.000000,394.2200,0,0,246183.4600,-0.476062,0.427615,-0.097793,0.808164,0.712611,0.672237,0.787021,0.571998,0.569083,0.308203,-0.251589
2014,1,RR,0.500000,0.866025,632.5800,0,0,384941.5800,-0.464393,0.446281,-0.084453,0.913424,0.182520,0.654035,0.889528,0.415583,0.019843,0.935203,-0.104653
2014,2,RR,0.866025,0.500000,632.5800,0,0,384941.5800,-0.420960,0.429192,-0.117825,0.980674,0.151339,0.745044,0.953961,0.227885,0.138598,1.131910,-0.153632
2014,3,RR,1.000000,6.123234e-17,632.5800,0,0,384941.5800,-0.404753,0.439972,-0.055934,1.243825,-0.004570,0.836052,1.223409,0.290451,0.064376,1.162645,-0.251589
2014,4,RR,0.866025,-0.500000,948.8700,0,0,577412.3700,-0.471524,0.492027,0.524708,1.980647,0.244884,1.072673,1.785735,0.665847,0.197975,1.746616,0.287177
2014,5,RR,0.500000,-0.866025,2530.3200,1,0,1539766.3200,-0.284826,0.456535,-0.082485,1.015761,0.276066,0.690439,0.997893,0.259168,0.257352,0.068467,-0.398525
2014,6,RR,1.2246468e-16,-1.000000,4744.3500,1,0,2887061.8500,0.537813,0.485192,-0.159292,0.363731,0.431975,0.581229,0.362348,0.697130,0.955035,-0.669180,-0.202610
2014,7,RR,-0.500000,-0.866025,6325.8000,1,0,3849415.8000,-0.476062,0.524365,-0.095569,0.410514,0.369611,0.435616,0.368205,0.509432,0.643304,-0.767533,-0.643419
2014,8,RR,-0.866025,-0.500000,6325.8000,1,0,3849415.8000,0.021152,0.493868,-0.105606,0.463144,0.338429,0.417414,0.441425,0.353017,0.138598,-0.804416,-0.839334
2014,9,RR,-1.000000,-1.8369702e-16,4744.3500,1,0,2887061.8500,-0.382713,0.455746,-0.000021,1.159032,0.463157,0.526624,1.097472,0.509432,0.212819,-0.324945,-0.790355
2014,10,RR,-0.866025,0.500000,2530.3200,1,0,1539766.3200,-0.476062,0.437080,-0.084807,0.936815,0.369611,0.526624,0.886599,0.384300,0.465173,-0.546239,0.238198
2014,11,RR,-0.500000,0.866025,948.8700,0,0,577412.3700,-0.476062,0.412629,-0.080853,0.980674,0.400793,0.708640,0.942246,0.384300,0.509706,-0.380268,-0.594440
2014,12,RR,-2.4492936e-16,1.000000,632.5800,0,0,384941.5800,-0.476062,0.428141,-0.069972,1.027456,0.369611,0.690439,0.997893,0.353017,0.331574,0.357379,0.042283
2015,1,RR,0.500000,0.866025,657.3400,0,0,405757.0000,-0.435870,0.464685,-0.095901,0.960207,0.556702,0.690439,0.951033,0.603281,-0.277043,0.855292,-0.153632
2015,2,RR,0.866025,0.500000,657.3400,0,0,405757.0000,-0.470227,0.452854,-0.078749,1.185347,0.244884,0.726842,1.170691,0.134035,0.004999,1.070439,-0.104653
2015,3,RR,1.000000,6.123234e-17,657.3400,0,0,405757.0000,-0.469579,0.450488,-0.102339,1.255520,0.120157,0.963463,1.255626,0.008903,0.004999,1.125762,-0.006696
2015,4,RR,0.866025,-0.500000,986.0100,0,0,608635.5000,-0.038034,0.459164,-0.071668,1.109325,0.307248,0.726842,1.106258,0.196602,-0.128600,0.806115,-0.006696
2015,5,RR,0.500000,-0.866025,2629.3600,1,0,1623028.0000,-0.083736,0.482826,-0.142898,0.454372,0.463157,0.381011,0.467784,0.384300,0.331574,-0.158974,-0.398525
2015,6,RR,1.2246468e-16,-1.000000,4930.0500,1,0,3043177.5000,-0.154721,0.503069,-0.106833,0.407590,0.619065,0.581229,0.368205,0.571998,0.865969,-0.804416,0.189219
2015,7,RR,-0.500000,-0.866025,6573.4000,1,0,4057570.0000,-0.204280,0.498074,-0.121630,0.404666,0.743793,0.344607,0.365276,0.634564,0.791747,-0.896622,-0.692398
2015,8,RR,-0.866025,-0.500000,6573.4000,1,0,4057570.0000,-0.265540,0.471258,-0.073675,0.691208,0.431975,0.635834,0.646439,0.634564,0.613616,-0.835151,-0.104653
2015,9,RR,-1.000000,-1.8369702e-16,4930.0500,1,0,3043177.5000,-0.330658,0.445230,-0.000860,1.352009,0.400793,0.726842,1.299557,0.321734,0.079221,-0.509357,-0.447504
2015,10,RR,-0.866025,0.500000,2629.3600,1,0,1623028.0000,-0.386084,0.427878,-0.046706,1.463117,0.650247,0.599430,1.402065,0.790979,0.094065,-0.300356,0.483092
2015,11,RR,-0.500000,0.866025,986.0100,0,0,608635.5000,-0.447344,0.401850,-0.074118,1.360781,0.431975,0.836052,1.325916,0.478149,0.064376,-0.005297,-0.202610
2015,12,RR,-2.4492936e-16,1.000000,657.3400,0,0,405757.0000,-0.442352,0.457586,-0.096089,1.085934,0.276066,0.726842,1.079899,0.290451,0.227664,0.965939,-0.202610
2016,1,RR,0.500000,0.866025,6753.3400,1,0,4243593.9200,-0.476062,0.451539,-0.055870,1.249672,-0.378752,0.836052,1.258555,-0.397776,-0.098911,1.236410,-0.055674
2016,2,RR,0.866025,0.500000,6753.3400,1,0,4243593.9200,-0.367803,0.446544,-0.109956,1.106401,0.556702,0.763245,1.115044,0.634564,0.153442,1.174939,-0.153632
2016,3,RR,1.000000,6.123234e-17,6753.3400,1,0,4243593.9200,-0.476062,0.459164,-0.069619,1.521595,-0.035752,0.999867,1.536789,-0.116229,-0.143444,1.027409,0.189219
2016,4,RR,0.866025,-0.500000,10130.0100,1,1,6365390.8800,0.400382,0.445755,-0.106160,0.910500,0.431975,0.599430,0.930531,0.384300,0.331574,-0.257327,-0.202610
2016,5,RR,0.500000,-0.866025,27013.3600,1,1,16974375.6800,0.585135,0.489924,-0.144470,0.539165,0.837338,0.581229,0.541003,0.728413,0.865969,-0.810563,-0.594440
2016,6,RR,1.2246468e-16,-1.000000,50650.0500,1,1,31826954.4000,0.646396,0.528572,-0.108691,0.328645,0.463157,0.472019,0.309630,0.540715,0.821436,-0.835151,-0.545461
2016,7,RR,-0.500000,-0.866025,67533.4000,1,1,42435939.2000,0.534247,0.508065,-0.082046,0.343264,0.400793,0.599430,0.309630,0.446866,0.717526,-0.958092,0.189219
2016,8,RR,-0.866025,-0.500000,67533.4000,1,1,42435939.2000,-0.149988,0.488347,-0.072473,0.621034,0.494338,0.563027,0.584935,0.603281,0.465173,-0.804416,-0.153632
2016,9,RR,-1.000000,-1.8369702e-16,50650.0500,1,1,31826954.4000,-0.133134,0.476516,-0.030985,0.869566,0.400793,0.453817,0.825095,0.290451,0.450328,-0.724504,0.581049
2016,10,RR,-0.866025,0.500000,27013.3600,1,1,16974375.6800,-0.381416,0.422094,0.359647,1.895854,0.463157,0.654035,1.694943,0.697130,0.390951,0.185262,-0.398525
2016,11,RR,-0.500000,0.866025,10130.0100,1,1,6365390.8800,-0.466338,0.402901,0.125589,1.948484,0.650247,0.836052,1.788664,0.603281,0.480017,0.504909,-0.937291
2016,12,RR,-2.4492936e-16,1.000000,6753.3400,1,0,4243593.9200,-0.109796,0.426037,-0.091151,0.960207,0.276066,0.581229,0.951033,0.227885,0.376107,0.228291,-0.006696
2017,1,RR,0.500000,0.866025,924.0200,0,0,563720.6400,-0.380120,0.452591,-0.092233,0.776001,0.400793,0.635834,0.778234,0.353017,0.316730,0.295909,-0.349547
2017,2,RR,0.866025,0.500000,924.0200,0,0,563720.6400,-0.252413,0.453643,-0.115708,0.781849,0.088975,0.490221,0.795807,-0.022380,0.138598,0.603262,-0.251589
2017,3,RR,1.000000,6.123234e-17,924.0200,0,0,563720.6400,-0.114982,0.450751,-0.091138,0.764305,0.276066,0.635834,0.763591,0.227885,0.301885,0.172967,0.238198
2017,4,RR,0.866025,-0.500000,1386.0300,0,0,845580.9600,-0.083218,0.454957,-0.069589,0.819859,0.556702,0.654035,0.822166,0.728413,0.049532,0.050026,-0.496483
2017,5,RR,0.500000,-0.866025,3696.0800,1,0,2254882.5600,0.735531,0.473887,-0.111034,0.515774,0.587884,0.581229,0.488285,0.509432,0.301885,-0.693769,-0.545461
2017,6,RR,1.2246468e-16,-1.000000,6930.1500,1,0,4227904.8000,0.018559,0.489661,-0.137798,0.489459,0.400793,0.745044,0.467784,0.478149,0.717526,-0.964239,-0.741376
2017,7,RR,-0.500000,-0.866025,9240.2000,1,1,5637206.4000,0.280454,0.534618,-0.163616,0.229232,0.431975,0.581229,0.224695,0.227885,0.717526,-1.007269,-0.055674
2017,8,RR,-0.866025,-0.500000,9240.2000,1,1,5637206.4000,-0.232317,0.469417,-0.040022,0.898805,0.338429,0.581229,0.848525,0.353017,0.420640,-0.773680,-0.349547
2017,9,RR,-1.000000,-1.8369702e-16,6930.1500,1,0,4227904.8000,-0.044322,0.460741,-0.038961,0.951435,0.463157,0.672237,0.915887,0.321734,0.598771,-0.564680,-0.055674
2017,10,RR,-0.866025,0.500000,3696.0800,1,0,2254882.5600,-0.457911,0.419728,-0.054852,1.267216,0.307248,0.563027,1.235124,0.665847,0.361263,-0.238886,-0.398525
2017,11,RR,-0.500000,0.866025,1386.0300,0,0,845580.9600,-0.459207,0.390019,-0.060058,1.375400,0.525520,0.890657,1.358133,0.478149,0.183131,0.215997,-0.594440
2017,12,RR,-2.4492936e-16,1.000000,924.0200,0,0,563720.6400,-0.437815,0.422620,-0.082541,1.109325,0.182520,0.635834,1.100400,0.165319,0.301885,0.763086,-0.104653
2018,1,RR,0.500000,0.866025,979.9800,0,0,596850.9800,-0.387250,0.439709,-0.062632,0.957283,0.057793,0.654035,0.951033,0.165319,0.094065,0.842998,-0.300568
2018,2,RR,0.866025,0.500000,979.9800,0,0,596850.9800,-0.400864,0.445230,-0.077049,1.074239,0.182520,0.745044,1.082828,0.040186,-0.410641,1.254851,-0.153632
2018,3,RR,1.000000,6.123234e-17,979.9800,0,0,596850.9800,0.555542,0.484403,0.308688,1.273064,0.338429,0.817850,1.284914,0.415583,0.376107,1.131910,-0.496483
2018,4,RR,0.866025,-0.500000,1469.9700,0,0,895276.4700,3.388426,0.538825,0.502618,0.650273,-0.397461,1.642385,0.754804,-0.263259,0.977301,0.830703,-1.392793
2018,5,RR,0.500000,-0.866025,3919.9200,1,0,2387403.9200,0.926961,0.492290,-0.051282,0.395894,0.369611,0.544825,0.420923,0.697130,0.836280,-0.306504,-0.104653
2018,6,RR,1.2246468e-16,-1.000000,7349.8500,1,0,4476382.3500,0.834066,0.514112,-0.166172,0.182450,0.431975,0.399212,0.195407,0.321734,0.865969,-0.945798,-0.251589
2018,7,RR,-0.500000,-0.866025,9799.8000,1,1,5968509.8000,0.981220,0.512008,-0.190806,0.100581,0.525520,0.417414,0.101686,0.478149,0.583927,-1.191681,-0.251589
2018,8,RR,-0.866025,-0.500000,9799.8000,1,1,5968509.8000,-0.073494,0.503332,-0.042212,0.664893,0.338429,0.563027,0.620080,0.321734,0.628460,-0.804416,-0.202610
2018,9,RR,-1.000000,-1.8369702e-16,7349.8500,1,0,4476382.3500,0.609769,0.439183,-0.046732,0.761382,0.400793,0.381011,0.725516,0.603281,0.539394,-0.724504,-0.300568
2018,10,RR,-0.866025,0.500000,3919.9200,1,0,2387403.9200,-0.249172,0.412366,-0.032396,1.334466,0.307248,0.635834,1.293700,0.853545,0.138598,-0.275768,-0.790355
2018,11,RR,-0.500000,0.866025,1469.9700,0,0,895276.4700,-0.268619,0.407371,-0.085915,1.094706,0.650247,0.708640,1.076970,1.135092,0.628460,0.129938,-0.545461
2018,12,RR,-2.4492936e-16,1.000000,979.9800,0,0,596850.9800,-0.451428,0.476779,-0.082830,0.723371,-0.035752,0.635834,0.716730,-0.241361,0.094065,1.015115,-0.104653
2019,1,RR,0.500000,0.866025,3217.1800,1,0,2051635.0600,-0.459855,0.471783,-0.122818,0.936815,0.182520,0.617632,0.930531,0.165319,-0.039534,0.990527,-0.300568
2019,2,RR,0.866025,0.500000,3217.1800,1,0,2051635.0600,-0.475413,0.462056,-0.106650,1.088858,-0.285207,0.745044,1.094543,-0.429059,-0.247354,1.433116,-0.251589
2019,3,RR,1.000000,6.123234e-17,3217.1800,1,0,2051635.0600,-0.453373,0.448910,-0.063697,1.492356,-0.191661,0.745044,1.484071,0.697130,0.049532,1.174939,0.140241
2019,4,RR,0.866025,-0.500000,4825.7700,1,0,3077452.5900,-0.433277,0.444967,-0.080730,1.466041,1.055611,0.908858,1.466498,1.041243,0.019843,0.787674,-0.251589
2019,5,RR,0.500000,-0.866025,12868.7200,1,1,8206540.2400,0.896299,0.465474,-0.196353,0.387123,0.619065,0.635834,0.397493,0.571998,0.420640,-0.669180,-0.006696
2019,6,RR,1.2246468e-16,-1.000000,24128.8500,1,1,15387262.9500,1.222372,0.499915,-0.176964,0.334492,0.463157,0.490221,0.338917,0.446866,0.940190,-0.927357,-0.251589
2019,7,RR,-0.500000,-0.866025,32171.8000,1,1,20516350.6000,0.860645,0.504384,-0.155909,0.258471,0.276066,0.435616,0.239339,0.571998,0.717526,-0.945798,0.336155
2019,8,RR,-0.866025,-0.500000,32171.8000,1,1,20516350.6000,0.408161,0.516741,-0.154358,0.340340,0.369611,0.381011,0.321345,0.478149,0.762059,-1.081034,-0.643419
2019,9,RR,-1.000000,-1.8369702e-16,24128.8500,1,1,15387262.9500,-0.068956,0.461004,-0.109645,0.729219,0.650247,0.526624,0.693300,0.759696,0.524550,-0.841298,-0.349547
2019,10,RR,-0.866025,0.500000,12868.7200,1,1,8206540.2400,-0.312701,0.426563,-0.097124,0.822783,0.400793,0.490221,0.801665,0.478149,0.658149,-0.472474,-0.545461
2019,11,RR,-0.500000,0.866025,4825.7700,1,0,3077452.5900,0.227297,0.398695,-0.139059,0.834479,0.525520,0.526624,0.813380,0.478149,0.613616,-0.509357,-0.104653
2019,12,RR,-2.4492936e-16,1.000000,3217.1800,1,0,2051635.0600,-0.286771,0.420516,-0.138160,0.694132,0.556702,0.581229,0.681585,0.759696,0.702682,0.019291,-0.349547
2020,1,RR,0.500000,0.866025,695.5600,0,0,443583.6800,-0.453373,0.459690,-0.342967,0.831555,-0.004570,0.472019,0.822166,-0.022380,0.153442,0.443438,-0.496483
2020,2,RR,0.866025,0.500000,695.5600,0,0,443583.6800,-0.473469,0.464159,-0.342967,1.050847,-0.129298,0.690439,1.035967,-0.210078,-0.143444,0.972086,-0.153632
2020,3,RR,1.000000,6.123234e-17,695.5600,0,0,443583.6800,-0.457911,0.443915,-0.342967,1.369552,-0.098116,0.836052,1.355204,-0.272644,0.108909,0.873733,-0.300568
2020,4,RR,0.866025,-0.500000,1043.3400,0,0,665375.5200,-0.137023,0.466262,-0.342967,1.118097,0.587884,0.617632,1.109187,0.446866,0.034688,0.000850,-0.202610
2020,5,RR,0.500000,-0.866025,2782.2400,1,0,1774334.7200,0.428257,0.490450,-0.342967,0.547937,0.743793,0.617632,0.555647,0.603281,0.776903,-0.601563,-0.741376
2020,6,RR,1.2246468e-16,-1.000000,5216.7000,1,0,3326877.6000,0.735531,0.489661,-0.342967,0.305253,0.369611,0.453817,0.303772,0.509432,0.776903,-0.951945,-0.594440
2020,7,RR,-0.500000,-0.866025,6955.6000,1,0,4435836.8000,0.337501,0.474938,-0.342967,0.390046,0.774974,0.344607,0.365276,0.759696,0.569083,-0.958092,-0.594440
2020,8,RR,-0.866025,-0.500000,6955.6000,1,0,4435836.8000,0.114501,0.467314,-0.342967,0.398818,0.712611,0.544825,0.376991,0.822262,0.628460,-0.908916,-0.055674
2020,9,RR,-1.000000,-1.8369702e-16,5216.7000,1,0,3326877.6000,-0.245930,0.459427,-0.342967,1.360781,0.182520,0.581229,0.980320,0.384300,0.420640,-0.656886,0.238198
2020,10,RR,-0.866025,0.500000,2782.2400,1,0,1774334.7200,-0.476062,0.455746,-0.342967,2.176548,-0.955615,2.457819,1.595364,-0.619885,0.724948,-0.091356,-1.769929
2020,11,RR,-0.500000,0.866025,1043.3400,0,0,665375.5200,-0.476062,0.432873,-0.342967,2.094679,-0.562725,2.465100,1.750590,-0.407161,0.879329,0.271321,-1.769929
2020,12,RR,-2.4492936e-16,1.000000,695.5600,0,0,443583.6800,-0.452076,0.412629,-0.342967,1.743811,-0.004570,0.854254,1.624652,0.259168,0.821436,0.406556,-0.986270
2021,1,RR,0.500000,0.866025,561.7000,0,0,369123.7600,-0.048536,0.424197,-0.342967,1.091782,0.057793,0.617632,1.071113,0.008903,0.539394,0.332791,-0.496483
2021,2,RR,0.866025,0.500000,561.7000,0,0,369123.7600,-0.476062,0.396592,-0.342967,1.784746,-1.283024,2.428696,1.917530,-1.245546,0.750183,0.424997,-1.461364
2021,3,RR,1.000000,6.123234e-17,561.7000,0,0,369123.7600,-0.476062,0.403953,-0.342967,1.784746,-1.254961,2.406854,1.885314,-1.223648,0.757605,0.572527,-1.451568
2021,4,RR,0.866025,-0.500000,842.5500,0,0,553685.6400,-0.476062,0.411840,-0.342967,1.784746,-1.230015,2.385012,1.850168,-1.201750,0.766512,0.726203,-1.441772
2021,5,RR,0.500000,-0.866025,2246.8000,0,0,1476495.0400,-0.476062,0.419465,-0.342967,1.784746,-1.201951,2.361350,1.812094,-1.179852,0.775419,0.879880,-1.431976
2021,6,RR,1.2246468e-16,-1.000000,4212.7500,1,0,2768428.2000,-0.476062,0.427089,-0.342967,1.784746,-1.177006,2.339508,1.776949,-1.157954,0.782841,1.033557,-1.422181
2021,7,RR,-0.500000,-0.866025,5617.0000,1,0,3691237.6000,-0.476062,0.434713,-0.342967,1.784746,-1.152061,2.317666,1.741803,-1.136055,0.791747,1.187233,-1.412385
2021,8,RR,-0.866025,-0.500000,5617.0000,1,0,3691237.6000,-0.476062,0.442601,-0.342967,1.784746,-1.123997,2.295824,1.706658,-1.114157,0.800654,1.340910,-1.397691
2021,9,RR,-1.000000,-1.8369702e-16,4212.7500,1,0,2768428.2000,-0.476062,0.450225,-0.342967,1.784746,-1.099052,2.273982,1.671513,-1.092259,0.809561,1.494586,-1.387895
2021,10,RR,-0.866025,0.500000,2246.8000,0,0,1476495.0400,-0.476062,0.457849,-0.342967,1.784746,-1.074106,2.252140,1.636367,-1.070361,0.816983,1.648263,-1.378100
2021,11,RR,-0.500000,0.866025,842.5500,0,0,553685.6400,-0.476062,0.465474,-0.342967,1.784746,-1.046043,2.230298,1.601222,-1.048463,0.825889,1.801940,-1.368304
2021,12,RR,-2.4492936e-16,1.000000,561.7000,0,0,369123.7600,-0.476062,0.473361,-0.342967,1.784746,-1.021097,2.206636,1.566077,-1.026565,0.834796,1.955616,-1.358508
2022,1,RR,0.500000,0.866025,666.9800,0,0,447577.2200,-0.476062,0.481248,-0.342967,1.784746,-0.993033,2.184794,1.528002,-1.001538,0.842218,2.109293,-1.348712
2022,2,RR,0.866025,0.500000,666.9800,0,0,447577.2200,-0.476062,0.488872,-0.342967,1.784746,-0.968088,2.162952,1.492857,-0.982769,0.851125,2.269116,-1.338917
2022,3,RR,1.000000,6.123234e-17,666.9800,0,0,447577.2200,-0.476062,0.476516,-0.342967,1.477737,-0.940024,0.690439,1.252697,-0.957742,0.860031,1.820381,-0.594440
2022,4,RR,0.866025,-0.500000,1000.4700,0,0,671365.8300,-0.476062,0.441812,-0.342967,0.606415,-0.915079,0.326406,0.611294,-0.935844,0.868938,-0.029886,-0.447504
2022,5,RR,0.500000,-0.866025,2667.9200,1,0,1790308.8800,-0.476062,0.489661,-0.342967,0.246775,-0.887015,0.362809,0.265698,-0.910818,0.877844,-0.742945,-0.643419
2022,6,RR,1.2246468e-16,-1.000000,5002.3500,1,0,3356829.1500,-0.476062,0.482826,-0.342967,0.197069,-0.858952,0.508422,0.192478,-0.888920,0.886751,-1.001122,0.189219
2022,7,RR,-0.500000,-0.866025,6669.8000,1,0,4475772.2000,-0.476062,0.484929,-0.342967,0.316949,-0.830888,0.526624,0.309630,-0.867021,0.895658,-0.829004,-0.104653
2022,8,RR,-0.866025,-0.500000,6669.8000,1,0,4475772.2000,-0.476062,0.474675,-0.342967,0.591795,-0.802824,0.453817,0.561505,-0.841995,0.904564,1.402380,-0.721785
2022,9,RR,-1.000000,-1.8369702e-16,5002.3500,1,0,3356829.1500,-0.476062,0.447333,-0.342967,0.773077,-0.777879,0.435616,0.728445,-0.820097,0.913471,0.867586,-1.128308
2022,10,RR,-0.866025,0.500000,2667.9200,1,0,1790308.8800,-0.476062,0.425512,-0.342967,0.849098,-0.749815,0.617632,0.816309,-0.798199,0.922377,0.326644,-1.520138
2022,11,RR,-0.500000,0.866025,1000.4700,0,0,671365.8300,-0.476062,0.431558,-0.342967,0.618111,-0.721752,0.381011,0.625938,-0.773172,0.931284,-0.411004,-0.986270
2022,12,RR,-2.4492936e-16,1.000000,666.9800,0,0,447577.2200,-0.312053,0.426300,-0.342967,0.492383,0.151339,0.490221,0.482428,0.227885,-0.143444,-0.023739,-0.447504
2023,1,RR,0.500000,0.866025,1011.2600,0,0,673851.8800,-0.197959,0.465737,-0.342967,0.527470,-0.098116,0.435616,0.520502,-0.178795,-0.084067,0.185262,-0.545461
2023,2,RR,0.866025,0.500000,1011.2600,0,0,673851.8800,-0.302329,0.451539,-0.342967,0.618111,0.338429,0.490221,0.620080,0.227885,0.227664,0.547938,-0.545461
2023,3,RR,1.000000,6.123234e-17,1011.2600,0,0,673851.8800,-0.448835,0.456009,-0.342967,0.998217,-0.285207,0.581229,0.986178,-0.303927,-0.306731,0.836850,-0.104653
2023,4,RR,0.866025,-0.500000,1516.8900,0,0,1010777.8200,0.473635,0.441812,-0.342967,0.881261,0.400793,0.544825,0.863169,0.259168,-0.009845,0.203703,0.238198
2023,5,RR,0.500000,-0.866025,4045.0400,1,0,2695407.5200,0.570225,0.470995,-0.342967,0.568404,0.619065,0.654035,0.561505,0.446866,0.316730,-0.423298,-0.006696
2023,6,RR,1.2246468e-16,-1.000000,7584.4500,1,0,5053889.1000,0.946215,0.500440,-0.342967,0.387123,0.431975,0.544825,0.374063,0.603281,0.613616,-0.896622,-0.055674
2023,7,RR,-0.500000,-0.866025,10112.6000,1,1,6738518.8000,0.771185,0.504910,-0.342967,0.448524,0.712611,0.544825,0.426781,0.697130,0.094065,-0.859739,-0.202610
2023,8,RR,-0.866025,-0.500000,10112.6000,1,1,6738518.8000,-0.391140,0.421305,-0.342967,1.492356,0.244884,0.654035,1.185335,0.165319,0.465173,0.406556,0.091262
2023,9,RR,-1.000000,-1.8369702e-16,7584.4500,1,0,5053889.1000,-0.476062,0.317719,-0.342967,2.717469,-0.562725,2.761786,2.090328,-0.028636,0.920893,1.623675,-1.368304
2023,10,RR,-0.866025,0.500000,4045.0400,1,0,2695407.5200,-0.476062,0.312461,-0.342967,3.106348,-0.862070,2.976566,2.614580,-0.510395,0.754637,0.959792,-1.461364
2023,11,RR,-0.500000,0.866025,1516.8900,0,0,1010777.8200,-0.472820,0.345325,-0.342967,2.773023,-0.254025,0.945262,2.497429,-0.053663,0.108909,0.394262,-0.398525
2023,12,RR,-2.4492936e-16,1.000000,1011.2600,0,0,673851.8800,-0.403457,0.419202,-0.342967,1.278911,-0.004570,0.745044,1.252697,-0.022380,0.034688,0.345085,-0.251589
2001,1,DF,0.500000,0.866025,5.0400,0,0,1287.3000,-0.155823,-2.569800,-0.025012,-0.674252,-0.784115,-0.601878,-0.735945,-0.992154,-0.588773,0.074614,0.336155
2001,2,DF,0.866025,0.500000,5.0400,0,0,1287.3000,-0.157767,-2.587678,-0.032694,-0.721035,-1.033570,-0.419862,-0.768162,-1.179852,-1.093479,-0.349533,1.119815
2001,3,DF,1.000000,6.123234e-17,5.0400,0,0,1287.3000,0.176085,-2.567960,-0.135144,-1.109913,-0.940024,-0.383459,-1.122544,-0.992154,-0.202821,-0.386415,0.532070
2001,4,DF,0.866025,-0.500000,7.5600,0,0,1930.9500,-0.018392,-2.544298,-0.070343,-0.911088,-1.189479,-0.601878,-0.949746,-1.148569,-0.974725,-0.294209,0.140241
2001,5,DF,0.500000,-0.866025,20.1600,0,0,5149.2000,-0.360672,-2.544035,-0.136733,-1.203478,-1.376570,-0.965911,-1.216265,-1.492682,-1.123168,-0.552386,0.042283
2001,6,DF,1.2246468e-16,-1.000000,37.8000,0,0,9654.7500,-0.476062,-2.488036,-0.109752,-1.574813,-2.124933,-1.439154,-1.591149,-2.212192,-1.241923,-0.140533,0.385134
2001,7,DF,-0.500000,-0.866025,50.4000,0,0,12873.0000,-0.431980,-2.494872,-0.113313,-1.446161,-2.280842,-1.202533,-1.482784,-2.149626,-1.865383,-0.103650,0.630028
2001,8,DF,-0.866025,-0.500000,50.4000,0,0,12873.0000,-0.347707,-2.459116,-0.106463,-1.472477,-2.187296,-1.093323,-1.427138,-2.243475,-1.568497,0.677027,1.119815
2001,9,DF,-1.000000,-1.8369702e-16,37.8000,0,0,9654.7500,-0.317239,-2.549294,-0.051423,-0.852610,-1.688388,-0.984113,-0.856025,-1.304984,-1.494276,0.062320,0.434113
2001,10,DF,-0.866025,0.500000,20.1600,0,0,5149.2000,-0.037192,-2.572955,-0.131416,-1.077750,-1.345388,-0.638282,-1.075684,-1.398833,-1.078635,-0.152827,0.727985
2001,11,DF,-0.500000,0.866025,7.5600,0,0,1930.9500,0.054861,-2.601349,-0.179720,-1.136228,-1.064752,-0.438064,-1.090328,-0.867021,-0.306731,-0.398710,0.874921
2001,12,DF,-2.4492936e-16,1.000000,5.0400,0,0,1287.3000,0.023096,-2.610814,-0.077603,-0.887697,-0.908843,-0.237845,-0.876527,-1.086003,-0.499707,0.375821,1.070836
2002,1,DF,0.500000,0.866025,1.4200,0,0,389.6200,0.247069,-2.606345,-0.096310,-0.876001,-0.815297,-0.256047,-0.923387,-0.710606,-0.900504,0.228291,0.923900
2002,2,DF,0.866025,0.500000,1.4200,0,0,389.6200,0.183864,-2.577162,-0.094120,-1.086522,-0.877661,-0.474467,-1.087399,-0.992154,-0.544240,-0.300356,1.217772
2002,3,DF,1.000000,6.123234e-17,1.4200,0,0,389.6200,-0.082570,-2.560073,-0.073832,-0.770741,-1.095933,-0.474467,-0.768162,-0.679323,-0.395797,0.043879,0.776964
2002,4,DF,0.866025,-0.500000,2.1300,0,0,584.4300,-0.179160,-2.562176,-0.070002,-0.840915,-1.189479,-0.365257,-0.853097,-1.179852,-0.900504,-0.017592,0.776964
2002,5,DF,0.500000,-0.866025,5.6800,0,0,1558.4800,-0.418367,-2.535622,-0.123415,-1.159619,-1.719569,-1.166130,-1.186978,-1.461399,-1.330988,-0.300356,0.581049
2002,6,DF,1.2246468e-16,-1.000000,10.6500,0,0,2922.1500,-0.476062,-2.471999,-0.114276,-1.577737,-2.530296,-1.166130,-1.602864,-2.618871,-1.360677,-0.152827,0.189219
2002,7,DF,-0.500000,-0.866025,14.2000,0,0,3896.2000,-0.420960,-2.485933,-0.141083,-1.320434,-2.405569,-1.129726,-1.368562,-2.118343,-1.390366,-0.158974,0.972879
2002,8,DF,-0.866025,-0.500000,14.2000,0,0,3896.2000,-0.417070,-2.495135,-0.072904,-0.916936,-2.810932,-0.765693,-0.943889,-2.962984,-1.791162,0.381968,0.825943
2002,9,DF,-1.000000,-1.8369702e-16,10.6500,0,0,2922.1500,-0.264082,-2.539040,-0.078233,-0.840915,-1.563660,-1.384549,-0.844310,-1.649097,-1.924761,0.252879,0.923900
2002,10,DF,-0.866025,0.500000,5.6800,0,0,1558.4800,-0.226483,-2.583209,0.011994,0.033331,-1.002388,-0.128636,0.010894,-1.117286,-1.449743,0.203703,0.581049
2002,11,DF,-0.500000,0.866025,2.1300,0,0,584.4300,-0.039785,-2.579528,-0.133086,-0.761969,-1.158297,-0.547274,-0.759376,-1.211135,-0.588773,-0.263474,0.434113
2002,12,DF,-2.4492936e-16,1.000000,1.4200,0,0,389.6200,0.660333,-2.586101,-0.128093,-0.776589,-0.784115,-0.256047,-0.759376,-0.867021,-0.885659,0.000850,0.581049
2003,1,DF,0.500000,0.866025,4.9600,0,0,1177.1000,0.176733,-2.573481,-0.106612,-0.922784,-0.846479,-0.292450,-0.917530,-0.835738,-0.291887,0.093056,0.727985
2003,2,DF,0.866025,0.500000,4.9600,0,0,1177.1000,-0.046915,-2.555340,-0.053510,-0.779513,-1.033570,-0.438064,-0.803307,-1.117286,-0.529396,-0.091356,0.189219
2003,3,DF,1.000000,6.123234e-17,4.9600,0,0,1177.1000,-0.109148,-2.564805,-0.183044,-0.867230,-1.002388,-0.419862,-0.961461,-1.054720,0.094065,-0.404857,-0.104653
2003,4,DF,0.866025,-0.500000,7.4400,0,0,1765.6500,-0.234262,-2.511698,-0.071723,-0.843838,-1.033570,-0.692887,-0.853097,-1.117286,-0.855971,-0.195856,0.630028
2003,5,DF,0.500000,-0.866025,19.8400,0,0,4708.4000,-0.446890,-2.519322,-0.136192,-1.469553,-1.189479,-1.348146,-1.494500,-1.398833,-1.909916,-0.183562,0.385134
2003,6,DF,1.2246468e-16,-1.000000,37.2000,0,0,8828.2500,-0.475413,-2.502759,-0.119363,-1.492944,-1.937842,-1.366348,-1.535502,-2.274758,-1.761473,-0.300356,0.238198
2003,7,DF,-0.500000,-0.866025,49.6000,0,0,11771.0000,-0.476062,-2.452280,-0.096523,-1.694693,-2.873296,-1.257138,-1.731731,-3.025550,-1.791162,0.129938,0.581049
2003,8,DF,-0.866025,-0.500000,49.6000,0,0,11771.0000,-0.363265,-2.494872,-0.108951,-1.033892,-1.781933,-0.893105,-1.058111,-1.711663,-1.672407,-0.017592,0.679006
2003,9,DF,-1.000000,-1.8369702e-16,37.2000,0,0,8828.2500,-0.439759,-2.524317,-0.080112,-0.685948,-1.688388,-0.765693,-0.697871,-1.805512,-1.924761,0.375821,0.727985
2003,10,DF,-0.866025,0.500000,19.8400,0,0,4708.4000,-0.297791,-2.571904,-0.118452,-0.723959,-1.532479,-0.802097,-0.724230,-1.649097,-1.761473,0.043879,1.070836
2003,11,DF,-0.500000,0.866025,7.4400,0,0,1765.6500,0.122928,-2.600035,-0.142659,-0.998805,-1.283024,-0.620080,-0.996607,-1.242418,-0.291887,-0.189709,2.148368
2003,12,DF,-2.4492936e-16,1.000000,4.9600,0,0,1177.1000,0.119687,-2.588993,-0.082046,-0.624546,-1.002388,-0.492669,-0.627580,-0.867021,-0.781749,-0.042180,1.168794
2004,1,DF,0.500000,0.866025,1.2600,0,0,364.8800,0.635051,-2.634476,-0.183968,-1.130380,-0.846479,-0.183241,-1.090328,-0.679323,0.242508,0.215997,0.727985
2004,2,DF,0.866025,0.500000,1.2600,0,0,364.8800,0.744282,-2.581894,-0.125507,-1.139152,-1.002388,-0.328854,-1.084470,-1.148569,-0.202821,-0.042180,1.805517
2004,3,DF,1.000000,6.123234e-17,1.2600,0,0,364.8800,0.311895,-2.582683,-0.119065,-1.089446,-0.846479,-0.347055,-1.099114,-1.054720,-0.143444,-0.281915,0.825943
2004,4,DF,0.866025,-0.500000,1.8900,0,0,547.3200,-0.078680,-2.549819,-0.142715,-1.177163,-1.095933,-0.674685,-1.178191,-1.086003,-0.351264,-0.533945,0.434113
2004,5,DF,0.500000,-0.866025,5.0400,0,0,1459.5200,-0.476062,-1.221082,-0.097196,-0.741502,-1.813115,-0.492669,-1.257268,-1.836795,-0.336420,-0.392562,-0.153632
2004,6,DF,1.2246468e-16,-1.000000,9.4500,0,0,2736.6000,-0.476062,-2.482778,-0.067131,-1.852583,-2.249660,-1.184331,-1.884027,-2.149626,-0.826282,-0.115945,0.091262
2004,7,DF,-0.500000,-0.866025,12.6000,0,0,3648.8000,-0.476062,-2.512749,0.124720,-1.954920,-1.813115,-1.784986,-1.992392,-2.024493,-1.523964,0.437291,0.874921
2004,8,DF,-0.866025,-0.500000,12.6000,0,0,3648.8000,-0.476062,-2.502496,0.316383,-1.206402,-2.218478,-1.475558,-1.263126,-2.274758,-1.909916,0.228291,0.874921
2004,9,DF,-1.000000,-1.8369702e-16,9.4500,0,0,2736.6000,-0.476062,-2.551660,0.560653,-0.323385,-2.312023,-0.510870,-0.381563,-2.493739,-1.909916,0.609409,0.923900
2004,10,DF,-0.866025,0.500000,5.0400,0,0,1459.5200,-0.109148,-2.601086,0.241246,-0.522210,-1.158297,-0.365257,-0.545575,-1.273701,-1.405210,0.197556,0.874921
2004,11,DF,-0.500000,0.866025,1.8900,0,0,547.3200,-0.160360,-2.605030,-0.054848,-0.843838,-0.971206,-0.328854,-0.858954,-0.960871,-0.380953,0.197556,0.727985
2004,12,DF,-2.4492936e-16,1.000000,1.2600,0,0,364.8800,-0.079328,-2.605293,0.031766,-1.016348,-0.971206,-0.583677,-1.034681,-0.867021,-0.707528,-0.115945,0.972879
2005,1,DF,0.500000,0.866025,4.5200,0,0,1239.6200,0.319350,-2.621856,0.238558,-0.975414,-0.752934,-0.401660,-0.981963,-0.679323,0.049532,0.105350,1.168794
2005,2,DF,0.866025,0.500000,4.5200,0,0,1239.6200,0.339446,-2.599246,0.165760,-0.779513,-0.815297,-0.438064,-0.809165,-0.929587,-0.291887,0.013144,0.972879
2005,3,DF,1.000000,6.123234e-17,4.5200,0,0,1239.6200,0.708952,-2.582946,0.081758,-1.004653,-0.690570,-0.310652,-1.014179,-0.648040,0.153442,-0.460180,0.532070
2005,4,DF,0.866025,-0.500000,6.7800,0,0,1859.4300,-0.385954,-2.551134,0.161470,-0.811676,-0.940024,-0.365257,-0.832595,-1.054720,-0.321576,-0.036033,0.532070
2005,5,DF,0.500000,-0.866025,18.0800,0,0,4958.4800,-0.446890,-2.534308,0.072257,-1.457857,-1.064752,-1.129726,-1.473998,-1.023437,-0.841126,0.320497,1.462666
2005,6,DF,1.2246468e-16,-1.000000,33.9000,0,0,9297.1500,-0.457262,-2.493031,1.734745,-1.674225,-1.813115,-1.129726,-1.693657,-1.617814,-0.855971,0.283615,0.630028
2005,7,DF,-0.500000,-0.866025,45.2000,0,0,12396.2000,-0.476062,-2.464374,3.715171,-1.709312,-2.842114,-1.639373,-1.758090,-2.931701,-1.776318,0.148379,1.070836
2005,8,DF,-0.866025,-0.500000,45.2000,0,0,12396.2000,-0.354189,-2.504862,3.171900,-1.086522,-2.561478,-1.002315,-1.140117,-2.399890,-1.627874,0.320497,0.630028
2005,9,DF,-1.000000,-1.8369702e-16,33.9000,0,0,9297.1500,-0.306218,-2.541143,-0.064127,-0.472503,-1.501297,-0.510870,-0.504572,-1.555248,-1.642719,0.320497,1.119815
2005,10,DF,-0.866025,0.500000,18.0800,0,0,4958.4800,-0.364561,-2.585838,-0.004038,-0.045614,-0.908843,-0.165039,-0.097471,-0.992154,-1.776318,-0.017592,0.776964
2005,11,DF,-0.500000,0.866025,6.7800,0,0,1859.4300,0.267489,-2.621330,-0.174749,-1.098218,-1.033570,-0.347055,-1.087399,-1.117286,-0.366108,-0.115945,0.483092
2005,12,DF,-2.4492936e-16,1.000000,4.5200,0,0,1239.6200,0.792578,-2.615809,-0.162082,-1.294119,-0.908843,-0.438064,-1.286556,-0.992154,-0.618462,-0.263474,0.776964
2007,1,DF,0.500000,0.866025,4.6600,0,0,1430.5000,0.296661,-2.588730,-0.129145,-0.937403,-0.752934,-0.401660,-0.946818,-0.960871,-0.470019,-0.392562,0.679006
2007,2,DF,0.866025,0.500000,4.6600,0,0,1430.5000,0.367969,-2.593725,-0.124535,-1.092370,-0.908843,-0.256047,-1.090328,-0.992154,-0.336420,0.265173,1.021857
2007,3,DF,1.000000,6.123234e-17,4.6600,0,0,1430.5000,-0.358727,-2.563754,-0.015030,-0.703491,-1.127115,-0.347055,-0.730088,-0.867021,-0.781749,0.455732,0.238198
2007,4,DF,0.866025,-0.500000,6.9900,0,0,2145.7500,-0.308163,-2.555603,-0.093937,-0.861382,-1.283024,-0.711088,-0.891171,-1.054720,-0.722372,-0.140533,0.238198
2007,5,DF,0.500000,-0.866025,18.6400,0,0,5722.0000,-0.450131,-2.542458,-0.107319,-1.001729,-1.875478,-1.493759,-1.031752,-1.961927,-1.835695,-0.048327,0.434113
2007,6,DF,1.2246468e-16,-1.000000,34.9500,0,0,10728.7500,-0.476062,-2.489088,-0.116194,-1.402303,-1.937842,-1.111525,-1.432995,-2.087060,-1.568497,-0.005297,0.287177
2007,7,DF,-0.500000,-0.866025,46.6000,0,0,14305.0000,-0.476062,-2.506440,-0.113377,-1.288271,-1.969024,-1.220735,-1.333417,-2.180909,-1.405210,-0.023739,0.238198
2007,8,DF,-0.866025,-0.500000,46.6000,0,0,14305.0000,-0.476062,-2.500393,-0.034892,-1.282423,-2.904478,-1.166130,-1.318773,-3.119400,-1.909916,1.015115,1.315730
2007,9,DF,-1.000000,-1.8369702e-16,34.9500,0,0,10728.7500,-0.476062,-2.515904,-0.004434,-0.466656,-2.280842,-0.601878,-0.510429,-2.462456,-1.806006,0.996674,0.972879
2007,10,DF,-0.866025,0.500000,18.6400,0,0,5722.0000,-0.399567,-2.590044,-0.064178,-0.302917,-1.470115,-0.347055,-0.349346,-1.367550,-1.523964,0.381968,0.727985
2007,11,DF,-0.500000,0.866025,6.9900,0,0,2145.7500,0.326481,-2.629743,-0.103881,-0.718111,-0.846479,-0.256047,-0.771091,-0.835738,-0.499707,-0.029886,0.581049
2007,12,DF,-2.4492936e-16,1.000000,4.6600,0,0,1430.5000,0.281103,-2.613706,-0.086980,-0.975414,-1.002388,-0.711088,-0.979034,-0.960871,-1.108324,0.031585,0.336155
2008,1,DF,0.500000,0.866025,0.8000,0,0,254.6600,0.197478,-2.612392,-0.114127,-1.057283,-1.002388,-0.474467,-1.063969,-1.086003,-0.826282,-0.091356,0.727985
2008,2,DF,0.866025,0.500000,0.8000,0,0,254.6600,0.294716,-2.593725,-0.111673,-1.104065,-0.940024,-0.456265,-1.125473,-0.929587,-0.217665,-0.386415,0.825943
2008,3,DF,1.000000,6.123234e-17,0.8000,0,0,254.6600,0.214008,-2.595828,-0.107643,-1.191782,-1.095933,-0.510870,-1.184049,-1.054720,-0.084067,-0.306504,0.630028
2008,4,DF,0.866025,-0.500000,1.2000,0,0,381.9900,0.183864,-2.604504,-0.121485,-1.013425,-1.189479,-0.383459,-1.031752,-1.242418,-0.128600,-0.527798,-0.006696
2008,5,DF,0.500000,-0.866025,3.2000,0,0,1018.6400,-0.475413,-2.537726,-0.114357,-1.443238,-1.470115,-1.093323,-1.485713,-1.555248,-1.286455,-0.460180,-0.006696
2008,6,DF,1.2246468e-16,-1.000000,6.0000,0,0,1909.9500,-0.476062,-2.501444,-0.130871,-1.606976,-2.312023,-1.093323,-1.655582,-2.243475,-1.123168,-0.269621,-0.055674
2008,7,DF,-0.500000,-0.866025,8.0000,0,0,2546.6000,-0.476062,-2.479097,-0.099203,-1.779486,-2.966841,-1.402751,-1.834238,-3.056833,-1.924761,0.148379,0.825943
2008,8,DF,-0.866025,-0.500000,8.0000,0,0,2546.6000,-0.476062,-2.535097,-0.057617,-0.992957,-2.467932,-1.056920,-1.055182,-2.587588,-1.716940,0.172967,0.385134
2008,9,DF,-1.000000,-1.8369702e-16,6.0000,0,0,1909.9500,-0.208331,-2.548505,4.363439,-0.501742,-1.563660,-0.783895,-0.569005,-1.742946,-1.924761,0.000850,1.168794
2008,10,DF,-0.866025,0.500000,3.2000,0,0,1018.6400,-0.366506,-2.566383,0.256528,-0.232744,-1.345388,-0.492669,-0.270269,-1.242418,-1.449743,0.369674,0.679006
2008,11,DF,-0.500000,0.866025,1.2000,0,0,381.9900,0.496324,-2.616861,-0.150166,-0.987109,-1.127115,-0.547274,-0.996607,-1.148569,-0.841126,-0.091356,0.532070
2008,12,DF,-2.4492936e-16,1.000000,0.8000,0,0,254.6600,0.487248,-2.626063,-0.159939,-1.136228,-0.815297,-0.347055,-1.128402,-0.898304,-0.173133,-0.097503,0.679006
2009,1,DF,0.500000,0.866025,2.8600,0,0,931.2600,0.186457,-2.590044,-0.092054,-0.881849,-0.877661,-0.256047,-0.894099,-0.867021,-0.395797,-0.140533,0.874921
2009,2,DF,0.866025,0.500000,2.8600,0,0,931.2600,-0.001537,-2.591096,-0.061413,-0.832143,-0.908843,-0.310652,-0.867740,-0.898304,-0.321576,-0.134386,0.385134
2009,3,DF,1.000000,6.123234e-17,2.8600,0,0,931.2600,-0.212869,-2.601349,-0.108674,-0.785361,-0.752934,-0.328854,-0.809165,-0.867021,-0.499707,-0.392562,0.434113
2009,4,DF,0.866025,-0.500000,4.2900,0,0,1396.8900,0.754979,-2.564016,-0.161277,-1.191782,-0.877661,-0.638282,-1.184049,-0.804455,-0.455174,-0.441739,-0.153632
2009,5,DF,0.500000,-0.866025,11.4400,0,0,3725.0400,-0.301681,-2.533519,-0.155628,-1.428618,-1.376570,-1.129726,-1.432995,-1.367550,-1.063791,-0.367974,0.385134
2009,6,DF,1.2246468e-16,-1.000000,21.4500,0,0,6984.4500,-0.446890,-2.503810,-0.163135,-1.656682,-1.470115,-1.675776,-1.690728,-1.617814,-1.004414,-0.533945,-0.104653
2009,7,DF,-0.500000,-0.866025,28.6000,0,0,9312.6000,-0.476062,-2.501970,-0.128429,-1.297043,-2.280842,-1.202533,-1.359776,-2.431173,-1.657563,-0.232739,-0.006696
2009,8,DF,-0.866025,-0.500000,28.6000,0,0,9312.6000,-0.420312,-2.515378,-0.100047,-1.162543,-1.719569,-1.093323,-1.192835,-1.899361,-1.523964,0.363526,0.483092
2009,9,DF,-1.000000,-1.8369702e-16,21.4500,0,0,6984.4500,-0.322425,-2.538514,-0.111784,-0.615774,-1.158297,-0.401660,-0.645153,-1.242418,-0.707528,-0.269621,0.776964
2009,10,DF,-0.866025,0.500000,11.4400,0,0,3725.0400,0.408161,-2.606870,-0.122256,-0.890621,-0.908843,-0.456265,-0.902886,-0.867021,-0.455174,-0.361827,0.874921
2009,11,DF,-0.500000,0.866025,4.2900,0,0,1396.8900,0.143672,-2.626063,-0.115422,-0.747350,-0.877661,-0.365257,-0.762304,-0.867021,-0.499707,-0.411004,0.042283
2009,12,DF,-2.4492936e-16,1.000000,2.8600,0,0,931.2600,0.479599,-2.610814,-0.162636,-1.121609,-0.846479,-0.583677,-1.119616,-0.898304,-0.098911,0.068467,1.658581
2010,1,DF,0.500000,0.866025,2.6000,0,0,900.0800,-0.099230,-2.596091,-0.074382,-0.735654,-0.877661,-0.365257,-0.750589,-0.960871,-0.677839,-0.269621,0.483092
2010,2,DF,0.866025,0.500000,2.6000,0,0,900.0800,-0.368451,-2.559810,-0.009496,-0.215200,-0.908843,-0.401660,-0.229266,-0.898304,-0.173133,0.320497,0.238198
2010,3,DF,1.000000,6.123234e-17,2.6000,0,0,900.0800,0.266193,-2.604241,-0.098266,-0.744426,-0.378752,-0.274249,-0.759376,-0.554191,-0.291887,-0.048327,-0.055674
2010,4,DF,0.866025,-0.500000,3.9000,0,0,1350.1200,0.217573,-2.572429,-0.079972,-0.984186,-0.908843,-0.965911,-1.002464,-0.773172,-0.603617,-0.214298,0.091262
2010,5,DF,0.500000,-0.866025,10.4000,0,0,3600.3200,-0.395030,-2.572429,-0.122478,-1.022196,-1.189479,-1.184331,-1.072755,-1.336267,-1.093479,-0.490915,0.336155
2010,6,DF,1.2246468e-16,-1.000000,19.5000,0,0,6750.6000,-0.476062,-2.503810,-0.134420,-1.580661,-1.875478,-1.730381,-1.629223,-1.993210,-1.850539,0.099203,0.483092
2010,7,DF,-0.500000,-0.866025,26.0000,0,0,9000.8000,-0.476062,-2.480937,-0.070454,-1.422770,-2.779750,-1.038718,-1.476927,-2.931701,-1.672407,0.689321,0.825943
2010,8,DF,-0.866025,-0.500000,26.0000,0,0,9000.8000,-0.476062,-2.504073,-0.037747,-1.232717,-3.341023,-1.439154,-1.304129,-3.557362,-1.924761,0.504909,0.385134
2010,9,DF,-1.000000,-1.8369702e-16,19.5000,0,0,6750.6000,-0.476062,-2.557181,-0.014242,-0.416949,-1.626024,-0.529072,-0.472355,-1.711663,-1.924761,0.787674,0.336155
2010,10,DF,-0.866025,0.500000,10.4000,0,0,3600.3200,0.101535,-2.607659,-0.098121,-0.577764,-0.815297,-0.365257,-0.627580,-0.929587,-1.019258,-0.054474,0.532070
2010,11,DF,-0.500000,0.866025,3.9000,0,0,1350.1200,0.229242,-2.635527,-0.152318,-1.124533,-0.971206,-0.674685,-1.125473,-1.054720,-0.158288,-0.165121,0.434113
2010,12,DF,-2.4492936e-16,1.000000,2.6000,0,0,900.0800,0.548833,-2.666025,-0.113527,-0.978338,-0.721752,-0.638282,-0.990749,-0.679323,-0.737216,-0.091356,0.630028
2011,1,DF,0.500000,0.866025,2.6800,0,0,991.6000,-0.092942,-2.637105,-0.067220,-0.957870,-0.908843,-0.383459,-0.973177,-0.835738,-0.366108,0.437291,1.168794
2011,2,DF,0.866025,0.500000,2.6800,0,0,991.6000,0.039303,-2.609237,-0.096455,-0.937403,-0.971206,-0.310652,-0.987820,-0.898304,-1.019258,-0.281915,0.385134
2011,3,DF,1.000000,6.123234e-17,2.6800,0,0,991.6000,0.273324,-2.622119,-0.121110,-1.019272,-0.908843,-0.328854,-1.031752,-0.960871,-0.039534,-0.029886,0.189219
2011,4,DF,0.866025,-0.500000,4.0200,0,0,1487.4000,-0.282233,-2.572692,-0.081369,-1.007577,-0.971206,-0.638282,-1.031752,-1.117286,-1.227078,0.123791,0.091262
2011,5,DF,0.500000,-0.866025,10.7200,0,0,3966.4000,-0.436518,-2.551397,-0.114080,-1.413999,-1.407751,-1.075121,-1.459354,-1.586531,-1.063791,-0.079062,0.238198
2011,6,DF,1.2246468e-16,-1.000000,20.1000,0,0,7437.0000,-0.463745,-2.526158,-0.140324,-1.639139,-1.969024,-1.457356,-1.705372,-2.055777,-1.078635,-0.152827,0.434113
2011,7,DF,-0.500000,-0.866025,26.8000,0,0,9916.0000,-0.476062,-2.518008,-0.103451,-1.507563,-2.467932,-1.384549,-1.585292,-2.587588,-1.865383,0.203703,0.923900
2011,8,DF,-0.866025,-0.500000,26.8000,0,0,9916.0000,-0.476062,-2.526421,-0.034424,-0.782437,-2.343205,-1.220735,-0.864812,-2.431173,-1.924761,0.369674,0.825943
2011,9,DF,-1.000000,-1.8369702e-16,20.1000,0,0,7437.0000,-0.455317,-2.528524,-0.000664,-0.490047,-2.062569,-0.765693,-0.554361,-2.243475,-1.924761,0.627850,0.727985
2011,10,DF,-0.866025,0.500000,10.7200,0,0,3966.4000,0.395844,-2.608448,-0.183031,-1.253184,-0.940024,-0.984113,-1.257268,-1.054720,-1.182545,0.086909,0.483092
2011,11,DF,-0.500000,0.866025,4.0200,0,0,1487.4000,0.533923,-2.617650,-0.122550,-1.232717,-1.064752,-0.838500,-1.236767,-0.960871,-0.959881,0.277468,0.532070
2011,12,DF,-2.4492936e-16,1.000000,2.6800,0,0,991.6000,0.450298,-2.622382,-0.141999,-1.188858,-0.940024,-0.438064,-1.189906,-1.054720,-0.455174,0.117644,1.021857
2012,1,DF,0.500000,0.866025,2.0600,0,0,1376.1600,0.329722,-2.601612,-0.159398,-1.337977,-0.815297,-0.583677,-1.336345,-0.960871,-0.039534,0.019291,0.825943
2012,2,DF,0.866025,0.500000,2.0600,0,0,1376.1600,-0.136375,-2.593725,-0.075149,-1.057283,-1.220661,-0.656483,-1.087399,-1.211135,-0.796593,-0.048327,0.238198
2012,3,DF,1.000000,6.123234e-17,2.0600,0,0,1376.1600,0.115797,-2.581368,-0.097716,-0.925708,-1.002388,-0.492669,-0.964390,-1.054720,-1.420054,-0.245033,-0.055674
2012,4,DF,0.866025,-0.500000,3.0900,0,0,2064.2400,-0.119520,-2.579791,-0.095407,-0.805828,-0.971206,-0.529072,-0.838453,-1.086003,-1.019258,-0.318798,-0.006696
2012,5,DF,0.500000,-0.866025,8.2400,0,0,5504.6400,-0.345762,-2.531679,-0.166803,-1.604052,-1.501297,-0.893105,-1.614580,-1.617814,-0.885659,0.050026,0.140241
2012,6,DF,1.2246468e-16,-1.000000,15.4500,0,0,10321.2000,-0.468283,-2.510646,-0.136771,-1.378912,-1.563660,-1.147928,-1.415422,-1.117286,-1.286455,-0.134386,-0.055674
2012,7,DF,-0.500000,-0.866025,20.6000,0,0,13761.6000,-0.475413,-2.507754,-0.108065,-1.510487,-2.686205,-1.293541,-1.579434,-2.775286,-1.895072,0.037732,0.874921
2012,8,DF,-0.866025,-0.500000,20.6000,0,0,13761.6000,-0.476062,-2.473839,-0.050464,-1.498792,-3.216296,-1.093323,-1.541360,-3.244532,-1.924761,1.168792,0.679006
2012,9,DF,-1.000000,-1.8369702e-16,15.4500,0,0,10321.2000,-0.376230,-2.523791,-0.043353,-0.416949,-1.719569,-0.656483,-0.472355,-1.836795,-1.880228,0.412703,0.140241
2012,10,DF,-0.866025,0.500000,8.2400,0,0,5504.6400,-0.155823,-2.594777,-0.039391,-0.349700,-1.283024,-0.601878,-0.413779,-1.367550,-1.924761,0.302056,0.336155
2012,11,DF,-0.500000,0.866025,3.0900,0,0,2064.2400,0.683670,-2.633687,-0.155138,-1.057283,-0.659388,-0.456265,-1.061040,-0.585474,-0.143444,0.068467,0.483092
2012,12,DF,-2.4492936e-16,1.000000,2.0600,0,0,1376.1600,-0.050805,-2.614232,-0.061400,-0.706415,-0.971206,-0.419862,-0.762304,-0.929587,-1.197390,-0.226592,0.238198
2013,1,DF,0.500000,0.866025,0.4000,0,0,527.6000,0.991593,-2.600561,-0.150852,-1.095294,-0.721752,-0.601878,-1.087399,-0.835738,-1.063791,0.025438,2.344283
2013,2,DF,0.866025,0.500000,0.4000,0,0,527.6000,0.030227,-2.595565,-0.043796,-0.636242,-1.033570,-0.583677,-0.674441,-0.992154,-0.945036,-0.091356,-0.055674
2013,3,DF,1.000000,6.123234e-17,0.4000,0,0,527.6000,0.073012,-2.585312,-0.113480,-0.791208,-0.752934,-0.256047,-0.815022,-0.679323,-0.277043,-0.152827,-0.006696
2013,4,DF,0.866025,-0.500000,0.6000,0,0,791.4000,-0.186939,-2.557970,-0.134807,-1.197630,-0.752934,-0.783895,-1.207479,-0.773172,-0.588773,-0.300356,0.336155
2013,5,DF,0.500000,-0.866025,1.6000,0,0,2110.4000,-0.408643,-2.539303,-0.106322,-1.259032,-1.594842,-1.020516,-1.304129,-1.711663,-1.108324,-0.165121,-0.153632
2013,6,DF,1.2246468e-16,-1.000000,3.0000,0,0,3957.0000,-0.456614,-2.515904,-0.159492,-1.425694,-1.470115,-1.020516,-1.456425,-1.430116,-1.449743,-0.202003,0.238198
2013,7,DF,-0.500000,-0.866025,4.0000,0,0,5276.0000,-0.476062,-2.495135,-0.110212,-1.536802,-2.312023,-1.311743,-1.611651,-2.212192,-1.494276,0.019291,0.189219
2013,8,DF,-0.866025,-0.500000,4.0000,0,0,5276.0000,-0.476062,-2.520900,-0.062448,-1.145000,-2.966841,-1.348146,-1.222123,-3.119400,-1.924761,0.461880,0.140241
2013,9,DF,-1.000000,-1.8369702e-16,3.0000,0,0,3957.0000,-0.286122,-2.544824,-0.074011,-0.715187,-1.189479,-0.783895,-0.765233,-1.211135,-1.746629,0.701615,0.532070
2013,10,DF,-0.866025,0.500000,1.6000,0,0,2110.4000,-0.200552,-2.576110,-0.097107,-0.878925,-1.095933,-0.874903,-0.905815,-1.211135,-1.152857,0.185262,0.091262
2013,11,DF,-0.500000,0.866025,0.6000,0,0,791.4000,0.333612,-2.622119,-0.102271,-0.943251,-0.752934,-0.456265,-0.961461,-0.835738,-0.870815,0.074614,0.189219
2013,12,DF,-2.4492936e-16,1.000000,0.4000,0,0,527.6000,0.520958,-2.638682,-0.132349,-1.068979,-0.815297,-0.328854,-1.081541,-0.679323,-0.306731,0.209850,0.825943
2014,1,DF,0.500000,0.866025,2.5400,0,0,2599.1400,-0.035895,-2.570063,-0.026039,-0.814599,-0.877661,-0.565475,-0.858954,-0.992154,-0.974725,0.142232,0.532070
2014,2,DF,0.866025,0.500000,2.5400,0,0,2599.1400,-0.072197,-2.593199,-0.076789,-0.908164,-0.877661,-0.510870,-0.929245,-1.086003,-0.722372,0.099203,0.042283
2014,3,DF,1.000000,6.123234e-17,2.5400,0,0,2599.1400,0.514475,-2.577688,-0.139451,-1.083598,-0.597025,-0.620080,-1.090328,-0.710606,-0.336420,-0.208151,1.364709
2014,4,DF,0.866025,-0.500000,3.8100,0,0,3898.7100,0.224056,-2.564279,-0.114690,-1.016348,-0.659388,-0.802097,-1.037610,-0.648040,-0.766905,-0.423298,0.091262
2014,5,DF,0.500000,-0.866025,10.1600,0,0,10396.5600,-0.468283,-2.544035,-0.116096,-1.337977,-1.283024,-1.275340,-1.397850,-1.148569,-1.613030,-0.558533,-0.153632
2014,6,DF,1.2246468e-16,-1.000000,19.0500,0,0,19493.5500,-0.451428,-2.509857,-0.142421,-1.598204,-1.251842,-1.384549,-1.652654,-1.461399,-1.123168,-0.669180,-0.202610
2014,7,DF,-0.500000,-0.866025,25.4000,0,0,25991.4000,-0.453373,-2.463586,-0.121839,-1.718084,-1.969024,-1.366348,-1.769805,-2.118343,-1.627874,-0.331092,-0.349547
2014,8,DF,-0.866025,-0.500000,25.4000,0,0,25991.4000,-0.476062,-2.500393,-0.062440,-1.092370,-3.185114,-1.129726,-1.189906,-3.369664,-1.909916,-0.128239,0.385134
2014,9,DF,-1.000000,-1.8369702e-16,19.0500,0,0,19493.5500,-0.428739,-2.549556,-0.028161,-0.323385,-1.719569,-0.802097,-0.390349,-1.492682,-1.895072,0.449585,0.385134
2014,10,DF,-0.866025,0.500000,10.1600,0,0,10396.5600,0.041896,-2.567171,-0.045121,-0.425721,-1.033570,-0.729290,-0.489928,-0.992154,-1.909916,0.449585,0.727985
2014,11,DF,-0.500000,0.866025,3.8100,0,0,3898.7100,0.108666,-2.606082,-0.119751,-0.914012,-0.659388,-0.328854,-0.940960,-0.554191,-0.529396,-0.165121,0.140241
2014,12,DF,-2.4492936e-16,1.000000,2.5400,0,0,2599.1400,0.564391,-2.590307,-0.133878,-1.115761,-0.659388,-0.583677,-1.119616,-0.835738,-0.826282,0.050026,0.336155
2016,1,DF,0.500000,0.866025,5.7400,0,0,3913.0200,0.642182,-2.606345,-0.161801,-1.054359,-0.222843,-0.219644,-1.043467,-0.272644,-0.722372,0.259026,-0.006696
2016,2,DF,0.866025,0.500000,5.7400,0,0,3913.0200,-0.216759,-2.554026,-0.020654,-0.533905,-0.971206,-0.310652,-0.598293,-0.960871,-1.182545,-0.251180,0.532070
2016,3,DF,1.000000,6.123234e-17,5.7400,0,0,3913.0200,-0.069604,-2.537989,-0.095603,-0.665481,-1.002388,-0.310652,-0.686156,-0.898304,-0.470019,-0.152827,-0.251589
2016,4,DF,0.866025,-0.500000,8.6100,0,0,5869.5300,-0.444297,-2.546402,-0.055214,-0.568992,-1.470115,-0.638282,-0.624652,-1.492682,-0.692683,-0.072915,0.238198
2016,5,DF,0.500000,-0.866025,22.9600,0,0,15652.0800,-0.465690,-2.502496,-0.110817,-0.937403,-1.532479,-0.874903,-1.005393,-1.586531,-0.930192,-0.337239,-0.300568
2016,6,DF,1.2246468e-16,-1.000000,43.0500,0,0,29347.6500,-0.476062,-2.471736,-0.135429,-1.413999,-1.844297,-1.693977,-1.473998,-2.024493,-1.791162,-0.079062,0.287177
2016,7,DF,-0.500000,-0.866025,57.4000,0,0,39130.2000,-0.476062,-2.486196,-0.092919,-1.247336,-2.717387,-1.147928,-1.345132,-2.869135,-1.731785,0.062320,0.287177
2016,8,DF,-0.866025,-0.500000,57.4000,0,0,39130.2000,-0.419663,-2.509857,-0.086946,-0.922784,-2.187296,-1.457356,-1.005393,-2.243475,-1.761473,0.142232,0.434113
2016,9,DF,-1.000000,-1.8369702e-16,43.0500,0,0,29347.6500,-0.304922,-2.535622,-0.059888,-0.326309,-1.719569,-0.529072,-0.404993,-1.555248,-1.820850,0.289762,0.287177
2016,10,DF,-0.866025,0.500000,22.9600,0,0,15652.0800,-0.186939,-2.584523,-0.084713,-0.487123,-1.064752,-0.747492,-0.528002,-1.179852,-1.019258,0.166820,0.972879
2016,11,DF,-0.500000,0.866025,8.6100,0,0,5869.5300,0.390010,-2.601612,-0.146592,-0.972490,-1.095933,-0.456265,-0.976105,-1.117286,-0.529396,0.166820,0.140241
2016,12,DF,-2.4492936e-16,1.000000,5.7400,0,0,3913.0200,0.012724,-2.587152,-0.062491,-0.852610,-1.095933,-0.419862,-0.876527,-1.148569,-1.004414,0.271321,1.021857
2017,1,DF,0.500000,0.866025,8.2800,0,0,5119.6400,-0.009965,-2.577951,-0.065699,-0.747350,-1.095933,-0.310652,-0.794521,-0.898304,-0.959881,-0.337239,0.825943
2017,2,DF,0.866025,0.500000,8.2800,0,0,5119.6400,0.310923,-2.580317,-0.115316,-1.045587,-0.971206,-0.419862,-1.058111,-0.710606,-0.217665,-0.048327,0.336155
2017,3,DF,1.000000,6.123234e-17,8.2800,0,0,5119.6400,0.100239,-2.574796,-0.087964,-0.814599,-1.002388,-0.419862,-0.853097,-1.086003,-0.677839,-0.509357,0.825943
2017,4,DF,0.866025,-0.500000,12.4200,0,0,7679.4600,-0.393733,-2.554552,-0.098730,-0.735654,-1.002388,-0.529072,-0.753518,-0.929587,-0.484863,-0.128239,-0.202610
2017,5,DF,0.500000,-0.866025,33.1200,0,0,20478.5600,-0.267971,-2.527998,-0.136132,-1.159619,-1.189479,-0.911307,-1.195764,-1.023437,-1.509120,-0.324945,0.091262
2017,6,DF,1.2246468e-16,-1.000000,62.1000,0,0,38397.3000,-0.476062,-2.489876,-0.122848,-1.510487,-1.750751,-1.275340,-1.558933,-1.805512,-1.806006,0.136085,0.238198
2017,7,DF,-0.500000,-0.866025,82.8000,0,0,51196.4000,-0.476062,-2.428356,-0.086635,-2.124506,-3.216296,-1.602969,-2.159333,-3.275815,-1.835695,1.039704,1.021857
2017,8,DF,-0.866025,-0.500000,82.8000,0,0,51196.4000,-0.476062,-2.515904,-0.045697,-0.914012,-3.091568,-1.493759,-1.020037,-3.275815,-1.880228,0.136085,0.532070
2017,9,DF,-1.000000,-1.8369702e-16,62.1000,0,0,38397.3000,-0.443649,-2.499604,-0.043451,-0.858458,-2.280842,-0.911307,-0.885313,-2.368607,-1.924761,1.021262,0.581049
2017,10,DF,-0.866025,0.500000,33.1200,0,0,20478.5600,-0.359375,-2.583472,-0.051261,-0.092397,-1.376570,-0.929508,-0.167762,-1.430116,-1.924761,0.523350,0.287177
2017,11,DF,-0.500000,0.866025,12.4200,0,0,7679.4600,0.605880,-2.613180,-0.148841,-0.992957,-1.064752,-0.419862,-1.002464,-1.117286,-0.945036,0.105350,1.707560
2017,12,DF,-2.4492936e-16,1.000000,8.2800,0,0,5119.6400,0.360838,-2.608185,-0.131714,-1.010501,-0.877661,-0.529072,-1.025895,-0.898304,-0.648150,-0.140533,0.140241
2018,1,DF,0.500000,0.866025,4.5000,0,0,4183.7400,0.038654,-2.586889,-0.037512,-0.823371,-1.033570,-0.510870,-0.858954,-0.960871,-0.974725,-0.048327,0.140241
2018,2,DF,0.866025,0.500000,4.5000,0,0,4183.7400,0.359542,-2.600298,-0.088974,-0.992957,-0.908843,-0.474467,-1.005393,-0.741889,-0.603617,0.068467,0.727985
2018,3,DF,1.000000,6.123234e-17,4.5000,0,0,4183.7400,0.262951,-2.586101,-0.111119,-0.843838,-0.721752,-0.328854,-0.864812,-0.648040,-0.588773,-0.257327,-0.055674
2018,4,DF,0.866025,-0.500000,6.7500,0,0,6275.6100,0.216277,-2.535359,-0.143226,-1.282423,-0.752934,-0.583677,-1.277770,-0.867021,-0.499707,0.037732,0.238198
2018,5,DF,0.500000,-0.866025,18.0000,0,0,16734.9600,-0.444945,-2.505914,-0.103860,-1.530954,-1.875478,-1.493759,-1.579434,-2.087060,-1.138012,-0.097503,-0.104653
2018,6,DF,1.2246468e-16,-1.000000,33.7500,0,0,31378.0500,-0.476062,-2.479097,-0.116347,-1.598204,-2.156114,-1.511961,-1.667298,-2.274758,-1.598186,-0.367974,-0.006696
2018,7,DF,-0.500000,-0.866025,45.0000,0,0,41837.4000,-0.476062,-2.483567,-0.090154,-1.624519,-2.873296,-1.329944,-1.714158,-3.025550,-1.627874,-0.177415,0.042283
2018,8,DF,-0.866025,-0.500000,45.0000,0,0,41837.4000,-0.401512,-2.498027,-0.105091,-0.960794,-2.156114,-1.129726,-1.028823,-2.243475,-1.895072,-0.054474,0.336155
2018,9,DF,-1.000000,-1.8369702e-16,33.7500,0,0,31378.0500,-0.347707,-2.569275,-0.039613,-0.454960,-1.657206,-1.184331,-0.551432,-1.523965,-1.909916,-0.029886,-0.447504
2018,10,DF,-0.866025,0.500000,18.0000,0,0,16734.9600,0.410106,-2.588730,-0.124497,-0.522210,-0.628206,-0.292450,-0.554361,-0.710606,-0.959881,-0.152827,0.336155
2018,11,DF,-0.500000,0.866025,6.7500,0,0,6275.6100,0.492435,-2.595828,-0.160872,-1.171315,-0.908843,-0.565475,-1.166476,-0.835738,-0.187977,-0.251180,-0.300568
2018,12,DF,-2.4492936e-16,1.000000,4.5000,0,0,4183.7400,0.170251,-2.571115,-0.086469,-0.934479,-0.784115,-0.529072,-0.967319,-0.960871,-1.138012,0.050026,-0.055674
2020,1,DF,0.500000,0.866025,1.1800,0,0,879.2400,0.531978,-2.596354,-0.431711,-0.785361,-0.565843,-0.274249,-0.800378,-0.491625,-0.588773,0.277468,0.287177
2020,2,DF,0.866025,0.500000,1.1800,0,0,879.2400,0.153396,-2.566383,-0.431711,-0.916936,-0.815297,-0.438064,-0.935102,-0.679323,-0.187977,-0.361827,0.581049
2020,3,DF,1.000000,6.123234e-17,1.1800,0,0,879.2400,0.440574,-2.572692,-0.431711,-0.960794,-0.784115,-0.529072,-0.970248,-0.741889,-0.232510,-0.183562,-0.300568
2020,4,DF,0.866025,-0.500000,1.7700,0,0,1318.8600,0.106722,-2.535359,-0.431711,-1.057283,-0.721752,-1.020516,-1.063969,-0.554191,-0.351264,-0.269621,-0.300568
2020,5,DF,0.500000,-0.866025,4.7200,0,0,3516.9600,-0.381416,-2.505388,-0.431711,-1.668378,-1.095933,-1.784986,-1.702443,-1.054720,-1.271611,-0.533945,-0.496483
2020,6,DF,1.2246468e-16,-1.000000,8.8500,0,0,6594.3000,-0.476062,-2.486984,-0.431711,-1.677149,-1.875478,-1.439154,-1.740517,-1.930644,-1.405210,-0.115945,0.727985
2020,7,DF,-0.500000,-0.866025,11.8000,0,0,8792.4000,-0.476062,-2.493294,-0.431711,-1.636215,-2.717387,-1.311743,-1.705372,-2.837852,-1.776318,0.129938,0.532070
2020,8,DF,-0.866025,-0.500000,11.8000,0,0,8792.4000,-0.476062,-2.504073,-0.431711,-1.308738,-2.717387,-1.675776,-1.368562,-2.775286,-1.880228,0.492615,0.042283
2020,9,DF,-1.000000,-1.8369702e-16,8.8500,0,0,6594.3000,-0.379471,-2.529838,-0.431711,-0.393558,-1.813115,-0.674685,-0.469426,-1.868078,-1.909916,0.289762,-0.055674
2020,10,DF,-0.866025,0.500000,4.7200,0,0,3516.9600,0.072364,-2.587415,-0.431711,-0.352624,-0.721752,-0.274249,-0.390349,-0.867021,-1.835695,0.099203,0.238198
2020,11,DF,-0.500000,0.866025,1.7700,0,0,1318.8600,0.256469,-2.589519,-0.431711,-0.963718,-1.002388,-0.474467,-0.984892,-1.054720,-0.618462,-0.036033,-0.153632
2020,12,DF,-2.4492936e-16,1.000000,1.1800,0,0,879.2400,0.025041,-2.595040,-0.431711,-0.718111,-0.908843,-0.492669,-0.759376,-0.867021,-0.855971,-0.349533,0.434113
2021,1,DF,0.500000,0.866025,0.7400,0,0,2961.9600,0.371859,-2.590833,-0.431711,-0.767817,-0.971206,-0.583677,-0.823809,-0.960871,-0.648150,-0.269621,0.679006
2021,2,DF,0.866025,0.500000,0.7400,0,0,2961.9600,1.272288,-2.611340,-0.431711,-1.180087,-0.690570,-0.492669,-1.186978,-0.773172,-0.084067,-0.232739,0.483092
2021,3,DF,1.000000,6.123234e-17,0.7400,0,0,2961.9600,0.045137,-2.575321,-0.431711,-0.931555,-0.752934,-0.783895,-0.970248,-0.710606,-1.241923,-0.349533,0.238198
2021,4,DF,0.866025,-0.500000,1.1100,0,0,4442.9400,-0.081273,-2.563228,-0.431711,-1.221021,-1.220661,-1.020516,-1.251411,-1.117286,-0.781749,-0.429445,0.238198
2021,5,DF,0.500000,-0.866025,2.9600,0,0,11847.8400,-0.463097,-2.516167,-0.431711,-1.449085,-1.470115,-1.147928,-1.509143,-1.680380,-0.885659,-0.644592,-0.300568
2021,6,DF,1.2246468e-16,-1.000000,5.5500,0,0,22214.7000,-0.380120,-2.502233,-0.431711,-1.630367,-1.875478,-1.930599,-1.702443,-2.087060,-1.479431,-0.429445,0.287177
2021,7,DF,-0.500000,-0.866025,7.4000,0,0,29619.6000,-0.476062,-2.471736,-0.431711,-1.893518,-3.122750,-1.712179,-2.009965,-3.275815,-1.746629,-0.257327,-0.153632
2021,8,DF,-0.866025,-0.500000,7.4000,0,0,29619.6000,-0.466986,-2.495135,-0.431711,-1.159619,-2.717387,-1.384549,-1.227980,-2.806569,-1.820850,0.308203,0.287177
2021,9,DF,-1.000000,-1.8369702e-16,5.5500,0,0,22214.7000,-0.435222,-2.548768,-0.431711,-0.013451,-1.470115,-0.711088,-0.109186,-1.555248,-1.924761,-0.029886,0.091262
2021,10,DF,-0.866025,0.500000,2.9600,0,0,11847.8400,0.035413,-2.584786,-0.431711,-0.507590,-1.095933,-0.401660,-0.539717,-1.117286,-1.420054,0.019291,-0.006696
2021,11,DF,-0.500000,0.866025,1.1100,0,0,4442.9400,0.631810,-2.615021,-0.431711,-1.051435,-0.784115,-0.510870,-1.049325,-0.835738,-0.262198,-0.103650,0.385134
2021,12,DF,-2.4492936e-16,1.000000,0.7400,0,0,2961.9600,0.791281,-2.638419,-0.431711,-1.083598,-0.628206,-0.510870,-1.090328,-0.710606,0.049532,-0.165121,0.434113
2022,1,DF,0.500000,0.866025,1.9200,0,0,5870.2200,-0.043026,-2.596354,-0.431711,-1.004653,-0.846479,-0.456265,-1.037610,-0.679323,-0.900504,0.308203,0.189219
2022,2,DF,0.866025,0.500000,1.9200,0,0,5870.2200,0.288234,-2.588467,-0.431711,-1.045587,-0.846479,-0.438064,-1.055182,-0.898304,-0.158288,-0.189709,-0.202610
2022,3,DF,1.000000,6.123234e-17,1.9200,0,0,5870.2200,-0.081921,-2.580580,-0.431711,-0.802904,-0.908843,-0.656483,-0.858954,-0.992154,-0.692683,-0.238886,1.217772
2022,4,DF,0.866025,-0.500000,2.8800,0,0,8805.3300,-0.400216,-2.565594,-0.431711,-0.750274,-0.940024,-0.783895,-0.806236,-0.960871,-0.855971,-0.171268,-0.251589
2022,5,DF,0.500000,-0.866025,7.6800,0,0,23480.8800,-0.428739,-2.521162,-0.431711,-1.551422,-1.283024,-2.403842,-1.623366,-1.492682,-1.924761,-0.275768,-0.006696
2022,6,DF,1.2246468e-16,-1.000000,14.4000,0,0,44026.6500,-0.476062,-2.517745,-0.431711,-1.566041,-2.093751,-1.402751,-1.646796,-2.212192,-1.613030,-0.386415,-0.398525
2022,7,DF,-0.500000,-0.866025,19.2000,0,0,58702.2000,-0.476062,-2.490665,-0.431711,-1.612824,-3.153932,-1.530163,-1.696585,-3.244532,-1.820850,0.080762,0.385134
2022,8,DF,-0.866025,-0.500000,19.2000,0,0,58702.2000,-0.476062,-2.510383,-0.431711,-1.095294,-2.842114,-1.602969,-1.184049,-3.025550,-1.820850,0.277468,0.483092
2022,9,DF,-1.000000,-1.8369702e-16,14.4000,0,0,44026.6500,-0.345114,-2.548505,-0.431711,-0.580688,-1.563660,-1.147928,-0.656868,-1.304984,-1.924761,0.172967,-0.104653
2022,10,DF,-0.866025,0.500000,7.6800,0,0,23480.8800,-0.361320,-2.576899,-0.431711,-0.355548,-1.127115,-0.292450,-0.410851,-1.179852,-1.806006,0.314350,-0.006696
2022,11,DF,-0.500000,0.866025,2.8800,0,0,8805.3300,0.912505,-2.609500,-0.431711,-1.238565,-1.002388,-0.838500,-1.268983,-1.117286,-0.588773,0.006997,-0.055674
2022,12,DF,-2.4492936e-16,1.000000,1.9200,0,0,5870.2200,0.571522,-2.621067,-0.431711,-1.191782,-0.971206,-0.419862,-1.198693,-0.835738,-0.113755,0.062320,-0.153632
2023,1,DF,0.500000,0.866025,3.9400,0,0,8387.8200,0.142376,-2.581368,-0.431711,-1.130380,-1.002388,-0.565475,-1.154761,-1.054720,-0.262198,-0.158974,0.776964
2023,2,DF,0.866025,0.500000,3.9400,0,0,8387.8200,-0.297791,-2.569800,-0.431711,-0.630394,-0.971206,-0.438064,-0.677370,-1.179852,-0.692683,-0.355680,-0.153632
2023,3,DF,1.000000,6.123234e-17,3.9400,0,0,8387.8200,-0.037840,-2.559547,-0.431711,-0.978338,-1.064752,-0.692887,-1.011251,-1.086003,-0.484863,-0.472474,-0.055674
2023,4,DF,0.866025,-0.500000,5.9100,0,0,12581.7300,0.130707,-2.568223,-0.431711,-1.130380,-0.752934,-0.529072,-1.157690,-0.804455,-0.277043,-0.294209,1.021857
2023,5,DF,0.500000,-0.866025,15.7600,0,0,33551.2800,-0.470227,-2.519322,-0.431711,-1.422770,-1.376570,-1.257138,-1.494500,-1.398833,-1.330988,-0.650739,-0.496483
2023,6,DF,1.2246468e-16,-1.000000,29.5500,0,0,62908.6500,-0.468931,-2.478308,-0.431711,-1.650834,-1.969024,-1.548364,-1.728802,-2.087060,-1.108324,-0.441739,-0.398525
2023,7,DF,-0.500000,-0.866025,39.4000,0,0,83878.2000,-0.476062,-2.475154,-0.431711,-1.519259,-2.748569,-1.548364,-1.623366,-2.837852,-1.583342,-0.238886,0.336155
2023,8,DF,-0.866025,-0.500000,39.4000,0,0,83878.2000,-0.354189,-2.517482,-0.431711,-0.919860,-1.127115,-1.220735,-1.008322,-1.242418,-1.924761,-0.140533,0.238198
2023,9,DF,-1.000000,-1.8369702e-16,29.5500,0,0,62908.6500,-0.378823,-2.544561,-0.431711,-0.150875,-1.095933,-0.347055,-0.217551,-1.273701,-1.613030,0.025438,0.140241
2023,10,DF,-0.866025,0.500000,15.7600,0,0,33551.2800,-0.067011,-2.584260,-0.431711,-0.109940,-0.690570,-0.128636,-0.176548,-0.554191,-1.138012,-0.140533,-0.055674
2023,11,DF,-0.500000,0.866025,5.9100,0,0,12581.7300,-0.138320,-2.593725,-0.431711,-0.185961,-0.409934,-0.365257,-0.246839,-0.366493,-1.167701,-0.060621,0.385134
2023,12,DF,-2.4492936e-16,1.000000,3.9400,0,0,8387.8200,-0.068308,-2.590044,-0.431711,-0.457884,-0.534661,-0.256047,-0.513358,-0.554191,-1.004414,-0.152827,-0.300568
2001,9,MS,-1.000000,-1.8369702e-16,17846.5500,1,1,4523124.6000,0.071716,-0.841705,-0.112193,-0.495895,-0.628206,-2.149019,-0.504572,-0.554191,-1.924761,1.549910,2.344283
2001,10,MS,-0.866025,0.500000,9518.1600,1,1,2412333.1200,-0.151933,-0.865104,-0.107178,-0.229820,-0.472297,-0.856702,-0.252696,-0.366493,-1.330988,0.418850,2.540198
2001,11,MS,-0.500000,0.866025,3569.3100,1,0,904624.9200,0.445760,-0.911113,-0.093209,-0.121636,0.151339,-0.165039,-0.135545,0.134035,-0.306731,0.283615,2.344283
2001,12,MS,-2.4492936e-16,1.000000,2379.5400,1,0,603083.2800,0.251931,-0.914268,-0.077006,-0.299993,0.120157,-1.075121,-0.308343,0.196602,-1.330988,-0.017592,1.217772
2002,1,MS,0.500000,0.866025,3094.5000,1,0,833292.3000,-0.028440,-0.906118,-0.023261,0.156135,0.369611,-0.474467,0.136831,0.196602,-0.262198,0.646291,1.854496
2002,2,MS,0.866025,0.500000,3094.5000,1,0,833292.3000,-0.139616,-0.872466,-0.049220,0.138591,-0.066934,-0.110434,0.130974,0.071469,-0.321576,0.142232,1.658581
2002,3,MS,1.000000,6.123234e-17,3094.5000,1,0,833292.3000,-0.154526,-0.860635,-0.077360,0.226308,0.182520,0.217196,0.195407,0.165319,0.346418,-0.109797,1.609602
2002,4,MS,0.866025,-0.500000,4641.7500,1,0,1249938.4500,-0.319832,-0.852222,-0.109202,0.255547,-0.285207,-0.110434,0.195407,-0.241361,-0.662995,0.916762,-1.334019
2002,5,MS,0.500000,-0.866025,12378.0000,1,1,3333169.2000,-0.244634,-0.815152,-0.142348,-0.466656,-0.534661,-1.584768,-0.481141,-0.679323,-0.841126,1.039704,-1.098921
2002,6,MS,1.2246468e-16,-1.000000,23208.7500,1,1,6249692.2500,-0.474765,-0.744167,-0.147567,-0.814599,-1.657206,-1.475558,-0.864812,-1.774229,-1.048947,1.156498,-0.868721
2002,7,MS,-0.500000,-0.866025,30945.0000,1,1,8332923.0000,-0.050157,-0.753105,-0.196451,-1.109913,-0.503479,-2.385640,-1.137188,-0.710606,-1.909916,1.273292,-0.633623
2002,8,MS,-0.866025,-0.500000,30945.0000,1,1,8332923.0000,-0.357431,-0.797800,-0.161563,-0.168418,-1.127115,-1.639373,-0.220480,-1.148569,-1.716940,1.396233,-0.398525
2002,9,MS,-1.000000,-1.8369702e-16,23208.7500,1,1,6249692.2500,-0.291957,-0.818044,-0.148193,-0.718111,-0.721752,-2.676867,-0.768162,-0.867021,-1.924761,1.513028,-0.173223
2002,10,MS,-0.866025,0.500000,12378.0000,1,1,3333169.2000,-0.082245,-0.892973,-0.081352,0.463144,-0.254025,-0.328854,0.426781,-0.241361,-0.321576,1.439263,2.393262
2002,11,MS,-0.500000,0.866025,4641.7500,1,0,1249938.4500,-0.111093,-0.886137,0.000989,0.238004,-0.378752,-0.419862,0.233481,-0.522908,-1.048947,1.285586,2.638155
2002,12,MS,-2.4492936e-16,1.000000,3094.5000,1,0,833292.3000,-0.124382,-0.894813,-0.056838,0.498231,-0.316388,0.381011,0.479499,-0.210078,0.212819,0.517203,0.532070
2003,1,MS,0.500000,0.866025,2248.7400,0,0,644597.1800,0.574439,-0.900334,-0.127224,0.012864,0.276066,0.071583,-0.000821,0.196602,0.153442,-0.134386,-1.010759
2003,2,MS,0.866025,0.500000,2248.7400,0,0,644597.1800,-0.142858,-0.855903,-0.259603,-0.036843,0.244884,0.253599,0.048968,0.102752,0.361263,0.560233,-1.397691
2003,3,MS,1.000000,6.123234e-17,2248.7400,0,0,644597.1800,0.007538,-0.861686,-0.131953,-0.092397,-0.004570,-0.638282,-0.071112,-0.022380,0.138598,1.199527,-1.270347
2003,4,MS,0.866025,-0.500000,3373.1100,1,0,966895.7700,-0.024875,-0.808053,-0.123168,-0.408178,-0.160479,-1.566566,-0.419637,-0.178795,-1.479431,1.857263,-1.147900
2003,5,MS,0.500000,-0.866025,8994.9600,1,1,2578388.7200,-0.256951,-0.772824,-0.144218,-1.203478,-0.628206,-1.875994,-1.233838,-0.710606,-1.835695,2.336734,-1.025453
2003,6,MS,1.2246468e-16,-1.000000,16865.5500,1,1,4834478.8500,-0.336362,-0.774138,-0.159556,-0.852610,-0.877661,-0.783895,-0.905815,-0.960871,-1.108324,2.435087,-0.903006
2003,7,MS,-0.500000,-0.866025,22487.4000,1,1,6445971.8000,-0.373313,-0.738908,-0.167702,-0.946175,-1.470115,-1.857792,-1.008322,-1.586531,-1.850539,2.521146,-0.775661
2003,8,MS,-0.866025,-0.500000,22487.4000,1,1,6445971.8000,-0.110121,-0.728655,-0.147525,-1.583585,-1.407751,-2.331035,-1.614580,-1.523965,-1.909916,2.607205,-0.648317
2003,9,MS,-1.000000,-1.8369702e-16,16865.5500,1,1,4834478.8500,-0.263757,-0.803321,-0.185272,-0.522210,-1.283024,-2.312834,0.321345,-1.398833,-1.880228,2.687117,-0.525870
2003,10,MS,-0.866025,0.500000,8994.9600,1,1,2578388.7200,-0.476062,-0.897442,-0.432810,-0.156722,-1.445170,2.492402,2.570648,-2.155882,-0.645181,2.773176,-0.403423
2003,11,MS,-0.500000,0.866025,3373.1100,1,0,966895.7700,-0.230372,-0.898494,-0.360617,0.319873,-0.409934,-0.256047,1.615866,-0.272644,0.270712,2.416646,1.021857
2003,12,MS,-2.4492936e-16,1.000000,2248.7400,0,0,644597.1800,-0.073170,-0.900071,-0.032638,0.208765,-0.004570,-0.110434,0.195407,0.227885,0.316730,0.726203,2.099389
2004,1,MS,0.500000,0.866025,2715.3200,1,0,800708.7600,-0.290660,-0.943714,-0.017540,0.314025,0.182520,0.107986,0.274484,0.165319,-0.470019,0.578674,2.442240
2004,2,MS,0.866025,0.500000,2715.3200,1,0,800708.7600,-0.141561,-0.881405,-0.073926,0.001168,-0.285207,-0.037627,-0.024252,-0.116229,-0.351264,0.590968,1.756538
2004,3,MS,1.000000,6.123234e-17,2715.3200,1,0,800708.7600,-0.283529,-0.872203,-0.043775,0.167830,0.057793,-0.529072,0.110472,0.102752,-0.989569,0.375821,1.413687
2004,4,MS,0.866025,-0.500000,4072.9800,1,0,1201063.1400,0.013372,-0.849067,-0.158542,-0.218124,-0.098116,-0.765693,-0.229266,-0.210078,-0.128600,0.418850,1.070836
2004,5,MS,0.500000,-0.866025,10861.2800,1,1,3202835.0400,0.052268,-0.756260,-0.223965,-1.835040,-0.565843,-2.021607,-1.810808,-0.648040,-1.034102,0.357379,1.854496
2004,6,MS,1.2246468e-16,-1.000000,20364.9000,1,1,6005315.7000,-0.207683,-0.726026,-0.194197,-1.466629,-1.283024,-2.676867,-1.485713,-1.430116,-1.909916,0.756939,1.952453
2004,7,MS,-0.500000,-0.866025,27153.2000,1,1,8007087.6000,-0.299088,-0.753631,-0.186226,-1.525107,-1.033570,-2.039809,-1.532574,-1.148569,-1.672407,1.217968,2.491219
2004,8,MS,-0.866025,-0.500000,27153.2000,1,1,8007087.6000,-0.476062,-0.744167,-0.107860,-0.750274,-1.657206,-2.112615,-0.820880,-1.774229,-1.924761,1.150351,2.442240
2004,9,MS,-1.000000,-1.8369702e-16,20364.9000,1,1,6005315.7000,-0.339928,-0.831715,-0.113539,0.235080,-1.095933,-1.857792,0.142689,-1.211135,-1.924761,0.793821,2.540198
2004,10,MS,-0.866025,0.500000,10861.2800,1,1,3202835.0400,0.110611,-0.871940,-0.089221,-0.267831,-0.378752,-0.802097,-0.284913,-0.335210,-1.776318,1.494586,3.568751
2004,11,MS,-0.500000,0.866025,4072.9800,1,0,1201063.1400,-0.156471,-0.897705,-0.038364,-0.057310,-0.316388,-0.747492,-0.082827,-0.147512,-0.915348,0.664733,1.511645
2004,12,MS,-2.4492936e-16,1.000000,2715.3200,1,0,800708.7600,0.389686,-0.904278,-0.023917,0.021635,-0.285207,-0.074031,-0.015465,-0.272644,-0.544240,0.523350,2.393262
2005,1,MS,0.500000,0.866025,1737.1600,0,0,564805.1400,0.354680,-0.941085,-0.148219,-0.127483,0.307248,0.126188,-0.115044,0.196602,0.450328,0.369674,1.119815
2005,2,MS,0.866025,0.500000,1737.1600,0,0,564805.1400,-0.015151,-0.888240,-0.034705,0.267243,-0.066934,-0.165039,0.227624,-0.210078,-0.484863,0.252879,1.413687
2005,3,MS,1.000000,6.123234e-17,1737.1600,0,0,564805.1400,-0.182401,-0.870100,-0.066036,0.132743,-0.098116,-0.292450,0.101686,-0.178795,-0.796593,0.148379,3.421815
2005,4,MS,0.866025,-0.500000,2605.7400,1,0,847207.7100,-0.224538,-0.818832,-0.115687,-0.042690,0.026611,-1.457356,-0.091613,-0.147512,-0.425486,0.123791,1.168794
2005,5,MS,0.500000,-0.866025,6948.6400,1,0,2259220.5600,-0.103962,-0.816729,-0.142698,-0.685948,-0.597025,-1.184331,-0.718373,-0.804455,-0.826282,0.738497,1.511645
2005,6,MS,1.2246468e-16,-1.000000,13028.7000,1,1,4236038.5500,-0.064743,-0.773612,-0.145399,-0.791208,-1.127115,-1.020516,-0.806236,-1.273701,-0.959881,0.744644,1.903474
2005,7,MS,-0.500000,-0.866025,17371.6000,1,1,5648051.4000,-0.410588,-0.710251,-0.171093,-1.721008,-1.438933,-2.149019,-1.731731,-1.492682,-1.523964,1.451557,2.148368
2005,8,MS,-0.866025,-0.500000,17371.6000,1,1,5648051.4000,-0.443973,-0.788335,-0.112257,-0.563144,-1.781933,-2.458447,-0.618794,-1.711663,-1.924761,1.377792,2.197347
2005,9,MS,-1.000000,-1.8369702e-16,13028.7000,1,1,4236038.5500,-0.266675,-0.789650,-0.154635,-1.177163,-0.877661,-1.857792,-1.189906,-0.992154,-1.687252,1.869557,2.736113
2005,10,MS,-0.866025,0.500000,6948.6400,1,0,2259220.5600,0.196246,-0.864841,-0.122601,-0.071929,-0.066934,-0.219644,-0.091613,-0.147512,0.227664,0.707762,1.756538
2005,11,MS,-0.500000,0.866025,2605.7400,1,0,847207.7100,0.377304,-0.910850,-0.103221,-0.188885,-0.160479,-0.037627,-0.179477,0.134035,-0.306731,0.461880,1.854496
2005,12,MS,-2.4492936e-16,1.000000,1737.1600,0,0,564805.1400,0.112556,-0.927151,-0.042910,0.068418,-0.035752,-0.001224,0.054826,0.040186,0.004999,0.886027,1.609602
2006,1,MS,0.500000,0.866025,1556.4200,0,0,513355.1200,0.059399,-0.886137,-0.065358,0.065494,0.026611,0.071583,0.016751,-0.084946,-0.291887,0.228291,1.609602
2006,2,MS,0.866025,0.500000,1556.4200,0,0,513355.1200,0.171547,-0.899808,-0.089131,-0.071929,0.026611,-0.219644,-0.094542,0.102752,0.138598,-0.011444,0.972879
2006,3,MS,1.000000,6.123234e-17,1556.4200,0,0,513355.1200,-0.009965,-0.882982,-0.108657,-0.030995,0.213702,0.035179,-0.044753,0.353017,0.197975,-0.042180,1.266751
2006,4,MS,0.866025,-0.500000,2334.6300,0,0,770032.6800,-0.243986,-0.843020,-0.138211,-0.317537,-0.222843,-0.201442,-0.328845,-0.210078,-0.202821,0.418850,2.148368
2006,5,MS,0.500000,-0.866025,6225.6800,1,0,2053420.4800,-0.339279,-0.735228,-0.149646,-1.721008,-1.594842,-1.657574,-1.758090,-1.680380,-1.642719,0.308203,1.119815
2006,6,MS,1.2246468e-16,-1.000000,11673.1500,1,1,3850163.4000,-0.412533,-0.748110,-0.177313,-0.952023,-1.438933,-1.530163,-0.976105,-1.555248,-1.271611,0.965939,1.168794
2006,7,MS,-0.500000,-0.866025,15564.2000,1,1,5133551.2000,-0.456614,-0.751791,-0.169964,-0.799980,-1.438933,-1.857792,-0.847239,-1.492682,-1.746629,1.217968,2.932027
2006,8,MS,-0.866025,-0.500000,15564.2000,1,1,5133551.2000,-0.363913,-0.793593,-0.117433,-0.469580,-0.908843,-1.803187,-0.542646,-0.992154,-1.850539,1.408527,2.981006
2006,9,MS,-1.000000,-1.8369702e-16,11673.1500,1,1,3850163.4000,-0.049508,-0.804635,-0.120526,-0.621622,-0.784115,-2.531253,-0.665655,-0.835738,-1.865383,1.347057,2.736113
2006,10,MS,-0.866025,0.500000,6225.6800,1,0,2053420.4800,-0.173326,-0.881668,-0.086545,0.018711,-0.254025,-0.292450,-0.003750,-0.303927,-0.841126,0.732350,2.050411
2006,11,MS,-0.500000,0.866025,2334.6300,0,0,770032.6800,0.201367,-0.899282,-0.046169,-0.016375,-0.004570,-1.038718,-0.062326,0.165319,-1.034102,0.695468,1.854496
2006,12,MS,-2.4492936e-16,1.000000,1556.4200,0,0,513355.1200,0.087922,-0.890081,-0.098688,0.109352,0.400793,0.180792,0.101686,0.321734,0.227664,0.511056,2.883049
2007,1,MS,0.500000,0.866025,1478.1600,0,0,496544.4000,0.955290,-0.903489,-0.153408,-0.139179,0.307248,0.162591,-0.135545,0.353017,0.762059,0.474174,0.679006
2007,2,MS,0.866025,0.500000,1478.1600,0,0,496544.4000,0.104777,-0.888503,-0.091355,-0.019299,0.431975,0.144389,-0.044753,0.509432,-0.143444,0.179115,1.805517
2007,3,MS,1.000000,6.123234e-17,1478.1600,0,0,496544.4000,-0.242041,-0.845386,-0.055542,0.173678,-0.409934,-0.711088,0.119259,-0.053663,-0.559084,0.166820,0.385134
2007,4,MS,0.866025,-0.500000,2217.2400,0,0,744816.6000,-0.210925,-0.823565,-0.125664,-0.042690,-0.285207,-0.984113,-0.091613,-0.178795,-0.559084,0.554085,1.805517
2007,5,MS,0.500000,-0.866025,5912.6400,1,0,1986177.6000,-0.197959,-0.783603,-0.189805,-1.264880,-0.503479,-2.476648,-1.280699,-0.084946,-1.820850,0.431144,1.511645
2007,6,MS,1.2246468e-16,-1.000000,11086.2000,1,1,3724083.0000,-0.476062,-0.754683,-0.338451,-2.387657,-3.534350,-0.722009,-2.674798,-3.701264,-0.530880,-0.337239,-1.285040
2007,7,MS,-0.500000,-0.866025,14781.6000,1,1,4965444.0000,-0.348031,-0.765462,-0.207545,-1.770714,-1.002388,-2.349237,-2.074398,-1.211135,-1.924761,0.689321,3.372836
2007,8,MS,-0.866025,-0.500000,14781.6000,1,1,4965444.0000,-0.476062,-0.769143,-0.133039,-0.799980,-2.343205,-1.912397,-0.867740,-2.556305,-1.553653,1.513028,1.658581
2007,9,MS,-1.000000,-1.8369702e-16,11086.2000,1,1,3724083.0000,-0.460828,-0.812786,-0.110957,0.688284,-1.064752,-1.548364,0.614223,-1.211135,-1.924761,1.820381,2.442240
2007,10,MS,-0.866025,0.500000,5912.6400,1,0,1986177.6000,-0.140913,-0.878776,-0.122490,0.416362,-0.098116,-0.074031,0.371134,-0.303927,-1.256767,1.027409,3.225900
2007,11,MS,-0.500000,0.866025,2217.2400,0,0,744816.6000,0.062964,-0.911113,-0.073845,-0.036843,0.057793,-0.547274,-0.059397,0.071469,-0.573929,1.347057,2.099389
2007,12,MS,-2.4492936e-16,1.000000,1478.1600,0,0,496544.4000,0.268138,-0.911376,-0.076325,0.045027,-0.222843,0.089784,0.016751,0.008903,-1.019258,0.259026,1.070836
2008,1,MS,0.500000,0.866025,1188.0600,0,0,411822.6000,0.353059,-0.916371,-0.123935,-0.188885,0.244884,0.107986,-0.194121,0.227885,0.465173,0.252879,1.707560
2008,2,MS,0.866025,0.500000,1188.0600,0,0,411822.6000,0.014021,-0.877987,-0.084262,-0.188885,0.244884,-0.001224,-0.220480,0.040186,-0.291887,0.215997,1.854496
2008,3,MS,1.000000,6.123234e-17,1188.0600,0,0,411822.6000,0.212387,-0.869311,-0.097026,-0.197657,0.120157,-0.274249,-0.229266,0.134035,-0.559084,0.050026,1.364709
2008,4,MS,0.866025,-0.500000,1782.0900,0,0,617733.9000,-0.173326,-0.869048,-0.145739,-0.446188,0.057793,-1.038718,-0.466497,0.071469,-0.366108,0.148379,1.315730
2008,5,MS,0.500000,-0.866025,4752.2400,1,0,1647290.4000,-0.208331,-0.772035,-0.189149,-1.405227,-1.002388,-1.967002,-1.421280,-0.648040,-0.885659,0.418850,1.168794
2008,6,MS,1.2246468e-16,-1.000000,8910.4500,1,1,3088669.5000,-0.456614,-0.748636,-0.180117,-1.481248,-0.815297,-2.130817,-1.515001,-0.960871,-1.924761,0.381968,2.295304
2008,7,MS,-0.500000,-0.866025,11880.6000,1,1,4118226.0000,-0.476062,-0.749425,-0.160919,-0.618698,-1.750751,-1.056920,-0.689085,-1.836795,-1.553653,1.015115,1.903474
2008,8,MS,-0.866025,-0.500000,11880.6000,1,1,4118226.0000,-0.306218,-0.824354,-0.119538,-0.338004,-1.283024,-1.475558,-0.410851,-1.336267,-1.924761,1.383939,2.491219
2008,9,MS,-1.000000,-1.8369702e-16,8910.4500,1,1,3088669.5000,-0.295846,-0.800429,-0.118618,-0.697644,-1.002388,-1.948801,-0.753518,-1.054720,-1.746629,1.599086,2.687134
2008,10,MS,-0.866025,0.500000,4752.2400,1,0,1647290.4000,-0.149988,-0.848015,-0.082967,0.097657,0.088975,-0.456265,0.066541,-0.053663,-0.692683,1.082733,2.540198
2008,11,MS,-0.500000,0.866025,1782.0900,0,0,617733.9000,-0.157767,-0.903752,-0.061878,0.135667,-0.129298,-0.219644,0.084113,-0.147512,-0.573929,0.769233,1.903474
2008,12,MS,-2.4492936e-16,1.000000,1188.0600,0,0,411822.6000,0.146913,-0.927151,-0.048947,0.144439,-0.035752,-0.856702,0.098757,-0.022380,-1.063791,0.424997,1.903474
2009,1,MS,0.500000,0.866025,1156.2800,0,0,457446.5000,0.245449,-0.883508,-0.077407,-0.156722,0.151339,-0.620080,-0.179477,0.134035,-0.662995,0.437291,1.462666
2009,2,MS,0.866025,0.500000,1156.2800,0,0,457446.5000,0.034117,-0.885611,-0.079388,-0.019299,0.182520,0.053381,-0.041824,0.165319,-0.024689,0.111497,2.001432
2009,3,MS,1.000000,6.123234e-17,1156.2800,0,0,457446.5000,0.380934,-0.877987,-0.093353,0.027483,0.182520,-0.055829,-0.003750,0.353017,-0.291887,-0.177415,1.756538
2009,4,MS,0.866025,-0.500000,1734.4200,0,0,686169.7500,-0.476062,-0.822513,-0.094376,-0.013451,-0.191661,-0.529072,-0.074041,-0.178795,-1.123168,0.068467,1.119815
2009,5,MS,0.500000,-0.866025,4625.1200,1,0,1829786.0000,-0.207683,-0.802006,-0.166543,-0.744426,-0.628206,-1.657574,-0.774019,-0.491625,-1.494276,0.492615,2.050411
2009,6,MS,1.2246468e-16,-1.000000,8672.1000,1,0,3430848.7500,-0.216111,-0.750213,-0.179303,-1.615748,-1.064752,-2.076212,-1.635081,-1.086003,-1.850539,0.603262,1.266751
2009,7,MS,-0.500000,-0.866025,11562.8000,1,1,4574465.0000,-0.319183,-0.771246,-0.223854,-1.297043,-1.283024,-2.567657,-1.315844,-1.430116,-1.880228,0.781527,1.413687
2009,8,MS,-0.866025,-0.500000,11562.8000,1,1,4574465.0000,0.024393,-0.793856,-0.161068,-0.870154,-0.565843,-1.948801,-0.911672,-0.366493,-1.316144,1.476145,2.883049
2009,9,MS,-1.000000,-1.8369702e-16,8672.1000,1,0,3430848.7500,-0.264730,-0.820147,-0.157997,-0.533905,-0.565843,-1.202533,-0.542646,-0.522908,-0.366108,1.353204,2.148368
2009,10,MS,-0.866025,0.500000,4625.1200,1,0,1829786.0000,0.202015,-0.894287,-0.082668,-0.054386,0.120157,-0.620080,-0.082827,-0.053663,-0.603617,1.131910,1.805517
2009,11,MS,-0.500000,0.866025,1734.4200,0,0,686169.7500,0.179326,-0.931094,-0.075690,0.305253,0.307248,0.308204,0.297914,0.290451,0.376107,0.910615,1.560623
2009,12,MS,-2.4492936e-16,1.000000,1156.2800,0,0,457446.5000,0.449001,-0.909799,-0.108606,-0.042690,0.276066,-0.055829,-0.044753,0.321734,0.420640,0.455732,1.560623
2010,1,MS,0.500000,0.866025,1139.0800,0,0,453538.7600,0.306385,-0.894287,-0.073909,0.007016,0.307248,0.144389,-0.006679,0.353017,0.435484,0.486468,1.315730
2010,2,MS,0.866025,0.500000,1139.0800,0,0,453538.7600,0.355652,-0.880616,-0.106220,0.176602,0.276066,0.290002,0.160262,0.321734,0.658149,0.338938,1.070836
2010,3,MS,1.000000,6.123234e-17,1139.0800,0,0,453538.7600,-0.243337,-0.879038,-0.083273,0.170754,0.338429,-0.128636,0.145618,0.446866,-0.633306,0.197556,0.727985
2010,4,MS,0.866025,-0.500000,1708.6200,0,0,680308.1400,-0.126651,-0.809105,-0.123590,-0.358471,0.244884,-0.874903,-0.390349,0.227885,-0.544240,0.615556,1.805517
2010,5,MS,0.500000,-0.866025,4556.3200,1,0,1814155.0400,-0.258247,-0.781500,-0.178165,-1.583585,-0.222843,-2.167220,-1.602864,-0.210078,-1.138012,0.480321,1.413687
2010,6,MS,1.2246468e-16,-1.000000,8543.1000,1,0,3401540.7000,-0.447538,-0.742589,-0.159062,-0.978338,-0.815297,-1.857792,-1.020037,-0.960871,-1.182545,0.873733,2.344283
2010,7,MS,-0.500000,-0.866025,11390.8000,1,1,4535387.6000,-0.406050,-0.750476,-0.199587,-1.294119,-1.376570,-2.258229,-1.342203,-1.492682,-1.434899,1.131910,1.364709
2010,8,MS,-0.866025,-0.500000,11390.8000,1,1,4535387.6000,-0.476062,-0.760993,-0.135391,-0.636242,-1.563660,-2.258229,-0.724230,-1.742946,-1.880228,1.500733,2.491219
2010,9,MS,-1.000000,-1.8369702e-16,8543.1000,1,0,3401540.7000,-0.064418,-0.856165,-0.178830,0.085961,-0.409934,-1.129726,0.054826,-0.522908,-1.820850,1.771204,3.176921
2010,10,MS,-0.866025,0.500000,4556.3200,1,0,1814155.0400,-0.010613,-0.865630,-0.092233,-0.329232,-0.129298,-0.874903,-0.358133,-0.272644,-1.523964,1.297880,2.050411
2010,11,MS,-0.500000,0.866025,1708.6200,0,0,680308.1400,-0.044322,-0.912954,0.059092,-0.083625,0.088975,-0.729290,-0.144332,0.071469,-1.316144,0.941351,2.393262
2010,12,MS,-2.4492936e-16,1.000000,1139.0800,0,0,453538.7600,-0.282233,-0.962643,0.142601,0.729219,0.182520,-0.383459,0.672798,0.227885,-0.380953,0.959792,1.021857
2011,1,MS,0.500000,0.866025,1498.3600,0,0,689083.3000,0.138486,-0.963432,-0.179916,-0.338004,0.213702,0.362809,-0.331774,0.196602,0.494861,-0.306504,0.434113
2011,2,MS,0.866025,0.500000,1498.3600,0,0,689083.3000,-0.476062,-0.936352,-0.343929,-0.840915,-1.070988,0.557567,-0.788663,-1.154825,0.699713,-0.816710,-1.574015
2011,3,MS,1.000000,6.123234e-17,1498.3600,0,0,689083.3000,-0.476062,-0.890343,-0.354521,-0.835067,-1.601079,0.675877,-0.768162,-1.464527,0.419155,-0.902769,-1.574015
2011,4,MS,0.866025,-0.500000,2247.5400,0,0,1033624.9500,-0.476062,-0.842757,-0.365470,-0.826295,-2.190414,0.806929,-0.747660,-1.808641,0.147505,-0.988828,-1.574015
2011,5,MS,0.500000,-0.866025,5993.4400,1,0,2756333.2000,-0.453373,-0.793330,-0.358883,-0.878925,-2.761041,-1.457356,-0.797450,-2.143369,-1.108324,-0.970387,0.238198
2011,6,MS,1.2246468e-16,-1.000000,11237.7000,1,1,5168124.7500,-0.365858,-0.776241,-0.170463,-1.387683,-0.752934,-2.713270,-1.438853,-0.773172,-1.924761,0.812262,1.266751
2011,7,MS,-0.500000,-0.866025,14983.6000,1,1,6890833.0000,-0.433277,-0.783340,-0.179452,-0.878925,-1.283024,-2.039809,-0.958533,-1.430116,-1.776318,0.836850,1.364709
2011,8,MS,-0.866025,-0.500000,14983.6000,1,1,6890833.0000,-0.387250,-0.792279,-0.152373,-0.645013,-0.971206,-2.185422,-0.724230,-1.148569,-1.924761,1.371645,1.805517
2011,9,MS,-1.000000,-1.8369702e-16,11237.7000,1,1,5168124.7500,-0.278343,-0.797800,-0.103813,-0.001756,-0.940024,-1.275340,-0.094542,-1.054720,-1.909916,1.599086,2.736113
2011,10,MS,-0.866025,0.500000,5993.4400,1,0,2756333.2000,0.248690,-0.893761,-0.072712,-0.016375,0.026611,-0.292450,-0.047682,-0.147512,-1.034102,1.033557,3.421815
2011,11,MS,-0.500000,0.866025,2247.5400,0,0,1033624.9500,-0.082570,-0.900597,0.017950,0.147363,-0.254025,-0.492669,0.119259,-0.397776,-0.974725,0.935203,2.344283
2011,12,MS,-2.4492936e-16,1.000000,1498.3600,0,0,689083.3000,0.026986,-0.911902,-0.030312,0.217536,-0.066934,-0.401660,0.186621,0.290451,-1.197390,0.209850,1.070836
2012,1,MS,0.500000,0.866025,1438.3400,0,0,617311.5200,0.207201,-0.905592,-0.067425,-0.004680,0.088975,-0.037627,-0.018394,0.102752,-0.826282,0.234438,1.511645
2012,2,MS,0.866025,0.500000,1438.3400,0,0,617311.5200,0.080791,-0.871677,-0.062529,0.062570,0.120157,-0.001224,0.031395,0.227885,-0.158288,-0.103650,1.168794
2012,3,MS,1.000000,6.123234e-17,1438.3400,0,0,617311.5200,-0.194718,-0.838025,-0.089745,0.071342,0.806156,-1.129726,-0.079898,1.635621,-1.494276,0.043879,2.001432
2012,4,MS,0.866025,-0.500000,2157.5100,0,0,925967.2800,0.284992,-0.840917,-0.161669,-0.285374,-0.191661,-1.493759,-0.308343,-0.178795,-0.885659,0.443438,0.630028
2012,5,MS,0.500000,-0.866025,5753.3600,1,0,2469246.0800,-0.227131,-0.778345,-0.161771,-1.042664,-0.472297,-1.857792,-1.072755,-0.491625,-1.880228,0.658586,1.266751
2012,6,MS,1.2246468e-16,-1.000000,10787.5500,1,1,4629836.4000,0.316109,-0.767302,-0.196570,-1.364292,-0.721752,-2.021607,-1.389063,-0.773172,-1.301300,0.646291,1.315730
2012,7,MS,-0.500000,-0.866025,14383.4000,1,1,6173115.2000,-0.428091,-0.751002,-0.162202,-1.390607,-0.940024,-2.167220,-1.476927,-1.054720,-1.909916,0.480321,1.462666
2012,8,MS,-0.866025,-0.500000,14383.4000,1,1,6173115.2000,-0.472172,-0.738908,-0.108001,-0.349700,-1.906660,-1.748582,-0.434281,-2.087060,-1.806006,1.562204,1.560623
2012,9,MS,-1.000000,-1.8369702e-16,10787.5500,1,1,4629836.4000,-0.080625,-0.805687,-0.119227,0.240928,-0.971206,-1.693977,0.160262,-0.960871,-1.924761,1.734322,2.491219
2012,10,MS,-0.866025,0.500000,5753.3600,1,0,2469246.0800,-0.070901,-0.885085,-0.082213,0.407590,-0.222843,-0.383459,0.365276,-0.178795,-0.633306,0.886027,2.589176
2012,11,MS,-0.500000,0.866025,2157.5100,0,0,925967.2800,0.140431,-0.919263,-0.064323,0.211689,0.120157,0.035179,0.160262,0.227885,-0.187977,0.338938,2.736113
2012,12,MS,-2.4492936e-16,1.000000,1438.3400,0,0,617311.5200,0.110611,-0.909536,-0.041249,0.305253,0.151339,0.162591,0.274484,0.259168,0.361263,0.437291,0.972879
2013,1,MS,0.500000,0.866025,723.5200,0,0,345103.1800,0.211091,-0.892710,-0.032489,0.202917,0.088975,-0.037627,0.169048,0.196602,-0.158288,0.695468,1.021857
2013,2,MS,0.866025,0.500000,723.5200,0,0,345103.1800,0.225353,-0.874832,-0.081723,-0.063158,0.057793,-0.037627,-0.091613,0.102752,0.390951,0.338938,2.148368
2013,3,MS,1.000000,6.123234e-17,723.5200,0,0,345103.1800,0.129411,-0.858269,-0.095075,0.004092,0.276066,-0.674685,-0.021323,0.259168,-1.598186,0.400409,1.168794
2013,4,MS,0.866025,-0.500000,1085.2800,0,0,517654.7700,0.259062,-0.809105,-0.144218,-0.609927,-0.004570,-0.838500,-0.633438,-0.022380,-1.405210,0.326644,0.825943
2013,5,MS,0.500000,-0.866025,2894.0800,1,0,1380412.7200,-0.426794,-0.794382,-0.161085,-0.668405,-0.534661,-1.293541,-0.709586,-0.710606,-1.583342,0.400409,1.707560
2013,6,MS,1.2246468e-16,-1.000000,5426.4000,1,0,2588273.8500,0.116445,-0.775190,-0.220574,-1.051435,-0.472297,-1.020516,-1.066898,-0.585474,-0.470019,0.074614,1.364709
2013,7,MS,-0.500000,-0.866025,7235.2000,1,0,3451031.8000,-0.310756,-0.725500,-0.175239,-1.440314,-0.752934,-2.549455,-1.491571,-0.898304,-1.895072,1.095027,2.442240
2013,8,MS,-0.866025,-0.500000,7235.2000,1,0,3451031.8000,-0.476062,-0.758101,-0.110553,-1.241489,-2.156114,-2.567657,-1.353918,-2.212192,-1.924761,1.193380,1.952453
2013,9,MS,-1.000000,-1.8369702e-16,5426.4000,1,0,2588273.8500,-0.146099,-0.813574,-0.113603,-0.259059,-0.846479,-2.130817,-0.334702,-0.679323,-1.895072,1.642116,2.099389
2013,10,MS,-0.866025,0.500000,2894.0800,1,0,1380412.7200,-0.060529,-0.846175,-0.074808,-0.112864,-0.316388,-0.656483,-0.150189,-0.429059,-1.494276,0.898321,1.413687
2013,11,MS,-0.500000,0.866025,1085.2800,0,0,517654.7700,0.332963,-0.900860,-0.029516,0.126896,-0.378752,-0.565475,0.078256,-0.366493,-0.277043,0.726203,1.903474
2013,12,MS,-2.4492936e-16,1.000000,723.5200,0,0,345103.1800,0.077550,-0.931094,-0.081893,0.135667,0.244884,-0.055829,0.087042,0.353017,0.123754,0.013144,3.029985
2014,1,MS,0.500000,0.866025,973.5200,0,0,553639.5000,0.043841,-0.843546,-0.059539,-0.074853,0.120157,0.053381,-0.126759,0.227885,0.197975,0.191409,0.679006
2014,2,MS,0.866025,0.500000,973.5200,0,0,553639.5000,-0.116927,-0.876935,-0.085565,0.091809,-0.004570,0.162591,0.054826,0.071469,-0.173133,0.381968,1.070836
2014,3,MS,1.000000,6.123234e-17,973.5200,0,0,553639.5000,0.026338,-0.855640,-0.120105,-0.165494,-0.004570,-0.292450,-0.197050,0.134035,0.346418,0.265173,0.874921
2014,4,MS,0.866025,-0.500000,1460.2800,0,0,830459.2500,-0.315942,-0.817518,-0.140073,-0.200581,0.120157,-0.856702,-0.220480,0.290451,-0.366108,0.486468,1.560623
2014,5,MS,0.500000,-0.866025,3894.0800,1,0,2214558.0000,0.117094,-0.787021,-0.203920,-1.229793,-0.472297,-1.693977,-1.239696,-0.585474,-0.707528,0.584821,2.099389
2014,6,MS,1.2246468e-16,-1.000000,7301.4000,1,0,4152296.2500,-0.300384,-0.765199,-0.207869,-1.142076,-0.628206,-1.948801,-1.157690,-0.585474,-0.915348,0.744644,1.560623
2014,7,MS,-0.500000,-0.866025,9735.2000,1,1,5536395.0000,-0.089700,-0.714195,-0.212338,-1.329206,-1.345388,-2.003406,-1.359776,-1.398833,-1.241923,0.972086,1.854496
2014,8,MS,-0.866025,-0.500000,9735.2000,1,1,5536395.0000,-0.420312,-0.758364,-0.117450,-0.399406,-1.407751,-1.311743,-0.498714,-1.555248,-1.687252,0.904468,1.462666
2014,9,MS,-1.000000,-1.8369702e-16,7301.4000,1,0,4152296.2500,-0.262785,-0.841968,-0.110583,0.258471,-0.597025,-0.601878,0.195407,-0.741889,-1.420054,1.199527,1.560623
2014,10,MS,-0.866025,0.500000,3894.0800,1,0,2214558.0000,-0.414477,-0.849067,-0.043711,0.694132,-0.503479,-0.529072,0.599579,-0.460342,-1.360677,1.211821,3.372836
2014,11,MS,-0.500000,0.866025,1460.2800,0,0,830459.2500,0.255172,-0.888503,-0.086784,-0.089473,0.057793,-0.474467,-0.126759,0.227885,-1.138012,0.547938,2.148368
2014,12,MS,-2.4492936e-16,1.000000,973.5200,0,0,553639.5000,0.704415,-0.891132,-0.095198,-0.016375,0.276066,0.071583,-0.038895,0.227885,0.094065,0.486468,1.315730
2015,1,MS,0.500000,0.866025,820.5400,0,0,669053.7800,0.320646,-0.831189,-0.054277,0.246775,0.057793,0.071583,0.180763,0.321734,-0.173133,0.252879,1.266751
2015,2,MS,0.866025,0.500000,820.5400,0,0,669053.7800,0.045785,-0.866945,-0.087943,0.039179,0.338429,0.235397,-0.006679,0.165319,0.064376,0.129938,0.776964
2015,3,MS,1.000000,6.123234e-17,820.5400,0,0,669053.7800,-0.240744,-0.852748,-0.083904,-0.007604,0.088975,-0.110434,-0.056468,0.165319,-0.173133,0.031585,0.972879
2015,4,MS,0.866025,-0.500000,1230.8100,0,0,1003580.6700,-0.151933,-0.821724,-0.130935,-0.142103,0.088975,-0.401660,-0.176548,0.227885,-0.499707,0.142232,1.119815
2015,5,MS,0.500000,-0.866025,3282.1600,1,0,2676215.1200,-0.036543,-0.777819,-0.206523,-0.905240,-0.347570,-1.184331,-0.911672,-0.147512,-0.662995,0.554085,1.854496
2015,6,MS,1.2246468e-16,-1.000000,6154.0500,1,0,5017903.3500,-0.345114,-0.730758,-0.211243,-0.963718,-0.815297,-1.275340,-0.987820,-0.929587,-0.930192,1.008968,2.001432
2015,7,MS,-0.500000,-0.866025,8205.4000,1,0,6690537.8000,-0.193422,-0.758101,-0.231429,-1.136228,-0.877661,-1.839591,-1.145975,-0.898304,-1.019258,0.898321,1.217772
2015,8,MS,-0.866025,-0.500000,8205.4000,1,0,6690537.8000,-0.448187,-0.793593,-0.103259,0.004092,-1.501297,-0.856702,-0.097471,-1.586531,-1.494276,1.113468,1.609602
2015,9,MS,-1.000000,-1.8369702e-16,6154.0500,1,0,5017903.3500,0.254524,-0.853536,-0.135647,0.077189,-0.846479,-1.511961,0.016751,-0.741889,-1.538809,0.910615,2.050411
2015,10,MS,-0.866025,0.500000,3282.1600,1,0,2676215.1200,-0.166195,-0.854851,-0.104929,0.278938,0.088975,-0.984113,0.259840,0.071469,-0.321576,0.842998,2.050411
2015,11,MS,-0.500000,0.866025,1230.8100,0,0,1003580.6700,0.010131,-0.899808,-0.072452,0.243852,0.120157,-0.074031,0.221766,0.040186,0.257352,0.424997,2.197347
2015,12,MS,-2.4492936e-16,1.000000,820.5400,0,0,669053.7800,0.142376,-0.860109,-0.083401,0.167830,0.120157,0.053381,0.142689,0.134035,0.272197,0.670880,1.952453
2016,1,MS,0.500000,0.866025,959.9200,0,0,954754.7600,0.764054,-0.912691,-0.139234,0.033331,0.338429,-0.110434,0.034324,0.353017,-0.529396,0.443438,1.952453
2016,2,MS,0.866025,0.500000,959.9200,0,0,954754.7600,0.124224,-0.846175,-0.100174,0.161982,0.400793,0.253599,0.142689,0.259168,0.524550,0.160673,0.679006
2016,3,MS,1.000000,6.123234e-17,959.9200,0,0,954754.7600,0.139783,-0.813048,-0.091769,0.009940,0.463157,-0.401660,-0.024252,0.415583,-0.648150,0.123791,1.805517
2016,4,MS,0.866025,-0.500000,1439.8800,0,0,1432132.1400,-0.246579,-0.819095,-0.105662,-0.016375,0.868520,-2.130817,-0.082827,0.853545,-1.850539,0.136085,3.176921
2016,5,MS,0.500000,-0.866025,3839.6800,1,0,3819019.0400,0.194236,-0.748373,-0.222252,-1.194706,-0.316388,-1.511961,-1.192835,-0.335210,-1.360677,0.400409,1.266751
2016,6,MS,1.2246468e-16,-1.000000,7199.4000,1,0,7160660.7000,-0.317887,-0.704730,-0.210140,-1.615748,-0.004570,-2.130817,-1.638010,-0.084946,-1.924761,0.633997,1.560623
2016,7,MS,-0.500000,-0.866025,9599.2000,1,1,9547547.6000,-0.458559,-0.748373,-0.166713,-1.013425,-1.969024,-2.331035,-1.090328,-2.087060,-1.924761,0.849145,1.413687
2016,8,MS,-0.866025,-0.500000,9599.2000,1,1,9547547.6000,-0.263433,-0.780974,-0.149288,-0.703491,0.120157,-2.039809,-0.800378,0.321734,-1.538809,1.064292,1.854496
2016,9,MS,-1.000000,-1.8369702e-16,7199.4000,1,0,7160660.7000,-0.356134,-0.772824,-0.095309,-0.609927,1.398610,-1.602969,-0.686156,1.479206,-1.375521,0.904468,1.756538
2016,10,MS,-0.866025,0.500000,3839.6800,1,0,3819019.0400,-0.179808,-0.857480,-0.067484,-0.013451,2.552337,-1.220735,-0.065254,2.386414,-1.063791,1.168792,2.344283
2016,11,MS,-0.500000,0.866025,1439.8800,0,0,1432132.1400,-0.097480,-0.880353,-0.069018,0.226308,1.616883,-0.656483,0.221766,1.760753,-0.752060,0.750792,2.736113
2016,12,MS,-2.4492936e-16,1.000000,959.9200,0,0,954754.7600,0.140431,-0.880879,-0.104298,-0.083625,0.213702,-0.219644,-0.109186,0.227885,0.123754,0.713909,1.462666
2017,1,MS,0.500000,0.866025,1061.4800,0,0,1016825.6200,0.237021,-0.873517,-0.077322,-0.001756,0.213702,-0.146837,-0.041824,0.571998,0.316730,0.123791,1.119815
2017,2,MS,0.866025,0.500000,1061.4800,0,0,1016825.6200,-0.191477,-0.844597,-0.064928,0.109352,0.369611,0.107986,0.063612,0.259168,0.034688,0.013144,1.952453
2017,3,MS,1.000000,6.123234e-17,1061.4800,0,0,1016825.6200,0.258414,-0.839865,-0.096097,0.012864,0.213702,0.180792,-0.015465,0.259168,0.272197,0.295909,1.119815
2017,4,MS,0.866025,-0.500000,1592.2200,0,0,1525238.4300,0.032820,-0.834870,-0.135570,-0.624546,0.182520,-1.202533,-0.648082,0.259168,-1.613030,0.609409,3.176921
2017,5,MS,0.500000,-0.866025,4245.9200,1,0,4067302.4800,-0.137023,-0.830138,-0.215789,-0.428645,0.120157,-0.565475,-0.422566,-0.084946,-0.113755,0.160673,0.923900
2017,6,MS,1.2246468e-16,-1.000000,7961.1000,1,0,7626192.1500,-0.327611,-0.825142,-0.200085,-1.294119,0.182520,-2.112615,-1.318773,0.165319,-1.494276,0.750792,1.070836
2017,7,MS,-0.500000,-0.866025,10614.8000,1,1,10168256.2000,-0.475413,-0.820147,-0.152560,-1.267804,-2.530296,-2.494850,-1.339274,-2.212192,-1.880228,1.451557,2.393262
2017,8,MS,-0.866025,-0.500000,10614.8000,1,1,10168256.2000,-0.352245,-0.815152,-0.140499,-0.323385,-0.784115,-1.675776,-0.378634,-0.929587,-1.271611,1.328616,1.854496
2017,9,MS,-1.000000,-1.8369702e-16,7961.1000,1,0,7626192.1500,-0.330204,-0.804898,-0.067254,0.735066,-0.628206,-0.802097,0.637653,-0.335210,-1.538809,1.408527,2.295304
2017,10,MS,-0.866025,0.500000,4245.9200,1,0,4067302.4800,0.264896,-0.873780,-0.100754,0.012864,-0.254025,-1.020516,-0.035967,-0.272644,-1.583342,1.156498,2.197347
2017,11,MS,-0.500000,0.866025,1592.2200,0,0,1525238.4300,0.547536,-0.911902,-0.047571,-0.074853,0.400793,-0.565475,-0.115044,0.290451,-1.182545,0.707762,1.707560
2017,12,MS,-2.4492936e-16,1.000000,1061.4800,0,0,1016825.6200,0.254524,-0.907433,-0.111677,-0.019299,0.650247,-0.110434,-0.044753,0.571998,-0.217665,0.086909,3.225900
2018,1,MS,0.500000,0.866025,763.9600,0,0,1036384.3400,-0.027468,-0.879038,-0.115069,-0.124560,0.650247,0.071583,-0.150189,0.540715,0.168287,0.326644,0.483092
2018,2,MS,0.866025,0.500000,763.9600,0,0,1036384.3400,0.171547,-0.881930,-0.120488,-0.130407,0.088975,-0.492669,-0.147260,0.227885,-1.123168,0.222144,1.315730
2018,3,MS,1.000000,6.123234e-17,763.9600,0,0,1036384.3400,-0.160360,-0.869574,0.092136,0.199993,0.431975,-0.492669,0.171977,0.415583,-0.024689,-0.232739,1.658581
2018,4,MS,0.866025,-0.500000,1145.9400,0,0,1554576.5100,-0.185642,-0.793330,0.035281,-0.028071,-0.534661,-0.128636,-0.068183,-0.366493,-0.529396,0.197556,1.217772
2018,5,MS,0.500000,-0.866025,3055.8400,1,0,4145537.3600,-0.354838,-0.760993,-0.116309,-0.700567,-0.908843,-2.094414,-0.753518,-0.835738,-1.241923,0.351232,1.021857
2018,6,MS,1.2246468e-16,-1.000000,5729.7000,1,0,7772882.5500,-0.440408,-0.725500,-0.148969,-1.337977,-0.690570,-1.821389,-1.353918,-0.741889,-1.583342,0.338938,0.581049
2018,7,MS,-0.500000,-0.866025,7639.6000,1,0,10363843.4000,-0.476062,-0.740486,-0.377518,-0.887697,-1.906660,-2.149019,-0.964390,-1.899361,-1.835695,0.289762,1.070836
2018,8,MS,-0.866025,-0.500000,7639.6000,1,0,10363843.4000,-0.112389,-0.737594,-0.204363,-1.159619,-1.251842,-2.058010,-1.204550,-1.367550,-1.924761,1.064292,1.413687
2018,9,MS,-1.000000,-1.8369702e-16,5729.7000,1,0,7772882.5500,-0.088080,-0.837236,-0.198999,-0.545601,-0.409934,-2.039809,-0.601221,-0.585474,-1.880228,0.701615,1.658581
2018,10,MS,-0.866025,0.500000,3055.8400,1,0,4145537.3600,0.218870,-0.871940,-0.242383,0.156135,0.276066,-0.237845,0.133903,0.259168,-0.143444,0.511056,1.658581
2018,11,MS,-0.500000,0.866025,1145.9400,0,0,1554576.5100,0.004297,-0.895602,-0.353055,0.018711,0.151339,-0.219644,0.010894,0.071469,0.346418,0.873733,2.736113
2018,12,MS,-2.4492936e-16,1.000000,763.9600,0,0,1036384.3400,-0.297791,-0.859057,-0.241317,0.299406,0.088975,-0.583677,0.248125,0.227885,-0.826282,0.154526,1.364709
2019,1,MS,0.500000,0.866025,1141.5000,0,0,520782.7400,-0.121465,-0.826457,-0.093400,0.349112,0.182520,0.271801,0.292057,0.196602,0.168287,0.215997,2.295304
2019,2,MS,0.866025,0.500000,1141.5000,0,0,520782.7400,0.404920,-0.870625,0.142737,0.185374,0.244884,-0.274249,0.148547,0.384300,0.004999,-0.134386,1.609602
2019,3,MS,1.000000,6.123234e-17,1141.5000,0,0,520782.7400,-0.004130,-0.826457,0.228874,0.050874,0.463157,-0.237845,0.005036,0.634564,-0.054378,0.031585,1.756538
2019,4,MS,0.866025,-0.500000,1712.2500,0,0,781174.1100,-0.137671,-0.828034,-0.273160,-0.109940,0.182520,-0.419862,-0.126759,0.102752,0.183131,-0.232739,0.483092
2019,5,MS,0.500000,-0.866025,4566.0000,1,0,2083130.9600,-0.228427,-0.795697,-0.342259,-0.764893,-0.066934,-1.693977,-0.782806,0.102752,-0.945036,0.191409,0.679006
2019,6,MS,1.2246468e-16,-1.000000,8561.2500,1,0,3905870.5500,-0.409291,-0.738120,-0.391416,-0.647937,-0.784115,-0.893105,-0.689085,-0.773172,-1.494276,0.541791,0.972879
2019,7,MS,-0.500000,-0.866025,11415.0000,1,1,5207827.4000,-0.325666,-0.735491,-0.324336,-1.337977,0.026611,-2.276430,-1.406636,-0.084946,-1.895072,0.738497,0.679006
2019,8,MS,-0.866025,-0.500000,11415.0000,1,1,5207827.4000,-0.469579,-0.726289,-0.287585,-0.498819,0.182520,-2.221825,-0.566076,0.571998,-1.909916,1.642116,2.050411
2019,9,MS,-1.000000,-1.8369702e-16,8561.2500,1,0,3905870.5500,-0.424201,-0.833030,-0.115192,0.556709,-0.908843,-0.783895,0.482428,-1.054720,-1.776318,1.279439,1.707560
2019,10,MS,-0.866025,0.500000,4566.0000,1,0,2083130.9600,-0.376230,-0.861686,-0.090107,0.539165,-0.784115,-0.638282,0.464855,-0.835738,-1.019258,0.769233,1.217772
2019,11,MS,-0.500000,0.866025,1712.2500,0,0,781174.1100,0.008835,-0.905855,-0.051005,0.512850,0.057793,0.253599,0.450211,0.102752,-0.544240,0.388115,1.021857
2019,12,MS,-2.4492936e-16,1.000000,1141.5000,0,0,520782.7400,0.438629,-0.883508,-0.088399,0.024559,0.307248,-0.037627,-0.012536,0.290451,-0.217665,0.172967,1.070836
2020,1,MS,0.500000,0.866025,2603.6000,1,0,1211502.8600,0.058102,-0.899019,-0.447900,0.314025,0.151339,0.126188,0.280342,0.384300,0.390951,-0.023739,0.385134
2020,2,MS,0.866025,0.500000,2603.6000,1,0,1211502.8600,0.260358,-0.864578,-0.447900,0.074265,0.369611,-0.256047,0.043110,0.290451,-0.351264,-0.202003,0.532070
2020,3,MS,1.000000,6.123234e-17,2603.6000,1,0,1211502.8600,-0.216111,-0.848541,-0.447900,0.460220,-0.066934,-0.055829,0.400422,-0.084946,-0.544240,0.314350,0.679006
2020,4,MS,0.866025,-0.500000,3905.4000,1,0,1817254.2900,-0.183698,-0.786758,-0.447900,-0.264907,-0.347570,-1.093323,-0.317130,-0.522908,-1.613030,0.271321,1.315730
2020,5,MS,0.500000,-0.866025,10414.4000,1,1,4846011.4400,0.115797,-0.748899,-0.447900,-1.323358,-0.472297,-2.003406,-1.368562,-0.585474,-1.598186,0.234438,0.923900
2020,6,MS,1.2246468e-16,-1.000000,19527.0000,1,1,9086271.4500,-0.342521,-0.769932,-0.447900,-0.916936,-0.784115,-0.838500,-0.926316,-0.867021,-0.722372,0.406556,1.266751
2020,7,MS,-0.500000,-0.866025,26036.0000,1,1,12115028.6000,-0.463097,-0.765725,-0.447900,-0.960794,-1.220661,-1.748582,-1.025895,-1.336267,-1.850539,0.744644,1.168794
2020,8,MS,-0.866025,-0.500000,26036.0000,1,1,12115028.6000,-0.359051,-0.778345,-0.447900,-0.460808,-0.940024,-2.331035,-0.507500,-1.148569,-1.924761,1.617528,1.854496
2020,9,MS,-1.000000,-1.8369702e-16,19527.0000,1,1,9086271.4500,-0.448835,-0.837236,-0.447900,0.863718,-1.251842,-0.237845,0.757733,-1.367550,-1.909916,0.793821,1.462666
2020,10,MS,-0.866025,0.500000,10414.4000,1,1,4846011.4400,0.011428,-0.887977,-0.447900,0.618111,-0.503479,-0.383459,0.555647,-0.616757,-1.405210,0.836850,3.715687
2020,11,MS,-0.500000,0.866025,3905.4000,1,0,1817254.2900,-0.150637,-0.872466,-0.447900,0.305253,-0.160479,-0.419862,0.221766,-0.335210,-1.509120,0.640144,1.462666
2020,12,MS,-2.4492936e-16,1.000000,2603.6000,1,0,1211502.8600,-0.163602,-0.892973,-0.447900,0.316949,0.057793,0.071583,0.248125,0.071469,-0.989569,0.388115,1.266751
2021,1,MS,0.500000,0.866025,2385.3800,1,0,1952758.3600,0.778964,-0.878250,-0.447900,-0.156722,0.182520,0.126188,-0.179477,0.384300,0.212819,-0.718357,0.336155
2021,2,MS,0.866025,0.500000,2385.3800,1,0,1952758.3600,-0.111093,-0.886926,-0.447900,-0.048538,0.213702,-0.310652,-0.109186,0.384300,-0.752060,-0.964239,0.189219
2021,3,MS,1.000000,6.123234e-17,2385.3800,1,0,1952758.3600,-0.265378,-0.855640,-0.447900,-0.004680,-0.098116,-0.074031,-0.062326,-0.178795,-0.173133,-1.142504,0.434113
2021,4,MS,0.866025,-0.500000,3578.0700,1,0,2929137.5400,-0.302329,-0.812523,-0.447900,-0.200581,-0.378752,-0.838500,-0.255625,-0.335210,-1.256767,-0.638445,0.972879
2021,5,MS,0.500000,-0.866025,9541.5200,1,1,7811033.4400,-0.365858,-0.768091,-0.447900,-0.700567,-0.285207,-1.493759,-0.750589,-0.585474,-1.702096,-1.111769,0.532070
2021,6,MS,1.2246468e-16,-1.000000,17890.3500,1,1,14645687.7000,-0.295846,-0.738646,-0.447900,-1.352597,-1.064752,-1.948801,-1.394921,-1.054720,-1.886165,-0.675327,0.630028
2021,7,MS,-0.500000,-0.866025,23853.8000,1,1,19527583.6000,-0.469579,-0.702364,-0.447900,-1.399379,-1.594842,-2.076212,-1.497428,-1.805512,-1.909916,-0.072915,1.266751
2021,8,MS,-0.866025,-0.500000,23853.8000,1,1,19527583.6000,-0.365210,-0.764148,-0.447900,-0.297070,-1.438933,-1.366348,-0.387420,-1.586531,-1.909916,0.234438,1.854496
2021,9,MS,-1.000000,-1.8369702e-16,17890.3500,1,1,14645687.7000,-0.388547,-0.843020,-0.447900,0.758458,-0.721752,-0.765693,0.664012,-0.741889,-1.598186,-0.029886,1.364709
2021,10,MS,-0.866025,0.500000,9541.5200,1,1,7811033.4400,0.106722,-0.871677,-0.447900,0.126896,0.182520,-0.438064,0.110472,0.134035,-0.662995,0.461880,2.148368
2021,11,MS,-0.500000,0.866025,3578.0700,1,0,2929137.5400,0.339446,-0.904803,-0.447900,0.629806,1.429792,0.435616,0.672798,1.291508,0.316730,-0.171268,1.364709
2021,12,MS,-2.4492936e-16,1.000000,2385.3800,1,0,1952758.3600,0.009483,-0.930831,-0.447900,0.711675,1.117974,0.362809,0.766519,1.135092,0.153442,-0.829004,1.217772
2022,1,MS,0.500000,0.866025,1527.1400,0,0,1371249.3600,-0.098128,-0.904278,-0.447900,0.594719,1.086792,0.690439,0.637653,1.072526,0.717526,-0.939651,1.903474
2022,2,MS,0.866025,0.500000,1527.1400,0,0,1371249.3600,-0.245930,-0.882456,-0.447900,0.603491,1.086792,0.144389,0.646439,0.884828,-0.054378,-1.050298,3.372836
2022,3,MS,1.000000,6.123234e-17,1527.1400,0,0,1371249.3600,0.211091,-0.859320,-0.447900,0.430981,0.650247,0.271801,0.485356,0.603281,0.331574,-1.099475,1.021857
2022,4,MS,0.866025,-0.500000,2290.7100,0,0,2056874.0400,-0.187587,-0.829349,-0.447900,0.214613,0.587884,-0.292450,0.256911,0.415583,-0.351264,-0.576974,1.854496
2022,5,MS,0.500000,-0.866025,6108.5600,1,0,5484997.4400,-0.283529,-0.755735,-0.447900,-1.264880,0.026611,-2.167220,-1.245553,-0.147512,-1.420054,-0.613857,0.336155
2022,6,MS,1.2246468e-16,-1.000000,11453.5500,1,1,10284370.2000,-0.128596,-0.763359,-0.447900,-1.159619,-0.409934,-1.784986,-1.143046,-0.397776,-1.865383,-0.263474,0.727985
2022,7,MS,-0.500000,-0.866025,15271.4000,1,1,13712493.6000,-0.447538,-0.741800,-0.447900,-0.487123,-0.877661,-1.257138,-0.610008,0.227885,-1.048947,1.832675,0.679006
2022,8,MS,-0.866025,-0.500000,15271.4000,1,1,13712493.6000,-0.446242,-0.640844,-0.447900,-1.653758,-2.592660,-1.875994,-1.834238,-2.493739,-1.850539,2.607205,1.462666
2022,9,MS,-1.000000,-1.8369702e-16,11453.5500,1,1,10284370.2000,0.088570,-0.823828,-0.447900,-0.598231,-0.285207,-1.402751,-0.618794,-0.303927,-1.761473,1.297880,1.805517
2022,10,MS,-0.866025,0.500000,6108.5600,1,0,5484997.4400,-0.103962,-0.859846,-0.447900,-0.203505,-0.472297,-0.620080,-0.232195,-0.429059,-0.662995,0.713909,1.266751
2022,11,MS,-0.500000,0.866025,2290.7100,0,0,2056874.0400,-0.181105,-0.866156,-0.447900,-0.229820,-0.752934,-1.675776,-0.284913,-0.804455,-1.345833,1.088880,1.805517
2022,12,MS,-2.4492936e-16,1.000000,1527.1400,0,0,1371249.3600,0.074309,-0.928465,-0.447900,0.229232,0.431975,0.053381,0.180763,0.290451,-0.351264,0.388115,0.874921
2023,1,MS,0.500000,0.866025,2017.9600,0,0,1544405.0600,0.633755,-0.887451,-0.447900,-0.221048,0.057793,0.016978,-0.249768,0.134035,0.242508,0.259026,1.021857
2023,2,MS,0.866025,0.500000,2017.9600,0,0,1544405.0600,0.255821,-0.854325,-0.447900,-0.320461,0.026611,-0.492669,-0.331774,-0.116229,-0.499707,0.111497,1.315730
2023,3,MS,1.000000,6.123234e-17,2017.9600,0,0,1544405.0600,0.183864,-0.844597,-0.447900,-0.080701,0.120157,0.053381,-0.112115,0.008903,0.153442,-0.036033,0.776964
2023,4,MS,0.866025,-0.500000,3026.9400,1,0,2316607.5900,-0.020337,-0.837236,-0.447900,-0.457884,-0.129298,-0.765693,-0.481141,-0.053663,-0.544240,-0.122092,0.679006
2023,5,MS,0.500000,-0.866025,8071.8400,1,0,6177620.2400,-0.271212,-0.771772,-0.447900,-0.764893,-0.597025,-0.893105,-0.797450,-0.585474,-1.330988,0.050026,0.336155
2023,6,MS,1.2246468e-16,-1.000000,15134.7000,1,1,11583037.9500,-0.224538,-0.722345,-0.447900,-1.548498,-1.189479,-2.240027,-1.597007,-1.367550,-1.227078,-0.011444,-0.153632
2023,7,MS,-0.500000,-0.866025,20179.6000,1,1,15444050.6000,-0.461152,-0.742852,-0.447900,-0.776589,-1.719569,-1.930599,-0.835524,-1.711663,-1.613030,0.744644,1.266751
2023,8,MS,-0.866025,-0.500000,20179.6000,1,1,15444050.6000,-0.323721,-0.813574,-0.447900,-0.069006,-1.158297,-0.692887,-0.120901,-1.086003,-1.152857,0.935203,1.462666
2023,9,MS,-1.000000,-1.8369702e-16,15134.7000,1,1,11583037.9500,-0.286771,-0.852748,-0.447900,0.451448,-0.347570,-1.275340,0.391635,-0.366493,-1.509120,0.959792,1.266751
2023,10,MS,-0.866025,0.500000,8071.8400,1,0,6177620.2400,-0.426146,-0.907958,-0.447900,0.933891,-0.160479,-0.347055,0.883671,-0.366493,-0.113755,1.340910,1.315730
2023,11,MS,-0.500000,0.866025,3026.9400,1,0,2316607.5900,-0.105259,-0.912165,-0.447900,0.904653,-0.098116,-1.075121,0.842668,-0.241361,-1.791162,1.310174,1.315730
2023,12,MS,-2.4492936e-16,1.000000,2017.9600,0,0,1544405.0600,0.205905,-0.889555,-0.447900,0.697056,-0.035752,-0.110434,0.640582,1.009960,0.123754,0.277468,1.756538
2002,12,MT,-2.4492936e-16,1.000000,21310.6000,1,1,10027684.7400,-0.476062,0.346639,-0.393231,1.524519,0.525520,0.890657,1.571934,0.509432,0.969879,0.455732,4.597304
2003,1,MT,0.500000,0.866025,22707.2800,1,1,10678913.0200,-0.168788,0.334020,0.038630,0.559633,0.650247,0.726842,0.573220,0.697130,1.014412,0.289762,-0.104653
2003,2,MT,0.866025,0.500000,22707.2800,1,1,10678913.0200,0.017262,0.235692,0.027084,0.489459,0.525520,-0.165039,0.488285,0.478149,0.494861,-0.411004,0.434113
2003,3,MT,1.000000,6.123234e-17,22707.2800,1,1,10678913.0200,-0.058584,0.227016,0.059591,0.471916,0.587884,0.563027,0.479499,0.634564,0.687837,-0.589269,0.091262
2003,4,MT,0.866025,-0.500000,34060.9200,1,1,16018369.5300,-0.079977,0.265138,-0.000647,0.352036,0.556702,-0.274249,0.335989,0.634564,-0.217665,-0.792122,0.385134
2003,5,MT,0.500000,-0.866025,90829.1200,1,1,42715652.0800,-0.324370,0.290114,0.014541,0.080113,0.120157,-0.838500,0.051897,-0.022380,-0.633306,-0.982681,-0.055674
2003,6,MT,1.2246468e-16,-1.000000,170304.6000,1,1,80091847.6500,-0.474765,0.291166,-0.015469,-0.077777,-0.098116,-0.529072,-0.123830,-0.210078,-0.781749,-1.111769,-0.398525
2003,7,MT,-0.500000,-0.866025,227072.8000,1,1,1.0678913e+08,-0.476062,0.334545,-0.111277,-0.364319,-0.908843,-0.984113,-0.443067,-1.117286,-1.375521,-0.859739,-0.251589
2003,8,MT,-0.866025,-0.500000,227072.8000,1,1,1.0678913e+08,-0.476062,0.332705,0.031843,-0.060234,-0.534661,-1.038718,-0.129688,-0.648040,-1.568497,-0.312651,0.923900
2003,9,MT,-1.000000,-1.8369702e-16,170304.6000,1,1,80091847.6500,-0.475413,0.265926,-0.031923,0.688284,0.151339,-0.947710,0.637653,0.102752,-1.138012,-0.392562,1.903474
2003,10,MT,-0.866025,0.500000,90829.1200,1,1,42715652.0800,-0.409939,0.211767,0.043052,0.761382,0.587884,0.198994,0.748947,0.446866,-0.217665,-0.232739,1.805517
2003,11,MT,-0.500000,0.866025,34060.9200,1,1,16018369.5300,0.064585,0.189946,0.220059,0.594719,0.619065,-0.092232,0.584935,0.415583,-0.677839,-0.189709,1.119815
2003,12,MT,-2.4492936e-16,1.000000,22707.2800,1,1,10678913.0200,-0.037840,0.131317,0.116885,0.729219,0.619065,0.453817,0.763591,0.571998,0.732370,-0.521651,1.266751
2004,1,MT,0.500000,0.866025,25481.6000,1,1,12728230.5400,0.098942,0.144726,0.028349,0.559633,0.681429,0.599430,0.570291,0.759696,1.014412,-0.454033,0.189219
2004,2,MT,0.866025,0.500000,25481.6000,1,1,12728230.5400,0.152748,0.205983,0.011146,0.533317,0.587884,0.453817,0.535146,0.634564,0.287041,-0.497063,-0.202610
2004,3,MT,1.000000,6.123234e-17,25481.6000,1,1,12728230.5400,-0.411884,0.200988,0.121759,0.758458,0.650247,0.107986,0.728445,0.634564,0.183131,-0.626151,1.560623
2004,4,MT,0.866025,-0.500000,38222.4000,1,1,19092345.8100,-0.324370,0.226227,0.067997,0.568404,0.556702,0.217196,0.538074,0.853545,0.762059,-0.583121,0.287177
2004,5,MT,0.500000,-0.866025,101926.4000,1,1,50912922.1600,-0.451428,0.334020,0.055505,-0.574840,0.338429,-0.765693,-0.563147,0.227885,-0.113755,-0.650739,-0.153632
2004,6,MT,1.2246468e-16,-1.000000,191112.0000,1,1,95461729.0500,-0.471524,0.347954,0.002412,-0.355548,-0.316388,-1.147928,-0.402064,-0.522908,-0.544240,-0.902769,0.189219
2004,7,MT,-0.500000,-0.866025,254816.0000,1,1,1.2728231e+08,-0.395678,0.319034,-0.064110,-0.452036,-0.191661,-0.747492,-0.484070,-0.335210,-1.078635,-0.724504,0.532070
2004,8,MT,-0.866025,-0.500000,254816.0000,1,1,1.2728231e+08,-0.475413,0.319297,0.025533,0.138591,-0.409934,-1.220735,0.060683,-0.491625,-1.345833,-0.890475,0.434113
2004,9,MT,-1.000000,-1.8369702e-16,191112.0000,1,1,95461729.0500,-0.435222,0.238321,-0.013846,0.954359,-0.191661,-1.184331,0.883671,-0.210078,-1.330988,-0.466327,0.434113
2004,10,MT,-0.866025,0.500000,101926.4000,1,1,50912922.1600,0.022448,0.197307,0.020668,1.024532,0.276066,0.271801,1.003751,0.196602,-0.974725,-0.202003,1.854496
2004,11,MT,-0.500000,0.866025,38222.4000,1,1,19092345.8100,0.101535,0.187317,0.253529,0.659045,0.431975,-0.074031,0.643511,0.353017,0.153442,-0.417151,1.021857
2004,12,MT,-2.4492936e-16,1.000000,25481.6000,1,1,12728230.5400,0.125521,0.179167,0.123263,0.834479,0.587884,0.362809,0.807522,0.446866,-0.262198,-0.214298,0.287177
2005,1,MT,0.500000,0.866025,15477.6800,1,1,8247180.7400,-0.094562,0.166021,0.051377,0.623958,0.619065,0.708640,0.631795,0.540715,0.955035,-0.171268,1.364709
2005,2,MT,0.866025,0.500000,15477.6800,1,1,8247180.7400,0.345928,0.187580,-0.075004,0.673665,0.712611,0.016978,0.652297,0.853545,0.123754,-0.656886,0.042283
2005,3,MT,1.000000,6.123234e-17,15477.6800,1,1,8247180.7400,0.341066,0.214922,0.086282,0.591795,0.681429,0.399212,0.587864,0.728413,0.776903,-0.601563,0.679006
2005,4,MT,0.866025,-0.500000,23216.5200,1,1,12370771.1100,-0.200228,0.258039,-0.003135,0.422209,0.619065,-0.802097,0.403350,0.603281,-0.143444,-0.699916,0.483092
2005,5,MT,0.500000,-0.866025,61910.7200,1,1,32988722.9600,-0.451428,0.210190,-0.048065,0.501155,-0.066934,-0.055829,0.423852,-0.147512,-0.084067,-0.865886,0.776964
2005,6,MT,1.2246468e-16,-1.000000,116082.6000,1,1,61853855.5500,-0.426146,0.296424,-0.110127,0.170754,-0.441116,-0.365257,0.089971,-0.522908,-0.573929,-0.884328,0.336155
2005,7,MT,-0.500000,-0.866025,154776.8000,1,1,82471807.4000,-0.476062,0.359785,-0.088169,-0.449112,-0.565843,-1.129726,-0.525073,-0.741889,-1.078635,-0.429445,0.483092
2005,8,MT,-0.866025,-0.500000,154776.8000,1,1,82471807.4000,-0.473469,0.277494,0.021418,0.477763,-0.285207,-1.475558,0.371134,-0.272644,-1.716940,-0.472474,0.679006
2005,9,MT,-1.000000,-1.8369702e-16,116082.6000,1,1,61853855.5500,-0.243337,0.287748,-0.040852,0.144439,-0.160479,-1.202533,0.116330,0.040186,-0.945036,-0.140533,1.462666
2005,10,MT,-0.866025,0.500000,61910.7200,1,1,32988722.9600,0.000731,0.209664,0.049029,0.939739,0.494338,0.198994,0.910030,0.290451,-0.009845,-0.374121,0.923900
2005,11,MT,-0.500000,0.866025,23216.5200,1,1,12370771.1100,-0.125355,0.164444,3.990018,0.837403,0.494338,0.417414,0.825095,0.478149,0.583927,-0.361827,0.972879
2005,12,MT,-2.4492936e-16,1.000000,15477.6800,1,1,8247180.7400,-0.129892,0.153402,4.212918,0.702904,0.712611,0.544825,0.690371,0.603281,0.687837,0.019291,1.168794
2006,1,MT,0.500000,0.866025,11026.1600,1,1,5744759.6800,0.014021,0.192312,3.562720,0.600567,0.743793,0.508422,0.582006,0.759696,0.598771,-0.417151,0.189219
2006,2,MT,0.866025,0.500000,11026.1600,1,1,5744759.6800,0.813970,0.183636,3.611170,0.550861,0.556702,0.526624,0.543932,0.603281,0.524550,-0.349533,1.021857
2006,3,MT,1.000000,6.123234e-17,11026.1600,1,1,5744759.6800,0.410430,0.212556,3.863480,0.556709,0.650247,0.599430,0.552718,0.759696,1.044101,-0.558533,0.336155
2006,4,MT,0.866025,-0.500000,16539.2400,1,1,8617139.5200,0.029579,0.216237,3.648631,0.308177,0.806156,-0.110434,0.303772,0.665847,0.019843,-0.964239,0.091262
2006,5,MT,0.500000,-0.866025,44104.6400,1,1,22979038.7200,-0.461152,0.312461,2.504929,-0.633318,-0.285207,-1.038718,-0.665655,-0.366493,-0.781749,-1.044151,-0.398525
2006,6,MT,1.2246468e-16,-1.000000,82696.2000,1,1,43085697.6000,-0.473469,0.311147,3.139189,0.036255,-0.316388,-0.328854,-0.035967,-0.460342,-0.499707,-1.068740,-0.594440
2006,7,MT,-0.500000,-0.866025,110261.6000,1,1,57447596.8000,-0.443649,0.318245,3.235751,-0.071929,-0.628206,-1.093323,-0.150189,-0.804455,-1.167701,-0.724504,2.442240
2006,8,MT,-0.866025,-0.500000,110261.6000,1,1,57447596.8000,-0.400216,0.276706,3.396339,0.580100,-0.098116,-0.947710,0.485356,-0.178795,-1.806006,-0.392562,0.189219
2006,9,MT,-1.000000,-1.8369702e-16,82696.2000,1,1,43085697.6000,-0.231669,0.268818,1.297478,0.778925,0.213702,-0.656483,0.725516,0.353017,-1.642719,-0.374121,0.923900
2006,10,MT,-0.866025,0.500000,44104.6400,1,1,22979038.7200,-0.168788,0.206772,-0.108367,0.705827,0.743793,0.544825,0.702086,0.665847,0.509706,-0.515504,0.140241
2006,11,MT,-0.500000,0.866025,16539.2400,1,1,8617139.5200,-0.431332,0.203354,0.848248,1.764279,0.774974,0.490221,1.662726,0.759696,-0.455174,0.142232,-0.202610
2006,12,MT,-2.4492936e-16,1.000000,11026.1600,1,1,5744759.6800,-0.101693,0.204143,0.430246,1.159032,0.587884,0.799649,1.044754,0.384300,0.821436,0.830703,-0.300568
2007,1,MT,0.500000,0.866025,9889.8800,1,1,5118682.3200,0.406216,0.204932,-0.061422,0.799392,0.743793,0.799649,0.795807,0.822262,0.865969,-0.079062,1.364709
2007,2,MT,0.866025,0.500000,9889.8800,1,1,5118682.3200,0.414644,0.208612,-0.094171,0.527470,0.868520,0.381011,0.529288,0.884828,0.762059,-0.478621,0.287177
2007,3,MT,1.000000,6.123234e-17,9889.8800,1,1,5118682.3200,0.069447,0.232537,-0.049940,0.705827,0.463157,0.544825,0.669870,0.634564,0.301885,-0.730651,1.903474
2007,4,MT,0.866025,-0.500000,14834.8200,1,1,7678023.4800,-0.037192,0.252518,-0.078510,0.694132,0.619065,0.198994,0.661083,0.478149,0.361263,-0.902769,1.168794
2007,5,MT,0.500000,-0.866025,39559.5200,1,1,20474729.2800,-0.426794,0.315090,-0.121579,-0.323385,0.338429,-1.329944,-0.349346,0.259168,-0.959881,-0.761386,0.140241
2007,6,MT,1.2246468e-16,-1.000000,74174.1000,1,1,38390117.4000,-0.474117,0.332179,-0.137129,-0.259059,-0.409934,-0.529072,-0.317130,-0.585474,-1.138012,-0.945798,-0.300568
2007,7,MT,-0.500000,-0.866025,98898.8000,1,1,51186823.2000,-0.410588,0.331128,-0.154235,-0.449112,-0.191661,-1.366348,-0.504572,-0.241361,-1.613030,-0.626151,1.805517
2007,8,MT,-0.866025,-0.500000,98898.8000,1,1,51186823.2000,-0.264730,0.229908,-0.142293,-0.832143,-0.877661,-1.257138,-0.873598,-0.898304,-1.479431,-1.173240,-0.447504
2007,9,MT,-1.000000,-1.8369702e-16,74174.1000,1,1,38390117.4000,-0.463745,0.152087,-0.230952,0.419285,-0.441116,-0.529072,0.412137,-0.429059,-1.434899,-0.761386,0.483092
2007,10,MT,-0.866025,0.500000,39559.5200,1,1,20474729.2800,0.187105,0.203091,-0.151900,0.942663,0.276066,-0.019426,0.918816,0.227885,-0.900504,-0.576974,1.217772
2007,11,MT,-0.500000,0.866025,14834.8200,1,1,7678023.4800,0.426961,0.178904,-0.101533,0.618111,0.400793,0.526624,0.617152,0.509432,0.376107,-0.269621,1.707560
2007,12,MT,-2.4492936e-16,1.000000,9889.8800,1,1,5118682.3200,0.072364,0.184688,0.093312,0.629806,0.338429,0.381011,0.614223,0.947394,0.583927,-0.146680,0.434113
2008,1,MT,0.500000,0.866025,8160.9200,1,0,4175685.6400,0.638941,0.192575,0.188724,0.390046,0.431975,0.544825,0.391635,0.509432,-0.573929,-0.343386,1.021857
2008,2,MT,0.866025,0.500000,8160.9200,1,0,4175685.6400,-0.249172,0.219917,0.074328,0.571328,0.431975,0.526624,0.546861,0.321734,0.717526,-0.257327,0.825943
2008,3,MT,1.000000,6.123234e-17,8160.9200,1,0,4175685.6400,-0.104934,0.225964,-0.046016,0.559633,0.556702,0.508422,0.508787,0.665847,-0.009845,-0.699916,0.336155
2008,4,MT,0.866025,-0.500000,12241.3800,1,1,6263528.4600,-0.327611,0.218340,-0.156655,0.238004,0.369611,-0.274249,0.212980,0.446866,0.301885,-0.687622,0.042283
2008,5,MT,0.500000,-0.866025,32643.6800,1,1,16702742.5600,-0.476062,0.317456,-0.166445,-0.384786,0.400793,-0.838500,-0.448925,0.478149,-0.499707,-0.798269,-0.006696
2008,6,MT,1.2246468e-16,-1.000000,61206.9000,1,1,31317642.3000,-0.476062,0.346113,-0.124561,-0.469580,-0.565843,-0.529072,-0.533859,-0.616757,-0.648150,-0.988828,-0.839334
2008,7,MT,-0.500000,-0.866025,81609.2000,1,1,41756856.4000,-0.448187,0.319823,-0.118605,0.901729,-2.012678,0.510242,0.977392,-2.005724,-1.138012,-1.443711,-0.496483
2008,8,MT,-0.866025,-0.500000,81609.2000,1,1,41756856.4000,-0.476062,0.235166,-0.446107,1.308150,-0.347570,0.016978,1.214623,-0.491625,-1.479431,-1.240857,-2.088291
2008,9,MT,-1.000000,-1.8369702e-16,61206.9000,1,1,31317642.3000,-0.367803,0.256987,-0.445046,1.024532,-0.752934,-0.838500,0.948104,-0.867021,-1.657563,-0.497063,0.532070
2008,10,MT,-0.866025,0.500000,32643.6800,1,1,16702742.5600,-0.428739,0.229382,-0.449072,1.030380,0.057793,0.126188,0.992035,0.134035,-0.870815,-0.097503,0.336155
2008,11,MT,-0.500000,0.866025,12241.3800,1,1,6263528.4600,-0.175919,0.176801,-0.449562,1.115173,0.431975,0.344607,1.085756,0.321734,0.272197,-0.048327,1.119815
2008,12,MT,-2.4492936e-16,1.000000,8160.9200,1,0,4175685.6400,0.131679,0.164707,-0.450052,0.685360,0.681429,-0.310652,0.664012,0.697130,-0.573929,-0.411004,0.091262
2009,1,MT,0.500000,0.866025,4042.2600,1,0,2014970.7000,-0.114982,0.212030,-0.450546,0.793544,0.587884,-0.074031,0.743089,0.665847,-0.514552,-0.361827,0.630028
2009,2,MT,0.866025,0.500000,4042.2600,1,0,2014970.7000,3.774237,0.204143,-0.451023,0.650273,0.587884,0.472019,0.602508,0.415583,0.732370,-0.829004,-0.153632
2009,3,MT,1.000000,6.123234e-17,4042.2600,1,0,2014970.7000,2.115995,0.204669,-0.431677,0.656121,0.899702,0.726842,0.628867,0.884828,0.598771,1.580645,-0.153632
2009,4,MT,0.866025,-0.500000,6063.3900,1,0,3022456.0500,-0.217407,0.298527,-0.449315,-0.022223,0.369611,-1.730381,-0.053539,0.290451,-1.019258,4.187001,-2.705423
2009,5,MT,0.500000,-0.866025,16169.0400,1,1,8059882.8000,-0.326963,0.280386,-0.445489,0.246775,0.182520,-0.019426,0.204193,0.165319,0.064376,3.928824,-2.671138
2009,6,MT,1.2246468e-16,-1.000000,30316.9500,1,1,15112280.2500,-0.338631,0.345325,-0.442622,-0.612851,-0.222843,-1.293541,-0.642224,-0.272644,-0.900504,3.664500,-2.636853
2009,7,MT,-0.500000,-0.866025,40422.6000,1,1,20149707.0000,-0.388547,0.321400,-0.441471,-0.226896,-0.066934,-1.584768,-0.284913,-0.210078,-0.796593,3.400176,-2.607465
2009,8,MT,-0.866025,-0.500000,40422.6000,1,1,20149707.0000,-0.218704,0.281701,-0.440296,0.316949,-0.347570,-1.038718,0.239339,-0.429059,-1.197390,3.135853,-2.573180
2009,9,MT,-1.000000,-1.8369702e-16,30316.9500,1,1,15112280.2500,-0.287419,0.272236,-0.439925,0.688284,0.026611,-0.529072,0.646439,0.071469,-0.321576,2.871529,-2.538895
2009,10,MT,-0.866025,0.500000,16169.0400,1,1,8059882.8000,0.020503,0.187054,-0.441812,1.065467,0.525520,-0.037627,1.030110,0.665847,0.153442,2.613352,-2.509508
2009,11,MT,-0.500000,0.866025,6063.3900,1,0,3022456.0500,-0.129892,0.165495,-0.443832,1.009913,0.587884,0.508422,0.989107,0.571998,0.628460,2.349028,-2.475223
2009,12,MT,-2.4492936e-16,1.000000,4042.2600,1,0,2014970.7000,0.586108,0.197833,-0.445855,0.635654,0.494338,0.581229,0.628867,0.571998,0.687837,2.084705,-2.440938
2010,1,MT,0.500000,0.866025,10403.7000,1,1,5545385.2400,0.586432,0.204932,-0.447909,0.694132,0.587884,0.654035,0.684513,0.790979,0.702682,1.820381,-2.411551
2010,2,MT,0.866025,0.500000,10403.7000,1,1,5545385.2400,0.556612,0.204406,-0.449860,0.843251,0.837338,0.490221,0.833881,0.853545,0.628460,1.568351,-2.377266
2010,3,MT,1.000000,6.123234e-17,10403.7000,1,1,5545385.2400,0.522903,0.211241,-0.451816,0.816936,0.962065,0.654035,0.792878,0.884828,0.702682,1.316321,-2.347878
2010,4,MT,0.866025,-0.500000,15605.5500,1,1,8318077.8600,-0.243337,0.262246,-0.439069,0.533317,0.681429,-0.419862,0.485356,0.634564,-0.321576,1.051998,-2.313593
2010,5,MT,0.500000,-0.866025,41614.8000,1,1,22181540.9600,-0.476062,0.238847,-0.451620,1.112249,0.213702,-0.074031,1.071113,0.415583,-0.692683,0.787674,-2.279308
2010,6,MT,1.2246468e-16,-1.000000,78027.7500,1,1,41590389.3000,-0.462448,0.325606,-0.347849,0.009940,-0.409934,-0.729290,-0.068183,-0.616757,-0.885659,0.080762,-0.398525
2010,7,MT,-0.500000,-0.866025,104037.0000,1,1,55453852.4000,-0.435222,0.319823,-0.143017,-0.501742,-1.033570,-1.712179,-0.601221,-1.054720,-1.791162,-0.441739,0.189219
2010,8,MT,-0.866025,-0.500000,104037.0000,1,1,55453852.4000,-0.476062,0.281175,-0.127905,0.123972,-1.158297,-1.166130,0.013823,-1.242418,-1.702096,-0.656886,0.581049
2010,9,MT,-1.000000,-1.8369702e-16,78027.7500,1,1,41590389.3000,-0.461800,0.204669,-0.151738,1.430954,0.182520,-0.037627,1.352276,0.165319,-1.657563,-0.367974,0.385134
2010,10,MT,-0.866025,0.500000,41614.8000,1,1,22181540.9600,-0.447538,0.223072,-0.369820,-0.247363,0.400793,-0.128636,-0.144332,0.227885,0.539394,-1.173240,0.336155
2010,11,MT,-0.500000,0.866025,15605.5500,1,1,8318077.8600,-0.476062,0.190998,-0.349587,-0.136255,-1.360979,1.016248,-0.038895,-1.323754,0.702682,-1.185534,-2.455631
2010,12,MT,-2.4492936e-16,1.000000,10403.7000,1,1,5545385.2400,-0.476062,0.162341,-0.303017,0.039179,-1.557424,1.118177,0.113401,-1.523965,0.597287,-1.062593,-2.377266
2011,1,MT,0.500000,0.866025,6897.7200,1,0,3489015.0200,-0.476062,0.133158,-0.255679,0.220460,-1.756987,1.223747,0.271555,-1.730433,0.491892,-0.939651,-2.294002
2011,2,MT,0.866025,0.500000,6897.7200,1,0,3489015.0200,-0.476062,0.105552,-0.210634,0.392970,-1.956551,1.327496,0.417994,-1.936901,0.395404,-0.816710,-2.220534
2011,3,MT,1.000000,6.123234e-17,6897.7200,1,0,3489015.0200,-0.476062,0.077684,-0.165584,0.562556,-2.137405,1.422145,0.567362,-2.121471,0.290010,-0.699916,-2.142168
2011,4,MT,0.866025,-0.500000,10346.5800,1,1,5233522.5300,-0.476062,0.049027,-0.119014,0.740914,-2.340087,1.527715,0.722588,-2.327939,0.187584,-0.570827,-2.063802
2011,5,MT,0.500000,-0.866025,27590.8800,1,1,13956060.0800,-0.469579,0.040088,-0.149276,0.591795,-0.846479,-0.146837,0.561505,-0.929587,-0.826282,-0.607710,-0.986270
2011,6,MT,1.2246468e-16,-1.000000,51732.9000,1,1,26167612.6500,-0.443649,0.061384,-0.266829,-0.145027,-0.659388,-1.548364,-0.232195,-0.710606,-1.019258,-0.699916,-0.398525
2011,7,MT,-0.500000,-0.866025,68977.2000,1,1,34890150.2000,-0.468931,0.047713,-0.278907,0.170754,-0.940024,-1.220735,0.130974,-1.117286,-1.405210,-0.392562,-0.398525
2011,8,MT,-0.866025,-0.500000,68977.2000,1,1,34890150.2000,-0.431332,0.046135,-0.115018,0.343264,-0.503479,-1.475558,0.271555,-0.460342,-1.776318,-1.880152,-0.398525
2011,9,MT,-1.000000,-1.8369702e-16,51732.9000,1,1,26167612.6500,-0.450780,-0.004343,-0.199808,1.246749,-0.971206,0.490221,0.748947,-1.179852,-0.404704,1.894146,0.483092
2011,10,MT,-0.866025,0.500000,27590.8800,1,1,13956060.0800,-0.044322,-0.067441,-0.210391,0.887109,0.151339,0.126188,0.871955,0.759696,-0.366108,0.000850,0.874921
2011,11,MT,-0.500000,0.866025,10346.5800,1,1,5233522.5300,-0.098776,-0.083479,-0.157055,0.887109,0.400793,0.508422,0.869027,0.353017,-0.098911,-0.054474,-0.153632
2011,12,MT,-2.4492936e-16,1.000000,6897.7200,1,0,3489015.0200,-0.037192,-0.069019,-0.171085,0.626882,0.369611,0.344607,0.634724,0.478149,-0.633306,-0.091356,-0.104653
2012,1,MT,0.500000,0.866025,10712.0600,1,1,5436446.1200,0.138486,-0.057714,-0.202463,0.378351,0.400793,0.508422,0.388707,0.446866,0.524550,0.050026,-0.202610
2012,2,MT,0.866025,0.500000,10712.0600,1,1,5436446.1200,0.264248,-0.037995,-0.186622,0.390046,0.619065,0.290002,0.379920,0.415583,0.331574,-0.343386,0.434113
2012,3,MT,1.000000,6.123234e-17,10712.0600,1,1,5436446.1200,0.238318,-0.005921,-0.180760,0.372503,0.276066,0.107986,0.371134,0.196602,0.287041,-0.607710,-0.153632
2012,4,MT,0.866025,-0.500000,16068.0900,1,1,8154669.1800,-0.198608,-0.011442,-0.222312,0.524546,0.244884,-0.347055,0.529288,0.665847,0.257352,-0.693769,-0.202610
2012,5,MT,0.500000,-0.866025,42848.2400,1,1,21745784.4800,0.391955,0.042717,-0.262568,0.047950,-0.004570,-0.747492,0.051897,0.571998,-0.277043,-0.964239,-0.055674
2012,6,MT,1.2246468e-16,-1.000000,80340.4500,1,1,40773345.9000,-0.257599,0.070323,-0.276628,-0.188885,-0.191661,-1.075121,-0.182406,-0.272644,-0.573929,-0.742945,0.776964
2012,7,MT,-0.500000,-0.866025,107120.6000,1,1,54364461.2000,-0.472820,0.080839,-0.265069,-0.241515,-0.815297,-1.439154,-0.273198,-0.835738,-1.583342,-0.699916,-0.496483
2012,8,MT,-0.866025,-0.500000,107120.6000,1,1,54364461.2000,-0.476062,0.074792,-0.244065,0.708751,-1.314206,-0.984113,0.652297,-1.492682,-1.538809,-0.294209,-0.251589
2012,9,MT,-1.000000,-1.8369702e-16,80340.4500,1,1,40773345.9000,-0.326314,0.009328,-0.209454,1.390020,-0.129298,-0.692887,1.337632,-0.303927,-1.806006,-0.165121,-0.006696
2012,10,MT,-0.866025,0.500000,42848.2400,1,1,21745784.4800,-0.345762,-0.054822,-0.209756,1.170727,0.244884,0.326406,1.156047,0.353017,-0.187977,-0.109797,1.364709
2012,11,MT,-0.500000,0.866025,16068.0900,1,1,8154669.1800,0.162472,-0.077169,-0.229197,0.565480,0.619065,0.563027,0.579077,0.540715,0.331574,-0.312651,-0.349547
2012,12,MT,-2.4492936e-16,1.000000,10712.0600,1,1,5436446.1200,0.078198,-0.065601,-0.201227,0.679512,0.276066,0.453817,0.681585,0.665847,0.598771,-0.189709,0.140241
2013,1,MT,0.500000,0.866025,4540.5200,1,0,2243140.5400,0.125521,-0.049563,-0.238761,0.454372,0.743793,0.654035,0.470712,0.728413,0.732370,-0.275768,-0.643419
2013,2,MT,0.866025,0.500000,4540.5200,1,0,2243140.5400,-0.050805,-0.035103,-0.229111,0.395894,0.525520,0.399212,0.412137,0.603281,0.583927,-0.380268,-0.153632
2013,3,MT,1.000000,6.123234e-17,4540.5200,1,0,2243140.5400,0.285640,-0.024850,-0.195288,0.621034,0.650247,0.472019,0.625938,0.446866,0.242508,-0.626151,-0.251589
2013,4,MT,0.866025,-0.500000,6810.7800,1,0,3364710.8100,-0.303949,0.019844,-0.269189,0.296482,0.650247,0.035179,0.309630,0.478149,-0.173133,-0.736798,-0.741376
2013,5,MT,0.500000,-0.866025,18162.0800,1,1,8972562.1600,-0.256303,0.041929,-0.304380,0.159059,0.151339,-0.474467,0.160262,-0.022380,-0.380953,-0.656886,-0.496483
2013,6,MT,1.2246468e-16,-1.000000,34053.9000,1,1,16823554.0500,-0.376878,0.051130,-0.304968,0.281862,-0.004570,-0.074031,0.277413,-0.178795,0.227664,-0.945798,0.336155
2013,7,MT,-0.500000,-0.866025,45405.2000,1,1,22431405.4000,-0.456614,0.097665,-0.297619,-0.130407,-0.285207,-1.839591,-0.164833,-0.397776,-1.909916,-0.589269,-0.496483
2013,8,MT,-0.866025,-0.500000,45405.2000,1,1,22431405.4000,-0.476062,0.069271,-0.273875,0.138591,-1.781933,-1.439154,0.081185,-1.961927,-1.924761,-0.017592,0.042283
2013,9,MT,-1.000000,-1.8369702e-16,34053.9000,1,1,16823554.0500,-0.368451,0.011431,-0.210553,1.006989,-0.316388,-0.601878,0.971534,-0.366493,-1.523964,-0.128239,-0.300568
2013,10,MT,-0.866025,0.500000,18162.0800,1,1,8972562.1600,-0.138320,-0.016700,-0.225196,0.720447,0.494338,0.253599,0.707944,0.415583,-0.306731,-0.232739,0.581049
2013,11,MT,-0.500000,0.866025,6810.7800,1,0,3364710.8100,0.094405,-0.065338,-0.204853,0.626882,0.369611,0.435616,0.623009,0.415583,0.242508,-0.140533,0.238198
2013,12,MT,-2.4492936e-16,1.000000,4540.5200,1,0,2243140.5400,0.343335,-0.075065,-0.212871,0.454372,0.525520,0.417414,0.464855,0.665847,0.376107,-0.023739,-0.643419
2014,1,MT,0.500000,0.866025,7345.5400,1,0,3719222.9600,0.205257,-0.003029,-0.217885,0.235080,0.151339,0.326406,0.236410,0.290451,0.583927,-0.478621,-0.349547
2014,2,MT,0.866025,0.500000,7345.5400,1,0,3719222.9600,0.605880,-0.036944,-0.224416,0.202917,0.431975,0.180792,0.210051,0.571998,0.598771,-0.484768,0.385134
2014,3,MT,1.000000,6.123234e-17,7345.5400,1,0,3719222.9600,0.235076,-0.020643,-0.227071,0.504078,0.369611,0.490221,0.505858,0.478149,0.851125,-0.466327,-0.349547
2014,4,MT,0.866025,-0.500000,11018.3100,1,1,5578834.4400,0.183216,0.012483,-0.262398,0.641502,0.494338,0.362809,0.640582,0.415583,0.316730,-0.533945,-0.398525
2014,5,MT,0.500000,-0.866025,29382.1600,1,1,14876891.8400,-0.360672,0.040614,-0.283444,0.328645,0.120157,-0.328854,0.297914,-0.053663,-0.291887,-0.460180,-0.545461
2014,6,MT,1.2246468e-16,-1.000000,55091.5500,1,1,27894172.2000,-0.356782,0.068482,-0.338557,0.001168,0.057793,-0.911307,0.007965,-0.116229,-0.217665,-0.533945,-0.594440
2014,7,MT,-0.500000,-0.866025,73455.4000,1,1,37192229.6000,-0.319183,0.116857,-0.344615,-0.273678,-0.534661,-1.166130,-0.287842,-0.616757,-1.019258,-0.552386,0.042283
2014,8,MT,-0.866025,-0.500000,73455.4000,1,1,37192229.6000,-0.476062,0.053497,-0.304401,0.682436,-0.877661,-0.565475,0.620080,-0.867021,-1.152857,-0.509357,-0.153632
2014,9,MT,-1.000000,-1.8369702e-16,55091.5500,1,1,27894172.2000,-0.391140,0.026417,-0.321038,1.311074,-0.191661,0.472019,1.273198,-0.335210,-1.167701,-0.146680,-0.496483
2014,10,MT,-0.866025,0.500000,29382.1600,1,1,14876891.8400,-0.071549,0.036408,-0.261188,1.147336,0.088975,0.435616,1.109187,0.227885,-0.440330,-0.294209,0.581049
2014,11,MT,-0.500000,0.866025,11018.3100,1,1,5578834.4400,0.749144,0.046135,-0.256817,0.714599,0.494338,0.435616,0.716730,0.509432,-0.277043,-0.355680,-0.398525
2014,12,MT,-2.4492936e-16,1.000000,7345.5400,1,0,3719222.9600,0.168306,0.055863,-0.255164,0.442677,0.494338,0.472019,0.444353,0.665847,0.390951,-0.195856,-0.055674
2015,1,MT,0.500000,0.866025,6592.3200,1,0,3456445.7600,0.007538,0.065853,-0.261899,0.556709,0.494338,0.271801,0.529288,0.478149,0.108909,-0.515504,0.776964
2015,2,MT,0.866025,0.500000,6592.3200,1,0,3456445.7600,-0.387250,0.028257,-0.280147,0.404666,0.431975,0.326406,0.391635,0.665847,0.672993,-0.300356,-0.055674
2015,3,MT,1.000000,6.123234e-17,6592.3200,1,0,3456445.7600,0.093108,-0.018803,-0.249996,0.436829,0.587884,0.381011,0.417994,0.571998,0.717526,-0.533945,-0.496483
2015,4,MT,0.866025,-0.500000,9888.4800,1,1,5184668.6400,-0.022282,0.006699,-0.303532,0.407590,0.463157,0.453817,0.406279,0.759696,0.836280,-0.841298,-0.251589
2015,5,MT,0.500000,-0.866025,26369.2800,1,1,13825783.0400,-0.317887,0.045609,-0.328652,0.314025,0.088975,0.162591,0.318416,0.165319,0.287041,-0.878181,-0.790355
2015,6,MT,1.2246468e-16,-1.000000,49442.4000,1,1,25923343.2000,-0.474765,0.088463,-0.327241,0.243852,-0.066934,-0.601878,0.212980,-0.210078,-1.212234,-0.859739,-0.398525
2015,7,MT,-0.500000,-0.866025,65923.2000,1,1,34564457.6000,-0.380120,0.077684,-0.355266,0.042103,-0.472297,-0.638282,0.013823,-0.585474,-0.885659,-0.540092,-0.496483
2015,8,MT,-0.866025,-0.500000,65923.2000,1,1,34564457.6000,-0.476062,0.021948,-0.331519,1.261368,-0.752934,0.107986,1.188264,-0.929587,-1.434899,-0.404857,-0.545461
2015,9,MT,-1.000000,-1.8369702e-16,49442.4000,1,1,25923343.2000,-0.401512,-0.026427,-0.321307,1.489432,-0.066934,-0.547274,1.451854,-0.147512,-1.360677,-0.195856,-0.006696
2015,10,MT,-0.866025,0.500000,26369.2800,1,1,13825783.0400,-0.326963,-0.025113,-0.265397,1.182423,0.307248,-0.292450,1.161905,0.196602,-0.351264,-0.152827,0.091262
2015,11,MT,-0.500000,0.866025,9888.4800,1,1,5184668.6400,-0.041729,-0.060080,-0.228766,0.974826,0.400793,0.526624,0.956890,0.415583,-0.499707,-0.343386,0.776964
2015,12,MT,-2.4492936e-16,1.000000,6592.3200,1,0,3456445.7600,-0.015151,-0.020643,-0.211013,0.948511,0.276066,0.417414,0.936389,0.478149,0.450328,-0.202003,-0.349547
2016,1,MT,0.500000,0.866025,11758.7600,1,1,6146106.4200,0.828880,-0.062446,-0.279580,0.466068,0.868520,0.544825,0.485356,0.728413,0.420640,0.013144,-0.496483
2016,2,MT,0.866025,0.500000,11758.7600,1,1,6146106.4200,-0.369099,-0.008287,0.131421,1.448498,0.525520,0.544825,1.255626,0.728413,0.821436,0.277468,-0.692398
2016,3,MT,1.000000,6.123234e-17,11758.7600,1,1,6146106.4200,0.165065,0.017741,-0.319500,0.577176,0.681429,0.526624,0.549790,0.853545,0.583927,-0.607710,-0.692398
2016,4,MT,0.866025,-0.500000,17638.1400,1,1,9219159.6300,10.697008,0.036145,-0.385754,0.445601,0.650247,0.708640,0.511715,0.603281,0.672993,-0.146680,-0.496483
2016,5,MT,0.500000,-0.866025,47035.0400,1,1,24584425.6800,-0.085519,0.085046,-0.397346,0.088885,0.276066,-0.474467,0.113401,0.134035,0.034688,-0.749092,-0.986270
2016,6,MT,1.2246468e-16,-1.000000,88190.7000,1,1,46095798.1500,-0.460504,0.129740,-0.397649,-0.542677,0.151339,-1.075121,-0.542646,0.008903,-1.167701,-0.755239,-0.986270
2016,7,MT,-0.500000,-0.866025,117587.6000,1,1,61461064.2000,-0.476062,0.080050,-0.398020,0.202917,-1.189479,-1.075121,0.133903,-1.211135,-1.657563,-0.607710,0.140241
2016,8,MT,-0.866025,-0.500000,117587.6000,1,1,61461064.2000,-0.320480,0.048238,-0.397760,0.477763,-0.222843,-1.002315,0.420923,-0.303927,-1.523964,-0.238886,0.336155
2016,9,MT,-1.000000,-1.8369702e-16,88190.7000,1,1,46095798.1500,-0.419015,0.052971,-0.385260,0.352036,-0.534661,-1.275340,0.338917,-0.554191,-1.063791,-0.380268,-0.251589
2016,10,MT,-0.866025,0.500000,47035.0400,1,1,24584425.6800,0.137838,-0.030108,-0.309970,0.773077,0.182520,-0.219644,0.748947,0.227885,-0.766905,-0.417151,-0.006696
2016,11,MT,-0.500000,0.866025,17638.1400,1,1,9219159.6300,0.297957,-0.050878,-0.265402,0.433905,0.525520,0.144389,0.429710,0.509432,0.153442,-0.398710,-0.300568
2016,12,MT,-2.4492936e-16,1.000000,11758.7600,1,1,6146106.4200,0.307681,-0.039836,-0.272363,0.407590,0.307248,0.508422,0.412137,0.540715,0.598771,-0.294209,-0.153632
2017,1,MT,0.500000,0.866025,17741.4400,1,1,9419078.2000,-0.040433,-0.023798,-0.328656,0.252623,0.151339,0.399212,0.289128,0.227885,0.628460,-0.558533,-0.006696
2017,2,MT,0.866025,0.500000,17741.4400,1,1,9419078.2000,0.087922,-0.031949,-0.301781,0.352036,0.650247,0.435616,0.362348,0.697130,0.717526,-0.552386,-0.055674
2017,3,MT,1.000000,6.123234e-17,17741.4400,1,1,9419078.2000,0.178030,-0.019592,-0.330965,0.498231,0.431975,0.381011,0.491214,0.822262,0.658149,-0.773680,-0.055674
2017,4,MT,0.866025,-0.500000,26612.1600,1,1,14128617.3000,-0.267323,0.007751,-0.381157,0.445601,0.587884,-0.092232,0.444353,0.759696,0.509706,-0.638445,-0.398525
2017,5,MT,0.500000,-0.866025,70965.7600,1,1,37676312.8000,-0.361320,0.024840,-0.406212,0.509926,0.244884,0.162591,0.514644,0.290451,-0.084067,-0.958092,-0.741376
2017,6,MT,1.2246468e-16,-1.000000,133060.8000,1,1,70643086.5000,-0.476062,0.077158,-0.402791,-0.109940,-0.098116,-1.202533,-0.141403,-0.272644,-1.048947,-0.890475,-0.202610
2017,7,MT,-0.500000,-0.866025,177414.4000,1,1,94190782.0000,-0.473469,0.140519,-0.409740,-0.077777,-1.781933,-1.839591,-0.144332,-1.930644,-1.850539,-0.669180,-0.790355
2017,8,MT,-0.866025,-0.500000,177414.4000,1,1,94190782.0000,-0.402160,0.022473,-0.392409,1.006989,-0.035752,-0.529072,0.948104,-0.178795,-1.330988,-0.460180,-0.300568
2017,9,MT,-1.000000,-1.8369702e-16,133060.8000,1,1,70643086.5000,-0.467634,0.017478,-0.347670,1.498204,-0.441116,-0.165039,1.384492,-0.585474,-1.494276,-0.411004,-0.545461
2017,10,MT,-0.866025,0.500000,70965.7600,1,1,37676312.8000,-0.321777,-0.021958,-0.290862,1.454345,0.057793,0.526624,1.314201,-0.022380,-0.128600,0.080762,0.679006
2017,11,MT,-0.500000,0.866025,26612.1600,1,1,14128617.3000,-0.169760,-0.075065,-0.237598,0.843251,0.307248,0.508422,0.825095,0.227885,0.004999,-0.337239,-0.839334
2017,12,MT,-2.4492936e-16,1.000000,17741.4400,1,1,9419078.2000,0.260034,-0.050878,-0.143089,0.843251,0.307248,0.326406,0.713801,0.603281,0.717526,0.179115,-0.790355
2018,1,MT,0.500000,0.866025,8668.8000,1,0,4834447.0400,-0.184346,-0.039310,-0.217945,0.621034,0.400793,0.526624,0.584935,0.540715,0.569083,-0.380268,-0.741376
2018,2,MT,0.866025,0.500000,8668.8000,1,0,4834447.0400,0.389038,-0.049563,-0.306583,0.392970,0.619065,0.544825,0.394564,0.603281,0.717526,-0.613857,-0.888313
2018,3,MT,1.000000,6.123234e-17,8668.8000,1,0,4834447.0400,0.026013,-0.030634,-0.346247,0.577176,0.556702,0.599430,0.590792,0.540715,0.569083,-0.816710,-0.790355
2018,4,MT,0.866025,-0.500000,13003.2000,1,1,7251670.5600,-0.334742,0.022211,-0.395208,0.419285,0.431975,0.399212,0.412137,0.478149,0.108909,-1.117916,-1.084227
2018,5,MT,0.500000,-0.866025,34675.2000,1,1,19337788.1600,-0.387575,0.062435,-0.415453,0.164906,0.120157,-1.257138,0.142689,0.008903,-0.752060,-0.958092,-0.594440
2018,6,MT,1.2246468e-16,-1.000000,65016.0000,1,1,36258352.8000,-0.467310,0.116857,-0.421392,-0.586535,-0.347570,-1.111525,-0.598293,0.008903,-0.752060,-0.607710,-0.692398
2018,7,MT,-0.500000,-0.866025,86688.0000,1,1,48344470.4000,-0.474765,0.095562,-0.420574,-0.109940,-1.376570,-1.329944,-0.164833,-1.586531,-0.930192,-0.699916,-0.594440
2018,8,MT,-0.866025,-0.500000,86688.0000,1,1,48344470.4000,-0.458559,0.087149,-0.406217,0.091809,-0.940024,-1.293541,0.051897,-1.086003,-1.464587,-0.374121,-0.447504
2018,9,MT,-1.000000,-1.8369702e-16,65016.0000,1,1,36258352.8000,-0.242689,-0.014597,-0.305654,0.928044,-0.191661,-1.348146,0.863169,-0.241361,-1.716940,-0.312651,-0.349547
2018,10,MT,-0.866025,0.500000,34675.2000,1,1,19337788.1600,-0.194718,-0.037733,-0.192566,0.784773,0.244884,0.581229,0.775306,0.478149,0.450328,-0.411004,-0.594440
2018,11,MT,-0.500000,0.866025,13003.2000,1,1,7251670.5600,1.295625,-0.056662,-0.164715,0.606415,0.587884,0.544825,0.582006,0.665847,0.851125,-0.429445,-0.643419
2018,12,MT,-2.4492936e-16,1.000000,8668.8000,1,0,4834447.0400,0.220491,-0.019329,-0.146221,0.597643,0.400793,0.472019,0.587864,0.697130,0.183131,-0.497063,-0.447504
2019,1,MT,0.500000,0.866025,8572.5600,1,0,4807054.5800,-0.131189,0.012746,-0.185792,0.501155,0.400793,0.362809,0.497071,0.384300,0.613616,-0.644592,-0.839334
2019,2,MT,0.866025,0.500000,8572.5600,1,0,4807054.5800,0.006242,-0.019329,-0.220578,0.591795,0.587884,0.508422,0.587864,0.697130,0.480017,-0.374121,-0.986270
2019,3,MT,1.000000,6.123234e-17,8572.5600,1,0,4807054.5800,-0.151933,0.000915,-0.334659,0.641502,0.494338,0.490221,0.634724,1.103809,0.554238,-0.527798,-0.153632
2019,4,MT,0.866025,-0.500000,12858.8400,1,1,7210581.8700,0.511882,0.004070,-0.351262,0.340340,0.962065,0.053381,0.344775,0.822262,0.687837,-0.976534,-0.496483
2019,5,MT,0.500000,-0.866025,34290.2400,1,1,19228218.3200,-0.297467,0.036408,-0.360724,0.050874,0.244884,-0.529072,0.037253,0.603281,-0.291887,-0.884328,-0.300568
2019,6,MT,1.2246468e-16,-1.000000,64294.2000,1,1,36052909.3500,-0.476062,0.087149,-0.227407,0.413438,-0.316388,-0.110434,0.356490,-0.522908,-0.603617,-1.025710,-1.133206
2019,7,MT,-0.500000,-0.866025,85725.6000,1,1,48070545.8000,-0.476062,0.041140,-0.081795,-0.381863,-0.846479,-1.402751,-0.293699,-0.867021,-1.687252,-0.908916,-1.084227
2019,8,MT,-0.866025,-0.500000,85725.6000,1,1,48070545.8000,-0.476062,-0.052981,-0.065797,1.673638,-4.242177,1.451268,1.835524,-4.330053,-0.858939,-0.749092,-2.210738
2019,9,MT,-1.000000,-1.8369702e-16,64294.2000,1,1,36052909.3500,-0.308163,-0.047197,-0.164830,2.773023,-0.191661,0.836052,2.825452,-0.366493,-0.989569,-0.251180,-0.741376
2019,10,MT,-0.866025,0.500000,34290.2400,1,1,19228218.3200,0.063612,0.137364,-0.059526,1.302303,0.244884,0.362809,1.276127,0.040186,-0.158288,-0.146680,0.825943
2019,11,MT,-0.500000,0.866025,12858.8400,1,1,7210581.8700,-0.207359,0.101872,-0.066453,1.153184,0.525520,0.781447,1.138475,0.884828,0.257352,-0.220445,0.140241
2019,12,MT,-2.4492936e-16,1.000000,8572.5600,1,0,4807054.5800,-0.004779,0.120801,-0.088531,0.966054,0.338429,0.745044,0.965676,0.478149,0.331574,-0.423298,0.140241
2020,1,MT,0.500000,0.866025,17248.8800,1,1,8872608.8400,-0.020337,0.115017,-0.451735,1.267216,0.431975,0.836052,1.249768,0.415583,0.405795,-0.042180,-0.251589
2020,2,MT,0.866025,0.500000,17248.8800,1,1,8872608.8400,0.755627,0.144200,-0.451735,0.869566,0.712611,0.672237,0.877813,0.540715,0.420640,-0.454033,-0.447504
2020,3,MT,1.000000,6.123234e-17,17248.8800,1,1,8872608.8400,-0.180781,0.133684,-0.451735,1.220433,0.369611,0.635834,1.205836,0.384300,-0.039534,-0.749092,0.238198
2020,4,MT,0.866025,-0.500000,25873.3200,1,1,13308913.2600,-0.140913,0.197044,-0.451735,0.916348,0.307248,-0.037627,0.910030,0.165319,-0.069222,-0.964239,-0.741376
2020,5,MT,0.500000,-0.866025,68995.5200,1,1,35490435.3600,-0.247875,0.251992,-0.451735,-0.004680,-0.254025,-0.947710,-0.009608,-0.272644,-0.796593,-1.124063,-0.594440
2020,6,MT,1.2246468e-16,-1.000000,129366.6000,1,1,66544566.3000,-0.476062,0.231222,-0.451735,0.419285,-0.441116,-0.456265,0.388707,-0.585474,-1.063791,-0.872034,-0.496483
2020,7,MT,-0.500000,-0.866025,172488.8000,1,1,88726088.4000,-0.476062,0.224650,-0.451735,0.507002,-1.033570,-0.656483,0.447282,-1.086003,-1.523964,-0.915063,-0.839334
2020,8,MT,-0.866025,-0.500000,172488.8000,1,1,88726088.4000,-0.472172,0.193101,-0.451735,1.185347,-1.345388,-1.348146,1.112115,-1.430116,-1.924761,-0.718357,-0.300568
2020,9,MT,-1.000000,-1.8369702e-16,129366.6000,1,1,66544566.3000,-0.471524,0.143148,-0.451735,1.968951,-0.846479,0.071583,1.908744,-0.741889,-1.865383,-0.699916,-0.398525
2020,10,MT,-0.866025,0.500000,68995.5200,1,1,35490435.3600,-0.134430,0.104764,-0.451735,1.816909,0.026611,0.544825,1.779878,0.196602,-1.004414,-0.134386,1.168794
2020,11,MT,-0.500000,0.866025,25873.3200,1,1,13308913.2600,-0.157443,0.111599,-0.451735,1.512823,-0.066934,0.326406,1.478213,0.290451,-1.227078,-0.380268,-0.447504
2020,12,MT,-2.4492936e-16,1.000000,17248.8800,1,1,8872608.8400,-0.097804,0.112388,-0.451735,1.199966,0.244884,0.726842,1.179477,0.227885,0.108909,-0.091356,0.776964
2021,1,MT,0.500000,0.866025,10564.1000,1,1,5910609.6600,0.167982,0.126848,-0.451735,1.004065,0.244884,0.508422,0.965676,0.165319,-0.039534,-0.374121,0.091262
2021,2,MT,0.866025,0.500000,10564.1000,1,1,5910609.6600,-0.059556,0.108444,-0.451735,0.992369,0.369611,0.635834,0.983249,0.321734,-0.202821,-0.546239,-0.202610
2021,3,MT,1.000000,6.123234e-17,10564.1000,1,1,5910609.6600,0.019855,0.148669,-0.451735,0.697056,0.088975,0.435616,0.699157,0.134035,-0.232510,-0.466327,-0.006696
2021,4,MT,0.866025,-0.500000,15846.1500,1,1,8865914.4900,-0.313673,0.177326,-0.451735,0.635654,-0.098116,0.235397,0.634724,0.008903,-0.069222,-0.976534,-0.006696
2021,5,MT,0.500000,-0.866025,42256.4000,1,1,23642438.6400,-0.435222,0.234114,-0.451735,0.349112,-0.378752,-0.838500,0.327202,-0.554191,-0.781749,-1.038004,-0.104653
2021,6,MT,1.2246468e-16,-1.000000,79230.7500,1,1,44329572.4500,-0.437166,0.255147,-0.451735,0.159059,-0.721752,-1.948801,0.133903,-0.804455,-1.850539,-0.970387,-0.839334
2021,7,MT,-0.500000,-0.866025,105641.0000,1,1,59106096.6000,-0.476062,0.286170,-0.451735,-0.101168,-1.875478,-1.839591,-0.176548,-2.024493,-1.924761,-1.050298,-0.594440
2021,8,MT,-0.866025,-0.500000,105641.0000,1,1,59106096.6000,-0.476062,0.215448,-0.451735,1.097630,-2.093751,-0.692887,1.024252,-2.024493,-1.716940,-0.675327,-0.496483
2021,9,MT,-1.000000,-1.8369702e-16,79230.7500,1,1,44329572.4500,-0.378823,0.144200,-0.451735,2.039125,-0.035752,0.308204,1.987821,0.196602,-1.731785,-0.392562,-0.153632
2021,10,MT,-0.866025,0.500000,42256.4000,1,1,23642438.6400,-0.099748,0.122379,-0.451735,1.530367,-0.222843,0.508422,1.516287,-0.210078,-0.232510,-0.066768,1.364709
2021,11,MT,-0.500000,0.866025,15846.1500,1,1,8865914.4900,0.422585,0.101346,-0.451735,0.875414,0.338429,0.162591,0.883671,0.165319,0.450328,-0.343386,0.972879
2021,12,MT,-2.4492936e-16,1.000000,10564.1000,1,1,5910609.6600,0.315298,0.071111,-0.451735,0.980674,0.369611,0.708640,0.983249,0.697130,0.539394,-0.392562,-0.496483
2022,1,MT,0.500000,0.866025,10924.0000,1,1,6621374.0800,0.275268,0.105027,-0.451735,0.898805,0.338429,0.672237,0.889528,0.446866,-0.024689,-0.281915,-0.496483
2022,2,MT,0.866025,0.500000,10924.0000,1,1,6621374.0800,0.294068,0.124482,-0.451735,0.887109,0.619065,0.635834,0.874884,0.571998,0.598771,-0.300356,-0.398525
2022,3,MT,1.000000,6.123234e-17,10924.0000,1,1,6621374.0800,-0.468283,0.155768,-0.451735,1.293531,0.213702,0.781447,1.115044,0.353017,0.494861,-0.257327,-0.888313
2022,4,MT,0.866025,-0.500000,16386.0000,1,1,9932061.1200,-0.369423,0.160763,-0.451735,1.401715,-0.035752,0.326406,1.372777,-0.084946,-0.306731,-0.644592,-0.300568
2022,5,MT,0.500000,-0.866025,43696.0000,1,1,26485496.3200,-0.474765,0.245682,-0.451735,-0.066082,-0.534661,-1.566566,-0.094542,-0.585474,-1.850539,-1.019563,-0.643419
2022,6,MT,1.2246468e-16,-1.000000,81930.0000,1,1,49660305.6000,-0.342521,0.240424,-0.451735,-0.247363,-0.503479,-1.257138,-0.255625,-0.585474,-1.048947,-1.203975,-1.035249
2022,7,MT,-0.500000,-0.866025,109240.0000,1,1,66213740.8000,-0.476062,0.215185,-0.451735,0.691208,-1.407751,-0.474467,0.617152,-1.492682,-1.360677,-0.933504,-0.692398
2022,8,MT,-0.866025,-0.500000,109240.0000,1,1,66213740.8000,-0.347707,0.221758,-0.451735,0.509926,-0.597025,-1.402751,0.453140,-0.741889,-1.672407,-0.607710,-0.055674
2022,9,MT,-1.000000,-1.8369702e-16,81930.0000,1,1,49660305.6000,-0.261813,0.165233,-0.451735,1.208738,-0.254025,-0.092232,1.188264,-0.116229,-1.286455,-0.294209,-0.349547
2022,10,MT,-0.866025,0.500000,43696.0000,1,1,26485496.3200,-0.211897,0.136313,-0.451735,1.091782,0.026611,0.035179,1.094543,-0.084946,0.019843,-0.435592,-0.006696
2022,11,MT,-0.500000,0.866025,16386.0000,1,1,9932061.1200,-0.290336,0.128425,-0.451735,0.878337,-0.129298,-0.947710,0.845596,-0.210078,-1.405210,-0.367974,-0.153632
2022,12,MT,-2.4492936e-16,1.000000,10924.0000,1,1,6621374.0800,-0.129568,0.082679,-0.451735,1.009913,0.151339,0.726842,1.009608,0.071469,0.004999,0.720056,-0.888313
2023,1,MT,0.500000,0.866025,6260.0800,1,0,3538677.4000,0.411402,0.133946,-0.451735,0.708751,0.057793,0.581229,0.707944,0.071469,-0.098911,0.713909,-1.103819
2023,2,MT,0.866025,0.500000,6260.0800,1,0,3538677.4000,0.492110,0.156031,-0.451735,0.752610,0.213702,0.453817,0.740160,0.227885,0.227664,0.381968,-1.250755
2023,3,MT,1.000000,6.123234e-17,6260.0800,1,0,3538677.4000,0.074633,0.155505,-0.451735,0.749686,0.057793,0.672237,0.746018,0.196602,0.420640,0.050026,-1.382998
2023,4,MT,0.866025,-0.500000,9390.1200,1,1,5308016.1000,0.090515,0.163918,-0.451735,0.635654,0.369611,-0.128636,0.640582,0.259168,-0.217665,-0.300356,-1.534832
2023,5,MT,0.500000,-0.866025,25040.3200,1,1,14154709.6000,-0.417070,0.220443,-0.451735,0.486535,0.213702,-0.001224,0.482428,0.165319,-0.930192,-0.650739,-1.622993
2023,6,MT,1.2246468e-16,-1.000000,46950.6000,1,1,26540080.5000,-0.413829,0.280649,-0.451735,-0.241515,-0.565843,-1.639373,-0.273198,-0.679323,-1.123168,-1.203975,-1.035249
2023,7,MT,-0.500000,-0.866025,62600.8000,1,1,35386774.0000,-0.476062,0.251466,-0.451735,0.504078,-1.251842,-0.729290,0.444353,-1.367550,-1.494276,-1.087181,-0.545461
2023,8,MT,-0.866025,-0.500000,62600.8000,1,1,35386774.0000,-0.444297,0.177326,-0.451735,1.559606,-0.409934,0.180792,1.504572,-0.397776,-1.301300,-0.706063,-0.300568
2023,9,MT,-1.000000,-1.8369702e-16,46950.6000,1,1,26540080.5000,-0.363913,0.141308,-0.451735,1.922169,0.151339,0.016978,1.882385,0.415583,-0.959881,-0.312651,-0.202610
2023,10,MT,-0.866025,0.500000,25040.3200,1,1,14154709.6000,-0.285474,0.094510,-0.451735,2.100527,0.463157,0.927060,2.058112,0.259168,-0.707528,0.111497,1.021857
2023,11,MT,-0.500000,0.866025,9390.1200,1,1,5308016.1000,-0.331500,0.093984,-0.451735,2.018658,0.151339,0.708640,1.993679,0.290451,-1.093479,0.117644,0.091262
2023,12,MT,-2.4492936e-16,1.000000,6260.0800,1,0,3538677.4000,-0.160360,0.111599,-0.451735,1.758431,0.307248,0.927060,1.724231,0.446866,-1.138012,-0.060621,1.462666
2003,1,PR,0.500000,0.866025,1110.7800,0,0,346314.3800,-0.476062,-1.854690,-0.430007,-1.431542,-1.813115,0.508422,-1.274841,-1.711663,0.598771,0.486468,-1.769929
2003,2,PR,0.866025,0.500000,1110.7800,0,0,346314.3800,-0.476062,-1.854690,-0.430007,-1.431542,-1.813115,0.508422,-1.274841,-1.711663,0.598771,0.486468,-1.769929
2003,3,PR,1.000000,6.123234e-17,1110.7800,0,0,346314.3800,-0.304274,-1.852061,-0.309169,-1.650834,-1.501297,-1.311743,-1.564790,-1.398833,-1.479431,0.105350,0.189219
2003,4,PR,0.866025,-0.500000,1666.1700,0,0,519471.5700,-0.207035,-1.865470,-0.179818,-1.785334,-1.189479,-2.221825,-1.763947,-1.398833,-1.924761,-0.478621,0.189219
2003,5,PR,0.500000,-0.866025,4443.1200,1,0,1385257.5200,-0.406374,-1.846540,-0.212163,-2.937349,-1.501297,-2.767875,-2.941317,-1.711663,-1.924761,-0.435592,1.168794
2003,6,PR,1.2246468e-16,-1.000000,8330.8500,1,0,2597357.8500,-0.320480,-1.838127,-0.406400,-2.086495,-1.813115,-1.857792,-1.954318,-2.024493,-0.885659,-1.646564,0.189219
2003,7,PR,-0.500000,-0.866025,11107.8000,1,1,3463143.8000,-0.476062,-1.829977,-0.412799,-1.902290,-2.146760,-0.157758,-1.746375,-2.033878,0.416186,-1.769505,-2.186249
2003,8,PR,-0.866025,-0.500000,11107.8000,1,1,3463143.8000,-0.476062,-1.831029,-0.393998,-1.811649,-2.174824,-0.077671,-1.655582,-2.049520,0.396889,-1.603534,-2.142168
2003,9,PR,-1.000000,-1.8369702e-16,8330.8500,1,0,2597357.8500,-0.476062,-1.832080,-0.375499,-1.723932,-2.199769,0.000596,-1.567719,-2.062033,0.377591,-1.449858,-2.098087
2003,10,PR,-0.866025,0.500000,4443.1200,1,0,1385257.5200,-0.476062,-1.833395,-0.356996,-1.636215,-2.227833,0.078863,-1.479856,-2.074546,0.358294,-1.290034,-2.058904
2003,11,PR,-0.500000,0.866025,1666.1700,0,0,519471.5700,-0.476062,-1.834446,-0.338497,-1.548498,-2.252778,0.157130,-1.391992,-2.090188,0.338996,-1.130210,-2.014823
2003,12,PR,-2.4492936e-16,1.000000,1110.7800,0,0,346314.3800,-0.476062,-1.835498,-0.319999,-1.460781,-2.280842,0.235397,-1.304129,-2.102701,0.319698,-0.970387,-1.970742
2004,1,PR,0.500000,0.866025,1220.0800,0,0,416018.3200,-0.476062,-1.836813,-0.301193,-1.370140,-2.308905,0.313665,-1.213337,-2.115214,0.300401,-0.810563,-1.931559
2004,2,PR,0.866025,0.500000,1220.0800,0,0,416018.3200,-0.476062,-1.837864,-0.282997,-1.285347,-2.333851,0.393752,-1.128402,-2.130856,0.282588,-0.650739,-1.887478
2004,3,PR,1.000000,6.123234e-17,1220.0800,0,0,416018.3200,-0.476062,-1.838916,-0.264801,-1.197630,-2.361914,0.468379,-1.040539,-2.143369,0.261806,-0.497063,-1.848295
2004,4,PR,0.866025,-0.500000,1830.1200,0,0,624027.4800,-0.476062,-1.839968,-0.246298,-1.109913,-2.386860,0.548466,-0.952675,-2.155882,0.243992,-0.337239,-1.804215
2004,5,PR,0.500000,-0.866025,4880.3200,1,0,1664073.2800,-0.476062,-1.841282,-0.227799,-1.022196,-2.414923,0.624913,-0.864812,-2.168395,0.224695,-0.177415,-1.760134
2004,6,PR,1.2246468e-16,-1.000000,9150.6000,1,1,3120137.4000,-0.476062,-1.842334,-0.209300,-0.934479,-2.442987,0.705000,-0.776948,-2.184037,0.205397,-0.023739,-1.720951
2004,7,PR,-0.500000,-0.866025,12200.8000,1,1,4160183.2000,-0.476062,-1.843385,-0.190798,-0.843838,-2.467932,0.781447,-0.686156,-2.196550,0.186100,0.136085,-1.676870
2004,8,PR,-0.866025,-0.500000,12200.8000,1,1,4160183.2000,-0.476062,-1.844700,-0.171996,-0.756122,-2.495996,0.861534,-0.598293,-2.209063,0.166802,0.302056,-1.632789
2004,9,PR,-1.000000,-1.8369702e-16,9150.6000,1,1,3120137.4000,-0.476062,-1.845752,-0.153498,-0.668405,-2.524060,0.941621,-0.510429,-2.224705,0.147505,0.455732,-1.593606
2004,10,PR,-0.866025,0.500000,4880.3200,1,0,1664073.2800,-0.476062,-1.846803,-0.134995,-0.580688,-2.549005,1.018068,-0.422566,-2.237218,0.128207,0.615556,-1.549525
2004,11,PR,-0.500000,0.866025,1830.1200,0,0,624027.4800,-0.476062,-1.848118,-0.116496,-0.490047,-2.577069,1.098156,-0.331774,-2.249731,0.108909,0.775380,-1.510342
2004,12,PR,-2.4492936e-16,1.000000,1220.0800,0,0,416018.3200,-0.476062,-1.849169,-0.097997,-0.402330,-2.602014,1.174603,-0.243910,-2.265373,0.089612,0.935203,-1.466261
2005,1,PR,0.500000,0.866025,1361.1600,0,0,507045.8800,-0.476062,-1.850221,-0.079192,-0.314613,-2.630078,1.254690,-0.156047,-2.277886,0.070314,1.095027,-1.422181
2005,2,PR,0.866025,0.500000,1361.1600,0,0,507045.8800,-0.476062,-1.851273,-0.061298,-0.229820,-2.658141,1.334777,-0.071112,-2.290399,0.052501,1.248704,-1.382998
2005,3,PR,1.000000,6.123234e-17,1361.1600,0,0,507045.8800,-0.476062,-1.852587,-0.043404,-0.142103,-2.683087,1.405764,0.016751,-2.302912,0.033203,1.402380,-1.343815
2005,4,PR,0.866025,-0.500000,2041.7400,0,0,760568.8200,-0.476062,-1.853639,-0.024906,-0.054386,-2.708032,1.485851,0.104615,-2.318554,0.013906,1.562204,-1.299734
2005,5,PR,0.500000,-0.866025,5444.6400,1,0,2028183.5200,-0.129244,-1.878615,-0.163676,-1.212250,-1.501297,-2.039809,-1.110829,-1.711663,-1.182545,0.006997,-0.790355
2005,6,PR,1.2246468e-16,-1.000000,10208.7000,1,1,3802844.1000,-0.242689,-1.814203,-0.262176,-2.516308,-1.813115,-1.857792,-2.496143,-2.024493,-1.034102,-1.271593,-1.769929
2005,7,PR,-0.500000,-0.866025,13611.6000,1,1,5070458.8000,-0.122762,-1.774503,-0.227147,-3.232663,-2.124933,-2.949891,-3.225409,-2.337324,-1.924761,-1.357652,-1.769929
2005,8,PR,-0.866025,-0.500000,13611.6000,1,1,5070458.8000,0.071716,-1.838916,-0.175268,-2.498765,-2.124933,-2.585858,-2.504929,-2.024493,-1.924761,-1.357652,-1.769929
2005,9,PR,-1.000000,-1.8369702e-16,10208.7000,1,1,3802844.1000,0.266193,-1.837076,-0.244841,-3.159566,-2.124933,-2.585858,-3.114115,-2.024493,-1.924761,-1.191681,-1.539729
2005,10,PR,-0.866025,0.500000,5444.6400,1,0,2028183.5200,0.134921,-1.906220,-0.247853,-2.089419,-0.877661,-1.311743,-2.053897,-1.086003,-0.440330,0.658586,-0.927495
2005,11,PR,-0.500000,0.866025,2041.7400,0,0,760568.8200,-0.220000,-1.934877,-0.144517,-2.244386,-1.189479,-1.311743,-2.197407,-1.086003,-1.924761,1.279439,-0.790355
2005,12,PR,-2.4492936e-16,1.000000,1361.1600,0,0,507045.8800,-0.476062,-1.950652,-0.381216,-3.068925,-3.814986,-0.909486,-2.914958,-3.820139,-0.710496,0.160673,-1.588708
2006,1,PR,0.500000,0.866025,1181.0600,0,0,471221.2200,-0.476062,-1.935140,-0.320365,-2.375961,-3.075978,-0.478107,-2.220837,-3.172581,-0.401735,0.498762,-1.451568
2006,2,PR,0.866025,0.500000,1181.0600,0,0,471221.2200,-0.476062,-1.920155,-0.262458,-1.715160,-2.405569,-0.044908,-1.558933,-2.584460,-0.092973,0.818409,-1.329121
2006,3,PR,1.000000,6.123234e-17,1181.0600,0,0,471221.2200,-0.164898,-1.910427,-0.190031,-1.273651,-0.877661,-0.947710,-1.198693,-1.086003,-0.291887,0.351232,0.189219
2006,4,PR,0.866025,-0.500000,1771.5900,0,0,706831.8300,-0.393409,-1.897544,-0.150967,-2.109886,-1.501297,-1.857792,-2.083185,-1.711663,-1.776318,-0.361827,0.189219
2006,5,PR,0.500000,-0.866025,4724.2400,1,0,1884884.8800,-0.476062,-1.831029,-0.271013,-3.229739,-2.436751,-2.221825,-3.237124,-2.650154,-1.924761,-0.521651,1.168794
2006,6,PR,1.2246468e-16,-1.000000,8857.9500,1,1,3534159.1500,-0.372341,-1.794222,-0.267566,-2.922730,-2.436751,-2.403842,-2.903243,-2.650154,-1.627874,-0.177415,1.168794
2006,7,PR,-0.500000,-0.866025,11810.6000,1,1,4712212.2000,-0.333445,-1.814465,-0.228391,-2.697590,-2.124933,-2.949891,-2.709944,-2.337324,-1.924761,-0.558533,0.679006
2006,8,PR,-0.866025,-0.500000,11810.6000,1,1,4712212.2000,-0.291308,-1.849695,-0.193345,-2.627416,-2.124933,-3.131908,-2.651368,-2.337324,-1.924761,-0.128239,0.679006
2006,9,PR,-1.000000,-1.8369702e-16,8857.9500,1,1,3534159.1500,0.139783,-1.860474,-0.189771,-2.858404,-1.813115,-3.313924,-2.847596,-2.024493,-1.924761,0.541791,1.658581
2006,10,PR,-0.866025,0.500000,4724.2400,1,0,1884884.8800,-0.194070,-1.909901,-0.173351,-2.104038,-1.501297,-1.311743,-2.100757,-1.086003,-0.737216,0.142232,0.189219
2006,11,PR,-0.500000,0.866025,1771.5900,0,0,706831.8300,0.042544,-1.934877,-0.161090,-1.814573,-0.877661,-2.039809,-1.799093,-0.773172,-1.924761,0.277468,1.168794
2006,12,PR,-2.4492936e-16,1.000000,1181.0600,0,0,471221.2200,-0.385306,-1.936718,-0.128216,-1.139152,-0.565843,-1.129726,-1.113758,-0.460342,-0.291887,0.468027,0.189219
2007,1,PR,0.500000,0.866025,977.1000,0,0,429310.0800,-0.307515,-1.974314,-0.149685,-1.083598,-0.565843,-0.765693,-1.075684,-0.773172,-1.330988,0.203703,0.189219
2007,2,PR,0.866025,0.500000,977.1000,0,0,429310.0800,-0.057936,-1.925676,-0.120876,-1.007577,-0.565843,-0.765693,-0.993678,-0.773172,-0.737216,0.265173,0.189219
2007,3,PR,1.000000,6.123234e-17,977.1000,0,0,429310.0800,-0.025523,-1.902277,-0.112180,-0.726883,-0.877661,-0.583677,-0.733017,-0.773172,-1.182545,-0.398710,0.679006
2007,4,PR,0.866025,-0.500000,1465.6500,0,0,643965.1200,-0.135727,-1.858634,-0.215039,-1.624519,-0.877661,-1.675776,-1.591149,-0.773172,-1.034102,-0.269621,0.189219
2007,5,PR,0.500000,-0.866025,3908.4000,1,0,1717240.3200,-0.184346,-1.836024,-0.266339,-2.548471,-1.813115,-2.039809,-2.458068,-2.024493,-1.924761,0.498762,0.679006
2007,6,PR,1.2246468e-16,-1.000000,7328.2500,1,0,3219825.6000,-0.476062,-1.826033,-0.181872,-1.785334,-2.436751,-1.857792,-1.699514,-2.337324,-1.776318,1.267145,0.679006
2007,7,PR,-0.500000,-0.866025,9771.0000,1,1,4293100.8000,-0.129244,-1.851535,-0.246000,-3.402249,-2.124933,-3.313924,-3.392350,-2.337324,-1.924761,0.031585,0.679006
2007,8,PR,-0.866025,-0.500000,9771.0000,1,1,4293100.8000,-0.456614,-1.808419,-0.207524,-2.799926,-2.748569,-2.403842,-2.803665,-2.962984,-1.924761,0.074614,1.658581
2007,9,PR,-1.000000,-1.8369702e-16,7328.2500,1,0,3219825.6000,-0.187587,-1.808419,-0.151815,-2.057256,-1.501297,-2.585858,-2.068541,-1.711663,-1.924761,0.093056,0.679006
2007,10,PR,-0.866025,0.500000,3908.4000,1,0,1717240.3200,-0.041729,-1.894915,-0.172363,-1.902290,-0.565843,-1.493759,-1.895743,-0.773172,-1.479431,0.332791,0.679006
2007,11,PR,-0.500000,0.866025,1465.6500,0,0,643965.1200,-0.090349,-1.942765,-0.100779,-1.908137,-1.189479,-1.493759,-1.895743,-1.398833,-1.776318,0.836850,2.148368
2007,12,PR,-2.4492936e-16,1.000000,977.1000,0,0,429310.0800,0.220815,-1.960117,-0.095462,-1.261956,-0.877661,-1.311743,-1.274841,-0.773172,-1.034102,-0.005297,0.189219
2008,1,PR,0.500000,0.866025,1180.2000,0,0,508944.2000,0.071716,-1.945131,-0.179478,-1.539726,-0.877661,-0.947710,-1.512072,-0.773172,-0.440330,0.584821,0.189219
2008,2,PR,0.866025,0.500000,1180.2000,0,0,508944.2000,-0.035247,-1.944605,-0.116850,-1.212250,-0.877661,-0.947710,-1.207479,-0.773172,-0.440330,0.185262,0.189219
2008,3,PR,1.000000,6.123234e-17,1180.2000,0,0,508944.2000,0.126817,-1.910953,-0.218005,-1.413999,-0.877661,-0.947710,-1.371491,-1.086003,-0.588773,0.172967,1.168794
2008,4,PR,0.866025,-0.500000,1770.3000,0,0,763416.3000,-0.103314,-1.886765,-0.306284,-1.943224,-1.813115,-1.675776,-1.857668,-1.711663,-0.885659,-0.472474,0.189219
2008,5,PR,0.500000,-0.866025,4720.8000,1,0,2035776.8000,-0.250792,-1.867836,-0.217540,-2.852556,-2.124933,-2.221825,-2.856383,-2.024493,-1.924761,-0.343386,1.168794
2008,6,PR,1.2246468e-16,-1.000000,8851.5000,1,0,3817081.5000,-0.048212,-1.839968,-0.242178,-3.270674,-2.124933,-3.495941,-3.263483,-2.024493,-1.924761,-0.294209,1.658581
2008,7,PR,-0.500000,-0.866025,11802.0000,1,1,5089442.0000,-0.369099,-1.795010,-0.187423,-2.782383,-2.436751,-2.403842,-2.809522,-2.650154,-1.924761,-0.564680,0.189219
2008,8,PR,-0.866025,-0.500000,11802.0000,1,1,5089442.0000,0.065233,-1.864944,-0.206429,-2.656655,-2.124933,-2.403842,-2.648439,-1.711663,-1.627874,0.068467,0.679006
2008,9,PR,-1.000000,-1.8369702e-16,8851.5000,1,0,3817081.5000,-0.401512,-1.853376,-0.168422,-3.013371,-1.501297,-2.585858,-3.008679,-1.711663,-1.924761,0.554085,0.679006
2008,10,PR,-0.866025,0.500000,4720.8000,1,0,2035776.8000,0.436360,-1.874146,-0.173585,-2.101115,-0.877661,-1.493759,-2.068541,-0.773172,-0.885659,0.670880,0.679006
2008,11,PR,-0.500000,0.866025,1770.3000,0,0,763416.3000,-0.299412,-1.926990,-0.080674,-1.998778,-1.501297,-1.129726,-1.983606,-1.086003,-1.034102,0.769233,0.679006
2008,12,PR,-2.4492936e-16,1.000000,1180.2000,0,0,508944.2000,-0.291308,-1.969318,-0.050085,-1.615748,-0.877661,-1.675776,-1.635081,-1.086003,-1.479431,0.252879,0.189219
2009,1,PR,0.500000,0.866025,965.3800,0,0,422473.8200,0.493083,-1.950389,-0.097303,-1.393531,-0.877661,-1.129726,-1.389063,-0.773172,-1.330988,0.677027,1.658581
2009,2,PR,0.866025,0.500000,965.3800,0,0,422473.8200,-0.155174,-1.940924,-0.124783,-0.998805,-0.565843,-0.947710,-1.005393,-0.460342,-0.440330,0.043879,0.189219
2009,3,PR,1.000000,6.123234e-17,965.3800,0,0,422473.8200,-0.057936,-1.938558,-0.125515,-1.048511,-0.254025,-0.765693,-1.061040,-0.460342,-0.885659,-0.171268,0.189219
2009,4,PR,0.866025,-0.500000,1448.0700,0,0,633710.7300,-0.341548,-1.867836,-0.165797,-1.867203,-0.565843,-1.493759,-1.872312,-0.773172,-1.924761,-0.337239,-0.300568
2009,5,PR,0.500000,-0.866025,3861.5200,1,0,1689895.2800,-0.359375,-1.871779,-0.211286,-2.454906,-1.501297,-2.585858,-2.455140,-1.398833,-1.627874,-0.226592,1.168794
2009,6,PR,1.2246468e-16,-1.000000,7240.3500,1,0,3168553.6500,-0.360996,-1.838390,-0.213646,-3.551368,-2.124933,-3.313924,-3.600293,-2.337324,-1.924761,-0.324945,0.679006
2009,7,PR,-0.500000,-0.866025,9653.8000,1,1,4224738.2000,-0.391464,-1.843648,-0.217749,-3.180033,-2.124933,-2.403842,-3.222480,-2.024493,-1.330988,-0.226592,-0.300568
2009,8,PR,-0.866025,-0.500000,9653.8000,1,1,4224738.2000,-0.340252,-1.842071,-0.128046,-2.682970,-2.124933,-2.221825,-2.768519,-2.024493,-1.924761,0.154526,1.168794
2009,9,PR,-1.000000,-1.8369702e-16,7240.3500,1,0,3168553.6500,-0.388547,-1.891235,-0.170152,-2.314559,-0.877661,-1.675776,-2.355561,-0.773172,-1.182545,0.037732,0.679006
2009,10,PR,-0.866025,0.500000,3861.5200,1,0,1689895.2800,-0.476062,-1.923572,-0.101120,-2.127430,-1.189479,-1.311743,-2.162262,-1.086003,-1.627874,0.234438,-0.300568
2009,11,PR,-0.500000,0.866025,1448.0700,0,0,633710.7300,0.230539,-1.983778,-0.068924,-0.732730,-0.565843,-0.583677,-0.785735,-0.460342,-0.440330,0.560233,1.168794
2009,12,PR,-2.4492936e-16,1.000000,965.3800,0,0,422473.8200,-0.009317,-1.966952,-0.065256,-1.057283,-0.254025,-0.765693,-1.093257,-0.460342,-0.885659,0.351232,1.168794
2010,1,PR,0.500000,0.866025,1260.4400,0,0,534940.2800,-0.341548,-1.941187,-0.118153,-0.981262,-0.254025,-0.219644,-1.034681,-0.147512,0.153442,0.381968,1.168794
2010,2,PR,0.866025,0.500000,1260.4400,0,0,534940.2800,0.131679,-1.922521,-0.093234,-0.592383,-0.254025,-0.401660,-0.621723,-0.460342,-0.737216,0.117644,1.168794
2010,3,PR,1.000000,6.123234e-17,1260.4400,0,0,534940.2800,0.285640,-1.937244,-0.126538,-1.218097,-0.254025,-0.947710,-1.245553,-0.147512,-0.291887,-0.005297,0.189219
2010,4,PR,0.866025,-0.500000,1890.6600,0,0,802410.4200,0.010131,-1.852587,-0.185924,-2.007550,-0.877661,-1.493759,-2.012894,-1.086003,-1.034102,-0.122092,0.189219
2010,5,PR,0.500000,-0.866025,5041.7600,1,0,2139761.1200,-0.275102,-1.873883,-0.212858,-2.697590,-1.501297,-1.857792,-2.718730,-1.711663,-1.034102,-0.011444,0.679006
2010,6,PR,1.2246468e-16,-1.000000,9453.3000,1,1,4012052.1000,-0.349652,-1.795273,-0.204120,-3.048458,-2.436751,-2.585858,-3.076041,-2.337324,-1.924761,-0.140533,1.168794
2010,7,PR,-0.500000,-0.866025,12604.4000,1,1,5349402.8000,-0.344790,-1.793433,-0.201917,-2.732677,-2.124933,-1.857792,-2.765590,-1.711663,-1.924761,0.142232,0.679006
2010,8,PR,-0.866025,-0.500000,12604.4000,1,1,5349402.8000,-0.273481,-1.795273,-0.141168,-3.004599,-2.124933,-2.585858,-3.067255,-2.337324,-1.924761,-0.122092,1.168794
2010,9,PR,-1.000000,-1.8369702e-16,9453.3000,1,1,4012052.1000,-0.365858,-1.872305,-0.159036,-2.405200,-1.813115,-1.857792,-2.434638,-1.711663,-1.627874,0.474174,1.168794
2010,10,PR,-0.866025,0.500000,5041.7600,1,0,2139761.1200,-0.009317,-1.922521,-0.157980,-2.633264,-1.501297,-1.857792,-2.622080,-1.398833,-1.479431,0.234438,0.679006
2010,11,PR,-0.500000,0.866025,1890.6600,0,0,802410.4200,-0.168140,-1.984830,-0.082481,-1.802877,-0.877661,-1.493759,-1.819594,-0.460342,-1.776318,0.302056,1.168794
2010,12,PR,-2.4492936e-16,1.000000,1260.4400,0,0,534940.2800,0.499565,-2.009806,-0.152360,-1.501716,0.057793,-1.675776,-1.491571,0.165319,-0.291887,0.172967,0.679006
2011,1,PR,0.500000,0.866025,1185.1400,0,0,477893.6400,0.577356,-2.001393,-0.133448,-0.928632,0.369611,-0.583677,-0.938031,0.165319,-0.737216,-0.374121,-0.300568
2011,2,PR,0.866025,0.500000,1185.1400,0,0,477893.6400,0.353707,-1.945657,-0.138718,-0.992957,-0.254025,-0.583677,-0.979034,-0.460342,-0.440330,0.006997,0.189219
2011,3,PR,1.000000,6.123234e-17,1185.1400,0,0,477893.6400,-0.288067,-1.911216,-0.228587,-1.753171,-0.877661,-1.129726,-1.720016,-1.086003,-0.440330,0.302056,-0.300568
2011,4,PR,0.866025,-0.500000,1777.7100,0,0,716840.4600,-0.164898,-1.882559,-0.209727,-1.855507,-1.501297,-1.311743,-1.843024,-1.711663,-1.924761,-0.275768,0.679006
2011,5,PR,0.500000,-0.866025,4740.5600,1,0,1911574.5600,-0.391788,-1.839968,-0.240308,-2.931502,-2.436751,-2.403842,-2.920816,-2.337324,-1.776318,-0.484768,0.189219
2011,6,PR,1.2246468e-16,-1.000000,8888.5500,1,1,3584202.3000,-0.129244,-1.859160,-0.250737,-3.533825,-2.748569,-3.313924,-3.538789,-2.650154,-1.924761,-0.546239,2.148368
2011,7,PR,-0.500000,-0.866025,11851.4000,1,1,4778936.4000,0.027958,-1.847329,-0.269858,-3.095240,-2.436751,-3.131908,-3.078970,-2.337324,-1.924761,-0.644592,0.189219
2011,8,PR,-0.866025,-0.500000,11851.4000,1,1,4778936.4000,0.220815,-1.858634,-0.245395,-3.022142,-2.436751,-3.131908,-3.011608,-2.337324,-1.924761,0.412703,1.168794
2011,9,PR,-1.000000,-1.8369702e-16,8888.5500,1,1,3584202.3000,-0.288067,-1.809470,-0.179324,-2.943197,-2.436751,-2.403842,-2.947175,-2.650154,-1.924761,0.154526,0.189219
2011,10,PR,-0.866025,0.500000,4740.5600,1,0,1911574.5600,0.094405,-1.933826,-0.154733,-2.182984,-1.813115,-1.675776,-2.176906,-2.024493,-1.627874,0.511056,1.168794
2011,11,PR,-0.500000,0.866025,1777.7100,0,0,716840.4600,-0.268619,-1.923572,-0.088032,-2.133277,-1.501297,-1.675776,-2.141760,-1.711663,-1.479431,0.332791,0.679006
2011,12,PR,-2.4492936e-16,1.000000,1185.1400,0,0,477893.6400,-0.197311,-1.976154,-0.113612,-1.490020,-1.189479,-1.311743,-1.494500,-1.398833,-1.924761,0.215997,1.168794
2012,1,PR,0.500000,0.866025,1588.3200,0,0,617403.9200,-0.326963,-1.953018,-0.081348,-1.378912,-1.501297,-1.311743,-1.394921,-1.398833,-1.479431,0.209850,0.189219
2012,2,PR,0.866025,0.500000,1588.3200,0,0,617403.9200,0.110611,-1.928568,-0.107839,-0.814599,-0.877661,-0.765693,-0.829666,-1.086003,-0.588773,-0.269621,0.679006
2012,3,PR,1.000000,6.123234e-17,1588.3200,0,0,617403.9200,-0.343169,-1.898333,-0.100030,-1.343825,-1.189479,-1.675776,-1.359776,-1.398833,-1.924761,-0.060621,0.679006
2012,4,PR,0.866025,-0.500000,2382.4800,1,0,926105.8800,0.058750,-1.905432,-0.200328,-1.928605,-1.501297,-1.857792,-1.919173,-1.398833,-1.627874,-0.214298,0.189219
2012,5,PR,0.500000,-0.866025,6353.2800,1,0,2469615.6800,-0.258896,-1.822353,-0.271958,-2.823317,-2.124933,-2.585858,-2.803665,-2.337324,-1.924761,-0.423298,0.189219
2012,6,PR,1.2246468e-16,-1.000000,11912.4000,1,1,4630529.4000,0.032820,-1.844700,-0.297687,-3.150794,-2.124933,-2.221825,-3.111187,-2.337324,-1.924761,-0.429445,0.189219
2012,7,PR,-0.500000,-0.866025,15883.2000,1,1,6174039.2000,-0.138968,-1.838916,-0.246809,-3.223891,-2.436751,-2.585858,-3.216623,-2.337324,-1.924761,-0.122092,0.189219
2012,8,PR,-0.866025,-0.500000,15883.2000,1,1,6174039.2000,-0.395030,-1.749264,-0.168017,-2.525080,-2.748569,-2.039809,-2.548861,-2.337324,-1.924761,-0.355680,-0.300568
2012,9,PR,-1.000000,-1.8369702e-16,11912.4000,1,1,4630529.4000,-0.291308,-1.836287,-0.132285,-2.337950,-1.813115,-2.403842,-2.361419,-2.024493,-1.924761,0.320497,1.658581
2012,10,PR,-0.866025,0.500000,6353.2800,1,0,2469615.6800,-0.032006,-1.919629,-0.142229,-1.729780,-0.877661,-1.675776,-1.743446,-1.086003,-1.924761,0.295909,0.679006
2012,11,PR,-0.500000,0.866025,2382.4800,1,0,926105.8800,-0.323721,-1.945657,-0.112436,-1.723932,-0.877661,-1.311743,-1.720016,-1.086003,-0.885659,0.320497,-0.300568
2012,12,PR,-2.4492936e-16,1.000000,1588.3200,0,0,617403.9200,0.282399,-1.973262,-0.095667,-0.761969,-0.877661,-0.583677,-0.768162,-0.773172,-0.885659,0.252879,0.679006
2013,1,PR,0.500000,0.866025,1198.3200,0,0,537908.8400,-0.258896,-1.925413,-0.117595,-1.481248,-1.189479,-0.947710,-1.473998,-1.086003,-0.737216,0.443438,0.679006
2013,2,PR,0.866025,0.500000,1198.3200,0,0,537908.8400,0.097646,-1.933563,-0.137227,-1.115761,-0.877661,-0.583677,-1.116687,-1.086003,-0.440330,0.179115,0.189219
2013,3,PR,1.000000,6.123234e-17,1198.3200,0,0,537908.8400,-0.087107,-1.904380,-0.191028,-1.580661,-1.189479,-1.129726,-1.558933,-1.086003,-0.737216,0.215997,1.168794
2013,4,PR,0.866025,-0.500000,1797.4800,0,0,806863.2600,-0.317239,-1.870202,-0.169138,-2.086495,-1.501297,-1.675776,-2.089042,-1.711663,-1.924761,-0.663033,0.679006
2013,5,PR,0.500000,-0.866025,4793.2800,1,0,2151635.3600,-0.268619,-1.865995,-0.233099,-2.533851,-1.813115,-2.221825,-2.525430,-1.398833,-1.924761,-0.712210,1.168794
2013,6,PR,1.2246468e-16,-1.000000,8987.4000,1,1,4034316.3000,0.480118,-1.854427,-0.292685,-2.949045,-2.436751,-2.221825,-2.906172,-2.337324,-1.924761,-0.872034,0.679006
2013,7,PR,-0.500000,-0.866025,11983.2000,1,1,5379088.4000,-0.033626,-1.801583,-0.219244,-3.396401,-1.813115,-2.403842,-3.392350,-2.024493,-1.924761,-0.644592,1.168794
2013,8,PR,-0.866025,-0.500000,11983.2000,1,1,5379088.4000,-0.372341,-1.834972,-0.157554,-3.013371,-2.748569,-2.221825,-3.032110,-2.650154,-1.924761,-0.091356,1.168794
2013,9,PR,-1.000000,-1.8369702e-16,8987.4000,1,1,4034316.3000,0.097646,-1.857582,-0.184577,-2.639112,-1.813115,-2.221825,-2.633795,-1.711663,-1.924761,-0.472474,1.168794
2013,10,PR,-0.866025,0.500000,4793.2800,1,0,2151635.3600,-0.171381,-1.886765,-0.120637,-2.194679,-1.501297,-1.857792,-2.197407,-1.398833,-1.479431,0.295909,0.679006
2013,11,PR,-0.500000,0.866025,1797.4800,0,0,806863.2600,-0.203794,-1.925150,-0.144155,-1.797029,-1.189479,-1.493759,-1.790306,-1.398833,-0.885659,0.443438,0.679006
2013,12,PR,-2.4492936e-16,1.000000,1198.3200,0,0,537908.8400,-0.349652,-1.981675,-0.086558,-1.142076,-0.565843,-0.765693,-1.151832,-0.460342,-1.182545,0.111497,0.189219
2014,1,PR,0.500000,0.866025,1251.0200,0,0,720274.2800,0.308329,-1.906483,-0.050698,-0.618698,-0.877661,-0.583677,-0.648082,-0.773172,-1.924761,-0.134386,0.679006
2014,2,PR,0.866025,0.500000,1251.0200,0,0,720274.2800,-0.155174,-1.909375,-0.099233,-0.665481,-0.254025,-0.947710,-0.680298,-0.460342,-1.034102,0.000850,0.189219
2014,3,PR,1.000000,6.123234e-17,1251.0200,0,0,720274.2800,0.159230,-1.902014,-0.164400,-1.317510,-0.877661,-1.129726,-1.307058,-1.086003,-1.034102,-0.128239,-0.300568
2014,4,PR,0.866025,-0.500000,1876.5300,0,0,1080411.4200,-0.271861,-1.860737,-0.241565,-1.957844,-0.877661,-1.675776,-1.922102,-1.086003,-0.885659,-0.367974,-0.300568
2014,5,PR,0.500000,-0.866025,5004.0800,1,0,2881097.1200,-0.226483,-1.861526,-0.260600,-2.583558,-1.813115,-1.675776,-2.563505,-1.711663,-1.479431,-0.540092,1.168794
2014,6,PR,1.2246468e-16,-1.000000,9382.6500,1,1,5402057.1000,0.146265,-1.842597,-0.271315,-2.767763,-1.501297,-2.221825,-2.745089,-1.711663,-1.924761,-0.331092,0.679006
2014,7,PR,-0.500000,-0.866025,12510.2000,1,1,7202742.8000,-0.395030,-1.764513,-0.327203,-3.609846,-2.436751,-2.221825,-3.541717,-2.337324,-1.924761,-0.564680,0.679006
2014,8,PR,-0.866025,-0.500000,12510.2000,1,1,7202742.8000,-0.476062,-1.813414,-0.324353,-3.212196,-5.149567,-1.369988,-3.160976,-4.893147,-1.440836,-0.318798,-1.769929
2014,9,PR,-1.000000,-1.8369702e-16,9382.6500,1,1,5402057.1000,-0.476062,-1.882296,-0.208972,-1.355521,-4.232822,-0.194162,-1.409565,-3.857679,-0.989569,0.142232,-1.769929
2014,10,PR,-0.866025,0.500000,5004.0800,1,0,2881097.1200,-0.414477,-1.903854,-0.096297,-1.051435,-1.189479,-1.311743,-1.107900,-1.398833,-1.924761,0.099203,1.168794
2014,11,PR,-0.500000,0.866025,1876.5300,0,0,1080411.4200,-0.132485,-1.929882,-0.108802,-1.639139,-0.877661,-1.493759,-1.626295,-0.773172,-1.776318,0.265173,-0.300568
2014,12,PR,-2.4492936e-16,1.000000,1251.0200,0,0,720274.2800,-0.015799,-1.937506,-0.102709,-1.142076,-0.877661,-0.947710,-1.145975,-0.773172,-0.737216,0.455732,0.679006
2015,1,PR,0.500000,0.866025,864.2400,0,0,612113.8600,0.065233,-1.898070,-0.062563,-0.650861,-0.565843,-0.583677,-0.662726,-0.773172,-0.440330,0.265173,0.679006
2015,2,PR,0.866025,0.500000,864.2400,0,0,612113.8600,0.292123,-1.929619,-0.141684,-1.066055,-0.565843,-0.583677,-1.066898,-0.773172,-0.291887,-0.134386,1.168794
2015,3,PR,1.000000,6.123234e-17,864.2400,0,0,612113.8600,0.139783,-1.904906,-0.182545,-1.411075,-0.877661,-0.765693,-1.386135,-0.773172,-0.588773,-0.367974,-0.300568
2015,4,PR,0.866025,-0.500000,1296.3600,0,0,918170.7900,-0.317239,-1.871779,-0.203050,-1.896442,-0.877661,-1.493759,-1.884027,-1.086003,-0.737216,-0.392562,0.189219
2015,5,PR,0.500000,-0.866025,3456.9600,1,0,2448455.4400,-0.119520,-1.837338,-0.269044,-2.612797,-0.877661,-2.039809,-2.581077,-0.773172,-1.627874,-0.380268,0.679006
2015,6,PR,1.2246468e-16,-1.000000,6481.8000,1,0,4590853.9500,-0.223241,-1.787649,-0.251129,-2.902263,-1.813115,-2.039809,-2.897386,-2.024493,-1.627874,-0.195856,1.658581
2015,7,PR,-0.500000,-0.866025,8642.4000,1,0,6121138.6000,0.071716,-1.833658,-0.268916,-2.890567,-1.813115,-2.221825,-2.859311,-2.024493,-1.924761,-0.152827,1.658581
2015,8,PR,-0.866025,-0.500000,8642.4000,1,0,6121138.6000,-0.401512,-1.822879,-0.172099,-2.144973,-1.813115,-1.675776,-2.165190,-1.711663,-1.924761,-0.275768,1.168794
2015,9,PR,-1.000000,-1.8369702e-16,6481.8000,1,0,4590853.9500,-0.177863,-1.916211,-0.181348,-1.931529,-1.189479,-2.039809,-1.927959,-1.086003,-1.776318,0.031585,0.679006
2015,10,PR,-0.866025,0.500000,3456.9600,1,0,2448455.4400,0.201367,-1.888868,-0.205360,-1.954920,-0.877661,-1.675776,-1.930888,-1.086003,-0.885659,0.302056,0.679006
2015,11,PR,-0.500000,0.866025,1296.3600,0,0,918170.7900,0.211091,-1.954070,-0.217791,-1.753171,-0.877661,-1.129726,-1.717087,-0.460342,-0.588773,0.203703,0.679006
2015,12,PR,-2.4492936e-16,1.000000,864.2400,0,0,612113.8600,0.350466,-1.935929,-0.157809,-1.030968,-0.565843,-0.947710,-1.020037,-0.460342,-0.143444,0.185262,0.679006
2016,1,PR,0.500000,0.866025,1394.0000,0,0,891671.6800,0.068474,-1.942765,-0.096429,-1.086522,-0.254025,-1.129726,-1.081541,-0.147512,-1.479431,0.320497,0.679006
2016,2,PR,0.866025,0.500000,1394.0000,0,0,891671.6800,0.499565,-1.914896,-0.156987,-0.808752,-0.254025,-0.583677,-0.791592,-0.147512,-0.143444,0.062320,0.679006
2016,3,PR,1.000000,6.123234e-17,1394.0000,0,0,891671.6800,-0.164898,-1.882296,-0.160889,-1.273651,-0.565843,-1.129726,-1.263126,-0.773172,-0.885659,0.105350,0.189219
2016,4,PR,0.866025,-0.500000,2091.0000,0,0,1337507.5200,-0.028764,-1.880981,-0.137790,-1.068979,-0.254025,-2.403842,-1.075684,-0.460342,-1.924761,-0.398710,0.189219
2016,5,PR,0.500000,-0.866025,5576.0000,1,0,3566686.7200,-0.002834,-1.831554,-0.265142,-2.902263,-1.501297,-2.585858,-2.859311,-1.711663,-1.776318,-0.300356,0.679006
2016,6,PR,1.2246468e-16,-1.000000,10455.0000,1,1,6687537.6000,-0.033626,-1.788963,-0.182174,-3.662476,-2.124933,-2.403842,-3.661797,-2.024493,-1.924761,-0.749092,0.189219
2016,7,PR,-0.500000,-0.866025,13940.0000,1,1,8916716.8000,-0.096831,-1.824982,-0.190350,-3.057229,-2.436751,-2.403842,-3.078970,-2.337324,-1.924761,-0.134386,0.679006
2016,8,PR,-0.866025,-0.500000,13940.0000,1,1,8916716.8000,0.089543,-1.843122,-0.174570,-2.934425,-1.501297,-2.403842,-2.938389,-1.711663,-1.924761,-0.238886,0.679006
2016,9,PR,-1.000000,-1.8369702e-16,10455.0000,1,1,6687537.6000,-0.194070,-1.844700,-0.105261,-2.741448,-2.124933,-2.221825,-2.756804,-2.337324,-1.924761,0.191409,1.658581
2016,10,PR,-0.866025,0.500000,5576.0000,1,0,3566686.7200,0.084681,-1.899385,-0.176252,-2.352570,-0.877661,-1.857792,-2.332131,-0.773172,-1.924761,0.468027,1.168794
2016,11,PR,-0.500000,0.866025,2091.0000,0,0,1337507.5200,-0.138968,-1.926201,-0.117557,-1.919833,-0.877661,-1.857792,-1.925030,-0.773172,-1.627874,0.375821,0.679006
2016,12,PR,-2.4492936e-16,1.000000,1394.0000,0,0,891671.6800,-0.213518,-1.946971,-0.141990,-1.209326,-0.254025,-1.311743,-1.198693,-0.460342,-0.885659,0.179115,0.189219
2017,1,PR,0.500000,0.866025,2073.9800,0,0,1177284.6800,0.159230,-1.930934,-0.111503,-0.911088,-0.565843,-0.947710,-0.911672,-0.460342,-1.034102,0.074614,1.168794
2017,2,PR,0.866025,0.500000,2073.9800,0,0,1177284.6800,-0.203794,-1.924361,-0.084628,-0.674252,-0.254025,-0.401660,-0.686156,-0.460342,-0.737216,-0.109797,1.168794
2017,3,PR,1.000000,6.123234e-17,2073.9800,0,0,1177284.6800,-0.339928,-1.887028,-0.193686,-1.463705,-0.254025,-1.129726,-1.441781,-0.460342,-0.440330,0.006997,0.679006
2017,4,PR,0.866025,-0.500000,3110.9700,1,0,1765927.0200,-0.255654,-1.861000,-0.224676,-2.112810,-0.877661,-2.039809,-2.086113,-0.460342,-1.924761,0.037732,-0.300568
2017,5,PR,0.500000,-0.866025,8295.9200,1,0,4709138.7200,-0.148692,-1.856531,-0.254989,-2.381809,-1.189479,-1.675776,-2.343846,-1.398833,-1.182545,-0.337239,0.679006
2017,6,PR,1.2246468e-16,-1.000000,15554.8500,1,1,8829635.1000,0.113852,-1.812888,-0.224191,-2.890567,-1.501297,-2.221825,-2.891528,-1.086003,-1.924761,-0.245033,1.658581
2017,7,PR,-0.500000,-0.866025,20739.8000,1,1,11772846.8000,-0.469579,-1.699312,-0.165934,-3.156642,-3.060387,-2.403842,-3.184406,-2.962984,-1.776318,-0.595416,0.679006
2017,8,PR,-0.866025,-0.500000,20739.8000,1,1,11772846.8000,-0.171381,-1.828137,-0.222286,-2.788231,-1.501297,-2.221825,-2.783163,-1.711663,-1.776318,0.013144,1.168794
2017,9,PR,-1.000000,-1.8369702e-16,15554.8500,1,1,8829635.1000,-0.333445,-1.810259,-0.141373,-1.662530,-1.813115,-1.493759,-1.690728,-1.711663,-1.627874,-0.036033,-0.300568
2017,10,PR,-0.866025,0.500000,8295.9200,1,0,4709138.7200,0.246745,-1.921469,-0.186405,-2.025093,-1.501297,-1.857792,-2.018751,-1.086003,-1.924761,0.633997,0.679006
2017,11,PR,-0.500000,0.866025,3110.9700,1,0,1765927.0200,-0.048212,-1.956962,-0.089217,-1.878898,-0.877661,-1.493759,-1.889885,-1.086003,-1.924761,0.345085,0.189219
2017,12,PR,-2.4492936e-16,1.000000,2073.9800,0,0,1177284.6800,0.055509,-1.964586,-0.145296,-1.291195,-0.565843,-0.765693,-1.292414,-0.460342,-1.479431,0.154526,0.189219
2018,1,PR,0.500000,0.866025,1166.6800,0,0,773783.5000,0.674595,-1.940398,-0.136448,-1.218097,-0.565843,-0.765693,-1.219194,-0.460342,-1.182545,0.431144,0.679006
2018,2,PR,0.866025,0.500000,1166.6800,0,0,773783.5000,-0.181105,-1.928042,-0.130261,-1.446161,-0.254025,-0.947710,-1.444710,-0.147512,-1.330988,0.068467,0.679006
2018,3,PR,1.000000,6.123234e-17,1166.6800,0,0,773783.5000,0.561150,-1.942239,-0.177620,-1.039740,-0.565843,-0.583677,-1.031752,-0.460342,-0.440330,-0.404857,0.189219
2018,4,PR,0.866025,-0.500000,1750.0200,0,0,1160675.2500,-0.420960,-1.832869,-0.144402,-1.606976,-1.189479,-1.311743,-1.614580,-1.086003,-1.479431,-0.509357,0.189219
2018,5,PR,0.500000,-0.866025,4666.7200,1,0,3095134.0000,-0.391788,-1.820512,-0.182822,-2.370113,-1.189479,-2.221825,-2.373134,-1.086003,-1.924761,-0.318798,0.679006
2018,6,PR,1.2246468e-16,-1.000000,8750.1000,1,0,5803376.2500,-0.202173,-1.818146,-0.266309,-2.890567,-1.813115,-2.039809,-2.873955,-1.711663,-1.924761,-0.626151,0.189219
2018,7,PR,-0.500000,-0.866025,11666.8000,1,1,7737835.0000,-0.463097,-1.816832,-0.190525,-2.563090,-2.436751,-2.039809,-2.584006,-2.337324,-1.924761,-0.466327,0.189219
2018,8,PR,-0.866025,-0.500000,11666.8000,1,1,7737835.0000,-0.330204,-1.810259,-0.147469,-3.051381,-2.124933,-2.221825,-3.064326,-2.337324,-1.924761,-0.036033,1.168794
2018,9,PR,-1.000000,-1.8369702e-16,8750.1000,1,0,5803376.2500,-0.278343,-1.892812,-0.197993,-2.384733,-1.813115,-2.221825,-2.373134,-1.398833,-1.479431,-0.091356,0.189219
2018,10,PR,-0.866025,0.500000,4666.7200,1,0,3095134.0000,0.405568,-1.912267,-0.232392,-2.259005,-0.565843,-1.311743,-2.229624,-0.773172,-0.885659,0.136085,1.168794
2018,11,PR,-0.500000,0.866025,1750.0200,0,0,1160675.2500,-0.252413,-1.914896,-0.129371,-1.726856,-0.877661,-1.493759,-1.731731,-0.773172,-0.588773,0.535644,0.189219
2018,12,PR,-2.4492936e-16,1.000000,1166.6800,0,0,773783.5000,-0.207035,-1.927516,-0.032455,-0.837991,-0.565843,-1.311743,-0.873598,0.165319,-1.924761,0.388115,1.168794
2019,1,PR,0.500000,0.866025,1249.0400,0,0,735632.4200,0.143024,-1.889131,-0.074416,-0.425721,0.057793,-0.219644,-0.454782,-0.147512,-0.737216,0.056173,1.658581
2019,2,PR,0.866025,0.500000,1249.0400,0,0,735632.4200,0.402327,-1.932248,-0.146668,-1.177163,0.369611,-0.583677,-1.175262,0.165319,-0.440330,0.117644,1.168794
2019,3,PR,1.000000,6.123234e-17,1249.0400,0,0,735632.4200,-0.278343,-1.876775,-0.177833,-1.302890,-0.565843,-0.947710,-1.292414,-0.460342,-0.737216,0.013144,0.189219
2019,4,PR,0.866025,-0.500000,1873.5600,0,0,1103448.6300,-0.103314,-1.897544,-0.206591,-1.501716,-0.877661,-1.311743,-1.488642,-0.460342,-1.182545,-0.576974,0.679006
2019,5,PR,0.500000,-0.866025,4996.1600,1,0,2942529.6800,0.308329,-1.877563,-0.286998,-2.147897,-0.877661,-1.857792,-2.106615,-0.460342,-1.182545,-0.497063,0.189219
2019,6,PR,1.2246468e-16,-1.000000,9367.8000,1,1,5517243.1500,-0.242689,-1.790278,-0.232243,-2.522156,-1.813115,-1.857792,-2.531288,-1.711663,-1.479431,-0.853592,0.189219
2019,7,PR,-0.500000,-0.866025,12490.4000,1,1,7356324.2000,-0.440408,-1.809996,-0.161192,-2.919806,-1.813115,-2.403842,-2.955961,-2.024493,-1.924761,-0.318798,0.189219
2019,8,PR,-0.866025,-0.500000,12490.4000,1,1,7356324.2000,-0.313997,-1.761095,-0.180338,-2.902263,-2.436751,-2.403842,-2.906172,-2.337324,-1.924761,0.086909,0.189219
2019,9,PR,-1.000000,-1.8369702e-16,9367.8000,1,1,5517243.1500,-0.044971,-1.852324,-0.207209,-2.294092,-0.877661,-2.039809,-2.279413,-1.086003,-1.182545,0.179115,0.189219
2019,10,PR,-0.866025,0.500000,4996.1600,1,0,2942529.6800,-0.187587,-1.892023,-0.109147,-1.498792,-1.189479,-1.311743,-1.517930,-1.086003,-1.182545,0.259026,0.189219
2019,11,PR,-0.500000,0.866025,1873.5600,0,0,1103448.6300,-0.171381,-1.933037,-0.111503,-1.665454,-0.877661,-1.311743,-1.673155,-0.773172,-1.182545,0.443438,0.679006
2019,12,PR,-2.4492936e-16,1.000000,1249.0400,0,0,735632.4200,-0.262137,-1.939347,-0.096830,-1.282423,-0.877661,-0.947710,-1.286556,-0.773172,-1.034102,0.006997,0.679006
2020,1,PR,0.500000,0.866025,1105.2200,0,0,657624.9200,0.178678,-1.960642,-0.384420,-1.025120,-0.254025,-0.765693,-1.037610,-0.147512,-0.885659,0.080762,0.679006
2020,2,PR,0.866025,0.500000,1105.2200,0,0,657624.9200,-0.148692,-1.911741,-0.384420,-1.297043,-0.565843,-1.311743,-1.295342,-0.460342,-0.737216,-0.165121,-0.300568
2020,3,PR,1.000000,6.123234e-17,1105.2200,0,0,657624.9200,-0.440408,-1.873357,-0.384420,-1.408151,-0.254025,-1.129726,-1.441781,-0.460342,-1.034102,-0.115945,-0.300568
2020,4,PR,0.866025,-0.500000,1657.8300,0,0,986437.3800,-0.407995,-1.851535,-0.384420,-2.033865,-0.877661,-2.039809,-2.068541,-1.086003,-1.924761,-0.134386,0.189219
2020,5,PR,0.500000,-0.866025,4420.8800,1,0,2630499.6800,-0.401512,-1.849432,-0.384420,-2.747296,-1.813115,-2.221825,-2.780234,-1.711663,-1.924761,-0.367974,0.679006
2020,6,PR,1.2246468e-16,-1.000000,8289.1500,1,0,4932186.9000,-0.032006,-1.838390,-0.384420,-2.595253,-0.877661,-2.039809,-2.575220,-1.086003,-1.182545,-0.165121,1.658581
2020,7,PR,-0.500000,-0.866025,11052.2000,1,1,6576249.2000,-0.388547,-1.835235,-0.384420,-2.873024,-2.124933,-2.039809,-2.894457,-1.711663,-1.924761,0.025438,1.168794
2020,8,PR,-0.866025,-0.500000,11052.2000,1,1,6576249.2000,0.019855,-1.805001,-0.384420,-2.843785,-2.124933,-2.221825,-2.868098,-1.711663,-1.627874,-0.367974,1.168794
2020,9,PR,-1.000000,-1.8369702e-16,8289.1500,1,0,4932186.9000,-0.333445,-1.855216,-0.384420,-1.849659,-1.501297,-1.857792,-1.869384,-1.398833,-1.924761,0.240585,0.679006
2020,10,PR,-0.866025,0.500000,4420.8800,1,0,2630499.6800,-0.096831,-1.910427,-0.384420,-1.756095,-0.877661,-1.311743,-1.763947,-0.773172,-1.924761,0.424997,0.679006
2020,11,PR,-0.500000,0.866025,1657.8300,0,0,986437.3800,0.188402,-1.906746,-0.384420,-1.846735,-0.877661,-2.039809,-1.866455,-0.773172,-1.924761,0.185262,1.168794
2020,12,PR,-2.4492936e-16,1.000000,1105.2200,0,0,657624.9200,0.049027,-1.948286,-0.384420,-1.229793,-0.565843,-0.765693,-1.242624,-0.773172,-0.885659,0.314350,1.168794
2021,1,PR,0.500000,0.866025,1396.8600,0,0,1080883.1800,0.204608,-1.938295,-0.384420,-1.077750,-0.254025,-0.765693,-1.063969,-0.460342,-0.143444,0.246732,0.189219
2021,2,PR,0.866025,0.500000,1396.8600,0,0,1080883.1800,-0.207035,-1.957487,-0.384420,-1.118685,-0.254025,-0.947710,-1.145975,-0.147512,-1.034102,-0.017592,0.189219
2021,3,PR,1.000000,6.123234e-17,1396.8600,0,0,1080883.1800,-0.074142,-1.928305,-0.384420,-1.106989,-0.254025,-1.311743,-1.110829,-0.460342,-1.034102,-0.251180,0.189219
2021,4,PR,0.866025,-0.500000,2095.2900,0,0,1621324.7700,-0.443649,-1.851273,-0.384420,-2.142049,-1.501297,-1.493759,-2.147618,-1.398833,-1.034102,-0.232739,0.189219
2021,5,PR,0.500000,-0.866025,5587.4400,1,0,4323532.7200,-0.074142,-1.857319,-0.384420,-2.644960,-1.501297,-2.039809,-2.663083,-1.711663,-1.924761,-0.441739,1.168794
2021,6,PR,1.2246468e-16,-1.000000,10476.4500,1,1,8106623.8500,-0.148692,-1.824719,-0.384420,-3.142022,-2.748569,-2.221825,-3.204908,-2.650154,-0.588773,-0.576974,0.189219
2021,7,PR,-0.500000,-0.866025,13968.6000,1,1,10808831.8000,-0.427442,-1.777658,-0.384420,-3.337923,-2.789105,-2.221825,-4.063040,-2.962984,-0.014298,-0.324945,0.189219
2021,8,PR,-0.866025,-0.500000,13968.6000,1,1,10808831.8000,-0.108176,-1.795799,-0.384420,-2.639112,-2.832760,-2.039809,-2.633795,-2.962984,-0.026174,-0.251180,0.189219
2021,9,PR,-1.000000,-1.8369702e-16,10476.4500,1,1,8106623.8500,-0.265378,-1.871254,-0.384420,-2.010474,-2.876414,-1.675776,-2.027538,-2.962984,-0.035080,0.111497,0.189219
2021,10,PR,-0.866025,0.500000,5587.4400,1,0,4323532.7200,0.091163,-1.895967,-0.384420,-2.545547,-2.920069,-1.675776,-2.504929,-2.962984,-0.045471,0.111497,0.189219
2021,11,PR,-0.500000,0.866025,2095.2900,0,0,1621324.7700,-0.333445,-1.951441,-0.384420,-1.659606,-2.963723,-1.311743,-1.664369,-2.962984,-0.055862,0.277468,1.168794
2021,12,PR,-2.4492936e-16,1.000000,1396.8600,0,0,1080883.1800,0.006890,-1.962483,-0.384420,-1.434466,-3.004259,-1.311743,-1.462283,-2.962984,-0.066254,0.332791,0.189219
2022,1,PR,0.500000,0.866025,1140.1600,0,0,898834.2400,0.240262,-1.953018,-0.384420,-1.036816,-3.051032,-0.947710,-1.055182,-2.962984,-0.076645,-0.324945,0.189219
2022,2,PR,0.866025,0.500000,1140.1600,0,0,898834.2400,-0.106555,-1.937244,-0.384420,-0.867230,-3.094687,-1.129726,-0.899957,-2.962984,-0.087036,-0.392562,-0.300568
2022,3,PR,1.000000,6.123234e-17,1140.1600,0,0,898834.2400,0.246745,-1.918577,-0.384420,-1.136228,-3.132105,-1.311743,-1.125473,-2.962984,-0.097427,-0.312651,0.679006
2022,4,PR,0.866025,-0.500000,1710.2400,0,0,1348251.3600,-0.155174,-1.881507,-0.384420,-2.077723,-3.175759,-1.857792,-2.065612,-2.962984,-0.107818,-0.644592,1.168794
2022,5,PR,0.500000,-0.866025,4560.6400,1,0,3595336.9600,0.045785,-1.869150,-0.384420,-2.858404,-3.219414,-2.221825,-2.856383,-2.962984,-0.118209,-0.331092,1.168794
2022,6,PR,1.2246468e-16,-1.000000,8551.2000,1,0,6741256.8000,-0.035247,-1.851010,-0.384420,-3.080620,-3.263068,-2.039809,-3.073112,-2.962984,-0.127115,-0.576974,0.679006
2022,7,PR,-0.500000,-0.866025,11401.6000,1,1,8988342.4000,-0.375582,-1.834184,-0.384420,-2.454906,-3.306723,-2.039809,-2.478570,-2.962984,-0.137506,-0.540092,0.679006
2022,8,PR,-0.866025,-0.500000,11401.6000,1,1,8988342.4000,-0.082245,-1.818935,-0.384420,-3.106935,-2.436751,-2.039809,-3.084828,-2.337324,-1.776318,-0.042180,0.679006
2022,9,PR,-1.000000,-1.8369702e-16,8551.2000,1,0,6741256.8000,0.047406,-1.850747,-0.384420,-3.180033,-1.813115,-2.039809,-3.149261,-1.711663,-1.924761,0.314350,0.189219
2022,10,PR,-0.866025,0.500000,4560.6400,1,0,3595336.9600,-0.035247,-1.911741,-0.384420,-2.121582,-1.189479,-1.675776,-2.115401,-1.086003,-1.627874,0.123791,1.168794
2022,11,PR,-0.500000,0.866025,1710.2400,0,0,1348251.3600,0.073336,-1.896756,-0.384420,-2.314559,-0.877661,-2.039809,-2.320416,-1.086003,-1.776318,0.375821,0.679006
2022,12,PR,-2.4492936e-16,1.000000,1140.1600,0,0,898834.2400,0.039303,-1.969318,-0.384420,-1.361368,-0.254025,-1.129726,-1.356847,-0.147512,-0.737216,0.117644,0.189219
2023,1,PR,0.500000,0.866025,906.7800,0,0,771126.9600,-0.126003,-1.942765,-0.384420,-1.139152,-0.565843,-0.947710,-1.154761,-0.460342,-0.737216,0.000850,0.189219
2023,2,PR,0.866025,0.500000,906.7800,0,0,771126.9600,-0.087107,-1.935929,-0.384420,-1.124533,-0.565843,-1.129726,-1.128402,-0.460342,-0.291887,0.185262,0.679006
2023,3,PR,1.000000,6.123234e-17,906.7800,0,0,771126.9600,-0.187587,-1.889657,-0.384420,-1.039740,-0.254025,-0.947710,-1.040539,-0.147512,-1.182545,-0.171268,0.189219
2023,4,PR,0.866025,-0.500000,1360.1700,0,0,1156690.4400,-0.220000,-1.891235,-0.384420,-2.039713,-1.189479,-1.857792,-2.033395,-1.086003,-1.627874,-0.269621,1.168794
2023,5,PR,0.500000,-0.866025,3627.1200,1,0,3084507.8400,-0.307515,-1.826033,-0.384420,-2.399352,-0.877661,-2.039809,-2.399493,-1.086003,-1.924761,-0.927357,-0.790355
2023,6,PR,1.2246468e-16,-1.000000,6800.8500,1,0,5783452.2000,-0.312377,-1.808156,-0.384420,-2.764839,-2.124933,-2.221825,-2.759733,-2.337324,-1.034102,-0.417151,0.679006
2023,7,PR,-0.500000,-0.866025,9067.8000,1,1,7711269.6000,-0.232965,-1.795273,-0.384420,-3.004599,-1.813115,-2.767875,-2.988178,-1.711663,-1.924761,-0.306504,2.148368
2023,8,PR,-0.866025,-0.500000,9067.8000,1,1,7711269.6000,-0.122762,-1.850221,-0.384420,-2.665427,-1.813115,-2.403842,-2.663083,-1.398833,-1.924761,-0.115945,1.658581
2023,9,PR,-1.000000,-1.8369702e-16,6800.8500,1,0,5783452.2000,-0.138968,-1.886765,-0.384420,-1.662530,-0.565843,-1.493759,-1.667298,-0.460342,-1.479431,0.357379,1.168794
2023,10,PR,-0.866025,0.500000,3627.1200,1,0,3084507.8400,0.901485,-1.932774,-0.384420,-2.098191,-0.565843,-1.493759,-2.062683,-0.460342,-0.440330,0.209850,0.679006
2023,11,PR,-0.500000,0.866025,1360.1700,0,0,1156690.4400,0.240262,-1.944079,-0.384420,-1.340901,-0.254025,-1.857792,-1.333417,-0.460342,-1.034102,0.308203,2.148368
2023,12,PR,-2.4492936e-16,1.000000,906.7800,0,0,771126.9600,-0.304274,-1.926201,-0.384420,-0.747350,-0.254025,-0.947710,-0.768162,-0.147512,-0.737216,0.252879,0.679006
2003,1,SC,0.500000,0.866025,884.2000,0,0,280609.6800,-0.476062,0.832230,-0.425746,0.088885,-1.657206,1.181883,0.160262,-1.461399,0.509706,3.068235,-0.496483
2003,2,SC,0.866025,0.500000,884.2000,0,0,280609.6800,-0.476062,0.832230,-0.425746,0.088885,-1.657206,1.181883,0.160262,-1.461399,0.509706,3.068235,-0.496483
2003,3,SC,1.000000,6.123234e-17,884.2000,0,0,280609.6800,-0.361320,0.840906,-0.276841,-0.209353,-0.066934,-0.328854,-0.158975,-0.241361,-0.158288,1.648263,1.168794
2003,4,SC,0.866025,-0.500000,1326.3000,0,0,420914.5200,-0.192773,0.818296,-0.182400,-0.761969,-0.129298,-1.129726,-0.733017,-0.116229,-1.479431,-0.288062,0.336155
2003,5,SC,0.500000,-0.866025,3536.8000,1,0,1122438.7200,-0.349327,0.852737,-0.223556,-1.630367,-0.752934,-1.803187,-1.632152,-0.898304,-1.880228,-0.564680,0.679006
2003,6,SC,1.2246468e-16,-1.000000,6631.5000,1,0,2104572.6000,-0.197311,0.860887,-0.282660,-1.820420,-1.158297,-1.147928,-1.787378,-1.211135,-0.470019,-0.570827,1.119815
2003,7,SC,-0.500000,-0.866025,8842.0000,1,0,2806096.8000,-0.396002,0.945807,-0.289524,-2.197603,-1.688388,-2.476648,-2.150546,-1.805512,-1.924761,-0.312651,0.776964
2003,8,SC,-0.866025,-0.500000,8842.0000,1,0,2806096.8000,-0.437815,0.950013,-0.184871,-2.466602,-1.750751,-2.312834,-2.452211,-1.868078,-1.880228,0.056173,0.825943
2003,9,SC,-1.000000,-1.8369702e-16,6631.5000,1,0,2104572.6000,-0.118872,0.908211,-0.172895,-2.068952,-1.127115,-2.167220,-2.024609,-1.211135,-1.909916,0.412703,1.119815
2003,10,SC,-0.866025,0.500000,3536.8000,1,0,1122438.7200,-0.289040,0.838540,-0.153809,-1.142076,-0.908843,-0.747492,-1.151832,-1.054720,-0.989569,0.388115,0.972879
2003,11,SC,-0.500000,0.866025,1326.3000,0,0,420914.5200,-0.105907,0.736532,-0.073947,-0.782437,-0.316388,-1.184331,-0.744732,-0.366493,-0.692683,0.627850,1.805517
2003,12,SC,-2.4492936e-16,1.000000,884.2000,0,0,280609.6800,0.439277,0.737583,-0.101499,-0.396482,0.120157,-0.474467,-0.349346,0.165319,-0.855971,0.590968,1.854496
2004,1,SC,0.500000,0.866025,814.9200,0,0,280539.7400,0.575411,0.721020,-0.101593,-0.183038,0.276066,-0.383459,-0.141403,0.259168,-0.217665,-0.060621,1.021857
2004,2,SC,0.866025,0.500000,814.9200,0,0,280539.7400,0.140431,0.757564,-0.066466,-0.221048,0.494338,-0.310652,-0.194121,0.290451,0.064376,0.006997,1.364709
2004,3,SC,1.000000,6.123234e-17,814.9200,0,0,280539.7400,0.199422,0.780437,-0.129201,-0.431569,0.213702,-0.328854,-0.378634,0.008903,-0.247354,-0.085209,0.776964
2004,4,SC,0.866025,-0.500000,1222.3800,0,0,420809.6100,-0.142209,0.870615,-0.162504,-0.408178,0.088975,0.035179,-0.317130,-0.053663,0.548301,0.006997,1.413687
2004,5,SC,0.500000,-0.866025,3259.6800,1,0,1122158.9600,-0.260192,1.090669,0.079031,-1.636215,-1.283024,-1.712179,-1.611651,-1.398833,-1.167701,-0.109797,0.825943
2004,6,SC,1.2246468e-16,-1.000000,6111.9000,1,0,2104048.0500,-0.148692,0.920305,-0.265789,-2.074800,-1.095933,-2.494850,-2.015823,-1.211135,-1.909916,-0.275768,1.070836
2004,7,SC,-0.500000,-0.866025,8149.2000,1,0,2805397.4000,-0.198608,0.948962,-0.283308,-2.466602,-0.815297,-2.422043,-2.408279,-0.992154,-1.924761,-0.085209,2.099389
2004,8,SC,-0.866025,-0.500000,8149.2000,1,0,2805397.4000,-0.454604,1.011797,-0.336857,-2.694666,-1.501297,-2.312834,-2.578148,-1.461399,-1.761473,-1.074887,0.434113
2004,9,SC,-1.000000,-1.8369702e-16,6111.9000,1,0,2104048.0500,-0.413537,1.047552,-0.350409,-2.507536,-3.316077,-0.580036,-2.396564,-3.469769,-0.315638,-1.179387,-2.063802
2004,10,SC,-0.866025,0.500000,3259.6800,1,0,1122158.9600,-0.358273,1.082256,-0.296656,-2.165440,-2.951250,-0.376178,-2.089042,-3.103758,-0.146413,-0.779828,-1.951151
2004,11,SC,-0.500000,0.866025,1222.3800,0,0,420809.6100,-0.310626,1.116697,-0.242902,-1.823344,-2.595778,-0.166859,-1.781520,-2.747131,0.027266,-0.380268,-1.838500
2004,12,SC,-2.4492936e-16,1.000000,814.9200,0,0,280539.7400,-0.251959,1.151138,-0.189149,-1.481248,-2.227833,0.036999,-1.476927,-2.377992,0.196491,0.019291,-1.725849
2005,1,SC,0.500000,0.866025,956.0600,0,0,363192.8600,-0.197895,1.186105,-0.134513,-1.136228,-1.863006,0.246318,-1.163547,-2.011980,0.371654,0.424997,-1.608300
2005,2,SC,0.866025,0.500000,956.0600,0,0,363192.8600,-0.178382,1.219494,-0.082524,-0.805828,-1.529360,0.457458,-0.867740,-1.677252,0.545332,0.812262,-1.505444
2005,3,SC,1.000000,6.123234e-17,956.0600,0,0,363192.8600,-0.095049,1.252883,-0.030534,-0.475427,-1.164533,0.646755,-0.571934,-1.311240,0.704166,1.199527,-1.387895
2005,4,SC,0.866025,-0.500000,1434.0900,0,0,544789.2900,-0.055894,1.287324,0.023220,-0.133331,-0.809061,0.856074,-0.264412,-0.954614,0.877844,1.599086,-1.280142
2005,5,SC,0.500000,-0.866025,3824.2400,1,0,1452771.4400,-0.041665,0.972360,-0.153421,-0.662557,-0.378752,-1.311743,-0.694942,-0.397776,-0.529396,0.418850,0.336155
2005,6,SC,1.2246468e-16,-1.000000,7170.4500,1,0,2723946.4500,-0.358079,0.870352,-0.267796,-1.381836,-0.659388,-1.821389,-1.353918,-0.867021,-1.271611,-0.552386,1.021857
2005,7,SC,-0.500000,-0.866025,9560.6000,1,1,3631928.6000,-0.220000,0.932135,-0.235447,-2.273625,-1.251842,-2.240027,-2.264769,-1.242418,-1.806006,-0.306504,0.630028
2005,8,SC,-0.866025,-0.500000,9560.6000,1,1,3631928.6000,0.152748,0.867460,-0.204891,-1.779486,-1.376570,-1.730381,-1.755161,-1.555248,-1.731785,0.345085,3.813644
2005,9,SC,-1.000000,-1.8369702e-16,7170.4500,1,0,2723946.4500,0.302171,0.921882,-0.210591,-2.232690,-1.251842,-1.857792,-2.173977,-1.367550,-1.880228,0.111497,1.462666
2005,10,SC,-0.866025,0.500000,3824.2400,1,0,1452771.4400,0.172844,0.802259,-0.206263,-1.311662,-0.659388,-0.620080,-1.242624,-0.648040,-0.544240,0.547938,1.756538
2005,11,SC,-0.500000,0.866025,1434.0900,0,0,544789.2900,-0.178512,0.774916,-0.105236,-0.840915,-0.285207,-0.565475,-0.788663,-0.397776,-0.796593,0.941351,1.021857
2005,12,SC,-2.4492936e-16,1.000000,956.0600,0,0,363192.8600,-0.157119,0.742053,-0.067518,-0.495895,-0.066934,-0.601878,-0.460640,-0.241361,-0.915348,0.695468,1.119815
2006,1,SC,0.500000,0.866025,963.9600,0,0,380720.2000,0.093108,0.728645,-0.043051,0.258471,0.244884,0.198994,0.297914,0.227885,-0.277043,0.338938,0.972879
2006,2,SC,0.866025,0.500000,963.9600,0,0,380720.2000,0.113852,0.679744,-0.109863,0.021635,0.431975,0.016978,0.051897,0.227885,-0.262198,-0.367974,0.630028
2006,3,SC,1.000000,6.123234e-17,963.9600,0,0,380720.2000,-0.250468,0.732062,-0.131182,0.109352,0.400793,-0.183241,0.139760,0.415583,-0.187977,-0.005297,0.679006
2006,4,SC,0.866025,-0.500000,1445.9400,0,0,571080.3000,-0.266026,0.794372,-0.183056,-0.899393,-0.441116,-0.747492,-0.882384,-0.429059,-0.855971,-0.730651,0.532070
2006,5,SC,0.500000,-0.866025,3855.8400,1,0,1522880.8000,-0.330204,0.899009,-0.271992,-2.136201,-1.376570,-1.293541,-2.153475,-1.586531,-1.642719,-0.386415,0.776964
2006,6,SC,1.2246468e-16,-1.000000,7229.7000,1,0,2855401.5000,-0.359375,0.933713,-0.268213,-1.946148,-1.407751,-1.621171,-1.898671,-1.586531,-1.434899,-0.263474,1.119815
2006,7,SC,-0.500000,-0.866025,9639.6000,1,1,3807202.0000,-0.431332,0.899798,-0.106527,-1.884746,-1.376570,-1.147928,-1.845953,-1.430116,-0.811438,-0.048327,0.140241
2006,8,SC,-0.866025,-0.500000,9639.6000,1,1,3807202.0000,0.241559,0.836174,0.104359,-1.820420,-1.283024,-2.367439,-1.784449,-1.430116,-1.924761,0.941351,1.119815
2006,9,SC,-1.000000,-1.8369702e-16,7229.7000,1,0,2855401.5000,-0.326963,0.869826,-0.179806,-2.068952,-1.594842,-2.385640,-2.033395,-1.649097,-1.924761,0.369674,0.825943
2006,10,SC,-0.866025,0.500000,3855.8400,1,0,1522880.8000,-0.155823,0.816982,-0.152066,-1.276575,-1.002388,-0.893105,-1.219194,-1.054720,-0.440330,0.326644,0.923900
2006,11,SC,-0.500000,0.866025,1445.9400,0,0,571080.3000,0.323239,0.777020,-0.155807,-0.998805,-0.347570,-1.439154,-0.946818,-0.366493,-1.479431,0.615556,1.560623
2006,12,SC,-2.4492936e-16,1.000000,963.9600,0,0,380720.2000,-0.216111,0.734166,-0.039038,-0.077777,0.276066,-0.365257,-0.038895,0.102752,0.034688,0.461880,0.727985
2007,1,SC,0.500000,0.866025,622.0200,0,0,278736.3600,-0.180456,0.693678,-0.069376,0.077189,0.244884,0.126188,0.110472,0.259168,-0.351264,0.511056,1.021857
2007,2,SC,0.866025,0.500000,622.0200,0,0,278736.3600,-0.017744,0.743367,-0.099642,0.007016,0.400793,-0.110434,0.037253,0.196602,-0.737216,0.388115,1.070836
2007,3,SC,1.000000,6.123234e-17,622.0200,0,0,278736.3600,0.225028,0.744156,-0.119057,0.197069,0.556702,0.035179,0.236410,0.478149,0.301885,-0.085209,1.364709
2007,4,SC,0.866025,-0.500000,933.0300,0,0,418104.5400,-0.332149,0.823817,-0.196937,-0.475427,-0.004570,-0.692887,-0.434281,-0.084946,-1.271611,-1.671152,2.736113
2007,5,SC,0.500000,-0.866025,2488.0800,1,0,1114945.4400,0.720038,0.835911,-0.339656,-1.598204,-0.597025,-1.402751,-1.597007,-0.773172,-1.820850,-0.865886,0.532070
2007,6,SC,1.2246468e-16,-1.000000,4665.1500,1,0,2090522.7000,-0.019105,0.767818,-0.336572,-1.399379,-1.813115,-1.511961,-1.602864,-1.961927,-1.271611,0.738497,1.609602
2007,7,SC,-0.500000,-0.866025,6220.2000,1,0,2787363.6000,0.120983,0.888230,-0.263766,-2.905187,-1.626024,-2.622262,-2.888599,-1.774229,-1.895072,-0.269621,0.679006
2007,8,SC,-0.866025,-0.500000,6220.2000,1,0,2787363.6000,-0.084514,0.943966,-0.277693,-2.566014,-1.501297,-1.985204,-2.510787,-1.617814,-1.509120,0.234438,1.413687
2007,9,SC,-1.000000,-1.8369702e-16,4665.1500,1,0,2090522.7000,-0.092942,0.925037,-0.180462,-1.522183,-0.877661,-1.348146,-1.476927,-0.992154,-1.702096,0.449585,1.168794
2007,10,SC,-0.866025,0.500000,2488.0800,1,0,1114945.4400,0.030875,0.814090,-0.165717,-0.998805,-0.254025,-0.838500,-0.955604,-0.397776,-0.410641,0.554085,1.805517
2007,11,SC,-0.500000,0.866025,933.0300,0,0,418104.5400,-0.190829,0.739687,-0.035506,-0.954947,-0.160479,-0.601878,-0.926316,-0.241361,-1.048947,1.187233,2.099389
2007,12,SC,-2.4492936e-16,1.000000,622.0200,0,0,278736.3600,0.014669,0.712870,-0.060097,-0.241515,0.650247,-0.219644,-0.214622,0.446866,-0.336420,0.566380,0.825943
2008,1,SC,0.500000,0.866025,812.3400,0,0,360625.1600,1.247006,0.747048,-0.102356,-0.212277,0.338429,0.016978,-0.188263,0.290451,0.153442,0.609409,1.658581
2008,2,SC,0.866025,0.500000,812.3400,0,0,360625.1600,0.588377,0.729696,-0.061503,-0.139179,0.431975,-0.274249,-0.120901,0.321734,-0.781749,0.062320,1.021857
2008,3,SC,1.000000,6.123234e-17,812.3400,0,0,360625.1600,0.162472,0.755987,-0.133282,-0.253211,0.151339,-0.438064,-0.232195,0.134035,-0.039534,-0.005297,0.972879
2008,4,SC,0.866025,-0.500000,1218.5100,0,0,540937.7400,0.242207,0.738898,-0.202935,-1.013425,-0.160479,-1.384549,-0.999536,-0.178795,-1.850539,-0.331092,1.413687
2008,5,SC,0.500000,-0.866025,3249.3600,1,0,1442500.6400,-0.227779,0.839592,-0.200089,-1.791181,0.026611,-2.221825,-1.807879,-0.178795,-1.850539,-0.417151,1.070836
2008,6,SC,1.2246468e-16,-1.000000,6092.5500,1,0,2704688.7000,-0.238475,0.899535,-0.254533,-2.525080,-1.251842,-2.658665,-2.507858,-1.430116,-1.895072,-0.626151,0.483092
2008,7,SC,-0.500000,-0.866025,8123.4000,1,0,3606251.6000,-0.436518,0.930032,-0.227488,-1.931529,-1.532479,-1.675776,-1.916244,-1.649097,-1.197390,-0.337239,0.336155
2008,8,SC,-0.866025,-0.500000,8123.4000,1,0,3606251.6000,-0.278343,0.867460,-0.239183,-1.987083,-0.846479,-1.657574,-1.942603,-1.023437,-1.657563,0.320497,1.315730
2008,9,SC,-1.000000,-1.8369702e-16,6092.5500,1,0,2704688.7000,0.283047,0.900587,-0.193639,-2.118658,-0.940024,-1.712179,-2.080256,-0.929587,-1.791162,0.474174,0.923900
2008,10,SC,-0.866025,0.500000,3249.3600,1,0,1442500.6400,0.476876,0.853789,-0.220940,-1.434466,-0.534661,-0.856702,-1.377348,-0.616757,-1.093479,0.547938,1.854496
2008,11,SC,-0.500000,0.866025,1218.5100,0,0,540937.7400,1.573728,0.810409,-0.179448,-1.092370,-0.285207,-0.419862,-1.052254,-0.241361,-0.113755,0.400409,0.532070
2008,12,SC,-2.4492936e-16,1.000000,812.3400,0,0,360625.1600,0.515124,0.728645,-0.024573,-0.542677,0.244884,-0.692887,-0.522144,0.165319,-0.440330,0.701615,0.776964
2009,1,SC,0.500000,0.866025,657.7600,0,0,273678.9200,0.246745,0.728908,-0.077914,-0.270754,0.338429,-0.547274,-0.255625,0.384300,-0.173133,0.345085,2.638155
2009,2,SC,0.866025,0.500000,657.7600,0,0,273678.9200,-0.022282,0.727330,-0.126265,0.050874,0.494338,-0.055829,0.087042,0.571998,0.094065,0.203703,0.581049
2009,3,SC,1.000000,6.123234e-17,657.7600,0,0,273678.9200,0.233132,0.728645,-0.112521,-0.022223,0.868520,0.144389,-0.003750,0.884828,0.079221,-0.054474,1.609602
2009,4,SC,0.866025,-0.500000,986.6400,0,0,410518.3800,0.565688,0.832493,-0.172529,-0.747350,0.057793,-0.783895,-0.721301,0.040186,-0.633306,0.099203,0.874921
2009,5,SC,0.500000,-0.866025,2631.0400,1,0,1094715.6800,-0.188884,0.828813,-0.248062,-1.425694,-0.628206,-1.566566,-1.412494,-0.710606,-1.420054,-0.337239,0.238198
2009,6,SC,1.2246468e-16,-1.000000,4933.2000,1,0,2052591.9000,-0.359375,0.903741,-0.253374,-2.533851,-1.657206,-2.294632,-2.528359,-1.805512,-1.791162,-0.429445,0.140241
2009,7,SC,-0.500000,-0.866025,6577.6000,1,0,2736789.2000,-0.050805,0.908474,-0.282997,-2.735600,-1.314206,-1.912397,-2.695300,-1.461399,-1.553653,-0.343386,1.560623
2009,8,SC,-0.866025,-0.500000,6577.6000,1,0,2736789.2000,-0.062798,0.883235,-0.205181,-2.165440,-1.438933,-1.894196,-2.150546,-1.555248,-1.063791,0.148379,0.727985
2009,9,SC,-1.000000,-1.8369702e-16,4933.2000,1,0,2052591.9000,0.253552,0.835385,-0.244117,-1.791181,-1.002388,-1.675776,-1.740517,-1.086003,-1.375521,0.418850,1.021857
2009,10,SC,-0.866025,0.500000,2631.0400,1,0,1094715.6800,-0.137671,0.802785,-0.156139,-1.519259,-0.690570,-1.402751,-1.471069,-0.835738,-0.707528,0.627850,1.021857
2009,11,SC,-0.500000,0.866025,986.6400,0,0,410518.3800,-0.060529,0.669227,-0.099923,-0.101168,0.463157,-0.292450,-0.065254,0.509432,0.301885,0.726203,2.442240
2009,12,SC,-2.4492936e-16,1.000000,657.7600,0,0,273678.9200,-0.072846,0.702354,-0.063347,-0.001756,0.774974,-0.347055,0.031395,0.853545,-0.232510,0.787674,1.021857
2010,1,SC,0.500000,0.866025,736.7800,0,0,280669.1000,0.228594,0.708138,-0.109117,0.150287,0.837338,0.271801,0.174906,0.790979,0.272197,0.338938,0.630028
2010,2,SC,0.866025,0.500000,736.7800,0,0,280669.1000,0.091163,0.718917,-0.108094,0.448524,1.273883,-0.237845,0.473641,1.260225,-0.425486,0.222144,0.923900
2010,3,SC,1.000000,6.123234e-17,736.7800,0,0,280669.1000,0.450946,0.732851,-0.158325,-0.191809,0.556702,-0.092232,-0.161904,0.446866,0.242508,-0.220445,1.168794
2010,4,SC,0.866025,-0.500000,1105.1700,0,0,421003.6500,-0.063122,0.854052,-0.229295,-0.911088,-0.129298,-0.656483,-0.891171,-0.303927,-0.529396,0.197556,1.315730
2010,5,SC,0.500000,-0.866025,2947.1200,1,0,1122676.4000,0.991593,0.840381,-0.273313,-1.568965,-0.534661,-0.984113,-1.538431,-0.710606,-0.989569,0.105350,0.630028
2010,6,SC,1.2246468e-16,-1.000000,5525.8500,1,0,2105018.2500,-0.184994,0.945018,-0.270139,-2.235614,-1.314206,-1.784986,-2.217908,-1.523965,-1.553653,-0.189709,0.874921
2010,7,SC,-0.500000,-0.866025,7367.8000,1,0,2806691.0000,-0.154202,0.957375,-0.282528,-2.256081,-1.376570,-2.276430,-2.214980,-1.523965,-1.538809,0.056173,0.581049
2010,8,SC,-0.866025,-0.500000,7367.8000,1,0,2806691.0000,-0.256627,0.958689,-0.227139,-2.522156,-1.095933,-2.058010,-2.490285,-1.117286,-1.716940,0.326644,0.581049
2010,9,SC,-1.000000,-1.8369702e-16,5525.8500,1,0,2105018.2500,0.042544,0.867723,-0.218247,-1.799953,-1.095933,-1.530163,-1.749303,-1.273701,-1.167701,0.203703,0.972879
2010,10,SC,-0.866025,0.500000,2947.1200,1,0,1122676.4000,-0.034599,0.809357,-0.132728,-1.606976,-0.721752,-1.166130,-1.582363,-0.929587,-1.197390,0.547938,1.119815
2010,11,SC,-0.500000,0.866025,1105.1700,0,0,421003.6500,0.023745,0.722072,-0.071110,-0.957870,-0.191661,-1.275340,-0.935102,-0.147512,-0.915348,0.523350,1.021857
2010,12,SC,-2.4492936e-16,1.000000,736.7800,0,0,280669.1000,-0.102666,0.671856,-0.110689,-0.452036,0.244884,-0.765693,-0.413779,0.165319,-0.870815,0.388115,1.315730
2011,1,SC,0.500000,0.866025,658.0200,0,0,230066.0000,0.476228,0.650561,-0.115993,0.243852,0.587884,0.217196,0.268627,0.634564,0.687837,0.050026,0.923900
2011,2,SC,0.866025,0.500000,658.0200,0,0,230066.0000,0.426961,0.716025,-0.135123,0.129820,0.837338,0.180792,0.163190,0.634564,0.108909,0.338938,0.483092
2011,3,SC,1.000000,6.123234e-17,658.0200,0,0,230066.0000,0.443167,0.799630,-0.181399,-0.516362,0.276066,-0.365257,-0.481141,0.290451,-0.128600,-0.048327,1.168794
2011,4,SC,0.866025,-0.500000,987.0300,0,0,345099.0000,-0.302977,0.808306,-0.177024,-0.840915,-0.098116,-0.620080,-0.832595,-0.241361,-0.425486,-0.386415,0.483092
2011,5,SC,0.500000,-0.866025,2632.0800,1,0,920264.0000,-0.113686,0.889281,-0.244419,-1.653758,-0.846479,-1.621171,-1.635081,-0.929587,-1.048947,-0.152827,0.287177
2011,6,SC,1.2246468e-16,-1.000000,4935.1500,1,0,1725495.0000,-0.201525,0.870878,-0.275669,-2.451982,-1.314206,-2.440245,-2.437567,-1.398833,-1.924761,-0.361827,0.140241
2011,7,SC,-0.500000,-0.866025,6580.2000,1,0,2300660.0000,-0.030709,0.902164,-0.281122,-2.639112,-1.532479,-2.531253,-2.592792,-1.523965,-1.924761,0.000850,0.825943
2011,8,SC,-0.866025,-0.500000,6580.2000,1,0,2300660.0000,0.692098,0.882183,-0.262500,-2.399352,-1.189479,-2.385640,-2.352632,-1.304984,-1.909916,0.584821,1.413687
2011,9,SC,-1.000000,-1.8369702e-16,4935.1500,1,0,1725495.0000,0.351763,0.952905,-0.170999,-2.259005,-1.127115,-2.112615,-2.229624,-1.242418,-1.509120,0.277468,1.217772
2011,10,SC,-0.866025,0.500000,2632.0800,1,0,920264.0000,-0.220000,0.784381,-0.131378,-1.238565,-0.659388,-0.984113,-1.204550,-0.648040,-0.633306,0.357379,1.315730
2011,11,SC,-0.500000,0.866025,987.0300,0,0,345099.0000,-0.172029,0.805151,-0.084177,-1.063131,-0.347570,-0.820298,-1.037610,-0.366493,-0.766905,0.369674,0.776964
2011,12,SC,-2.4492936e-16,1.000000,658.0200,0,0,230066.0000,0.337825,0.711818,-0.070509,-0.566068,0.338429,-0.583677,-0.551432,0.134035,-0.603617,0.234438,0.825943
2012,1,SC,0.500000,0.866025,864.2200,0,0,303192.4000,0.534571,0.729433,-0.077688,-0.200581,0.244884,-0.274249,-0.179477,0.196602,0.004999,0.203703,0.483092
2012,2,SC,0.866025,0.500000,864.2200,0,0,303192.4000,-0.234910,0.723649,-0.067433,0.290634,0.587884,-0.055829,0.324273,0.540715,-0.039534,-0.005297,0.091262
2012,3,SC,1.000000,6.123234e-17,864.2200,0,0,303192.4000,-0.134430,0.780700,-0.076721,-0.229820,0.151339,-1.093323,-0.235124,0.259168,-1.538809,-0.048327,0.532070
2012,4,SC,0.866025,-0.500000,1296.3300,0,0,454788.6000,-0.215462,0.791480,-0.204729,-0.873077,0.026611,-1.202533,-0.847239,0.008903,-1.108324,-0.355680,0.091262
2012,5,SC,0.500000,-0.866025,3456.8800,1,0,1212769.6000,-0.103314,0.905845,-0.223091,-1.507563,-0.503479,-1.712179,-1.500357,-0.460342,-1.152857,-0.730651,0.776964
2012,6,SC,1.2246468e-16,-1.000000,6481.6500,1,0,2273943.0000,-0.043026,0.885864,-0.271890,-2.194679,-1.127115,-2.167220,-2.171048,-1.023437,-1.776318,-0.392562,0.825943
2012,7,SC,-0.500000,-0.866025,8642.2000,1,0,3031924.0000,0.087598,0.900587,-0.278728,-2.606949,-1.189479,-1.985204,-2.586935,-1.367550,-1.880228,-0.294209,1.021857
2012,8,SC,-0.866025,-0.500000,8642.2000,1,0,3031924.0000,-0.307515,1.000229,-0.203877,-1.750247,-1.158297,-1.457356,-1.705372,-1.242418,-1.004414,0.123791,0.972879
2012,9,SC,-1.000000,-1.8369702e-16,6481.6500,1,0,2273943.0000,-0.266351,0.897695,-0.174037,-1.647910,-0.690570,-1.803187,-1.632152,-0.741889,-1.820850,0.498762,1.266751
2012,10,SC,-0.866025,0.500000,3456.8800,1,0,1212769.6000,-0.129892,0.783855,-0.190163,-1.042664,-0.035752,-0.729290,-0.993678,-0.210078,-0.544240,0.240585,0.630028
2012,11,SC,-0.500000,0.866025,1296.3300,0,0,454788.6000,-0.152581,0.768081,-0.052701,-0.615774,-0.129298,-0.656483,-0.589506,-0.116229,-1.048947,0.584821,0.727985
2012,12,SC,-2.4492936e-16,1.000000,864.2200,0,0,303192.4000,-0.219352,0.676063,-0.078063,0.182450,0.681429,0.107986,0.204193,0.603281,0.168287,0.695468,1.266751
2013,1,SC,0.500000,0.866025,703.7000,0,0,347612.0200,-0.194070,0.764400,-0.064864,-0.191809,0.307248,-0.055829,-0.170691,0.415583,-0.128600,-0.005297,0.679006
2013,2,SC,0.866025,0.500000,703.7000,0,0,347612.0200,0.120335,0.724175,-0.115921,0.056722,0.743793,0.071583,0.075327,0.697130,0.094065,-0.718357,1.021857
2013,3,SC,1.000000,6.123234e-17,703.7000,0,0,347612.0200,0.517717,0.793846,-0.169696,-0.548525,0.431975,-0.419862,-0.507500,0.540715,-0.158288,-0.773680,0.874921
2013,4,SC,0.866025,-0.500000,1055.5500,0,0,521418.0300,0.043192,0.833545,-0.161490,-0.899393,-0.004570,-1.111525,-0.888242,-0.022380,-1.330988,-1.412975,-0.055674
2013,5,SC,0.500000,-0.866025,2814.8000,1,0,1390448.0800,-0.306867,0.840906,-0.234360,-1.627443,-0.254025,-1.875994,-1.611651,-0.397776,-1.895072,-1.062593,0.630028
2013,6,SC,1.2246468e-16,-1.000000,5277.7500,1,0,2607090.1500,-0.086459,0.869563,-0.290968,-1.987083,-1.220661,-1.584768,-1.945532,-1.148569,-1.004414,-1.376093,0.630028
2013,7,SC,-0.500000,-0.866025,7037.0000,1,0,3476120.2000,-0.174622,0.948436,-0.251777,-2.738524,-1.127115,-2.695068,-2.730445,-1.336267,-1.909916,-0.908916,0.385134
2013,8,SC,-0.866025,-0.500000,7037.0000,1,0,3476120.2000,-0.057288,0.913206,-0.218725,-2.542623,-1.781933,-2.003406,-2.519573,-1.868078,-1.360677,-0.521651,0.483092
2013,9,SC,-1.000000,-1.8369702e-16,5277.7500,1,0,2607090.1500,0.220167,0.870615,-0.202296,-1.928605,-1.127115,-1.366348,-1.895743,-1.023437,-1.716940,-0.681475,0.385134
2013,10,SC,-0.866025,0.500000,2814.8000,1,0,1390448.0800,-0.268619,0.846427,-0.110361,-1.308738,-0.409934,-1.056920,-1.268983,-0.460342,-0.870815,-0.318798,1.070836
2013,11,SC,-0.500000,0.866025,1055.5500,0,0,521418.0300,-0.142209,0.789113,-0.106944,-0.805828,0.026611,-1.093323,-0.771091,0.008903,-0.573929,0.031585,0.532070
2013,12,SC,-2.4492936e-16,1.000000,703.7000,0,0,347612.0200,-0.165547,0.692626,-0.064336,-0.112864,0.556702,-0.256047,-0.085756,0.759696,-0.128600,-0.380268,0.140241
2014,1,SC,0.500000,0.866025,930.7600,0,0,565109.3400,0.094405,0.740475,-0.044082,0.314025,1.086792,-0.037627,0.335989,0.947394,0.494861,-0.411004,1.070836
2014,2,SC,0.866025,0.500000,930.7600,0,0,565109.3400,-0.092293,0.752043,-0.048053,0.451448,1.055611,0.016978,0.464855,0.916111,0.346418,-0.128239,1.315730
2014,3,SC,1.000000,6.123234e-17,930.7600,0,0,565109.3400,-0.080625,0.776231,-0.132047,-0.194733,0.650247,-0.638282,-0.170691,0.540715,-0.752060,-1.111769,0.923900
2014,4,SC,0.866025,-0.500000,1396.1400,0,0,847664.0100,-0.138968,0.849319,-0.198845,-0.723959,0.213702,-0.674685,-0.689085,0.165319,-0.470019,-0.835151,1.021857
2014,5,SC,0.500000,-0.866025,3723.0400,1,0,2260437.3600,-0.189532,0.857995,-0.241577,-1.542650,-0.503479,-1.657574,-1.515001,-0.585474,-0.900504,-1.271593,0.287177
2014,6,SC,1.2246468e-16,-1.000000,6980.7000,1,0,4238320.0500,0.272675,0.882183,-0.311427,-2.028017,-0.752934,-2.003406,-1.986535,-0.960871,-1.880228,-1.142504,-0.202610
2014,7,SC,-0.500000,-0.866025,9307.6000,1,1,5651093.4000,-0.299088,0.984191,-0.270663,-2.159593,-1.314206,-1.821389,-2.127116,-1.398833,-1.598186,-1.222416,0.385134
2014,8,SC,-0.866025,-0.500000,9307.6000,1,1,5651093.4000,-0.174622,0.918464,-0.190516,-2.101115,-1.345388,-2.203624,-2.100757,-1.430116,-1.924761,-0.736798,0.874921
2014,9,SC,-1.000000,-1.8369702e-16,6980.7000,1,0,4238320.0500,0.023745,0.844061,-0.222584,-1.504639,-0.846479,-1.147928,-1.459354,-0.835738,-0.633306,-0.374121,0.679006
2014,10,SC,-0.866025,0.500000,3723.0400,1,0,2260437.3600,-0.063122,0.853263,-0.095433,-0.867230,-0.409934,-0.765693,-0.838453,-0.522908,-0.974725,0.191409,1.021857
2014,11,SC,-0.500000,0.866025,1396.1400,0,0,847664.0100,-0.183049,0.770710,-0.089396,-0.492971,0.088975,-0.620080,-0.454782,0.008903,-1.286455,0.129938,0.776964
2014,12,SC,-2.4492936e-16,1.000000,930.7600,0,0,565109.3400,0.077550,0.732851,-0.067940,-0.104092,0.431975,-0.292450,-0.071112,0.384300,-0.128600,-0.048327,0.874921
2015,1,SC,0.500000,0.866025,576.5000,0,0,400570.8800,0.095053,0.747574,-0.051955,0.387123,0.868520,0.162591,0.382849,1.009960,0.227664,-0.441739,0.776964
2015,2,SC,0.866025,0.500000,576.5000,0,0,400570.8800,0.510586,0.735480,-0.098666,0.106428,0.806156,0.180792,0.130974,0.759696,0.494861,-0.540092,0.189219
2015,3,SC,1.000000,6.123234e-17,576.5000,0,0,400570.8800,-0.010613,0.778597,-0.150954,-0.194733,0.400793,-0.055829,-0.164833,0.321734,0.094065,-0.773680,0.434113
2015,4,SC,0.866025,-0.500000,864.7500,0,0,600856.3200,-0.101369,0.840906,-0.194308,-0.703491,-0.098116,-0.401660,-0.668583,-0.241361,-0.217665,-0.890475,0.630028
2015,5,SC,0.500000,-0.866025,2306.0000,0,0,1602283.5200,0.128762,0.890596,-0.263420,-1.452009,-0.285207,-1.184331,-1.403707,-0.429059,-0.900504,-1.394534,0.630028
2015,6,SC,1.2246468e-16,-1.000000,4323.7500,1,0,3004281.6000,-0.190180,0.935290,-0.259288,-1.951996,-0.908843,-2.149019,-1.951389,-0.898304,-1.494276,-1.412975,0.434113
2015,7,SC,-0.500000,-0.866025,5765.0000,1,0,4005708.8000,0.393899,0.885338,-0.288540,-2.013398,-1.158297,-1.566566,-1.968962,-1.273701,-1.345833,-1.240857,0.091262
2015,8,SC,-0.866025,-0.500000,5765.0000,1,0,4005708.8000,-0.241393,0.885075,-0.210975,-1.346749,-0.971206,-1.184331,-1.312915,-1.086003,-0.514552,-0.324945,0.776964
2015,9,SC,-1.000000,-1.8369702e-16,4323.7500,1,0,3004281.6000,0.314812,0.794372,-0.236478,-1.624519,-0.222843,-1.548364,-1.579434,-0.178795,-1.806006,-0.546239,1.119815
2015,10,SC,-0.866025,0.500000,2306.0000,0,0,1602283.5200,0.523551,0.836174,-0.269747,-1.516335,-0.659388,-0.838500,-1.447639,-0.648040,-0.841126,0.338938,0.532070
2015,11,SC,-0.500000,0.866025,864.7500,0,0,600856.3200,0.024393,0.749151,-0.193635,-0.890621,-0.254025,-0.310652,-0.832595,-0.241361,-1.464587,0.640144,0.630028
2015,12,SC,-2.4492936e-16,1.000000,576.5000,0,0,400570.8800,0.268138,0.726016,-0.150716,-0.165494,0.837338,-0.146837,-0.129688,0.790979,0.049532,0.400409,0.385134
2016,1,SC,0.500000,0.866025,1134.4000,0,0,756854.5400,0.313516,0.736795,-0.084015,0.150287,0.556702,0.326406,0.174906,0.446866,0.034688,0.240585,0.825943
2016,2,SC,0.866025,0.500000,1134.4000,0,0,756854.5400,0.214332,0.737321,-0.126218,0.267243,0.681429,0.107986,0.294986,0.603281,-0.588773,-0.036033,0.727985
2016,3,SC,1.000000,6.123234e-17,1134.4000,0,0,756854.5400,0.406865,0.798578,-0.138791,-0.194733,0.307248,-0.328854,-0.179477,0.134035,-0.009845,-0.183562,0.287177
2016,4,SC,0.866025,-0.500000,1701.6000,0,0,1135281.8100,-0.150637,0.779912,-0.196592,-0.171342,0.650247,-1.530163,-0.132616,0.540715,-1.553653,-0.085209,0.385134
2016,5,SC,0.500000,-0.866025,4537.6000,1,0,3027418.1600,-0.243337,0.905845,-0.265874,-1.984159,-1.064752,-1.657574,-1.945532,-1.086003,-1.390366,-0.724504,0.336155
2016,6,SC,1.2246468e-16,-1.000000,8508.0000,1,0,5676409.0500,-0.329556,0.986295,-0.286474,-3.136174,-2.093751,-2.804278,-3.111187,-2.274758,-1.924761,-0.859739,-0.055674
2016,7,SC,-0.500000,-0.866025,11344.0000,1,1,7568545.4000,-0.098128,0.915309,-0.240955,-2.627416,-1.314206,-2.494850,-2.607436,-1.336267,-1.895072,-0.202003,0.483092
2016,8,SC,-0.866025,-0.500000,11344.0000,1,1,7568545.4000,-0.218379,0.882446,-0.211921,-2.261929,-1.376570,-2.258229,-2.247196,-1.367550,-1.716940,0.240585,0.776964
2016,9,SC,-1.000000,-1.8369702e-16,8508.0000,1,0,5676409.0500,-0.099424,0.893488,-0.142706,-1.875974,-1.095933,-1.402751,-1.863526,-1.242418,-1.924761,0.492615,0.923900
2016,10,SC,-0.866025,0.500000,4537.6000,1,0,3027418.1600,0.101535,0.828024,-0.174514,-1.416922,-0.503479,-1.002315,-1.374420,-0.241361,-1.553653,0.455732,0.776964
2016,11,SC,-0.500000,0.866025,1701.6000,0,0,1135281.8100,-0.319832,0.787273,-0.079822,-0.864306,-0.191661,-0.711088,-0.838453,-0.241361,-1.494276,0.726203,0.972879
2016,12,SC,-2.4492936e-16,1.000000,1134.4000,0,0,756854.5400,0.363431,0.722335,-0.111281,-0.326309,0.556702,-0.711088,-0.317130,0.603281,-0.781749,0.511056,0.825943
2017,1,SC,0.500000,0.866025,1483.7600,0,0,943267.3000,0.176733,0.727067,-0.059300,0.276014,0.463157,0.126188,0.289128,0.571998,-0.173133,0.191409,0.581049
2017,2,SC,0.866025,0.500000,1483.7600,0,0,943267.3000,-0.095535,0.734429,-0.065963,0.448524,0.619065,0.508422,0.476570,0.478149,0.450328,-0.011444,-0.202610
2017,3,SC,1.000000,6.123234e-17,1483.7600,0,0,943267.3000,0.253876,0.799367,-0.155564,-0.215200,0.463157,-0.256047,-0.191192,0.478149,-0.128600,0.093056,0.972879
2017,4,SC,0.866025,-0.500000,2225.6400,0,0,1414900.9500,-0.017744,0.850108,-0.217749,-0.908164,0.369611,-1.493759,-0.879456,0.290451,-1.227078,-0.171268,0.630028
2017,5,SC,0.500000,-0.866025,5935.0400,1,0,3773069.2000,0.428257,0.864831,-0.271626,-1.340901,-0.752934,-0.929508,-1.295342,-0.710606,-0.707528,-0.202003,0.042283
2017,6,SC,1.2246468e-16,-1.000000,11128.2000,1,1,7074504.7500,-0.046915,0.906896,-0.275759,-1.916909,-0.659388,-1.766784,-1.901600,-0.710606,-1.820850,-0.509357,0.287177
2017,7,SC,-0.500000,-0.866025,14837.6000,1,1,9432673.0000,-0.438463,1.059646,-0.209658,-2.118658,-1.470115,-2.458447,-2.115401,-1.398833,-1.702096,-0.288062,0.776964
2017,8,SC,-0.866025,-0.500000,14837.6000,1,1,9432673.0000,-0.073494,0.911892,-0.222248,-1.814573,-1.127115,-1.657574,-1.781520,-1.179852,-1.702096,0.332791,1.413687
2017,9,SC,-1.000000,-1.8369702e-16,11128.2000,1,1,7074504.7500,-0.089700,0.918727,-0.195199,-1.145000,-0.877661,-0.711088,-1.087399,-0.992154,-0.187977,0.633997,0.483092
2017,10,SC,-0.866025,0.500000,5935.0400,1,0,3773069.2000,-0.085811,0.769132,-0.139306,-1.036816,-0.441116,-1.202533,-1.008322,-0.397776,-1.568497,0.615556,1.609602
2017,11,SC,-0.500000,0.866025,2225.6400,0,0,1414900.9500,-0.041081,0.746522,-0.067471,-0.937403,-0.721752,-0.856702,-0.917530,-0.710606,-1.538809,0.584821,1.070836
2017,12,SC,-2.4492936e-16,1.000000,1483.7600,0,0,943267.3000,0.146265,0.721283,-0.088556,-0.314613,0.244884,-0.019426,-0.267340,0.353017,-0.455174,0.474174,1.462666
2018,1,SC,0.500000,0.866025,948.3800,0,0,693288.7400,0.747848,0.720232,-0.099655,-0.054386,0.307248,-0.237845,-0.030109,0.540715,-0.440330,0.203703,1.658581
2018,2,SC,0.866025,0.500000,948.3800,0,0,693288.7400,-0.050805,0.757039,-0.087159,-0.194733,0.369611,-0.110434,-0.176548,0.259168,-0.039534,-0.097503,0.140241
2018,3,SC,1.000000,6.123234e-17,948.3800,0,0,693288.7400,0.331991,0.725753,-0.175068,-0.145027,0.338429,-0.292450,-0.106257,0.415583,0.049532,-0.005297,0.923900
2018,4,SC,0.866025,-0.500000,1422.5700,0,0,1039933.1100,-0.230372,0.858784,-0.144798,-0.384786,-0.004570,-0.310652,-0.375705,0.008903,0.183131,-0.435592,0.091262
2018,5,SC,0.500000,-0.866025,3793.5200,1,0,2773154.9600,-0.227779,0.897169,-0.235447,-1.335053,-0.129298,-1.693977,-1.315844,-0.272644,-1.301300,-0.620004,0.091262
2018,6,SC,1.2246468e-16,-1.000000,7112.8500,1,0,5199665.5500,-0.245930,0.909788,-0.285736,-2.294092,-1.189479,-1.948801,-2.264769,-1.242418,-1.880228,-0.466327,0.532070
2018,7,SC,-0.500000,-0.866025,9483.8000,1,1,6932887.4000,-0.104610,0.909788,-0.267153,-2.291168,-1.376570,-1.967002,-2.255983,-1.461399,-1.286455,0.068467,0.727985
2018,8,SC,-0.866025,-0.500000,9483.8000,1,1,6932887.4000,-0.237503,0.944492,-0.214319,-2.522156,-1.688388,-2.112615,-2.513715,-1.774229,-1.820850,-0.091356,0.972879
2018,9,SC,-1.000000,-1.8369702e-16,7112.8500,1,0,5199665.5500,0.188402,0.833019,-0.209888,-1.463705,-0.690570,-1.584768,-1.424209,-0.804455,-1.152857,-0.288062,0.042283
2018,10,SC,-0.866025,0.500000,3793.5200,1,0,2773154.9600,-0.072197,0.809883,-0.193094,-1.185935,-0.534661,-0.911307,-1.134259,-0.522908,-0.841126,0.529497,1.217772
2018,11,SC,-0.500000,0.866025,1422.5700,0,0,1039933.1100,-0.122762,0.793320,-0.102045,-0.598231,0.151339,-0.529072,-0.571934,-0.022380,-0.900504,0.443438,0.483092
2018,12,SC,-2.4492936e-16,1.000000,948.3800,0,0,693288.7400,-0.052750,0.748100,-0.026065,-0.109940,0.400793,-0.729290,-0.094542,0.321734,-0.707528,0.468027,1.021857
2019,1,SC,0.500000,0.866025,912.9200,0,0,677962.6000,0.253876,0.752043,-0.072558,0.685360,1.055611,0.526624,0.696229,0.884828,0.524550,0.246732,0.679006
2019,2,SC,0.866025,0.500000,912.9200,0,0,677962.6000,0.357597,0.738372,-0.128809,-0.036843,0.681429,-0.001224,-0.027180,0.571998,-0.202821,0.228291,1.462666
2019,3,SC,1.000000,6.123234e-17,912.9200,0,0,677962.6000,-0.208331,0.808043,-0.156126,-0.136255,0.151339,-0.074031,-0.109186,0.102752,-0.559084,-0.085209,0.140241
2019,4,SC,0.866025,-0.500000,1369.3800,0,0,1016943.9000,-0.193422,0.782804,-0.196119,-0.454960,0.244884,-0.438064,-0.425495,0.134035,-0.158288,-0.195856,0.385134
2019,5,SC,0.500000,-0.866025,3651.6800,1,0,2711850.4000,0.031524,0.822766,-0.286039,-1.016348,-0.098116,-1.075121,-0.967319,-0.147512,-0.410641,-0.226592,0.923900
2019,6,SC,1.2246468e-16,-1.000000,6846.9000,1,0,5084719.5000,-0.293901,0.913732,-0.250260,-1.452009,-0.846479,-1.329944,-1.447639,-0.992154,-0.796593,-0.564680,0.434113
2019,7,SC,-0.500000,-0.866025,9129.2000,1,1,6779626.0000,-0.323721,0.931347,-0.277672,-2.390580,-1.220661,-2.531253,-2.370205,-1.398833,-1.909916,-0.312651,0.336155
2019,8,SC,-0.866025,-0.500000,9129.2000,1,1,6779626.0000,-0.415450,0.996022,-0.221937,-2.250233,-1.407751,-2.203624,-2.223766,-1.461399,-1.895072,0.437291,1.560623
2019,9,SC,-1.000000,-1.8369702e-16,6846.9000,1,0,5084719.5000,-0.281585,0.892173,-0.228102,-1.873051,-1.158297,-1.311743,-1.813737,-1.211135,-1.301300,0.560233,0.727985
2019,10,SC,-0.866025,0.500000,3651.6800,1,0,2711850.4000,-0.228427,0.815141,-0.142161,-0.981262,-0.441116,-0.529072,-0.946818,-0.429059,-0.484863,0.750792,2.148368
2019,11,SC,-0.500000,0.866025,1369.3800,0,0,1016943.9000,-0.476062,0.773076,-0.096958,-0.630394,-0.222843,-0.638282,-0.601221,-0.272644,-0.618462,0.806115,0.727985
2019,12,SC,-2.4492936e-16,1.000000,912.9200,0,0,677962.6000,-0.122113,0.742579,-0.031211,-0.244439,-0.160479,-0.601878,-0.226337,-0.178795,-0.870815,0.640144,0.874921
2020,1,SC,0.500000,0.866025,919.1000,0,0,689769.5400,-0.018392,0.708138,-0.453439,0.088885,0.587884,-0.237845,0.104615,0.540715,-0.380953,0.455732,0.825943
2020,2,SC,0.866025,0.500000,919.1000,0,0,689769.5400,0.152748,0.778597,-0.453439,-0.092397,0.525520,-0.456265,-0.068183,0.478149,-0.677839,0.332791,0.679006
2020,3,SC,1.000000,6.123234e-17,919.1000,0,0,689769.5400,-0.347707,0.821714,-0.453439,-0.109940,0.057793,-0.201442,-0.091613,-0.084946,-0.039534,-0.048327,0.483092
2020,4,SC,0.866025,-0.500000,1378.6500,0,0,1034654.3100,-0.426794,0.852474,-0.453439,-0.899393,-0.129298,-1.275340,-0.905815,-0.178795,-1.479431,-0.128239,0.727985
2020,5,SC,0.500000,-0.866025,3676.4000,1,0,2759078.1600,-0.429387,0.850897,-0.453439,-1.685921,-0.877661,-1.784986,-1.702443,-0.804455,-1.509120,-0.497063,0.238198
2020,6,SC,1.2246468e-16,-1.000000,6893.2500,1,0,5173271.5500,-0.067660,0.868775,-0.453439,-1.738551,-0.784115,-1.457356,-1.714158,-0.835738,-1.138012,-0.146680,0.776964
2020,7,SC,-0.500000,-0.866025,9191.0000,1,1,6897695.4000,-0.168140,0.895591,-0.453439,-2.428591,-1.657206,-2.258229,-2.405350,-1.680380,-1.583342,-0.097503,0.874921
2020,8,SC,-0.866025,-0.500000,9191.0000,1,1,6897695.4000,-0.108500,0.937131,-0.453439,-2.182984,-1.470115,-2.185422,-2.162262,-1.430116,-1.806006,0.129938,0.679006
2020,9,SC,-1.000000,-1.8369702e-16,6893.2500,1,0,5173271.5500,0.005593,0.877451,-0.453439,-1.644987,-0.752934,-1.602969,-1.591149,-0.898304,-1.776318,0.203703,1.462666
2020,10,SC,-0.866025,0.500000,3676.4000,1,0,2759078.1600,-0.027468,0.810409,-0.453439,-1.098218,-0.534661,-0.874903,-1.063969,-0.616757,-0.662995,0.689321,0.385134
2020,11,SC,-0.500000,0.866025,1378.6500,0,0,1034654.3100,-0.106231,0.808306,-0.453439,-0.794132,-0.035752,-0.893105,-0.768162,-0.210078,-1.241923,0.234438,0.825943
2020,12,SC,-2.4492936e-16,1.000000,919.1000,0,0,689769.5400,0.502158,0.734429,-0.453439,-0.320461,0.151339,-0.110434,-0.281984,0.040186,-0.187977,0.166820,0.727985
2021,1,SC,0.500000,0.866025,1019.0000,0,0,977033.9000,0.790633,0.731800,-0.453439,0.001168,0.743793,-0.037627,0.043110,0.665847,-0.277043,-0.017592,0.434113
2021,2,SC,0.866025,0.500000,1019.0000,0,0,977033.9000,0.345280,0.717865,-0.453439,-0.048538,0.650247,-0.201442,-0.041824,0.540715,-0.707528,-0.294209,0.581049
2021,3,SC,1.000000,6.123234e-17,1019.0000,0,0,977033.9000,0.658388,0.737058,-0.453439,-0.066082,0.182520,-0.146837,-0.041824,0.102752,-0.395797,-0.392562,0.287177
2021,4,SC,0.866025,-0.500000,1528.5000,0,0,1465550.8500,-0.219352,0.864568,-0.453439,-0.858458,-0.222843,-0.711088,-0.838453,-0.397776,-0.915348,-0.583121,-0.104653
2021,5,SC,0.500000,-0.866025,4076.0000,1,0,3908135.6000,-0.093590,0.865883,-0.453439,-1.916909,-0.752934,-1.693977,-1.916244,-0.898304,-1.746629,-0.847445,-0.153632
2021,6,SC,1.2246468e-16,-1.000000,7642.5000,1,0,7327754.2500,0.497296,0.920568,-0.453439,-2.291168,-1.033570,-2.240027,-2.261840,-1.148569,-1.924761,-0.564680,1.560623
2021,7,SC,-0.500000,-0.866025,10190.0000,1,1,9770339.0000,-0.404105,0.968417,-0.453439,-2.665427,-1.719569,-2.658665,-2.680656,-1.930644,-1.909916,-0.724504,0.140241
2021,8,SC,-0.866025,-0.500000,10190.0000,1,1,9770339.0000,-0.296494,0.955008,-0.453439,-2.133277,-1.501297,-1.639373,-2.091971,-1.586531,-0.974725,-0.263474,0.727985
2021,9,SC,-1.000000,-1.8369702e-16,7642.5000,1,0,7327754.2500,-0.030061,0.858521,-0.453439,-1.522183,-0.877661,-0.893105,-1.471069,-1.023437,-0.930192,0.099203,0.434113
2021,10,SC,-0.866025,0.500000,4076.0000,1,0,3908135.6000,0.463911,0.842221,-0.453439,-1.513411,-0.877661,-0.802097,-1.459354,-0.992154,-0.737216,-0.140533,0.532070
2021,11,SC,-0.500000,0.866025,1528.5000,0,0,1465550.8500,-0.046915,0.761771,-0.453439,-0.890621,-0.316388,-0.583677,-0.858954,-0.429059,-0.262198,-0.232739,1.266751
2021,12,SC,-2.4492936e-16,1.000000,1019.0000,0,0,977033.9000,-0.184994,0.742316,-0.453439,-0.416949,0.120157,-0.347055,-0.387420,0.102752,-0.262198,0.191409,0.581049
2022,1,SC,0.500000,0.866025,1017.2000,0,0,967031.3200,-0.385306,0.714710,-0.453439,0.240928,0.431975,-0.074031,0.265698,0.290451,0.034688,0.381968,0.581049
2022,2,SC,0.866025,0.500000,1017.2000,0,0,967031.3200,-0.245930,0.731274,-0.453439,0.173678,0.463157,-0.183241,0.189549,0.290451,-0.247354,-0.054474,0.140241
2022,3,SC,1.000000,6.123234e-17,1017.2000,0,0,967031.3200,0.310923,0.756513,-0.453439,-0.197657,0.650247,-0.310652,-0.164833,0.509432,-1.420054,0.019291,0.972879
2022,4,SC,0.866025,-0.500000,1525.8000,0,0,1450546.9800,-0.381416,0.821451,-0.453439,-0.937403,-0.316388,-0.874903,-0.902886,-0.397776,-1.479431,-0.374121,0.776964
2022,5,SC,0.500000,-0.866025,4068.8000,1,0,3868125.2800,-0.059881,0.851423,-0.453439,-1.890594,-1.002388,-1.821389,-1.872312,-0.960871,-1.909916,-0.281915,0.189219
2022,6,SC,1.2246468e-16,-1.000000,7629.0000,1,0,7252734.9000,-0.118872,0.886127,-0.453439,-2.504612,-1.501297,-2.494850,-2.466855,-1.586531,-1.895072,-0.712210,0.042283
2022,7,SC,-0.500000,-0.866025,10172.0000,1,1,9670313.2000,-0.378823,0.872455,-0.453439,-1.884746,-1.376570,-1.748582,-1.854740,-1.367550,-1.405210,-0.447886,1.070836
2022,8,SC,-0.866025,-0.500000,10172.0000,1,1,9670313.2000,0.263600,0.939234,-0.453439,-2.288244,-1.626024,-2.149019,-2.264769,-1.680380,-1.761473,-0.103650,0.825943
2022,9,SC,-1.000000,-1.8369702e-16,7629.0000,1,0,7252734.9000,-0.136375,0.897957,-0.453439,-2.106962,-0.877661,-2.130817,-2.086113,-1.054720,-1.924761,-0.005297,0.825943
2022,10,SC,-0.866025,0.500000,4068.8000,1,0,3868125.2800,0.192291,0.802259,-0.453439,-1.317510,-0.472297,-1.056920,-1.283627,-0.522908,-0.722372,0.105350,0.874921
2022,11,SC,-0.500000,0.866025,1525.8000,0,0,1450546.9800,0.054861,0.840118,-0.453439,-1.042664,-0.254025,-1.166130,-1.034681,-0.397776,-1.286455,0.529497,0.679006
2022,12,SC,-2.4492936e-16,1.000000,1017.2000,0,0,967031.3200,1.016226,0.720232,-0.453439,-0.361395,0.088975,-0.529072,-0.334702,0.290451,-0.603617,-0.318798,0.972879
2023,1,SC,0.500000,0.866025,868.9000,0,0,877071.7800,-0.146099,0.725753,-0.453439,0.194145,0.276066,-0.237845,0.212980,0.259168,0.049532,-0.232739,1.070836
2023,2,SC,0.866025,0.500000,868.9000,0,0,877071.7800,0.506696,0.720757,-0.453439,0.047950,0.369611,-0.365257,0.066541,0.384300,-0.573929,-0.644592,0.189219
2023,3,SC,1.000000,6.123234e-17,868.9000,0,0,877071.7800,0.043841,0.777546,-0.453439,0.170754,0.400793,0.144389,0.189549,0.290451,-0.009845,-0.994975,0.042283
2023,4,SC,0.866025,-0.500000,1303.3500,0,0,1315607.6700,-0.143506,0.814353,-0.453439,-0.902316,-0.441116,-1.293541,-0.876527,-0.554191,-1.316144,-1.419122,0.776964
2023,5,SC,0.500000,-0.866025,3475.6000,1,0,3508287.1200,-0.330204,0.889019,-0.453439,-1.250260,-0.347570,-1.238936,-1.230909,-0.429059,-0.900504,-1.197828,-0.349547
2023,6,SC,1.2246468e-16,-1.000000,6516.7500,1,0,6578038.3500,-0.107203,0.905845,-0.453439,-1.852583,-1.158297,-1.930599,-1.863526,-1.336267,-1.405210,-0.810563,-0.006696
2023,7,SC,-0.500000,-0.866025,8689.0000,1,0,8770717.8000,-0.130541,0.932924,-0.453439,-2.033865,-1.158297,-1.657574,-1.995321,-1.367550,-1.167701,-0.896622,0.727985
2023,8,SC,-0.866025,-0.500000,8689.0000,1,0,8770717.8000,-0.090997,0.860099,-0.453439,-1.887670,-1.189479,-1.930599,-1.872312,-1.148569,-1.791162,-0.380268,0.679006
2023,9,SC,-1.000000,-1.8369702e-16,6516.7500,1,0,6578038.3500,0.203960,0.807517,-0.453439,-1.299967,-0.503479,-1.548364,-1.260197,-0.397776,-1.598186,-0.300356,0.630028
2023,10,SC,-0.866025,0.500000,3475.6000,1,0,3508287.1200,0.878148,0.783329,-0.453439,-1.466629,-0.409934,-0.747492,-1.397850,-0.397776,-0.603617,-0.644592,-0.104653
2023,11,SC,-0.500000,0.866025,1303.3500,0,0,1315607.6700,0.850921,0.735743,-0.453439,-0.744426,0.182520,-1.184331,-0.706657,0.102752,-1.568497,-0.712210,0.287177
2023,12,SC,-2.4492936e-16,1.000000,868.9000,0,0,877071.7800,-0.277695,0.741527,-0.453439,0.074265,0.431975,-0.074031,0.107544,0.259168,-0.202821,-0.533945,-0.006696
2003,2,CE,0.866025,0.500000,229.1200,0,0,49534.4200,0.116445,0.640570,0.172343,0.357884,0.743793,0.544825,0.397493,0.603281,1.103478,-0.386415,-0.496483
2003,3,CE,1.000000,6.123234e-17,229.1200,0,0,49534.4200,1.249599,0.623481,3.068734,0.325721,0.774974,0.453817,0.371134,0.759696,1.073789,-0.509357,0.091262
2003,4,CE,0.866025,-0.500000,343.6800,0,0,74301.6300,1.180884,0.635575,-0.043971,0.387123,0.743793,0.690439,0.423852,0.759696,0.776903,-0.417151,-0.153632
2003,5,CE,0.500000,-0.866025,916.4800,0,0,198137.6800,0.407351,0.655293,-0.174067,0.577176,0.650247,0.690439,0.582006,0.665847,0.925346,0.056173,0.385134
2003,6,CE,1.2246468e-16,-1.000000,1718.4000,0,0,371508.1500,-0.092261,0.658185,-0.194836,0.974826,0.400793,0.945262,0.965676,0.509432,0.539394,1.457704,-0.055674
2003,7,CE,-0.500000,-0.866025,2291.2000,0,0,495344.2000,-0.466532,0.696570,-0.206016,1.106401,0.088975,1.254690,1.050611,0.040186,0.361263,2.195352,0.532070
2003,8,CE,-0.866025,-0.500000,2291.2000,0,0,495344.2000,-0.413181,0.707086,-0.089025,0.840327,0.463157,0.745044,0.804593,0.353017,0.123754,1.912587,0.581049
2003,9,CE,-1.000000,-1.8369702e-16,1718.4000,0,0,371508.1500,-0.445594,0.682110,-0.214264,0.656121,0.026611,0.654035,0.678656,-0.084946,0.079221,1.881851,0.630028
2003,10,CE,-0.866025,0.500000,916.4800,0,0,198137.6800,-0.462448,0.639782,-0.125920,0.778925,0.088975,0.817850,0.810451,-0.053663,0.361263,2.219940,1.021857
2003,11,CE,-0.500000,0.866025,343.6800,0,0,74301.6300,-0.412533,0.613491,-0.041717,0.837403,0.213702,0.745044,0.863169,0.321734,0.405795,1.666704,0.825943
2003,12,CE,-2.4492936e-16,1.000000,229.1200,0,0,49534.4200,-0.348355,0.630317,-0.082792,0.784773,0.494338,1.036270,0.854383,0.509432,0.747214,0.947498,0.630028
2004,1,CE,0.500000,0.866025,304.0000,0,0,63334.3800,1.073273,0.603237,0.421457,0.527470,0.712611,0.635834,0.582006,0.665847,0.880813,-0.011444,0.140241
2004,2,CE,0.866025,0.500000,304.0000,0,0,63334.3800,0.781233,0.618749,1.458688,0.401742,0.806156,0.635834,0.426781,0.759696,0.687837,-0.251180,0.385134
2004,3,CE,1.000000,6.123234e-17,304.0000,0,0,63334.3800,1.138747,0.601923,-0.008912,0.568404,0.650247,0.708640,0.596650,0.634564,0.969879,0.056173,0.238198
2004,4,CE,0.866025,-0.500000,456.0000,0,0,95001.5700,-0.127948,0.615857,-0.092459,0.629806,0.650247,0.690439,0.661083,0.634564,0.821436,0.000850,0.042283
2004,5,CE,0.500000,-0.866025,1216.0000,0,0,253337.5200,-0.346410,0.649772,1.010493,0.711675,0.463157,0.799649,0.696229,0.540715,0.821436,0.332791,0.287177
2004,6,CE,1.2246468e-16,-1.000000,2280.0000,0,0,475007.8500,0.033468,0.703143,0.072653,0.545013,0.307248,0.635834,0.543932,0.321734,0.138598,0.886027,0.483092
2004,7,CE,-0.500000,-0.866025,3040.0000,1,0,633343.8000,-0.077708,0.680007,-0.039890,0.732143,0.213702,0.654035,0.716730,0.259168,0.390951,1.562204,0.238198
2004,8,CE,-0.866025,-0.500000,3040.0000,1,0,633343.8000,-0.440732,0.714973,-0.076239,0.761382,-0.004570,0.635834,0.737232,0.008903,0.287041,1.967910,0.385134
2004,9,CE,-1.000000,-1.8369702e-16,2280.0000,0,0,475007.8500,-0.397623,0.675274,-0.235843,0.600567,-0.004570,0.563027,0.628867,-0.022380,0.019843,1.887998,0.776964
2004,10,CE,-0.866025,0.500000,1216.0000,0,0,253337.5200,-0.466986,0.643988,-0.149182,0.694132,0.213702,0.745044,0.719659,0.040186,0.450328,1.949469,0.630028
2004,11,CE,-0.500000,0.866025,456.0000,0,0,95001.5700,-0.470876,0.624270,-0.081326,0.767229,0.026611,0.781447,0.792878,0.102752,0.242508,1.715881,1.021857
2004,12,CE,-2.4492936e-16,1.000000,304.0000,0,0,63334.3800,-0.391788,0.620064,-0.090571,0.808164,0.400793,0.690439,0.845596,0.509432,0.628460,1.267145,0.336155
2005,1,CE,0.500000,0.866025,132.7400,0,0,27968.2600,-0.443325,0.602186,0.070033,0.919272,0.369611,0.872455,0.956890,0.446866,0.598771,0.750792,0.434113
2005,2,CE,0.866025,0.500000,132.7400,0,0,27968.2600,-0.152257,0.591932,3.086177,1.001141,0.743793,0.854254,1.033038,0.853545,0.851125,0.867586,0.336155
2005,3,CE,1.000000,6.123234e-17,132.7400,0,0,27968.2600,0.120983,0.622956,3.493634,0.802316,0.774974,0.708640,0.839739,0.884828,0.197975,0.074614,0.336155
2005,4,CE,0.866025,-0.500000,199.1100,0,0,41952.3900,0.160527,0.615594,1.037329,0.790620,0.837338,0.708640,0.822166,0.759696,0.851125,0.252879,0.630028
2005,5,CE,0.500000,-0.866025,530.9600,0,0,111873.0400,0.481414,0.633209,3.364837,0.626882,0.619065,0.745044,0.640582,0.759696,0.999568,0.449585,0.189219
2005,6,CE,1.2246468e-16,-1.000000,995.5500,0,0,209761.9500,0.024393,0.670542,0.069104,0.302330,0.400793,0.417414,0.338917,0.321734,0.717526,0.246732,0.679006
2005,7,CE,-0.500000,-0.866025,1327.4000,0,0,279682.6000,-0.316590,0.711556,0.338192,0.360807,0.276066,0.544825,0.388707,0.227885,0.257352,0.597115,0.238198
2005,8,CE,-0.866025,-0.500000,1327.4000,0,0,279682.6000,-0.428091,0.698936,0.426834,0.515774,-0.098116,0.435616,0.535146,-0.241361,0.138598,1.722028,0.825943
2005,9,CE,-1.000000,-1.8369702e-16,995.5500,0,0,209761.9500,-0.471524,0.688420,0.400803,0.600567,-0.129298,0.563027,0.623009,-0.303927,0.034688,1.777351,0.825943
2005,10,CE,-0.866025,0.500000,530.9600,0,0,111873.0400,-0.473469,0.656608,0.374767,0.714599,-0.191661,0.690439,0.746018,-0.335210,0.435484,2.078557,0.923900
2005,11,CE,-0.500000,0.866025,199.1100,0,0,41952.3900,-0.473469,0.609810,0.348736,0.872490,0.088975,0.745044,0.907101,-0.084946,0.227664,1.826528,1.021857
2005,12,CE,-2.4492936e-16,1.000000,132.7400,0,0,27968.2600,-0.429582,0.554862,0.322705,0.776001,0.057793,1.200085,0.848525,-0.022380,0.791747,0.357379,0.287177
2006,1,CE,0.500000,0.866025,270.1600,0,0,60904.7200,-0.289526,0.587989,0.296248,0.708751,-0.166716,1.518614,0.705015,-0.300799,1.299423,0.222144,-1.686666
2006,2,CE,0.866025,0.500000,270.1600,0,0,60904.7200,-0.184929,0.626636,0.271073,0.711675,-0.291443,1.513153,0.608365,-0.410289,1.243014,0.302056,-1.593606
2006,3,CE,1.000000,6.123234e-17,270.1600,0,0,60904.7200,-0.017938,0.665021,0.245894,0.717523,-0.403697,1.507693,0.514644,-0.510395,1.179184,0.381968,-1.490751
2006,4,CE,0.866025,-0.500000,405.2400,0,0,91357.0800,0.103156,0.704720,0.219863,0.720447,-0.528425,1.502232,0.415066,-0.623014,1.116838,0.461880,-1.392793
2006,5,CE,0.500000,-0.866025,1080.6400,0,0,243618.8800,0.262887,0.744682,0.193832,0.726295,-0.650034,1.496772,0.318416,-0.729376,1.053007,0.541791,-1.289938
2006,6,CE,1.2246468e-16,-1.000000,2026.2000,0,0,456785.4000,0.374906,0.784381,0.167801,0.729219,-0.774761,1.491311,0.218837,-0.841995,0.992146,0.621703,-1.191981
2006,7,CE,-0.500000,-0.866025,2701.6000,1,0,609047.2000,-0.255265,0.713922,0.141770,0.387123,0.244884,0.362809,0.341846,0.196602,0.524550,0.474174,0.434113
2006,8,CE,-0.866025,-0.500000,2701.6000,1,0,609047.2000,-0.417070,0.691049,0.115313,0.480687,-0.004570,0.490221,0.502929,-0.053663,-0.024689,1.260998,0.581049
2006,9,CE,-1.000000,-1.8369702e-16,2026.2000,0,0,456785.4000,-0.436518,0.688420,0.089277,0.676588,0.244884,0.708640,0.702086,0.134035,0.064376,1.740469,0.825943
2006,10,CE,-0.866025,0.500000,1080.6400,0,0,243618.8800,-0.455966,0.640570,0.063246,0.764305,0.182520,0.708640,0.792878,0.040186,0.524550,1.715881,0.679006
2006,11,CE,-0.500000,0.866025,405.2400,0,0,91357.0800,-0.450131,0.614542,0.037215,0.808164,0.120157,0.763245,0.833881,0.165319,0.390951,1.469998,1.021857
2006,12,CE,-2.4492936e-16,1.000000,270.1600,0,0,60904.7200,-0.459207,0.641622,0.011184,0.884185,0.151339,0.672237,0.921745,0.196602,0.480017,1.082733,0.336155
2007,1,CE,0.500000,0.866025,455.9800,0,0,107401.3400,-0.363265,0.627951,-0.015273,0.945587,0.431975,0.781447,0.986178,0.384300,0.687837,0.959792,0.630028
2007,2,CE,0.866025,0.500000,455.9800,0,0,107401.3400,0.414644,0.630580,-0.040452,0.600567,0.525520,0.617632,0.640582,0.540715,0.999568,-0.128239,0.091262
2007,3,CE,1.000000,6.123234e-17,455.9800,0,0,107401.3400,0.374452,0.610862,-0.065627,0.574252,0.712611,0.581229,0.605436,0.697130,0.435484,0.025438,-0.006696
2007,4,CE,0.866025,-0.500000,683.9700,0,0,161102.0100,0.468449,0.626110,-0.091658,0.600567,0.743793,0.617632,0.637653,0.665847,0.821436,-0.177415,0.091262
2007,5,CE,0.500000,-0.866025,1823.9200,0,0,429605.3600,-0.010613,0.637153,-0.117689,0.609339,0.681429,0.781447,0.637653,1.072526,0.583927,0.031585,0.140241
2007,6,CE,1.2246468e-16,-1.000000,3419.8500,1,0,805510.0500,-0.292605,0.685528,-0.143720,0.428057,0.276066,0.526624,0.450211,0.446866,0.390951,0.547938,0.483092
2007,7,CE,-0.500000,-0.866025,4559.8000,1,0,1074013.4000,-0.325666,0.696307,-0.169751,0.463144,0.182520,0.526624,0.488285,0.071469,0.108909,1.033557,0.532070
2007,8,CE,-0.866025,-0.500000,4559.8000,1,0,1074013.4000,-0.472172,0.687368,-0.196213,0.480687,0.650247,0.490221,0.505858,0.790979,-0.069222,1.894146,0.679006
2007,9,CE,-1.000000,-1.8369702e-16,3419.8500,1,0,805510.0500,-0.465690,0.694204,-0.222244,0.562556,-0.035752,0.563027,0.596650,-0.210078,-0.173133,1.900293,0.679006
2007,10,CE,-0.866025,0.500000,1823.9200,0,0,429605.3600,-0.471524,0.644514,-0.248275,0.650273,0.057793,0.726842,0.690371,-0.053663,0.183131,2.090852,0.923900
2007,11,CE,-0.500000,0.866025,683.9700,0,0,161102.0100,-0.461152,0.609810,-0.274306,0.740914,0.120157,0.945262,0.798736,0.134035,0.509706,1.476145,0.727985
2007,12,CE,-2.4492936e-16,1.000000,455.9800,0,0,107401.3400,-0.476062,0.583256,-0.300337,0.463144,-0.213489,1.271071,0.541003,-0.397776,1.248952,-0.060621,-1.608300
2008,1,CE,0.500000,0.866025,303.3800,0,0,76146.6000,-0.476062,0.556177,-0.326794,0.632730,-0.045107,1.382101,0.719659,-0.206950,1.330596,0.240585,-1.466261
2008,2,CE,0.866025,0.500000,303.3800,0,0,76146.6000,-0.476062,0.530149,-0.352399,0.793544,0.117039,1.493131,0.892457,-0.028636,1.412239,0.523350,-1.334019
2008,3,CE,1.000000,6.123234e-17,303.3800,0,0,76146.6000,0.530033,0.605604,-0.378004,0.401742,0.369611,0.563027,0.441425,0.321734,0.880813,-0.847445,-0.153632
2008,4,CE,0.866025,-0.500000,455.0700,0,0,114219.9000,0.359509,0.578261,-0.404035,1.021608,0.400793,0.745044,1.044754,0.353017,1.133166,0.037732,-0.888313
2008,5,CE,0.500000,-0.866025,1213.5200,0,0,304586.4000,2.688147,0.598768,-0.430066,0.816936,-0.007689,1.511333,0.918816,0.012032,1.415208,0.320497,-1.431976
2008,6,CE,1.2246468e-16,-1.000000,2275.3500,0,0,571099.5000,0.537132,0.655030,-0.338161,0.030407,0.120157,0.563027,-0.024252,-0.053663,0.999568,-0.460180,-0.594440
2008,7,CE,-0.500000,-0.866025,3033.8000,1,0,761466.0000,-0.476062,0.657134,-0.336827,0.056722,-0.372516,1.012608,-0.071112,-0.547935,1.171762,-0.527798,-1.534832
2008,8,CE,-0.866025,-0.500000,3033.8000,1,0,761466.0000,-0.476062,0.646880,-0.349753,0.305253,-0.406816,1.198265,0.183692,-0.582346,1.133166,-0.183562,-1.422181
2008,9,CE,-1.000000,-1.8369702e-16,2275.3500,0,0,571099.5000,-0.476062,0.636627,-0.362471,0.550861,-0.444234,1.383922,0.432638,-0.619885,1.096056,0.148379,-1.314427
2008,10,CE,-0.866025,0.500000,1213.5200,0,0,304586.4000,-0.476062,0.626373,-0.375184,0.796468,-0.478534,1.562298,0.684513,-0.654297,1.057460,0.486468,-1.201776
2008,11,CE,-0.500000,0.866025,455.0700,0,0,114219.9000,-0.476062,0.616383,-0.387901,1.042076,-0.512834,1.747955,0.933460,-0.688708,1.018865,0.824556,-1.094023
2008,12,CE,-2.4492936e-16,1.000000,303.3800,0,0,76146.6000,-0.462448,0.595087,-0.219790,1.085934,0.026611,0.854254,1.053540,0.384300,0.658149,1.162645,0.042283
2009,1,CE,0.500000,0.866025,79.8200,0,0,19388.6600,0.078846,0.623744,-0.087074,0.740914,0.494338,0.599430,0.784092,0.571998,0.583927,0.357379,-0.006696
2009,2,CE,0.866025,0.500000,79.8200,0,0,19388.6600,0.535220,0.602449,-0.118839,0.539165,0.619065,0.563027,0.582006,0.571998,0.480017,-0.189709,0.091262
2009,3,CE,1.000000,6.123234e-17,79.8200,0,0,19388.6600,1.118651,0.601134,-0.177352,0.352036,0.837338,0.708640,0.391635,0.665847,0.732370,-1.013416,-0.153632
2009,4,CE,0.866025,-0.500000,119.7300,0,0,29082.9900,1.313776,0.630843,-0.213506,0.290634,0.525520,0.654035,0.335989,0.571998,1.148011,-1.160946,-0.251589
2009,5,CE,0.500000,-0.866025,319.2800,0,0,77554.6400,0.500214,0.636101,-0.228119,0.273091,0.525520,0.635834,0.321345,0.571998,0.999568,-1.148651,-0.741376
2009,6,CE,1.2246468e-16,-1.000000,598.6500,0,0,145414.9500,0.308329,0.672382,-0.163361,0.319873,0.463157,0.526624,0.356490,0.540715,0.658149,-0.208151,0.679006
2009,7,CE,-0.500000,-0.866025,798.2000,0,0,193886.6000,0.185161,0.691575,-0.113590,0.276014,0.151339,0.508422,0.303772,0.478149,0.554238,0.295909,0.140241
2009,8,CE,-0.866025,-0.500000,798.2000,0,0,193886.6000,-0.343169,0.685002,-0.069917,0.407590,0.276066,0.435616,0.432638,0.134035,0.242508,0.898321,0.091262
2009,9,CE,-1.000000,-1.8369702e-16,598.6500,0,0,145414.9500,-0.462448,0.692889,-0.045722,0.647349,0.057793,0.563027,0.684513,0.102752,0.331574,1.814234,0.385134
2009,10,CE,-0.866025,0.500000,319.2800,0,0,77554.6400,-0.451428,0.638467,-0.024352,0.659045,0.213702,0.654035,0.681585,0.227885,0.346418,1.211821,0.287177
2009,11,CE,-0.500000,0.866025,119.7300,0,0,29082.9900,-0.454669,0.618749,-0.033128,0.814012,0.182520,0.836052,0.848525,0.102752,0.465173,1.875704,0.434113
2009,12,CE,-2.4492936e-16,1.000000,79.8200,0,0,19388.6600,-0.431008,0.623218,-0.085186,0.890033,0.431975,0.799649,0.939317,0.446866,0.806592,1.125762,0.140241
2010,1,CE,0.500000,0.866025,757.0600,0,0,198227.7600,-0.270240,0.624533,-0.062287,0.869566,0.587884,0.745044,0.892457,0.540715,0.049532,0.412703,0.042283
2010,2,CE,0.866025,0.500000,757.0600,0,0,198227.7600,-0.238151,0.601397,-0.060101,1.071315,0.712611,0.836052,1.115044,0.759696,0.955035,1.150351,0.581049
2010,3,CE,1.000000,6.123234e-17,757.0600,0,0,198227.7600,-0.347059,0.610336,-0.142710,0.857870,0.774974,0.981665,0.933460,0.853545,0.762059,-0.417151,0.091262
2010,4,CE,0.866025,-0.500000,1135.5900,0,0,297341.6400,-0.476062,0.616383,-0.206864,0.428057,0.194993,1.367540,0.564433,0.080854,1.363253,-1.456005,-1.897274
2010,5,CE,0.500000,-0.866025,3028.2400,1,0,792911.0400,-0.476062,0.643725,0.033943,0.585948,-0.107470,1.473110,0.696229,-0.235104,1.189575,-0.349533,-1.510342
2010,6,CE,1.2246468e-16,-1.000000,5677.9500,1,0,1486708.2000,-0.476062,0.671331,0.274750,0.743838,-0.422407,1.582320,0.828024,-0.560448,1.021834,0.750792,-1.138104
2010,7,CE,-0.500000,-0.866025,7570.6000,1,0,1982277.6000,-0.476062,0.698673,0.515557,0.901729,-0.724870,1.689709,0.959819,-0.876406,0.848156,1.857263,-0.756070
2010,8,CE,-0.866025,-0.500000,7570.6000,1,0,1982277.6000,-0.476062,0.726541,0.760309,1.062543,-1.036688,1.798919,1.094543,-1.201750,0.674477,2.982176,-0.369138
2010,9,CE,-1.000000,-1.8369702e-16,5677.9500,1,0,1486708.2000,-0.476062,0.668439,0.205859,0.822783,0.120157,0.635834,0.804593,4.513660,-1.019258,2.416646,0.532070
2010,10,CE,-0.866025,0.500000,3028.2400,1,0,792911.0400,-0.476062,0.653716,-0.016981,0.872490,-0.771643,1.456728,0.989107,-0.841995,0.960972,1.445410,0.385134
2010,11,CE,-0.500000,0.866025,1135.5900,0,0,297341.6400,-0.476062,0.637415,-0.018928,1.384172,-0.409934,1.491311,1.434281,-0.585474,0.836280,2.232234,-0.251589
2010,12,CE,-2.4492936e-16,1.000000,757.0600,0,0,198227.7600,-0.060853,0.570637,-0.094823,0.846175,0.431975,0.745044,0.892457,0.509432,0.480017,0.898321,0.042283
2011,1,CE,0.500000,0.866025,137.2200,0,0,35914.5200,2.316954,0.577472,-0.114945,0.430981,0.681429,0.508422,0.456069,0.634564,0.628460,-0.048327,-0.202610
2011,2,CE,0.866025,0.500000,137.2200,0,0,35914.5200,0.638941,0.599294,-0.223334,0.460220,0.619065,0.726842,0.511715,0.665847,0.910502,-0.312651,-0.153632
2011,3,CE,1.000000,6.123234e-17,137.2200,0,0,35914.5200,-0.466338,0.599557,-0.170897,0.501155,0.743793,0.599430,0.526359,1.009960,0.984723,-0.583121,-0.349547
2011,4,CE,0.866025,-0.500000,205.8300,0,0,53871.7800,-0.019365,0.612439,-0.153583,0.547937,0.712611,0.726842,0.558576,0.697130,0.762059,-0.527798,-0.202610
2011,5,CE,0.500000,-0.866025,548.8800,0,0,143658.0800,-0.127299,0.623481,-0.206165,0.527470,0.868520,0.763245,0.555647,0.978677,0.658149,-0.331092,-0.202610
2011,6,CE,1.2246468e-16,-1.000000,1029.1500,0,0,269358.9000,-0.131189,0.666072,-0.196587,0.436829,0.463157,0.417414,0.467784,0.384300,0.583927,0.080762,0.042283
2011,7,CE,-0.500000,-0.866025,1372.2000,0,0,359145.2000,-0.178512,0.675011,-0.183406,0.337416,0.244884,0.399212,0.371134,0.227885,0.480017,0.283615,0.042283
2011,8,CE,-0.866025,-0.500000,1372.2000,0,0,359145.2000,-0.415774,0.694467,-0.129051,0.521622,0.088975,0.453817,0.543932,-0.022380,0.094065,1.199527,0.434113
2011,9,CE,-1.000000,-1.8369702e-16,1029.1500,0,0,269358.9000,-0.476062,0.692100,-0.093831,0.629806,-0.098116,0.599430,0.655226,-0.241361,0.108909,1.703587,0.385134
2011,10,CE,-0.866025,0.500000,548.8800,0,0,143658.0800,-0.383361,0.618486,-0.119419,0.720447,0.307248,0.745044,0.757733,0.384300,0.346418,1.642116,0.727985
2011,11,CE,-0.500000,0.866025,205.8300,0,0,53871.7800,-0.427118,0.621641,-0.080278,0.825707,0.338429,0.927060,0.798736,0.227885,0.672993,1.599086,0.287177
2011,12,CE,-2.4492936e-16,1.000000,137.2200,0,0,35914.5200,-0.455966,0.623481,-0.050204,0.954359,0.276066,1.145480,0.901243,0.353017,0.569083,1.672851,0.140241
2012,1,CE,0.500000,0.866025,640.8800,0,0,176591.7000,-0.150312,0.626636,-0.080602,0.916348,0.307248,0.908858,0.892457,0.384300,0.613616,1.500733,0.238198
2012,2,CE,0.866025,0.500000,640.8800,0,0,176591.7000,-0.476062,0.617434,-0.128016,0.623958,0.650247,0.544825,0.608365,0.728413,0.702682,0.597115,0.727985
2012,3,CE,1.000000,6.123234e-17,640.8800,0,0,176591.7000,0.391306,0.626636,-0.161260,0.594719,1.305065,0.563027,0.623009,1.103809,0.717526,0.357379,0.189219
2012,4,CE,0.866025,-0.500000,961.3200,0,0,264887.5500,-0.006075,0.622956,-0.160459,0.705827,0.712611,0.872455,0.740160,0.790979,0.747214,0.412703,0.091262
2012,5,CE,0.500000,-0.866025,2563.5200,1,0,706366.8000,-0.047564,0.657397,-0.159449,0.682436,0.463157,0.690439,0.713801,0.446866,0.168287,0.756939,0.091262
2012,6,CE,1.2246468e-16,-1.000000,4806.6000,1,0,1324437.7500,-0.059881,0.692100,-0.178076,0.527470,0.650247,0.617632,0.555647,0.540715,0.257352,0.572527,0.140241
2012,7,CE,-0.500000,-0.866025,6408.8000,1,0,1765917.0000,-0.452724,0.688945,-0.146417,0.539165,0.120157,0.326406,0.570291,0.071469,-0.054378,1.273292,0.679006
2012,8,CE,-0.866025,-0.500000,6408.8000,1,0,1765917.0000,-0.475413,0.713659,-0.108755,0.565480,-0.004570,0.490221,0.593721,-0.178795,-0.084067,1.795793,0.336155
2012,9,CE,-1.000000,-1.8369702e-16,4806.6000,1,0,1324437.7500,-0.471524,0.713659,-0.091892,0.635654,-0.035752,0.508422,0.664012,-0.116229,-0.113755,1.998646,0.581049
2012,10,CE,-0.866025,0.500000,2563.5200,1,0,706366.8000,-0.439111,0.648195,-0.081782,0.708751,0.057793,0.726842,0.734303,0.165319,0.049532,2.428940,0.581049
2012,11,CE,-0.500000,0.866025,961.3200,0,0,264887.5500,-0.461152,0.624270,-0.090806,0.814012,-0.004570,0.654035,0.836810,-0.022380,0.435484,1.402380,0.385134
2012,12,CE,-2.4492936e-16,1.000000,640.8800,0,0,176591.7000,-0.423553,0.609547,-0.116739,0.925120,0.338429,0.908858,0.953961,0.446866,0.643304,1.513028,0.238198
2013,1,CE,0.500000,0.866025,467.5800,0,0,135960.2200,-0.325666,0.633209,-0.119917,0.904653,0.681429,0.799649,0.942246,0.822262,0.747214,1.088880,0.238198
2013,2,CE,0.866025,0.500000,467.5800,0,0,135960.2200,-0.142858,0.606129,-0.116965,0.957283,0.806156,0.908858,0.994964,1.009960,0.613616,1.365498,0.336155
2013,3,CE,1.000000,6.123234e-17,467.5800,0,0,135960.2200,-0.251765,0.621115,-0.117855,1.027456,1.117974,1.018068,1.065255,1.009960,0.376107,0.984380,0.434113
2013,4,CE,0.866025,-0.500000,701.3700,0,0,203940.3300,0.093756,0.634261,-0.170765,0.752610,1.367429,0.672237,0.778234,1.604338,0.806592,-0.251180,-0.055674
2013,5,CE,0.500000,-0.866025,1870.3200,0,0,543840.8800,-0.044322,0.650298,-0.181783,0.685360,1.024429,0.672237,0.719659,1.416640,0.672993,0.099203,-0.006696
2013,6,CE,1.2246468e-16,-1.000000,3506.8500,1,0,1019701.6500,0.251931,0.675274,-0.193004,0.451448,0.899702,0.526624,0.482428,1.103809,0.583927,0.013144,0.091262
2013,7,CE,-0.500000,-0.866025,4675.8000,1,0,1359602.2000,-0.188884,0.700776,-0.163693,0.407590,0.806156,0.435616,0.438496,0.697130,0.123754,0.351232,-0.055674
2013,8,CE,-0.866025,-0.500000,4675.8000,1,0,1359602.2000,-0.431332,0.679218,-0.123049,0.647349,0.244884,0.708640,0.681585,0.196602,0.079221,1.746616,0.434113
2013,9,CE,-1.000000,-1.8369702e-16,3506.8500,1,0,1019701.6500,-0.439759,0.681321,-0.094257,0.711675,0.182520,0.708640,0.743089,0.102752,0.064376,2.324440,0.581049
2013,10,CE,-0.866025,0.500000,1870.3200,0,0,543840.8800,-0.439111,0.662655,-0.080410,0.814012,0.213702,0.726842,0.833881,0.259168,0.242508,2.133881,0.532070
2013,11,CE,-0.500000,0.866025,701.3700,0,0,203940.3300,-0.432628,0.613754,-0.113339,0.825707,0.120157,0.854254,0.857312,0.165319,0.509706,2.060116,0.385134
2013,12,CE,-2.4492936e-16,1.000000,467.5800,0,0,135960.2200,-0.437815,0.627688,-0.112146,0.904653,0.556702,0.872455,0.933460,0.384300,0.287041,1.457704,0.238198
2014,1,CE,0.500000,0.866025,476.4800,0,0,142380.8000,-0.242041,0.636364,-0.137640,0.825707,1.180338,0.890657,0.857312,1.072526,0.643304,1.248704,0.189219
2014,2,CE,0.866025,0.500000,476.4800,0,0,142380.8000,-0.033302,0.610336,-0.142425,0.705827,1.554519,0.526624,0.743089,1.666904,0.658149,0.560233,0.091262
2014,3,CE,1.000000,6.123234e-17,476.4800,0,0,142380.8000,-0.015151,0.630317,-0.150775,0.697056,1.648065,0.672237,0.719659,1.541772,0.851125,0.068467,-0.202610
2014,4,CE,0.866025,-0.500000,714.7200,0,0,213571.2000,0.418533,0.636101,-0.203195,0.603491,1.959883,0.726842,0.628867,2.167432,-1.031133,-0.558533,-0.447504
2014,5,CE,0.500000,-0.866025,1905.9200,0,0,569523.2000,0.366673,0.640833,-0.215925,0.547937,2.489973,0.726842,0.576149,2.480263,-1.924761,-0.595416,-0.447504
2014,6,CE,1.2246468e-16,-1.000000,3573.6000,1,0,1067856.0000,-0.286122,0.674486,-0.183704,0.650273,0.182520,0.635834,0.681585,0.165319,-0.009845,0.572527,-0.055674
2014,7,CE,-0.500000,-0.866025,4764.8000,1,0,1423808.0000,-0.356782,0.732325,-0.160370,0.509926,0.057793,0.526624,0.532217,0.008903,-0.054378,0.916762,0.483092
2014,8,CE,-0.866025,-0.500000,4764.8000,1,0,1423808.0000,-0.468283,0.710504,-0.122980,0.612263,-0.191661,0.508422,0.634724,-0.366493,-0.232510,1.857263,0.581049
2014,9,CE,-1.000000,-1.8369702e-16,3573.6000,1,0,1067856.0000,-0.448835,0.695255,-0.112887,0.685360,-0.160479,0.617632,0.707944,-0.147512,0.183131,1.986352,0.483092
2014,10,CE,-0.866025,0.500000,1905.9200,0,0,569523.2000,-0.459207,0.665810,-0.084113,0.811088,-0.066934,0.617632,0.833881,-0.053663,-0.024689,2.299852,0.727985
2014,11,CE,-0.500000,0.866025,714.7200,0,0,213571.2000,-0.414477,0.640307,-0.106101,0.781849,0.088975,0.836052,0.807522,0.290451,0.197975,1.611381,0.385134
2014,12,CE,-2.4492936e-16,1.000000,476.4800,0,0,142380.8000,-0.305570,0.646354,-0.122035,0.825707,0.431975,0.854254,0.854383,0.227885,0.524550,1.648263,0.434113
2015,1,CE,0.500000,0.866025,200.8800,0,0,60803.8200,-0.232965,0.662918,-0.121804,0.749686,0.369611,0.635834,0.789950,0.165319,0.390951,1.162645,0.091262
2015,2,CE,0.866025,0.500000,200.8800,0,0,60803.8200,0.003000,0.642148,-0.167037,0.764305,0.494338,0.490221,0.804593,0.571998,0.598771,0.609409,0.336155
2015,3,CE,1.000000,6.123234e-17,200.8800,0,0,60803.8200,0.753682,0.634524,-0.177130,0.562556,0.556702,0.708640,0.593721,0.571998,0.643304,-0.214298,0.532070
2015,4,CE,0.866025,-0.500000,301.3200,0,0,91205.7300,0.499565,0.642674,-0.198747,0.562556,0.525520,0.708640,0.587864,0.634564,0.732370,-0.484768,-0.104653
2015,5,CE,0.500000,-0.866025,803.5200,0,0,243215.2800,-0.195366,0.658185,-0.160664,0.825707,0.556702,0.854254,0.851454,0.478149,0.643304,0.566380,-0.055674
2015,6,CE,1.2246468e-16,-1.000000,1506.6000,0,0,456028.6500,-0.232317,0.703405,-0.174450,0.577176,0.431975,0.526624,0.605436,0.353017,0.287041,0.578674,-0.006696
2015,7,CE,-0.500000,-0.866025,2008.8000,0,0,608038.2000,0.028931,0.706823,-0.180219,0.442677,0.307248,0.472019,0.476570,0.384300,0.480017,1.082733,0.091262
2015,8,CE,-0.866025,-0.500000,2008.8000,0,0,608038.2000,-0.434573,0.702354,-0.121093,0.533317,-0.129298,0.526624,0.561505,-0.053663,0.094065,1.820381,0.385134
2015,9,CE,-1.000000,-1.8369702e-16,1506.6000,0,0,456028.6500,-0.417719,0.694467,-0.113590,0.638578,0.088975,0.763245,0.666941,0.134035,0.079221,2.060116,0.385134
2015,10,CE,-0.866025,0.500000,803.5200,0,0,243215.2800,-0.472172,0.682110,-0.097320,0.737990,-0.160479,0.817850,0.760662,0.071469,0.138598,2.004793,0.581049
2015,11,CE,-0.500000,0.866025,301.3200,0,0,91205.7300,-0.468931,0.640307,-0.091658,0.849098,-0.035752,0.817850,0.863169,-0.178795,0.079221,1.347057,0.483092
2015,12,CE,-2.4492936e-16,1.000000,200.8800,0,0,60803.8200,-0.304922,0.663443,-0.115635,0.966054,0.494338,0.890657,0.994964,0.478149,0.049532,1.408527,0.238198
2016,1,CE,0.500000,0.866025,335.8400,0,0,105885.1000,-0.093655,0.644251,-0.105734,0.948511,0.556702,0.872455,0.962748,0.571998,0.687837,0.308203,-0.251589
2016,2,CE,0.866025,0.500000,335.8400,0,0,105885.1000,-0.293512,0.647669,0.281524,1.436802,0.619065,1.254690,1.328845,0.509432,0.791747,1.771204,-0.104653
2016,3,CE,1.000000,6.123234e-17,335.8400,0,0,105885.1000,0.479469,0.647932,0.007260,1.167803,0.806156,0.872455,1.161905,0.790979,0.821436,0.806115,0.091262
2016,4,CE,0.866025,-0.500000,503.7600,0,0,158827.6500,0.398761,0.629265,-0.150217,0.854946,0.993247,0.836052,0.877813,0.853545,0.569083,-1.837123,2.148368
2016,5,CE,0.500000,-0.866025,1343.3600,0,0,423540.4000,-0.097804,0.679218,-0.001239,1.042076,0.806156,0.854254,0.983249,0.853545,0.480017,-3.041947,3.519772
2016,6,CE,1.2246468e-16,-1.000000,2518.8000,1,0,794138.2500,-0.463421,0.711818,0.037914,1.141488,0.276066,0.599430,1.056469,0.321734,-0.187977,-2.777624,4.401389
2016,7,CE,-0.500000,-0.866025,3358.4000,1,0,1058851.0000,-0.456614,0.703143,-0.146391,0.702904,0.088975,0.690439,0.722588,0.290451,-0.202821,1.242557,0.189219
2016,8,CE,-0.866025,-0.500000,3358.4000,1,0,1058851.0000,-0.441056,0.707086,-0.116198,0.670741,-0.066934,0.654035,0.693300,-0.084946,-0.336420,1.642116,0.483092
2016,9,CE,-1.000000,-1.8369702e-16,2518.8000,1,0,794138.2500,-0.441056,0.697096,-0.090784,0.758458,0.088975,0.836052,0.784092,0.040186,0.079221,2.084705,0.385134
2016,10,CE,-0.866025,0.500000,1343.3600,0,0,423540.4000,-0.449483,0.642674,-0.084177,0.895881,0.213702,0.872455,0.915887,0.165319,0.138598,2.133881,0.385134
2016,11,CE,-0.500000,0.866025,503.7600,0,0,158827.6500,-0.446890,0.623218,-0.093545,0.980674,0.431975,0.927060,1.003751,0.571998,0.049532,2.066263,0.532070
2016,12,CE,-2.4492936e-16,1.000000,335.8400,0,0,105885.1000,-0.476062,0.620326,-0.133337,0.966054,0.431975,0.690439,0.994964,0.415583,0.509706,1.273292,-0.006696
2017,1,CE,0.500000,0.866025,384.4000,0,0,126680.9600,-0.120169,0.628214,-0.133691,0.805240,0.556702,0.836052,0.845596,0.571998,0.658149,0.689321,-0.055674
2017,2,CE,0.866025,0.500000,384.4000,0,0,126680.9600,0.203312,0.621641,-0.155423,0.705827,0.494338,0.690439,0.740160,0.665847,0.762059,0.234438,-0.300568
2017,3,CE,1.000000,6.123234e-17,384.4000,0,0,126680.9600,1.060308,0.624796,-0.230432,0.454372,0.774974,0.599430,0.476570,0.822262,1.014412,-0.712210,-0.447504
2017,4,CE,0.866025,-0.500000,576.6000,0,0,190021.4400,0.610417,0.627688,-0.204081,0.635654,0.650247,0.708640,0.666941,0.697130,0.509706,-0.238886,-0.300568
2017,5,CE,0.500000,-0.866025,1537.6000,0,0,506723.8400,-0.055343,0.652138,-0.191586,0.699980,0.587884,0.745044,0.728445,0.697130,0.613616,-0.011444,-0.153632
2017,6,CE,1.2246468e-16,-1.000000,2883.0000,1,0,950107.2000,-0.323721,0.674486,-0.175605,0.705827,0.525520,0.745044,0.722588,0.478149,0.450328,0.468027,-0.251589
2017,7,CE,-0.500000,-0.866025,3844.0000,1,0,1266809.6000,-0.219352,0.728119,-0.161013,0.457296,0.244884,0.453817,0.473641,0.259168,0.094065,0.670880,-0.055674
2017,8,CE,-0.866025,-0.500000,3844.0000,1,0,1266809.6000,-0.470227,0.699462,-0.110220,0.632730,-0.160479,0.599430,0.655226,-0.366493,0.049532,1.494586,0.238198
2017,9,CE,-1.000000,-1.8369702e-16,2883.0000,1,0,950107.2000,-0.451428,0.696307,-0.087427,0.714599,-0.129298,0.745044,0.734303,-0.272644,-0.173133,2.127734,0.483092
2017,10,CE,-0.866025,0.500000,1537.6000,0,0,506723.8400,-0.438139,0.649509,-0.098888,0.814012,0.525520,0.872455,0.833881,0.321734,-0.009845,2.287558,0.434113
2017,11,CE,-0.500000,0.866025,576.6000,0,0,190021.4400,-0.444297,0.625848,-0.109816,0.828631,0.182520,0.854254,0.845596,0.478149,0.465173,1.648263,0.287177
2017,12,CE,-2.4492936e-16,1.000000,384.4000,0,0,126680.9600,-0.428739,0.622693,-0.132042,0.945587,0.276066,1.018068,0.971534,0.478149,0.613616,1.377792,-0.006696
2018,1,CE,0.500000,0.866025,256.4800,0,0,86690.4600,-0.023578,0.625322,-0.153736,0.752610,0.463157,0.472019,0.784092,0.634564,0.658149,0.504909,0.140241
2018,2,CE,0.866025,0.500000,256.4800,0,0,86690.4600,0.210119,0.617697,-0.208704,0.483611,0.525520,0.654035,0.517573,0.540715,0.910502,-0.527798,-0.398525
2018,3,CE,1.000000,6.123234e-17,256.4800,0,0,86690.4600,0.415292,0.624270,-0.144201,0.735066,0.681429,0.781447,0.763591,0.947394,0.776903,-0.171268,-0.300568
2018,4,CE,0.866025,-0.500000,384.7200,0,0,130035.6900,0.146589,0.641622,-0.185915,0.512850,0.681429,0.617632,0.541003,0.822262,0.702682,-0.398710,-0.202610
2018,5,CE,0.500000,-0.866025,1025.9200,0,0,346761.8400,0.259386,0.662655,-0.187632,0.542089,0.743793,0.617632,0.567362,0.634564,0.450328,-0.251180,-0.300568
2018,6,CE,1.2246468e-16,-1.000000,1923.6000,0,0,650178.4500,-0.315618,0.704720,-0.158721,0.501155,0.400793,0.508422,0.523431,0.415583,0.257352,0.431144,-0.251589
2018,7,CE,-0.500000,-0.866025,2564.8000,1,0,866904.6000,0.153396,0.706560,-0.150848,0.436829,0.182520,0.472019,0.461926,0.134035,-0.098911,0.713909,0.042283
2018,8,CE,-0.866025,-0.500000,2564.8000,1,0,866904.6000,-0.410912,0.718917,-0.112870,0.577176,0.182520,0.654035,0.605436,0.478149,0.019843,1.377792,0.091262
2018,9,CE,-1.000000,-1.8369702e-16,1923.6000,0,0,650178.4500,-0.441704,0.663180,-0.092216,0.685360,0.213702,0.690439,0.707944,0.008903,-0.336420,2.035528,0.434113
2018,10,CE,-0.866025,0.500000,1025.9200,0,0,346761.8400,-0.453373,0.648195,-0.095450,0.819859,0.088975,0.836052,0.845596,0.446866,-0.024689,1.574498,0.140241
2018,11,CE,-0.500000,0.866025,384.7200,0,0,130035.6900,-0.409939,0.617960,-0.115797,0.992369,0.151339,1.018068,1.021323,0.102752,0.450328,1.777351,0.238198
2018,12,CE,-2.4492936e-16,1.000000,256.4800,0,0,86690.4600,0.109639,0.645566,-0.143498,0.778925,0.587884,0.672237,0.810451,0.478149,0.554238,0.498762,0.091262
2019,1,CE,0.500000,0.866025,160.2000,0,0,55703.3400,0.175761,0.654767,-0.120369,0.787697,0.774974,0.781447,0.816309,0.728413,0.480017,0.240585,-0.006696
2019,2,CE,0.866025,0.500000,160.2000,0,0,55703.3400,-0.319832,0.637678,0.209272,1.305227,0.899702,0.945262,1.240982,1.041243,0.895658,0.590968,-0.594440
2019,3,CE,1.000000,6.123234e-17,160.2000,0,0,55703.3400,-0.476062,0.666861,-0.411926,0.366655,0.029730,1.209186,0.520502,-0.094331,1.327627,-1.898593,-2.259717
2019,4,CE,0.866025,-0.500000,240.3000,0,0,83555.0100,-0.476062,0.662392,-0.395152,0.717523,0.207466,1.509513,0.860240,0.162190,1.384035,-0.392562,-1.799317
2019,5,CE,0.500000,-0.866025,640.8000,0,0,222813.3600,0.432795,0.650561,-0.269036,0.749686,0.650247,0.836052,0.807522,0.822262,0.836280,0.129938,-0.398525
2019,6,CE,1.2246468e-16,-1.000000,1201.5000,0,0,417775.0500,0.194236,0.698673,-0.188701,0.553785,0.431975,0.526624,0.576149,0.571998,0.598771,0.437291,-0.202610
2019,7,CE,-0.500000,-0.866025,1602.0000,0,0,557033.4000,-0.302977,0.704457,-0.167076,0.492383,0.431975,0.654035,0.517573,0.290451,0.316730,0.769233,-0.006696
2019,8,CE,-0.866025,-0.500000,1602.0000,0,0,557033.4000,-0.409939,0.736532,-0.129205,0.553785,-0.035752,0.581229,0.573220,-0.147512,0.183131,1.599086,0.434113
2019,9,CE,-1.000000,-1.8369702e-16,1201.5000,0,0,417775.0500,-0.431980,0.693678,-0.113676,0.676588,-0.035752,0.763245,0.702086,-0.053663,-0.084067,1.980204,0.532070
2019,10,CE,-0.866025,0.500000,640.8000,0,0,222813.3600,-0.439759,0.650561,-0.098479,0.752610,0.182520,0.563027,0.769448,0.040186,0.064376,1.758910,0.385134
2019,11,CE,-0.500000,0.866025,240.3000,0,0,83555.0100,-0.461152,0.612176,-0.093622,0.939739,0.182520,0.927060,0.953961,0.227885,0.346418,1.463851,0.483092
2019,12,CE,-2.4492936e-16,1.000000,160.2000,0,0,55703.3400,-0.278992,0.617172,-0.117842,1.004065,0.619065,0.981665,1.018394,0.603281,0.390951,1.217968,0.336155
2020,1,CE,0.500000,0.866025,152.2800,0,0,54195.6200,0.294716,0.635049,-0.453439,0.793544,0.806156,0.726842,0.822166,0.916111,0.762059,-0.152827,-0.349547
2020,2,CE,0.866025,0.500000,152.2800,0,0,54195.6200,0.532951,0.635049,-0.453439,0.621034,0.962065,0.654035,0.646439,1.009960,1.103478,-0.583121,-0.349547
2020,3,CE,1.000000,6.123234e-17,152.2800,0,0,54195.6200,0.848328,0.626636,-0.453439,0.667817,1.024429,0.726842,0.690371,1.009960,0.895658,-0.958092,-0.545461
2020,4,CE,0.866025,-0.500000,228.4200,0,0,81293.4300,0.952697,0.639256,-0.453439,0.609339,0.899702,0.690439,0.640582,0.978677,1.058945,-0.693769,-0.398525
2020,5,CE,0.500000,-0.866025,609.1200,0,0,216782.4800,0.491138,0.666072,-0.453439,0.626882,0.712611,0.617632,0.652297,0.697130,0.776903,-0.294209,-0.251589
2020,6,CE,1.2246468e-16,-1.000000,1142.1000,0,0,406467.1500,-0.159064,0.678429,-0.453439,0.466068,0.494338,0.654035,0.500000,0.822262,0.301885,0.068467,-0.300568
2020,7,CE,-0.500000,-0.866025,1522.8000,0,0,541956.2000,-0.269916,0.682373,-0.453439,0.410514,0.276066,0.490221,0.432638,0.321734,0.287041,0.523350,0.091262
2020,8,CE,-0.866025,-0.500000,1522.8000,0,0,541956.2000,-0.472820,0.685528,-0.453439,0.559633,-0.066934,0.453817,0.576149,-0.210078,-0.054378,1.500733,0.679006
2020,9,CE,-1.000000,-1.8369702e-16,1142.1000,0,0,406467.1500,-0.454669,0.681847,-0.453439,0.676588,0.088975,0.672237,0.696229,0.071469,0.019843,1.863410,0.385134
2020,10,CE,-0.866025,0.500000,609.1200,0,0,216782.4800,-0.417719,0.649772,-0.453439,0.846175,0.338429,0.672237,0.866098,0.353017,0.257352,1.482292,0.336155
2020,11,CE,-0.500000,0.866025,228.4200,0,0,81293.4300,-0.415774,0.623744,-0.453439,0.995293,0.213702,0.890657,1.018394,0.259168,0.316730,1.617528,0.385134
2020,12,CE,-2.4492936e-16,1.000000,152.2800,0,0,54195.6200,-0.387899,0.625848,-0.453439,0.986522,0.307248,1.018068,1.009608,0.321734,0.183131,1.678998,0.140241
2021,1,CE,0.500000,0.866025,167.5400,0,0,63170.0000,-0.081273,0.615331,-0.453439,0.866642,0.650247,0.908858,0.901243,0.571998,0.539394,1.015115,0.091262
2021,2,CE,0.866025,0.500000,167.5400,0,0,63170.0000,-0.256303,0.613228,-0.453439,0.852022,0.712611,0.781447,0.889528,0.665847,0.687837,0.621703,-0.006696
2021,3,CE,1.000000,6.123234e-17,167.5400,0,0,63170.0000,0.891761,0.618223,-0.453439,0.521622,0.743793,0.308204,0.546861,0.697130,0.806592,-0.275768,-0.104653
2021,4,CE,0.866025,-0.500000,251.3100,0,0,94755.0000,-0.025523,0.617960,-0.453439,0.726295,0.712611,0.745044,0.748947,0.759696,0.836280,0.056173,-0.055674
2021,5,CE,0.500000,-0.866025,670.1600,0,0,252680.0000,0.285640,0.657397,-0.453439,0.468992,0.494338,0.617632,0.497071,0.509432,0.569083,-0.257327,-0.202610
2021,6,CE,1.2246468e-16,-1.000000,1256.5500,0,0,473775.0000,-0.177215,0.675537,-0.453439,0.641502,0.587884,0.617632,0.664012,0.634564,0.361263,0.129938,-0.300568
2021,7,CE,-0.500000,-0.866025,1675.4000,0,0,631700.0000,-0.359700,0.709978,-0.453439,0.621034,0.151339,0.617632,0.652297,0.165319,0.242508,0.824556,-0.104653
2021,8,CE,-0.866025,-0.500000,1675.4000,0,0,631700.0000,-0.468931,0.690260,-0.453439,0.767229,-0.035752,0.763245,0.792878,-0.210078,-0.232510,1.691292,0.385134
2021,9,CE,-1.000000,-1.8369702e-16,1256.5500,0,0,473775.0000,-0.465365,0.678166,-0.453439,0.866642,0.026611,0.890657,0.892457,-0.084946,0.004999,1.795793,0.483092
2021,10,CE,-0.866025,0.500000,670.1600,0,0,252680.0000,-0.439759,0.641622,-0.453439,1.036228,0.307248,1.090875,1.047682,0.415583,0.465173,1.783498,0.532070
2021,11,CE,-0.500000,0.866025,251.3100,0,0,94755.0000,-0.460504,0.605078,-0.453439,1.577149,0.057793,1.090875,1.566077,0.134035,0.732370,2.367470,0.189219
2021,12,CE,-2.4492936e-16,1.000000,167.5400,0,0,63170.0000,-0.346410,0.596139,-0.453439,1.106401,0.806156,1.109077,1.135546,0.728413,0.880813,1.476145,0.140241
2022,1,CE,0.500000,0.866025,165.0000,0,0,64706.0000,0.367969,0.629791,-0.453439,0.588872,0.774974,0.490221,0.605436,0.728413,0.851125,-0.128239,0.385134
2022,2,CE,0.866025,0.500000,165.0000,0,0,64706.0000,0.001056,0.615594,-0.453439,0.811088,0.774974,0.617632,0.819237,0.665847,0.940190,0.265173,-0.055674
2022,3,CE,1.000000,6.123234e-17,165.0000,0,0,64706.0000,1.455745,0.601923,-0.453439,0.471916,0.868520,0.690439,0.502929,0.759696,0.732370,-0.429445,-0.349547
2022,4,CE,0.866025,-0.500000,247.5000,0,0,97059.0000,1.076514,0.614542,-0.453439,0.468992,0.868520,0.508422,0.488285,0.853545,0.821436,-0.533945,-0.349547
2022,5,CE,0.500000,-0.866025,660.0000,0,0,258824.0000,0.419181,0.659763,-0.453439,0.413438,0.712611,0.599430,0.444353,0.916111,0.836280,-0.306504,-0.349547
2022,6,CE,1.2246468e-16,-1.000000,1237.5000,0,0,485295.0000,0.124873,0.665021,-0.453439,0.281862,0.431975,0.544825,0.309630,0.446866,0.212819,-0.306504,-0.202610
2022,7,CE,-0.500000,-0.866025,1650.0000,0,0,647060.0000,-0.117575,0.684739,-0.453439,0.366655,0.431975,0.344607,0.397493,0.446866,0.094065,0.418850,-0.055674
2022,8,CE,-0.866025,-0.500000,1650.0000,0,0,647060.0000,-0.476062,0.690260,-0.453439,0.504078,0.120157,0.490221,0.523431,0.102752,-0.262198,1.008968,-0.055674
2022,9,CE,-1.000000,-1.8369702e-16,1237.5000,0,0,485295.0000,-0.453373,0.681058,-0.453439,0.682436,0.151339,0.745044,0.707944,-0.022380,-0.098911,1.685145,0.434113
2022,10,CE,-0.866025,0.500000,660.0000,0,0,258824.0000,-0.446890,0.647143,-0.453439,0.852022,0.088975,0.908858,0.877813,0.165319,0.153442,1.894146,0.336155
2022,11,CE,-0.500000,0.866025,247.5000,0,0,97059.0000,-0.392437,0.626110,-0.453439,0.816936,0.463157,0.799649,0.830953,0.353017,0.272197,0.855292,-0.006696
2022,12,CE,-2.4492936e-16,1.000000,165.0000,0,0,64706.0000,-0.414153,0.619538,-0.453439,0.890033,0.276066,0.781447,0.910030,0.353017,0.494861,1.082733,0.091262
2023,1,CE,0.500000,0.866025,202.6000,0,0,78575.3600,0.271379,0.636364,-0.453439,0.705827,0.463157,0.690439,0.722588,0.728413,0.672993,0.449585,-0.055674
2023,2,CE,0.866025,0.500000,202.6000,0,0,78575.3600,0.496972,0.627425,-0.453439,0.632730,0.681429,0.708640,0.672798,0.759696,0.583927,0.062320,-0.153632
2023,3,CE,1.000000,6.123234e-17,202.6000,0,0,78575.3600,0.669409,0.634524,-0.453439,0.495307,0.930883,0.581229,0.529288,1.009960,0.776903,-0.349533,-0.251589
2023,4,CE,0.866025,-0.500000,303.9000,0,0,117863.0400,0.394872,0.617697,-0.453439,0.416362,0.743793,0.581229,0.444353,0.978677,0.628460,-0.749092,-0.300568
2023,5,CE,0.500000,-0.866025,810.4000,0,0,314301.4400,0.067826,0.652664,-0.453439,0.717523,0.962065,0.817850,0.740160,1.009960,0.806592,-0.232739,-0.398525
2023,6,CE,1.2246468e-16,-1.000000,1519.5000,0,0,589315.2000,-0.274454,0.691837,-0.453439,0.656121,0.712611,0.635834,0.687442,0.822262,0.494861,0.345085,-0.349547
2023,7,CE,-0.500000,-0.866025,2026.0000,0,0,785753.6000,-0.399567,0.713396,-0.453439,0.641502,0.431975,0.435616,0.664012,0.822262,0.212819,0.799968,-0.104653
2023,8,CE,-0.866025,-0.500000,2026.0000,0,0,785753.6000,-0.430035,0.694729,-0.453439,0.717523,0.244884,0.726842,0.737232,0.227885,0.123754,1.260998,0.140241
2023,9,CE,-1.000000,-1.8369702e-16,1519.5000,0,0,589315.2000,-0.458559,0.677903,-0.453439,0.831555,0.057793,0.690439,0.851454,0.165319,0.094065,1.740469,0.336155
2023,10,CE,-0.866025,0.500000,810.4000,0,0,314301.4400,-0.462448,0.648458,-0.453439,0.913424,0.088975,0.817850,0.933460,0.478149,-0.069222,1.765057,0.336155
2023,11,CE,-0.500000,0.866025,303.9000,0,0,117863.0400,-0.327611,0.634786,-0.453439,1.018685,0.712611,0.854254,1.033038,0.571998,0.183131,1.347057,0.287177
2023,12,CE,-2.4492936e-16,1.000000,202.6000,0,0,78575.3600,-0.311080,0.621378,-0.453439,1.021608,0.619065,0.981665,1.056469,0.947394,0.583927,1.058145,0.385134
2001,5,GO,0.500000,-0.866025,5914.3200,1,0,1517317.3600,-0.476062,-1.320724,0.018759,-0.560220,-1.189479,-0.583677,-0.850168,-1.086003,-0.291887,-1.105622,0.189219
2001,6,GO,1.2246468e-16,-1.000000,11089.3500,1,1,2844970.0500,-0.476062,-1.289701,-0.142676,-1.384760,-1.501297,-1.857792,-1.438853,-1.711663,-1.034102,-1.111769,0.679006
2001,7,GO,-0.500000,-0.866025,14785.8000,1,1,3793293.4000,-0.476062,-1.307579,-0.122120,-1.139152,-1.813115,-1.857792,-1.356847,-2.024493,-1.776318,-1.074887,1.168794
2001,8,GO,-0.866025,-0.500000,14785.8000,1,1,3793293.4000,-0.424201,-1.278922,-0.008248,-0.384786,-1.501297,-1.493759,-0.694942,-1.711663,-1.776318,-0.029886,1.168794
2001,9,GO,-1.000000,-1.8369702e-16,11089.3500,1,1,2844970.0500,-0.048212,-1.388291,-0.039660,0.202917,-0.877661,-1.311743,0.169048,-0.773172,-1.330988,-0.238886,1.168794
2001,10,GO,-0.866025,0.500000,5914.3200,1,0,1517317.3600,0.003649,-1.409061,-0.185536,-0.563144,-0.565843,-0.219644,-0.501643,-0.460342,-0.143444,-1.007269,-0.300568
2001,11,GO,-0.500000,0.866025,2217.8700,0,0,568994.0100,0.379638,-1.421681,-0.118903,-0.390634,-0.254025,-0.219644,-0.396207,-0.147512,0.004999,-1.025710,0.679006
2001,12,GO,-2.4492936e-16,1.000000,1478.5800,0,0,379329.3400,0.106916,-1.423521,-0.096425,-0.294146,-0.254025,-0.037627,-0.352275,-0.147512,-0.143444,-1.019563,0.679006
2002,1,GO,0.500000,0.866025,1762.7000,0,0,473666.3400,1.401097,-1.456648,0.011891,-0.153799,-0.254025,-0.037627,-0.372776,-0.147512,-0.291887,-0.865886,0.679006
2002,2,GO,0.866025,0.500000,1762.7000,0,0,473666.3400,0.275917,-1.398019,-0.116104,-0.405254,-0.254025,-0.401660,-0.422566,-0.147512,0.004999,-1.093328,0.679006
2002,3,GO,1.000000,6.123234e-17,1762.7000,0,0,473666.3400,0.246745,-1.382507,-0.082886,-0.232744,-0.254025,-0.401660,-0.267340,-0.147512,-0.143444,-1.031857,0.189219
2002,4,GO,0.866025,-0.500000,2644.0500,1,0,710499.5100,-0.372341,-1.384874,-0.071608,-0.259059,-0.565843,-0.583677,-0.305414,-0.460342,-0.440330,-1.081034,0.679006
2002,5,GO,0.500000,-0.866025,7050.8000,1,0,1894665.3600,-0.463097,-1.349907,-0.124246,-0.785361,-0.877661,-1.675776,-0.829666,-1.086003,-1.330988,-1.203975,0.189219
2002,6,GO,1.2246468e-16,-1.000000,13220.2500,1,1,3552497.5500,-0.476062,-1.282339,-0.129460,-1.133304,-2.124933,-1.493759,-1.227980,-2.337324,-1.330988,-1.025710,0.189219
2002,7,GO,-0.500000,-0.866025,17627.0000,1,1,4736663.4000,-0.476062,-1.298114,-0.125264,-0.761969,-2.124933,-1.493759,-0.847239,-2.024493,-1.776318,-0.804416,0.679006
2002,8,GO,-0.866025,-0.500000,17627.0000,1,1,4736663.4000,-0.443649,-1.320461,-0.094678,-0.226896,-1.501297,-1.129726,-0.299557,-1.711663,-1.924761,-0.386415,1.168794
2002,9,GO,-1.000000,-1.8369702e-16,13220.2500,1,1,3552497.5500,-0.326963,-1.359897,-0.092186,-0.223972,-1.189479,-1.675776,-0.264412,-1.398833,-1.924761,-0.466327,0.679006
2002,10,GO,-0.866025,0.500000,7050.8000,1,0,1894665.3600,-0.352893,-1.426150,-0.093064,0.594719,-0.565843,-0.219644,0.558576,-0.460342,-1.330988,-0.829004,0.679006
2002,11,GO,-0.500000,0.866025,2644.0500,1,0,710499.5100,-0.064418,-1.403014,-0.105568,-0.130407,-0.254025,-0.037627,-0.147260,-0.460342,-0.143444,-1.050298,0.679006
2002,12,GO,-2.4492936e-16,1.000000,1762.7000,0,0,473666.3400,0.340742,-1.409850,-0.111784,-0.156722,-0.254025,0.144389,-0.170691,0.165319,-0.291887,-1.105622,0.189219
2003,1,GO,0.500000,0.866025,1691.5600,0,0,476469.6000,0.415292,-1.400385,-0.095513,-0.302917,0.057793,-0.037627,-0.314201,-0.147512,0.450328,-0.884328,1.168794
2003,2,GO,0.866025,0.500000,1691.5600,0,0,476469.6000,0.340742,-1.376986,-0.051090,-0.226896,-0.254025,-0.401660,-0.264412,-0.147512,0.004999,-1.031857,1.658581
2003,3,GO,1.000000,6.123234e-17,1691.5600,0,0,476469.6000,-0.015799,-1.379615,-0.152428,-0.416949,-0.565843,-0.219644,-0.399135,-0.460342,0.153442,-1.160946,0.679006
2003,4,GO,0.866025,-0.500000,2537.3400,1,0,714704.4000,0.000407,-1.355428,-0.115312,-0.416949,-0.254025,-0.765693,-0.448925,0.165319,-1.034102,-1.167093,0.189219
2003,5,GO,0.500000,-0.866025,6766.2400,1,0,1905878.4000,-0.472820,-1.333869,-0.166202,-1.039740,-0.877661,-2.039809,-1.052254,-1.086003,-1.330988,-1.185534,0.189219
2003,6,GO,1.2246468e-16,-1.000000,12686.7000,1,1,3573522.0000,-0.466338,-1.313100,-0.134961,-1.250260,-1.501297,-1.857792,-1.333417,-1.398833,-1.627874,-1.253152,1.168794
2003,7,GO,-0.500000,-0.866025,16915.6000,1,1,4764696.0000,-0.476062,-1.272086,-0.118843,-1.276575,-2.124933,-2.039809,-1.365633,-2.337324,-1.924761,-0.736798,1.168794
2003,8,GO,-0.866025,-0.500000,16915.6000,1,1,4764696.0000,-0.453373,-1.307579,-0.089655,-0.683024,-2.124933,-2.221825,-0.765233,-2.024493,-1.924761,-0.724504,1.168794
2003,9,GO,-1.000000,-1.8369702e-16,12686.7000,1,1,3573522.0000,-0.391788,-1.348066,-0.107524,0.045027,-1.189479,-0.583677,-0.000821,-1.398833,-1.479431,-0.417151,0.679006
2003,10,GO,-0.866025,0.500000,6766.2400,1,0,1905878.4000,-0.291308,-1.375146,-0.161993,-0.022223,-0.877661,-0.583677,0.025538,-0.773172,-1.479431,-0.607710,2.148368
2003,11,GO,-0.500000,0.866025,2537.3400,1,0,714704.4000,-0.083866,-1.413268,-0.157409,-0.112864,-0.254025,-0.037627,-0.076970,-0.460342,0.004999,-0.681475,1.658581
2003,12,GO,-2.4492936e-16,1.000000,1691.5600,0,0,476469.6000,0.165713,-1.416948,-0.048858,0.074265,-0.254025,-0.219644,0.046039,-0.460342,-0.588773,-0.933504,1.168794
2004,1,GO,0.500000,0.866025,1717.6200,0,0,496079.9000,0.606528,-1.462432,-0.161379,-0.358471,0.057793,-0.037627,-0.337631,0.165319,0.450328,-1.087181,0.189219
2004,2,GO,0.866025,0.500000,1717.6200,0,0,496079.9000,0.637320,-1.402751,-0.150332,-0.551449,0.057793,-0.401660,-0.539717,-0.147512,0.450328,-1.247004,0.189219
2004,3,GO,1.000000,6.123234e-17,1717.6200,0,0,496079.9000,0.321295,-1.403803,-0.062683,-0.364319,-0.254025,-0.583677,-0.393278,-0.460342,-0.143444,-1.136357,-0.300568
2004,4,GO,0.866025,-0.500000,2576.4300,1,0,744119.8500,-0.184346,-1.376461,-0.138620,-0.533905,-0.254025,-0.583677,-0.571934,-0.460342,-0.291887,-1.302328,-0.300568
2004,5,GO,0.500000,-0.866025,6870.4800,1,0,1984319.6000,-0.427442,-1.322827,-0.202842,-0.452036,-0.565843,-0.947710,-1.028823,-0.773172,-0.143444,-1.271593,-0.300568
2004,6,GO,1.2246468e-16,-1.000000,12882.1500,1,1,3720599.2500,-0.476062,-1.264725,-0.149416,-1.425694,-1.501297,-1.857792,-1.491571,-1.711663,-1.034102,-1.179387,0.189219
2004,7,GO,-0.500000,-0.866025,17176.2000,1,1,4960799.0000,-0.469579,-1.299428,-0.129720,-1.446161,-1.501297,-2.221825,-1.512072,-1.398833,-1.479431,-0.742945,1.658581
2004,8,GO,-0.866025,-0.500000,17176.2000,1,1,4960799.0000,-0.476062,-1.296799,-0.060250,-0.811676,-2.124933,-1.675776,-0.920458,-2.337324,-1.924761,-0.736798,1.168794
2004,9,GO,-1.000000,-1.8369702e-16,12882.1500,1,1,3720599.2500,-0.450131,-1.366733,-0.025259,0.378351,-1.501297,-1.129726,0.271555,-1.711663,-1.924761,-0.380268,0.679006
2004,10,GO,-0.866025,0.500000,6870.4800,1,0,1984319.6000,-0.085487,-1.411690,-0.086886,0.144439,-0.565843,-0.583677,0.107544,-0.460342,-1.479431,-0.669180,1.168794
2004,11,GO,-0.500000,0.866025,2576.4300,1,0,744119.8500,-0.242689,-1.397230,-0.181731,-0.209353,-0.565843,0.144389,-0.147260,-0.460342,0.004999,-0.675327,0.679006
2004,12,GO,-2.4492936e-16,1.000000,1717.6200,0,0,496079.9000,0.339122,-1.417211,-0.106301,-0.352624,-0.254025,-0.037627,-0.361061,-0.147512,0.004999,-0.958092,0.189219
2005,1,GO,0.500000,0.866025,1399.3200,0,0,425105.2400,0.146265,-1.436667,-0.084969,-0.238592,0.057793,0.144389,-0.252696,0.165319,0.450328,-1.105622,-0.300568
2005,2,GO,0.866025,0.500000,1399.3200,0,0,425105.2400,-0.359375,-1.364104,0.194356,0.419285,-0.254025,-0.037627,0.388707,-0.147512,0.598771,-0.884328,-0.300568
2005,3,GO,1.000000,6.123234e-17,1399.3200,0,0,425105.2400,1.471951,-1.399334,-0.108440,-0.270754,0.057793,-0.037627,-0.287842,0.165319,0.450328,-1.314622,0.189219
2005,4,GO,0.866025,-0.500000,2098.9800,0,0,637657.8600,-0.304274,-1.369099,-0.075600,0.033331,-0.254025,-0.219644,0.057754,-0.147512,0.153442,-1.056445,0.189219
2005,5,GO,0.500000,-0.866025,5597.2800,1,0,1700420.9600,-0.395030,-1.341231,-0.120795,-0.954947,-0.877661,-1.129726,-0.999536,-0.773172,-1.034102,-1.142504,0.189219
2005,6,GO,1.2246468e-16,-1.000000,10494.9000,1,1,3188289.3000,-0.472820,-1.299954,-0.158631,-1.130380,-1.501297,-1.311743,-1.210408,-1.398833,-1.034102,-1.031857,0.189219
2005,7,GO,-0.500000,-0.866025,13993.2000,1,1,4251052.4000,-0.476062,-1.267617,-0.141624,-1.165467,-2.124933,-1.675776,-1.248482,-2.024493,-1.479431,-0.835151,1.168794
2005,8,GO,-0.866025,-0.500000,13993.2000,1,1,4251052.4000,-0.469579,-1.313626,-0.094580,-0.498819,-1.813115,-1.493759,-0.592435,-2.024493,-1.479431,-0.540092,0.679006
2005,9,GO,-1.000000,-1.8369702e-16,10494.9000,1,1,3188289.3000,-0.373961,-1.360423,-0.101167,0.442677,0.369611,-0.219644,0.420923,0.478149,-1.182545,-0.374121,1.168794
2005,10,GO,-0.866025,0.500000,5597.2800,1,0,1700420.9600,-0.046591,-1.408010,-0.058874,0.562556,0.993247,0.326406,0.599579,0.790979,0.004999,-0.669180,3.617730
2005,11,GO,-0.500000,0.866025,2098.9800,0,0,637657.8600,0.379638,-1.442976,-0.042983,0.314025,0.993247,0.326406,0.280342,1.103809,0.747214,-0.915063,-0.790355
2005,12,GO,-2.4492936e-16,1.000000,1399.3200,0,0,425105.2400,0.527116,-1.441136,-0.029750,0.422209,5.982335,-0.037627,0.423852,6.109094,0.301885,-1.062593,-0.300568
2007,1,GO,0.500000,0.866025,1350.0800,0,0,438534.4000,0.123576,-1.406169,-0.129328,-0.092397,0.369611,0.144389,-0.050611,0.165319,0.450328,-1.062593,0.189219
2007,2,GO,0.866025,0.500000,1350.0800,0,0,438534.4000,0.279158,-1.411164,-0.125677,-0.267831,0.681429,-0.037627,-0.232195,0.478149,0.301885,-1.124063,-0.300568
2007,3,GO,1.000000,6.123234e-17,1350.0800,0,0,438534.4000,-0.390168,-1.379615,-0.048636,-0.092397,0.681429,-0.219644,-0.094542,0.478149,-0.143444,-0.982681,0.189219
2007,4,GO,0.866025,-0.500000,2025.1200,0,0,657801.6000,-0.130865,-1.369625,-0.109385,-0.183038,0.369611,-0.401660,-0.191192,0.165319,-0.291887,-1.234710,1.168794
2007,5,GO,0.500000,-0.866025,5400.3200,1,0,1754137.6000,-0.437166,-1.336761,-0.127978,-0.987109,-0.565843,-2.039809,-1.017108,-0.773172,-1.182545,-1.216269,0.679006
2007,6,GO,1.2246468e-16,-1.000000,10125.6000,1,1,3289008.0000,-0.476062,-1.290490,-0.134522,-1.156696,-1.501297,-1.675776,-1.216265,-1.398833,-1.182545,-1.136357,0.189219
2007,7,GO,-0.500000,-0.866025,13500.8000,1,1,4385344.0000,-0.476062,-1.311259,-0.147640,-0.960794,-1.189479,-1.311743,-1.017108,-1.398833,-1.627874,-1.081034,0.189219
2007,8,GO,-0.866025,-0.500000,13500.8000,1,1,4385344.0000,-0.476062,-1.307053,-0.066023,-0.595307,-2.436751,-1.493759,-0.665655,-2.650154,-1.924761,-0.023739,1.168794
2007,9,GO,-1.000000,-1.8369702e-16,10125.6000,1,1,3289008.0000,-0.476062,-1.337813,-0.050285,0.366655,-1.189479,-0.765693,0.315487,-1.086003,-1.924761,-0.091356,1.168794
2007,10,GO,-0.866025,0.500000,5400.3200,1,0,1754137.6000,-0.414477,-1.414056,-0.109539,0.489459,-0.877661,-0.037627,0.473641,-1.086003,-1.924761,-0.669180,1.658581
2007,11,GO,-0.500000,0.866025,2025.1200,0,0,657801.6000,0.157610,-1.444291,-0.103587,-0.054386,0.369611,-0.037627,-0.035967,0.165319,-0.143444,-0.847445,-0.300568
2007,12,GO,-2.4492936e-16,1.000000,1350.0800,0,0,438534.4000,0.207850,-1.429831,-0.106616,-0.349700,0.057793,-0.401660,-0.328845,-0.147512,-1.034102,-1.013416,1.168794
2008,1,GO,0.500000,0.866025,794.5000,0,0,268959.3800,0.593563,-1.426939,-0.118243,-0.376015,0.369611,-0.037627,-0.346417,0.165319,0.004999,-0.921210,0.189219
2008,2,GO,0.866025,0.500000,794.5000,0,0,268959.3800,0.305088,-1.403540,-0.139255,-0.405254,0.369611,-0.037627,-0.384492,0.478149,0.301885,-1.185534,0.189219
2008,3,GO,1.000000,6.123234e-17,794.5000,0,0,268959.3800,0.463911,-1.437455,-0.116564,-0.446188,0.369611,-0.037627,-0.422566,0.478149,0.153442,-1.074887,-0.300568
2008,4,GO,0.866025,-0.500000,1191.7500,0,0,403439.0700,0.159230,-1.443502,-0.139536,-0.390634,0.681429,-0.401660,-0.393278,0.790979,0.004999,-1.363799,-0.790355
2008,5,GO,0.500000,-0.866025,3178.0000,1,0,1075837.5200,-0.370720,-1.449549,-0.144346,-1.109913,-0.254025,-1.311743,-1.143046,0.790979,-0.885659,-1.320769,-0.790355
2008,6,GO,1.2246468e-16,-1.000000,5958.7500,1,0,2017195.3500,-0.476062,-1.455596,-0.159918,-1.288271,-0.565843,-1.311743,-1.362704,-0.773172,-1.182545,-1.320769,-0.300568
2008,7,GO,-0.500000,-0.866025,7945.0000,1,0,2689593.8000,-0.476062,-1.461643,-0.129593,-1.478324,-2.436751,-2.039809,-1.579434,-2.650154,-1.924761,-0.915063,0.189219
2008,8,GO,-0.866025,-0.500000,7945.0000,1,0,2689593.8000,-0.476062,-1.467690,-0.084121,-0.864306,-2.124933,-5.134089,-0.879456,-2.337324,-1.924761,-0.761386,0.189219
2008,9,GO,-1.000000,-1.8369702e-16,5958.7500,1,0,2017195.3500,-0.262137,-1.473737,-0.077748,-0.066082,-0.877661,-1.493759,-0.156047,-0.773172,-1.924761,-0.644592,0.189219
2008,10,GO,-0.866025,0.500000,3178.0000,1,0,1075837.5200,-0.028764,-1.479783,-0.097614,0.167830,-0.254025,-0.401660,0.119259,-0.460342,-1.330988,-0.650739,0.679006
2008,11,GO,-0.500000,0.866025,1191.7500,0,0,403439.0700,0.185161,-1.462432,-0.141483,-0.215200,-0.254025,-0.219644,-0.235124,0.478149,-0.291887,-0.816710,0.189219
2008,12,GO,-2.4492936e-16,1.000000,794.5000,0,0,268959.3800,-0.041729,-1.446394,-0.130589,-0.302917,0.057793,-0.401660,-0.322987,0.165319,-0.143444,-0.755239,-0.790355
2009,1,GO,0.500000,0.866025,973.2600,0,0,336203.9200,0.058750,-1.408798,-0.083699,-0.218124,-0.254025,-0.037627,-0.261483,-0.147512,-0.291887,-0.804416,-0.300568
2009,2,GO,0.866025,0.500000,973.2600,0,0,336203.9200,0.055509,-1.411427,-0.083959,-0.194733,0.057793,-0.219644,-0.240981,-0.147512,-0.143444,-0.896622,-0.300568
2009,3,GO,1.000000,6.123234e-17,973.2600,0,0,336203.9200,0.117094,-1.420103,-0.104200,-0.194733,-0.254025,-0.219644,-0.229266,0.165319,-0.737216,-0.982681,-0.300568
2009,4,GO,0.866025,-0.500000,1459.8900,0,0,504305.8800,0.078198,-1.376723,-0.135843,-0.598231,-0.254025,-0.947710,-0.627580,-0.147512,-0.588773,-1.290034,-0.300568
2009,5,GO,0.500000,-0.866025,3893.0400,1,0,1344815.6800,-0.297791,-1.343597,-0.023905,-0.381863,-0.565843,-0.765693,-0.580720,-0.773172,-0.588773,-0.945798,-0.300568
2009,6,GO,1.2246468e-16,-1.000000,7299.4500,1,0,2521529.4000,-0.346410,-1.305475,-0.158099,-1.343825,-1.189479,-2.039809,-1.406636,-1.398833,-1.034102,-1.271593,-0.790355
2009,7,GO,-0.500000,-0.866025,9732.6000,1,1,3362039.2000,-0.476062,-1.313888,-0.127961,-0.925708,-1.501297,-1.493759,-1.008322,-1.398833,-1.479431,-1.093328,-0.300568
2009,8,GO,-0.866025,-0.500000,9732.6000,1,1,3362039.2000,-0.382064,-1.330715,-0.117212,-0.557296,-1.501297,-1.311743,-0.633438,-1.711663,-1.479431,-0.607710,-0.300568
2009,9,GO,-1.000000,-1.8369702e-16,7299.4500,1,0,2521529.4000,-0.138968,-1.357794,-0.115252,0.015788,-0.254025,-0.401660,-0.012536,-0.147512,-0.737216,-0.749092,0.189219
2009,10,GO,-0.866025,0.500000,3893.0400,1,0,1344815.6800,0.159230,-1.422995,-0.114920,-0.115788,0.057793,-0.037627,-0.115044,-0.147512,0.153442,-0.724504,0.189219
2009,11,GO,-0.500000,0.866025,1459.8900,0,0,504305.8800,0.032820,-1.492140,-0.130747,-0.045614,0.369611,0.144389,-0.038895,0.165319,0.450328,-0.915063,0.679006
2009,12,GO,-2.4492936e-16,1.000000,973.2600,0,0,336203.9200,0.681077,-1.450864,-0.151504,-0.343852,0.369611,-0.037627,-0.320058,0.165319,0.450328,-0.626151,0.189219
2010,1,GO,0.500000,0.866025,801.7200,0,0,286446.9800,-0.067660,-1.440610,-0.099761,-0.107016,0.057793,-0.037627,-0.103329,0.165319,0.301885,-1.013416,0.189219
2010,2,GO,0.866025,0.500000,801.7200,0,0,286446.9800,-0.135727,-1.452967,-0.054128,0.030407,0.057793,-0.219644,0.016751,-0.147512,0.004999,-0.693769,-0.300568
2010,3,GO,1.000000,6.123234e-17,801.7200,0,0,286446.9800,-0.038488,-1.436667,-0.141735,-0.127483,0.057793,0.144389,-0.135545,0.790979,0.004999,-0.816710,-0.300568
2010,4,GO,0.866025,-0.500000,1202.5800,0,0,429670.4700,-0.051453,-1.368310,-0.092310,-0.457884,0.057793,-0.947710,-0.513358,-0.147512,-0.588773,-1.056445,-0.300568
2010,5,GO,0.500000,-0.866025,3206.8800,1,0,1145787.9200,-0.476062,-1.358057,-0.137244,-0.852610,-1.189479,-1.857792,-0.923387,-1.398833,-1.479431,-1.197828,-0.300568
2010,6,GO,1.2246468e-16,-1.000000,6012.9000,1,0,2148352.3500,-0.433925,-1.285231,-0.144534,-1.238565,-0.877661,-1.675776,-1.327559,-1.086003,-1.776318,-1.062593,0.189219
2010,7,GO,-0.500000,-0.866025,8017.2000,1,0,2864469.8000,-0.476062,-1.293119,-0.127488,-0.823371,-1.813115,-1.311743,-0.920458,-2.024493,-1.924761,-0.337239,1.168794
2010,8,GO,-0.866025,-0.500000,8017.2000,1,0,2864469.8000,-0.476062,-1.306790,-0.076832,-0.677176,-3.372205,-1.493759,-0.791592,-3.588645,-1.924761,-0.583121,0.189219
2010,9,GO,-1.000000,-1.8369702e-16,6012.9000,1,0,2148352.3500,0.272675,-1.379353,-0.047026,0.466068,-0.877661,-0.583677,0.344775,-0.773172,-1.924761,-0.036033,0.189219
2010,10,GO,-0.866025,0.500000,3206.8800,1,0,1145787.9200,-0.126003,-1.418789,-0.108631,0.156135,-0.254025,-0.219644,0.128045,-0.460342,-1.034102,-0.552386,1.168794
2010,11,GO,-0.500000,0.866025,1202.5800,0,0,429670.4700,0.279158,-1.446657,-0.127198,-0.244439,-0.565843,-0.219644,-0.249768,-0.460342,-0.143444,-0.675327,0.189219
2010,12,GO,-2.4492936e-16,1.000000,801.7200,0,0,286446.9800,0.489842,-1.477680,-0.112743,-0.218124,0.057793,-0.219644,-0.240981,-0.147512,-0.291887,-0.773680,1.168794
2011,1,GO,0.500000,0.866025,829.9800,0,0,323006.0000,0.083060,-1.449023,-0.097678,-0.282450,-0.254025,-0.037627,-0.305414,-0.147512,-0.440330,-0.533945,0.189219
2011,2,GO,0.866025,0.500000,829.9800,0,0,323006.0000,-0.051453,-1.414056,-0.116479,-0.297070,-0.565843,-0.037627,-0.322987,-0.460342,-0.291887,-0.872034,-0.300568
2011,3,GO,1.000000,6.123234e-17,829.9800,0,0,323006.0000,0.081439,-1.430094,-0.145693,-0.411102,-0.254025,-0.219644,-0.422566,-0.147512,0.301885,-0.939651,-0.790355
2011,4,GO,0.866025,-0.500000,1244.9700,0,0,484509.0000,-0.388547,-1.379878,-0.081250,-0.349700,-0.254025,-0.765693,-0.396207,-0.460342,-0.440330,-0.890475,-0.300568
2011,5,GO,0.500000,-0.866025,3319.9200,1,0,1292024.0000,-0.476062,-1.347278,-0.139524,-0.937403,-0.877661,-1.129726,-0.996607,-1.086003,-0.885659,-0.976534,0.189219
2011,6,GO,1.2246468e-16,-1.000000,6224.8500,1,0,2422545.0000,-0.414477,-1.319147,-0.152799,-1.264880,-1.813115,-1.675776,-1.339274,-1.711663,-1.330988,-1.001122,1.168794
2011,7,GO,-0.500000,-0.866025,8299.8000,1,0,3230060.0000,-0.476062,-1.316780,-0.133976,-1.121609,-2.124933,-1.675776,-1.219194,-2.337324,-1.776318,-0.921210,0.679006
2011,8,GO,-0.866025,-0.500000,8299.8000,1,0,3230060.0000,-0.476062,-1.335184,-0.080338,-0.352624,-2.436751,-1.675776,-0.463569,-2.650154,-1.924761,-0.564680,0.189219
2011,9,GO,-1.000000,-1.8369702e-16,6224.8500,1,0,2422545.0000,-0.476062,-1.343334,-0.057264,0.229232,-1.501297,-1.311743,0.139760,-1.711663,-1.924761,-0.288062,0.189219
2011,10,GO,-0.866025,0.500000,3319.9200,1,0,1292024.0000,0.382879,-1.417737,-0.140695,-0.396482,-0.565843,-0.401660,-0.410851,-0.460342,-0.885659,-0.546239,0.189219
2011,11,GO,-0.500000,0.866025,1244.9700,0,0,484509.0000,0.068474,-1.427991,-0.093204,-0.332156,-0.254025,-0.219644,-0.346417,-0.460342,-0.885659,-0.626151,1.168794
2011,12,GO,-2.4492936e-16,1.000000,829.9800,0,0,323006.0000,0.463911,-1.430620,-0.155236,-0.481275,-0.254025,-0.037627,-0.478213,-0.147512,0.450328,-0.749092,0.189219
2012,1,GO,0.500000,0.866025,1142.3600,0,0,451271.9600,0.181919,-1.404329,-0.116611,-0.650861,-0.565843,-0.037627,-0.653939,-0.460342,0.153442,-0.872034,0.189219
2012,2,GO,0.866025,0.500000,1142.3600,0,0,451271.9600,0.681077,-1.398808,-0.070373,-0.434493,-0.565843,-0.219644,-0.481141,-0.460342,-0.440330,-0.792122,0.679006
2012,3,GO,1.000000,6.123234e-17,1142.3600,0,0,451271.9600,0.324536,-1.386977,-0.106322,-0.338004,-0.565843,-0.219644,-0.369848,-0.460342,-0.440330,-1.044151,2.148368
2012,4,GO,0.866025,-0.500000,1713.5400,0,0,676907.9400,-0.194070,-1.387240,-0.120744,-0.314613,-0.254025,-0.219644,-0.355204,-0.460342,0.004999,-1.160946,0.189219
2012,5,GO,0.500000,-0.866025,4569.4400,1,0,1805087.8400,-0.333445,-1.328085,-0.147767,-1.048511,-0.877661,-1.129726,-1.084470,-1.086003,-0.737216,-0.964239,0.679006
2012,6,GO,1.2246468e-16,-1.000000,8567.7000,1,0,3384539.7000,-0.262137,-1.308893,-0.157260,-0.908164,-0.877661,-1.129726,-0.958533,-1.086003,-0.588773,-1.093328,-0.300568
2012,7,GO,-0.500000,-0.866025,11423.6000,1,1,4512719.6000,-0.456614,-1.301795,-0.130487,-1.206402,-1.813115,-1.675776,-1.283627,-1.711663,-1.627874,-1.031857,0.189219
2012,8,GO,-0.866025,-0.500000,11423.6000,1,1,4512719.6000,-0.476062,-1.270509,-0.089208,-0.744426,-3.060387,-1.311743,-0.812094,-3.275815,-1.776318,0.123791,1.168794
2012,9,GO,-1.000000,-1.8369702e-16,8567.7000,1,0,3384539.7000,-0.258896,-1.335973,-0.072328,0.112276,-1.189479,-0.765693,0.031395,-1.086003,-1.924761,-0.503210,0.679006
2012,10,GO,-0.866025,0.500000,4569.4400,1,0,1805087.8400,-0.057936,-1.415634,-0.048909,0.433905,-0.565843,-0.401660,0.365276,-0.460342,-1.776318,-0.355680,0.189219
2012,11,GO,-0.500000,0.866025,1713.5400,0,0,676907.9400,0.394224,-1.453756,-0.129720,-0.226896,-0.254025,-0.037627,-0.229266,-0.147512,0.004999,-0.484768,0.189219
2012,12,GO,-2.4492936e-16,1.000000,1142.3600,0,0,451271.9600,0.123576,-1.432197,-0.081833,-0.016375,-0.254025,-0.037627,-0.056468,-0.147512,-0.143444,-0.742945,0.679006
2013,1,GO,0.500000,0.866025,720.9200,0,0,294917.8800,0.749144,-1.418789,-0.136311,-0.373091,0.057793,-0.037627,-0.366919,0.165319,-0.440330,-0.613857,-0.790355
2013,2,GO,0.866025,0.500000,720.9200,0,0,294917.8800,-0.035247,-1.408798,-0.105760,-0.235668,-0.254025,-0.037627,-0.270269,-0.147512,-0.291887,-0.988828,-0.300568
2013,3,GO,1.000000,6.123234e-17,720.9200,0,0,294917.8800,0.295364,-1.401437,-0.120318,-0.109940,-0.254025,-0.037627,-0.144332,-0.147512,0.004999,-0.872034,-0.300568
2013,4,GO,0.866025,-0.500000,1081.3800,0,0,442376.8200,-0.333445,-1.367785,-0.132519,-0.542677,-0.254025,-0.583677,-0.560218,-0.147512,-0.588773,-1.038004,0.189219
2013,5,GO,0.500000,-0.866025,2883.6800,1,0,1179671.5200,-0.365858,-1.347541,-0.140742,-0.776589,-1.189479,-1.129726,-0.853097,-1.086003,-0.885659,-1.160946,-0.300568
2013,6,GO,1.2246468e-16,-1.000000,5406.9000,1,0,2211884.1000,-0.446890,-1.324142,-0.187905,-0.846762,-0.877661,-0.947710,-0.911672,-0.773172,-1.034102,-1.283887,0.189219
2013,7,GO,-0.500000,-0.866025,7209.2000,1,0,2949178.8000,-0.476062,-1.294696,-0.157217,-1.153772,-1.813115,-1.675776,-1.248482,-1.711663,-1.479431,-0.835151,0.189219
2013,8,GO,-0.866025,-0.500000,7209.2000,1,0,2949178.8000,-0.472820,-1.327823,-0.107149,-0.665481,-2.436751,-1.493759,-0.776948,-1.711663,-1.924761,-0.607710,0.189219
2013,9,GO,-1.000000,-1.8369702e-16,5406.9000,1,0,2211884.1000,-0.301032,-1.362001,-0.093149,0.071342,-0.877661,-0.765693,-0.012536,-0.773172,-1.924761,-0.122092,1.168794
2013,10,GO,-0.866025,0.500000,2883.6800,1,0,1179671.5200,-0.077384,-1.396179,-0.101410,-0.028071,-0.565843,-0.401660,-0.062326,-0.773172,-0.885659,-0.638445,1.168794
2013,11,GO,-0.500000,0.866025,1081.3800,0,0,442376.8200,0.340742,-1.437981,-0.099429,-0.270754,-0.254025,-0.219644,-0.293699,-0.147512,-0.440330,-0.816710,0.679006
2013,12,GO,-2.4492936e-16,1.000000,720.9200,0,0,294917.8800,0.937139,-1.456910,-0.117740,-0.317537,-0.254025,-0.037627,-0.331774,-0.147512,0.598771,-0.669180,-0.790355
2014,1,GO,0.500000,0.866025,1020.1600,0,0,433251.6000,0.010131,-1.383559,-0.047712,-0.183038,-0.565843,-0.219644,-0.235124,-0.460342,-0.737216,-0.736798,-0.300568
2014,2,GO,0.866025,0.500000,1020.1600,0,0,433251.6000,0.133300,-1.408272,-0.088782,-0.264907,-0.565843,-0.219644,-0.299557,-0.460342,-0.588773,-0.810563,0.679006
2014,3,GO,1.000000,6.123234e-17,1020.1600,0,0,433251.6000,0.489842,-1.390658,-0.149821,-0.443264,-0.254025,-0.219644,-0.466497,-0.147512,-0.143444,-1.044151,-0.790355
2014,4,GO,0.866025,-0.500000,1530.2400,0,0,649877.4000,0.305088,-1.375672,-0.125796,-0.326309,-0.254025,-0.947710,-0.355204,-0.147512,-0.440330,-1.087181,-0.790355
2014,5,GO,0.500000,-0.866025,4080.6400,1,0,1733006.4000,-0.427442,-1.349644,-0.142800,-0.867230,-0.877661,-1.493759,-0.946818,-0.773172,-1.330988,-1.277740,-0.300568
2014,6,GO,1.2246468e-16,-1.000000,7651.2000,1,0,3249387.0000,-0.476062,-1.314151,-0.180313,-1.083598,-1.501297,-1.311743,-1.169405,-1.398833,-1.330988,-1.124063,0.679006
2014,7,GO,-0.500000,-0.866025,10201.6000,1,1,4332516.0000,-0.430684,-1.265250,-0.179137,-1.156696,-1.501297,-1.311743,-1.254340,-1.711663,-1.330988,-0.822857,-0.300568
2014,8,GO,-0.866025,-0.500000,10201.6000,1,1,4332516.0000,-0.476062,-1.311785,-0.102415,-0.498819,-2.748569,-1.675776,-0.624652,-2.337324,-1.924761,-0.620004,0.189219
2014,9,GO,-1.000000,-1.8369702e-16,7651.2000,1,0,3249387.0000,-0.343169,-1.371202,-0.074995,0.340340,-1.189479,-0.401660,0.251054,-1.086003,-1.924761,-0.417151,0.679006
2014,10,GO,-0.866025,0.500000,4080.6400,1,0,1733006.4000,-0.476062,-1.391972,-0.074791,0.468992,-0.565843,-0.401660,0.376991,-0.773172,-1.776318,-0.454033,0.679006
2014,11,GO,-0.500000,0.866025,1530.2400,0,0,649877.4000,0.165713,-1.424573,-0.114204,-0.107016,-0.565843,-0.037627,-0.147260,0.165319,-0.588773,-0.890475,0.189219
2014,12,GO,-2.4492936e-16,1.000000,1020.1600,0,0,433251.6000,0.237021,-1.405906,-0.125260,-0.343852,-0.254025,-0.219644,-0.349346,-0.460342,-1.034102,-0.841298,0.189219
2015,1,GO,0.500000,0.866025,896.1200,0,0,418878.5200,-0.346410,-1.381719,-0.020552,0.246775,-0.565843,-0.037627,0.171977,-0.460342,-1.330988,-0.693769,-0.300568
2015,2,GO,0.866025,0.500000,896.1200,0,0,418878.5200,0.065233,-1.392235,-0.113684,-0.264907,-0.565843,-0.037627,-0.293699,-0.460342,-0.291887,-0.693769,0.189219
2015,3,GO,1.000000,6.123234e-17,896.1200,0,0,418878.5200,0.198126,-1.387766,-0.158414,-0.460808,-0.254025,-0.037627,-0.478213,-0.460342,0.004999,-1.044151,-0.790355
2015,4,GO,0.866025,-0.500000,1344.1800,0,0,628317.7800,-0.070901,-1.379353,-0.144551,-0.241515,-0.254025,-0.037627,-0.258554,-0.460342,0.004999,-1.167093,-0.300568
2015,5,GO,0.500000,-0.866025,3584.4800,1,0,1675514.0800,-0.177863,-1.331240,-0.165146,-0.735654,-0.565843,-0.765693,-0.771091,-0.460342,-1.330988,-1.068740,-0.300568
2015,6,GO,1.2246468e-16,-1.000000,6720.9000,1,0,3141588.9000,-0.476062,-1.280762,-0.166160,-0.957870,-1.501297,-1.129726,-1.025895,-1.398833,-0.885659,-0.865886,0.189219
2015,7,GO,-0.500000,-0.866025,8961.2000,1,1,4188785.2000,-0.469579,-1.298903,-0.172346,-0.864306,-1.501297,-1.311743,-0.949746,-1.711663,-1.330988,-0.976534,-0.300568
2015,8,GO,-0.866025,-0.500000,8961.2000,1,1,4188785.2000,-0.453373,-1.320724,-0.105193,-0.457884,-1.813115,-1.311743,-0.577791,-1.711663,-1.776318,-0.570827,0.189219
2015,9,GO,-1.000000,-1.8369702e-16,6720.9000,1,0,3141588.9000,-0.395030,-1.390395,-0.096809,0.474840,-0.565843,-0.583677,0.382849,-0.773172,-1.924761,-0.785975,0.189219
2015,10,GO,-0.866025,0.500000,3584.4800,1,0,1675514.0800,-0.372341,-1.404592,-0.075413,0.916348,-0.254025,-0.219644,0.830953,-0.460342,-1.627874,-0.521651,1.168794
2015,11,GO,-0.500000,0.866025,1344.1800,0,0,628317.7800,0.363431,-1.430357,-0.084198,0.252623,0.057793,-0.219644,0.221766,0.165319,-0.885659,-0.576974,0.679006
2015,12,GO,-2.4492936e-16,1.000000,896.1200,0,0,418878.5200,-0.129244,-1.383559,-0.103442,0.112276,-0.254025,0.144389,0.075327,-0.147512,-0.737216,-0.798269,1.168794
2016,1,GO,0.500000,0.866025,980.9000,0,0,495896.6200,0.888520,-1.430094,-0.171417,-0.261983,0.369611,0.144389,-0.252696,0.165319,0.004999,-0.620004,-0.300568
2016,2,GO,0.866025,0.500000,980.9000,0,0,495896.6200,0.000407,-1.379615,-0.082639,0.065494,-0.254025,-0.219644,0.019680,-0.147512,-0.291887,-0.908916,-0.300568
2016,3,GO,1.000000,6.123234e-17,980.9000,0,0,495896.6200,0.006890,-1.363841,-0.120441,-0.033919,0.057793,-0.037627,-0.065254,-0.147512,-0.291887,-0.970387,-0.300568
2016,4,GO,0.866025,-0.500000,1471.3500,0,0,743844.9300,-0.476062,-1.373043,-0.082400,0.036255,-0.877661,-0.765693,-0.044753,-1.086003,-0.588773,-0.945798,-0.300568
2016,5,GO,0.500000,-0.866025,3923.6000,1,0,1983586.4800,-0.291308,-1.320198,-0.151478,-0.422797,-0.877661,-0.947710,-0.484070,-0.773172,-0.737216,-1.179387,0.189219
2016,6,GO,1.2246468e-16,-1.000000,7356.7500,1,0,3719224.6500,-0.476062,-1.281288,-0.169934,-1.004653,-1.501297,-1.493759,-1.078613,-1.398833,-1.776318,-0.988828,0.679006
2016,7,GO,-0.500000,-0.866025,9809.0000,1,1,4958966.2000,-0.476062,-1.299428,-0.144589,-0.840915,-2.436751,-1.493759,-0.949746,-2.650154,-1.776318,-0.902769,-0.300568
2016,8,GO,-0.866025,-0.500000,9809.0000,1,1,4958966.2000,-0.469579,-1.330977,-0.128361,-0.355548,-1.501297,-1.311743,-0.457711,-1.711663,-1.924761,-0.755239,-0.300568
2016,9,GO,-1.000000,-1.8369702e-16,7356.7500,1,0,3719224.6500,-0.456614,-1.362789,-0.065682,0.419285,-1.189479,-0.401660,0.324273,-1.398833,-1.924761,-0.497063,0.189219
2016,10,GO,-0.866025,0.500000,3923.6000,1,0,1983586.4800,-0.038488,-1.411164,-0.082468,0.197069,-0.565843,-0.765693,0.136831,-0.773172,-1.182545,-0.607710,0.189219
2016,11,GO,-0.500000,0.866025,1471.3500,0,0,743844.9300,-0.164898,-1.426150,-0.147857,-0.232744,-0.565843,-0.037627,-0.240981,-0.147512,-0.291887,-0.724504,-0.300568
2016,12,GO,-2.4492936e-16,1.000000,980.9000,0,0,495896.6200,0.100887,-1.412479,-0.093068,-0.153799,-0.254025,-0.037627,-0.179477,-0.460342,-0.440330,-0.533945,-0.300568
2017,1,GO,0.500000,0.866025,1905.0200,0,0,924279.6000,-0.035247,-1.400648,-0.085135,-0.101168,-0.254025,-0.037627,-0.123830,-0.460342,-1.034102,-0.835151,-0.300568
2017,2,GO,0.866025,0.500000,1905.0200,0,0,924279.6000,0.065233,-1.405118,-0.106846,-0.244439,-0.254025,-0.219644,-0.264412,-0.147512,-0.440330,-0.872034,-0.300568
2017,3,GO,1.000000,6.123234e-17,1905.0200,0,0,924279.6000,0.256469,-1.396967,-0.122422,-0.133331,0.057793,-0.037627,-0.167762,-0.147512,-0.143444,-1.019563,-0.790355
2017,4,GO,0.866025,-0.500000,2857.5300,1,0,1386419.4000,-0.119520,-1.376198,-0.123006,-0.115788,-0.254025,-0.219644,-0.150189,-0.147512,-0.291887,-1.154798,-0.790355
2017,5,GO,0.500000,-0.866025,7620.0800,1,0,3697118.4000,-0.304274,-1.348592,-0.145194,-0.484199,-0.565843,-1.129726,-0.536788,-0.460342,-1.776318,-1.185534,-0.790355
2017,6,GO,1.2246468e-16,-1.000000,14287.6500,1,1,6932097.0000,-0.456614,-1.299166,-0.164387,-0.995881,-0.877661,-1.129726,-1.061040,-1.086003,-1.182545,-0.773680,0.679006
2017,7,GO,-0.500000,-0.866025,19050.2000,1,1,9242796.0000,-0.476062,-1.226077,-0.133371,-1.542650,-3.060387,-1.857792,-1.626295,-2.962984,-1.627874,-0.158974,0.679006
2017,8,GO,-0.866025,-0.500000,19050.2000,1,1,9242796.0000,-0.476062,-1.340705,-0.101555,-0.370167,-2.436751,-1.311743,-0.495785,-2.650154,-1.924761,-0.890475,-0.300568
2017,9,GO,-1.000000,-1.8369702e-16,14287.6500,1,1,6932097.0000,-0.414477,-1.329137,-0.068200,0.100581,-1.501297,-0.947710,0.007965,-1.398833,-1.924761,-0.005297,0.189219
2017,10,GO,-0.866025,0.500000,7620.0800,1,0,3697118.4000,-0.262137,-1.419315,-0.066913,0.653197,-0.565843,-0.583677,0.558576,-0.773172,-1.924761,-0.386415,-0.300568
2017,11,GO,-0.500000,0.866025,2857.5300,1,0,1386419.4000,0.165713,-1.440084,-0.122567,-0.142103,-0.565843,-0.401660,-0.158975,-0.460342,-0.885659,-0.706063,-0.790355
2017,12,GO,-2.4492936e-16,1.000000,1905.0200,0,0,924279.6000,0.318053,-1.431934,-0.141722,-0.343852,-0.254025,-0.219644,-0.358133,0.165319,-0.440330,-0.896622,-0.790355
2018,1,GO,0.500000,0.866025,664.0200,0,0,365340.9000,0.045785,-1.410902,-0.081565,-0.194733,0.369611,-0.219644,-0.235124,0.165319,-1.034102,-0.945798,0.189219
2018,2,GO,0.866025,0.500000,664.0200,0,0,365340.9000,0.272675,-1.424573,-0.114566,-0.238592,-0.254025,-0.037627,-0.264412,-0.147512,-0.440330,-0.951945,-0.790355
2018,3,GO,1.000000,6.123234e-17,664.0200,0,0,365340.9000,0.172195,-1.411427,-0.105253,-0.101168,0.057793,-0.219644,-0.153118,0.478149,-0.440330,-1.093328,0.679006
2018,4,GO,0.866025,-0.500000,996.0300,0,0,548011.3500,-0.051453,-1.353062,-0.147725,-0.504666,-0.254025,-0.401660,-0.536788,-0.460342,-0.291887,-1.001122,-0.300568
2018,5,GO,0.500000,-0.866025,2656.0800,1,0,1461363.6000,-0.450131,-1.318358,-0.150285,-0.957870,-1.189479,-2.221825,-1.022966,-1.398833,-1.776318,-1.099475,-0.300568
2018,6,GO,1.2246468e-16,-1.000000,4980.1500,1,0,2740056.7500,-0.476062,-1.292330,-0.170569,-0.940327,-1.189479,-1.311743,-1.017108,-1.398833,-1.330988,-1.259299,-0.790355
2018,7,GO,-0.500000,-0.866025,6640.2000,1,0,3653409.0000,-0.476062,-1.295222,-0.145258,-1.098218,-2.748569,-1.311743,-1.192835,-2.650154,-1.627874,-1.099475,0.189219
2018,8,GO,-0.866025,-0.500000,6640.2000,1,0,3653409.0000,-0.414477,-1.316780,-0.120266,-0.302917,-1.501297,-1.675776,-0.399135,-1.711663,-1.924761,-0.798269,0.189219
2018,9,GO,-1.000000,-1.8369702e-16,4980.1500,1,0,2740056.7500,-0.356134,-1.395127,-0.084036,0.112276,-0.877661,-1.311743,0.016751,-0.773172,-1.924761,-0.730651,-0.790355
2018,10,GO,-0.866025,0.500000,2656.0800,1,0,1461363.6000,-0.002834,-1.414319,-0.126129,0.147363,-0.565843,-0.037627,0.116330,-0.460342,-0.588773,-0.908916,0.679006
2018,11,GO,-0.500000,0.866025,996.0300,0,0,548011.3500,0.097646,-1.423258,-0.176457,-0.314613,-0.254025,-0.037627,-0.325916,-0.147512,0.004999,-0.927357,-0.790355
2018,12,GO,-2.4492936e-16,1.000000,664.0200,0,0,365340.9000,0.104128,-1.396179,-0.077309,-0.063158,-0.254025,-0.219644,-0.112115,-0.147512,-1.182545,-0.742945,-0.300568
2019,1,GO,0.500000,0.866025,805.2200,0,0,377117.4400,-0.301032,-1.362789,-0.053774,0.080113,-0.565843,-0.219644,0.016751,-0.147512,-0.885659,-0.792122,-0.300568
2019,2,GO,0.866025,0.500000,805.2200,0,0,377117.4400,0.214332,-1.399859,-0.104511,-0.092397,-0.254025,-0.037627,-0.138474,0.165319,-0.737216,-0.859739,-0.300568
2019,3,GO,1.000000,6.123234e-17,805.2200,0,0,377117.4400,-0.051453,-1.376986,-0.128421,-0.133331,-0.254025,-0.037627,-0.161904,-0.147512,-0.143444,-1.007269,-0.300568
2019,4,GO,0.866025,-0.500000,1207.8300,0,0,565676.1600,0.373155,-1.376461,-0.134794,-0.226896,-0.254025,-0.219644,-0.264412,-0.147512,-0.291887,-1.326916,-0.300568
2019,5,GO,0.500000,-0.866025,3220.8800,1,0,1508469.7600,-0.333445,-1.355428,-0.165427,-0.487123,-0.565843,-0.947710,-0.539717,-0.460342,-0.737216,-1.333063,-1.280142
2019,6,GO,1.2246468e-16,-1.000000,6039.1500,1,0,2828380.8000,-0.476062,-1.279710,-0.166718,-1.013425,-1.501297,-1.311743,-1.104972,-1.398833,-1.034102,-0.921210,-0.300568
2019,7,GO,-0.500000,-0.866025,8052.2000,1,0,3771174.4000,-0.476062,-1.291541,-0.159394,-1.171315,-1.501297,-2.221825,-1.274841,-1.711663,-1.776318,-0.939651,-0.300568
2019,8,GO,-0.866025,-0.500000,8052.2000,1,0,3771174.4000,-0.476062,-1.285231,-0.128809,-0.288298,-2.748569,-1.129726,-0.393278,-2.962984,-1.924761,-0.669180,0.189219
2019,9,GO,-1.000000,-1.8369702e-16,6039.1500,1,0,2828380.8000,-0.417719,-1.375672,-0.090128,0.726295,-1.189479,-0.401660,0.605436,-1.398833,-1.924761,-0.712210,-0.300568
2019,10,GO,-0.866025,0.500000,3220.8800,1,0,1508469.7600,-0.249172,-1.413531,-0.084394,0.542089,-0.877661,-0.219644,0.467784,-1.086003,-1.776318,-0.706063,-0.300568
2019,11,GO,-0.500000,0.866025,1207.8300,0,0,565676.1600,0.052268,-1.437981,-0.098010,0.173678,-0.254025,0.144389,0.110472,-0.147512,-0.885659,-0.816710,0.189219
2019,12,GO,-2.4492936e-16,1.000000,805.2200,0,0,377117.4400,0.211091,-1.419315,-0.101384,-0.025147,0.057793,-0.037627,-0.065254,-0.147512,-0.440330,-0.915063,-0.300568
2020,1,GO,0.500000,0.866025,759.8400,0,0,358957.8400,0.506048,-1.424573,-0.439380,-0.069006,-0.254025,0.144389,-0.091613,0.165319,-0.440330,-0.712210,-0.300568
2020,2,GO,0.866025,0.500000,759.8400,0,0,358957.8400,0.930656,-1.391972,-0.439380,-0.218124,-0.254025,0.144389,-0.238053,0.165319,0.153442,-1.044151,-0.300568
2020,3,GO,1.000000,6.123234e-17,759.8400,0,0,358957.8400,-0.122762,-1.397230,-0.439380,-0.109940,-0.254025,-0.037627,-0.138474,-0.147512,-0.291887,-1.197828,-0.790355
2020,4,GO,0.866025,-0.500000,1139.7600,0,0,538436.7600,-0.122762,-1.353588,-0.439380,-0.323385,-0.254025,-0.583677,-0.358133,0.165319,-0.291887,-1.191681,-0.790355
2020,5,GO,0.500000,-0.866025,3039.3600,1,0,1435831.3600,-0.450131,-1.313363,-0.439380,-1.133304,-0.877661,-2.039809,-1.186978,-0.773172,-1.776318,-1.376093,-0.790355
2020,6,GO,1.2246468e-16,-1.000000,5698.8000,1,0,2692183.8000,-0.476062,-1.302320,-0.439380,-1.004653,-1.501297,-1.493759,-1.081541,-1.711663,-1.330988,-1.124063,0.189219
2020,7,GO,-0.500000,-0.866025,7598.4000,1,0,3589578.4000,-0.476062,-1.308104,-0.439380,-0.914012,-2.436751,-1.129726,-1.017108,-2.337324,-1.627874,-0.933504,-0.300568
2020,8,GO,-0.866025,-0.500000,7598.4000,1,0,3589578.4000,-0.476062,-1.321513,-0.439380,-0.522210,-2.748569,-1.493759,-0.630509,-2.650154,-1.924761,-0.497063,-0.300568
2020,9,GO,-1.000000,-1.8369702e-16,5698.8000,1,0,2692183.8000,-0.476062,-1.365156,-0.439380,0.553785,-1.501297,-0.401660,0.435567,-1.711663,-1.924761,-0.503210,-0.300568
2020,10,GO,-0.866025,0.500000,3039.3600,1,0,1435831.3600,-0.116279,-1.422732,-0.439380,0.486535,-0.254025,-0.219644,0.417994,-0.147512,-1.924761,-0.675327,-0.790355
2020,11,GO,-0.500000,0.866025,1139.7600,0,0,538436.7600,0.045785,-1.416160,-0.439380,0.033331,-0.565843,-0.401660,-0.030109,-0.460342,-0.737216,-0.847445,0.189219
2020,12,GO,-2.4492936e-16,1.000000,759.8400,0,0,358957.8400,0.230539,-1.421418,-0.439380,0.050874,-0.565843,-0.037627,0.025538,-0.460342,-0.737216,-1.007269,-0.790355
2021,1,GO,0.500000,0.866025,810.4200,0,0,522595.9000,0.194884,-1.415108,-0.439380,-0.054386,-0.254025,-0.037627,-0.091613,0.165319,-0.291887,-1.185534,-0.300568
2021,2,GO,0.866025,0.500000,810.4200,0,0,522595.9000,1.050584,-1.435089,-0.439380,-0.340928,-0.254025,-0.037627,-0.355204,0.165319,-0.143444,-1.031857,-0.790355
2021,3,GO,1.000000,6.123234e-17,810.4200,0,0,522595.9000,0.188402,-1.395916,-0.439380,-0.399406,-0.254025,-0.401660,-0.428423,-0.460342,-0.885659,-1.363799,-0.790355
2021,4,GO,0.866025,-0.500000,1215.6300,0,0,783893.8500,-0.064418,-1.380930,-0.439380,-0.490047,-0.565843,-0.947710,-0.545575,-0.460342,-1.330988,-1.296181,-0.300568
2021,5,GO,0.500000,-0.866025,3241.6800,1,0,2090383.6000,-0.476062,-1.328611,-0.439380,-0.802904,-1.189479,-1.129726,-0.876527,-1.086003,-1.034102,-1.400681,-0.300568
2021,6,GO,1.2246468e-16,-1.000000,6078.1500,1,0,3919469.2500,-0.476062,-1.311259,-0.439380,-1.095294,-1.501297,-2.221825,-1.175262,-1.711663,-1.924761,-1.283887,-0.790355
2021,7,GO,-0.500000,-0.866025,8104.2000,1,0,5225959.0000,-0.476062,-1.274452,-0.439380,-1.413999,-2.748569,-2.221825,-1.544289,-2.337324,-1.924761,-1.056445,-0.790355
2021,8,GO,-0.866025,-0.500000,8104.2000,1,0,5225959.0000,-0.446890,-1.318358,-0.439380,-0.343852,-1.813115,-1.129726,-0.463569,-2.024493,-1.776318,-0.841298,-0.790355
2021,9,GO,-1.000000,-1.8369702e-16,6078.1500,1,0,3919469.2500,-0.469579,-1.385137,-0.439380,0.705827,-1.189479,-0.583677,0.582006,-1.398833,-1.924761,-0.964239,0.189219
2021,10,GO,-0.866025,0.500000,3241.6800,1,0,2090383.6000,-0.229724,-1.413531,-0.439380,0.547937,-0.565843,0.144389,0.432638,-0.460342,-1.034102,-0.478621,1.168794
2021,11,GO,-0.500000,0.866025,1215.6300,0,0,783893.8500,0.305088,-1.440873,-0.439380,-0.253211,-0.254025,-0.037627,-0.270269,-0.147512,-0.143444,-1.050298,-0.790355
2021,12,GO,-2.4492936e-16,1.000000,810.4200,0,0,522595.9000,0.081439,-1.466375,-0.439380,-0.206429,0.057793,-0.219644,-0.229266,0.165319,-0.291887,-1.050298,-0.790355
2022,1,GO,0.500000,0.866025,889.6000,0,0,556178.2000,-0.476062,-1.423521,-0.439380,-0.264907,-0.254025,-0.219644,-0.287842,-0.147512,-0.588773,-0.872034,-0.790355
2022,2,GO,0.866025,0.500000,889.6000,0,0,556178.2000,-0.476062,-1.412742,-0.439380,-0.226896,-0.254025,-0.219644,-0.255625,-0.460342,-0.291887,-1.038004,0.189219
2022,3,GO,1.000000,6.123234e-17,889.6000,0,0,556178.2000,-0.301032,-1.404855,-0.439380,-0.060234,-0.254025,-0.219644,-0.112115,-0.147512,-0.440330,-1.197828,-0.790355
2022,4,GO,0.866025,-0.500000,1334.4000,0,0,834267.3000,-0.433925,-1.389343,-0.439380,-0.089473,-0.254025,-0.765693,-0.156047,-0.460342,-1.182545,-1.154798,-0.790355
2022,5,GO,0.500000,-0.866025,3558.4000,1,0,2224712.8000,-0.466338,-1.329400,-0.439380,-1.033892,-1.501297,-2.403842,-1.110829,-1.086003,-1.924761,-1.197828,-0.790355
2022,6,GO,1.2246468e-16,-1.000000,6672.0000,1,0,4171336.5000,-0.466338,-1.328874,-0.439380,-0.998805,-1.189479,-1.311743,-1.090328,-1.398833,-1.924761,-1.253152,-0.790355
2022,7,GO,-0.500000,-0.866025,8896.0000,1,1,5561782.0000,-0.476062,-1.306001,-0.439380,-0.975414,-3.060387,-1.493759,-1.090328,-2.962984,-1.924761,-1.074887,-0.790355
2022,8,GO,-0.866025,-0.500000,8896.0000,1,1,5561782.0000,-0.476062,-1.329926,-0.439380,-0.396482,-2.436751,-1.857792,-0.516287,-2.650154,-1.924761,-0.656886,-0.300568
2022,9,GO,-1.000000,-1.8369702e-16,6672.0000,1,0,4171336.5000,-0.352893,-1.379615,-0.439380,0.328645,-0.877661,-0.947710,0.239339,-0.773172,-1.924761,-0.638445,-0.790355
2022,10,GO,-0.866025,0.500000,3558.4000,1,0,2224712.8000,-0.138968,-1.405118,-0.439380,0.188298,-0.565843,-0.219644,0.119259,-0.147512,-1.924761,-0.755239,0.679006
2022,11,GO,-0.500000,0.866025,1334.4000,0,0,834267.3000,-0.116279,-1.430620,-0.439380,-0.352624,-0.565843,-0.583677,-0.410851,0.165319,-1.034102,-0.730651,-0.300568
2022,12,GO,-2.4492936e-16,1.000000,889.6000,0,0,556178.2000,0.927415,-1.444554,-0.439380,-0.399406,-0.254025,-0.037627,-0.425495,-0.147512,0.004999,-0.988828,0.189219
2023,1,GO,0.500000,0.866025,819.2000,0,0,524944.4400,0.648665,-1.402226,-0.439380,-0.478351,-0.254025,-0.037627,-0.504572,-0.147512,-0.291887,-1.093328,0.189219
2023,2,GO,0.866025,0.500000,819.2000,0,0,524944.4400,0.058750,-1.391709,-0.439380,-0.071929,-0.565843,-0.037627,-0.120901,-0.460342,0.004999,-1.136357,-0.790355
2023,3,GO,1.000000,6.123234e-17,819.2000,0,0,524944.4400,-0.009317,-1.378827,-0.439380,-0.305841,-0.254025,-0.401660,-0.328845,-0.460342,-1.479431,-1.437563,-0.790355
2023,4,GO,0.866025,-0.500000,1228.8000,0,0,787416.6600,-0.012558,-1.387240,-0.439380,-0.390634,-0.254025,-0.583677,-0.437210,0.165319,-0.291887,-1.247004,-0.790355
2023,5,GO,0.500000,-0.866025,3276.8000,1,0,2099777.7600,-0.472820,-1.330977,-0.439380,-0.864306,-1.189479,-1.311743,-0.949746,-1.398833,-1.330988,-1.499034,-0.790355
2023,6,GO,1.2246468e-16,-1.000000,6144.0000,1,0,3937083.3000,-0.437166,-1.286809,-0.439380,-1.124533,-1.501297,-1.311743,-1.201621,-1.398833,-1.479431,-1.437563,-1.280142
2023,7,GO,-0.500000,-0.866025,8192.0000,1,0,5249444.4000,-0.476062,-1.288649,-0.439380,-0.928632,-2.124933,-1.493759,-1.025895,-2.024493,-1.627874,-1.333063,-0.300568
2023,8,GO,-0.866025,-0.500000,8192.0000,1,0,5249444.4000,-0.417719,-1.340968,-0.439380,-0.256135,-0.877661,-1.129726,-0.361061,-1.086003,-1.924761,-1.160946,-0.300568
2023,9,GO,-1.000000,-1.8369702e-16,6144.0000,1,0,3937083.3000,-0.365858,-1.380141,-0.439380,0.612263,-0.254025,-0.401660,0.523431,-0.147512,-1.776318,-0.878181,-0.300568
2023,10,GO,-0.866025,0.500000,3276.8000,1,0,2099777.7600,-0.236207,-1.422469,-0.439380,0.793544,-0.254025,0.144389,0.716730,-0.147512,-1.182545,-0.958092,0.189219
2023,11,GO,-0.500000,0.866025,1228.8000,0,0,787416.6600,0.061992,-1.425361,-0.439380,0.629806,-0.254025,-0.219644,0.555647,-0.460342,-1.479431,-0.872034,-0.300568
2023,12,GO,-2.4492936e-16,1.000000,819.2000,0,0,524944.4400,0.204608,-1.419315,-0.439380,0.290634,0.057793,0.144389,0.239339,0.165319,-1.330988,-0.976534,-0.300568
2007,7,PB,-0.500000,-0.866025,1923.6000,0,0,567936.2000,-0.346086,0.675274,-0.123913,-0.147951,-0.035752,0.235397,-0.109186,-0.116229,0.613616,0.707762,0.483092
2007,8,PB,-0.866025,-0.500000,1923.6000,0,0,567936.2000,0.380610,0.687105,-0.108197,-0.121636,0.088975,0.126188,-0.100400,0.008903,0.361263,1.765057,0.679006
2007,9,PB,-1.000000,-1.8369702e-16,1442.7000,0,0,425952.1500,-0.227131,0.697884,-0.080231,0.004092,0.026611,0.253599,0.028467,0.071469,0.450328,1.967910,0.336155
2007,10,PB,-0.866025,0.500000,769.4400,0,0,227174.4800,-0.398919,0.641622,-0.039740,0.235080,-0.129298,0.381011,0.265698,-0.116229,0.376107,1.396233,0.238198
2007,11,PB,-0.500000,0.866025,288.5400,0,0,85190.4300,-0.384009,0.596139,-0.017135,0.416362,0.120157,0.672237,0.461926,0.102752,0.539394,0.898321,0.091262
2007,12,PB,-2.4492936e-16,1.000000,192.3600,0,0,56793.6200,-0.437815,0.590355,-0.027062,0.597643,0.213702,0.544825,0.634724,0.196602,0.465173,0.842998,-0.104653
2008,1,PB,0.500000,0.866025,263.1400,0,0,79408.6400,-0.169436,0.574318,-0.061941,0.638578,0.307248,0.690439,0.672798,0.165319,0.480017,0.646291,0.042283
2008,2,PB,0.866025,0.500000,263.1400,0,0,79408.6400,-0.410588,0.593773,-0.004183,0.828631,0.307248,0.708640,0.860240,0.227885,0.672993,0.381968,-0.496483
2008,3,PB,1.000000,6.123234e-17,263.1400,0,0,79408.6400,0.342039,0.564853,-0.060966,0.629806,0.494338,0.690439,0.655226,0.509432,0.776903,-0.374121,-0.790355
2008,4,PB,0.866025,-0.500000,394.7100,0,0,119112.9600,0.531330,0.556703,-0.108853,0.407590,0.525520,0.490221,0.438496,0.634564,0.821436,-0.404857,-0.398525
2008,5,PB,0.500000,-0.866025,1052.5600,0,0,317634.5600,0.673298,0.599820,-0.144674,0.249699,0.556702,0.508422,0.286199,0.509432,0.940190,0.080762,0.287177
2008,6,PB,1.2246468e-16,-1.000000,1973.5500,0,0,595564.8000,0.745255,0.648195,-0.159518,-0.071929,0.213702,0.126188,-0.033038,0.196602,0.613616,0.836850,0.238198
2008,7,PB,-0.500000,-0.866025,2631.4000,1,0,794086.4000,0.296013,0.688945,-0.162602,-0.206429,0.088975,0.198994,-0.173619,0.040186,0.583927,1.408527,0.825943
2008,8,PB,-0.866025,-0.500000,2631.4000,1,0,794086.4000,0.495676,0.656871,-0.104162,-0.197657,-0.004570,0.126188,-0.167762,-0.022380,0.420640,1.027409,0.189219
2008,9,PB,-1.000000,-1.8369702e-16,1973.5500,0,0,595564.8000,-0.161657,0.670279,-0.057268,0.199993,0.151339,0.344607,0.239339,0.008903,0.658149,1.537616,0.287177
2008,10,PB,-0.866025,0.500000,1052.5600,0,0,317634.5600,-0.327611,0.648983,-0.044717,0.360807,0.026611,0.526624,0.397493,0.196602,0.598771,1.525322,0.630028
2008,11,PB,-0.500000,0.866025,394.7100,0,0,119112.9600,-0.451428,0.601660,-0.026533,0.530394,0.244884,0.672237,0.564433,0.196602,0.658149,0.707762,-0.104653
2008,12,PB,-2.4492936e-16,1.000000,263.1400,0,0,79408.6400,-0.331500,0.580890,-0.034095,0.603491,0.244884,0.726842,0.640582,0.290451,0.702682,0.381968,-0.398525
2009,1,PB,0.500000,0.866025,88.9000,0,0,27674.7800,-0.187587,0.596928,-0.029277,0.670741,0.400793,0.490221,0.699157,0.415583,0.598771,0.437291,-0.300568
2009,2,PB,0.866025,0.500000,88.9000,0,0,27674.7800,0.312867,0.572740,-0.091215,0.509926,0.650247,0.508422,0.538074,0.540715,0.999568,-0.023739,-0.398525
2009,3,PB,1.000000,6.123234e-17,88.9000,0,0,27674.7800,-0.001537,0.563013,-0.033107,0.708751,0.681429,0.708640,0.740160,0.603281,0.865969,-0.177415,-0.692398
2009,4,PB,0.866025,-0.500000,133.3500,0,0,41512.1700,0.959828,0.586937,-0.120356,0.507002,0.868520,0.690439,0.543932,0.790979,0.925346,-0.644592,-0.447504
2009,5,PB,0.500000,-0.866025,355.6000,0,0,110699.1200,1.180235,0.599031,-0.176065,0.249699,0.681429,0.617632,0.300843,0.509432,1.058945,-0.423298,-0.055674
2009,6,PB,1.2246468e-16,-1.000000,666.7500,0,0,207560.8500,0.450298,0.650298,-0.164272,0.053798,0.587884,0.344607,0.092900,0.665847,0.836280,0.197556,-0.104653
2009,7,PB,-0.500000,-0.866025,889.0000,0,0,276747.8000,0.947511,0.674223,-0.159215,-0.109940,0.276066,0.290002,-0.088685,0.290451,0.880813,0.338938,-0.104653
2009,8,PB,-0.866025,-0.500000,889.0000,0,0,276747.8000,0.045137,0.672119,-0.084219,0.068418,0.213702,0.253599,0.089971,0.196602,0.094065,0.750792,0.434113
2009,9,PB,-1.000000,-1.8369702e-16,666.7500,0,0,207560.8500,-0.315294,0.683162,-0.078216,0.319873,0.276066,0.180792,0.353561,0.165319,0.539394,0.683174,-0.104653
2009,10,PB,-0.866025,0.500000,355.6000,0,0,110699.1200,-0.458559,0.618749,0.010669,0.501155,0.057793,0.362809,0.535146,0.008903,0.465173,0.523350,-0.104653
2009,11,PB,-0.500000,0.866025,133.3500,0,0,41512.1700,-0.288067,0.607181,-0.006935,0.574252,0.307248,0.635834,0.602508,0.290451,0.509706,0.793821,-0.447504
2009,12,PB,-2.4492936e-16,1.000000,88.9000,0,0,27674.7800,-0.355486,0.603237,-0.052637,0.656121,0.556702,0.726842,0.702086,0.540715,0.672993,0.369674,-0.496483
2010,1,PB,0.500000,0.866025,226.5800,0,0,70506.1800,-0.120169,0.599031,-0.080653,0.638578,0.619065,0.526624,0.669870,0.478149,0.880813,0.099203,-0.251589
2010,2,PB,0.866025,0.500000,226.5800,0,0,70506.1800,-0.308163,0.583519,-0.071809,0.878337,0.587884,0.745044,0.924674,0.697130,1.044101,0.437291,0.091262
2010,3,PB,1.000000,6.123234e-17,226.5800,0,0,70506.1800,-0.346410,0.582994,-0.038646,0.963130,0.774974,0.708640,0.983249,0.822262,0.851125,0.031585,-0.349547
2010,4,PB,0.866025,-0.500000,339.8700,0,0,105759.2700,0.066530,0.577998,-0.104328,0.773077,1.055611,0.817850,0.807522,1.009960,1.103478,0.283615,-0.104653
2010,5,PB,0.500000,-0.866025,906.3200,0,0,282024.7200,-0.174622,0.599294,-0.106092,0.609339,1.086792,0.635834,0.637653,0.916111,0.955035,0.185262,0.434113
2010,6,PB,1.2246468e-16,-1.000000,1699.3500,0,0,528796.3500,0.239614,0.664232,0.074754,0.512850,0.556702,0.435616,0.491214,0.478149,0.732370,1.088880,0.140241
2010,7,PB,-0.500000,-0.866025,2265.8000,0,0,705061.8000,-0.419015,0.674748,0.273097,0.568404,0.431975,0.654035,0.491214,0.509432,0.643304,2.625646,0.140241
2010,8,PB,-0.866025,-0.500000,2265.8000,0,0,705061.8000,-0.307515,0.698147,0.435776,0.410514,-0.098116,0.508422,0.268627,0.040186,0.242508,2.779323,0.776964
2010,9,PB,-1.000000,-1.8369702e-16,1699.3500,0,0,528796.3500,-0.212545,0.668176,0.047180,0.167830,-0.035752,0.308204,0.157333,-0.116229,0.242508,1.820381,0.825943
2010,10,PB,-0.866025,0.500000,906.3200,0,0,282024.7200,-0.336038,0.620326,-0.022976,0.457296,0.151339,0.198994,0.502929,0.040186,0.450328,0.738497,0.434113
2010,11,PB,-0.500000,0.866025,339.8700,0,0,105759.2700,-0.459207,0.585097,-0.007029,0.612263,-0.004570,0.544825,0.652297,0.008903,0.405795,0.892174,0.091262
2010,12,PB,-2.4492936e-16,1.000000,226.5800,0,0,70506.1800,-0.314646,0.548815,-0.035825,0.650273,0.182520,0.654035,0.690371,0.321734,0.598771,0.713909,0.042283
2011,1,PB,0.500000,0.866025,72.5400,0,0,23939.0400,0.110611,0.552759,-0.065026,0.530394,0.681429,0.581229,0.561505,0.540715,0.702682,0.302056,-0.251589
2011,2,PB,0.866025,0.500000,72.5400,0,0,23939.0400,-0.081273,0.570374,-0.041977,0.697056,0.587884,0.672237,0.740160,0.697130,0.583927,0.332791,-0.496483
2011,3,PB,1.000000,6.123234e-17,72.5400,0,0,23939.0400,-0.158416,0.560646,-0.001184,0.743838,0.556702,0.672237,0.766519,0.697130,0.791747,-0.318798,-0.790355
2011,4,PB,0.866025,-0.500000,108.8100,0,0,35908.5600,1.281039,0.569585,-0.037402,0.390046,0.774974,0.581229,0.426781,0.853545,0.910502,-0.079062,-0.055674
2011,5,PB,0.500000,-0.866025,290.1600,0,0,95756.1600,0.780261,0.599031,-0.046809,0.220460,0.681429,0.472019,0.265698,0.728413,0.895658,0.560233,-0.006696
2011,6,PB,1.2246468e-16,-1.000000,544.0500,0,0,179542.8000,0.435064,0.647406,-0.052351,0.036255,0.276066,0.198994,0.084113,0.321734,0.405795,0.670880,0.238198
2011,7,PB,-0.500000,-0.866025,725.4000,0,0,239390.4000,0.926443,0.662655,-0.073819,-0.221048,0.369611,0.271801,-0.176548,0.290451,0.361263,0.898321,0.189219
2011,8,PB,-0.866025,-0.500000,725.4000,0,0,239390.4000,0.084033,0.686316,0.035877,-0.124560,0.026611,0.144389,-0.091613,0.134035,0.539394,0.830703,0.287177
2011,9,PB,-1.000000,-1.8369702e-16,544.0500,0,0,179542.8000,-0.387899,0.695781,-0.055018,0.129820,-0.066934,0.253599,0.160262,-0.116229,0.465173,1.986352,0.434113
2011,10,PB,-0.866025,0.500000,290.1600,0,0,95756.1600,-0.407346,0.606392,-0.042531,0.390046,0.400793,0.453817,0.417994,0.227885,0.168287,0.756939,-0.202610
2011,11,PB,-0.500000,0.866025,108.8100,0,0,35908.5600,-0.345114,0.603500,-0.034705,0.536241,0.587884,0.581229,0.570291,0.415583,0.747214,0.658586,-0.251589
2011,12,PB,-2.4492936e-16,1.000000,72.5400,0,0,23939.0400,-0.381416,0.604552,-0.026222,0.618111,0.057793,0.581229,0.658154,0.134035,0.272197,0.750792,-0.594440
2012,1,PB,0.500000,0.866025,246.2200,0,0,79541.4600,0.183216,0.607181,-0.086349,0.454372,0.338429,0.581229,0.494143,0.353017,0.212819,0.449585,-0.349547
2012,2,PB,0.866025,0.500000,246.2200,0,0,79541.4600,-0.449483,0.616383,-0.048129,0.746762,0.026611,0.635834,0.743089,-0.053663,0.836280,0.984380,-0.153632
2012,3,PB,1.000000,6.123234e-17,246.2200,0,0,79541.4600,-0.476062,0.636890,-0.058883,0.884185,-0.363161,1.576859,0.842668,-0.497882,1.189575,1.045851,-1.289938
2012,4,PB,0.866025,-0.500000,369.3300,0,0,119312.1900,-0.476062,0.643462,-0.086839,0.948511,-0.391225,1.635104,0.910030,-0.510395,1.168793,1.051998,-1.265449
2012,5,PB,0.500000,-0.866025,984.8800,0,0,318165.8400,-0.476062,0.650035,-0.114796,1.009913,-0.419288,1.691529,0.974463,-0.522908,1.148011,1.058145,-1.240959
2012,6,PB,1.2246468e-16,-1.000000,1846.6500,0,0,596560.9500,-0.476062,0.656871,-0.142749,1.071315,-0.447352,1.749775,1.038896,-0.535421,1.127229,1.064292,-1.216470
2012,7,PB,-0.500000,-0.866025,2462.2000,1,0,795414.6000,-0.476062,0.663443,-0.170705,1.132717,-0.475416,1.806200,1.103329,-0.547935,1.104962,1.070439,-1.191981
2012,8,PB,-0.866025,-0.500000,2462.2000,1,0,795414.6000,-0.476062,0.670279,-0.199118,1.197042,-0.506597,1.862625,1.170691,-0.563576,1.084180,1.076586,-1.167491
2012,9,PB,-1.000000,-1.8369702e-16,1846.6500,0,0,596560.9500,-0.476062,0.677115,-0.227075,1.258444,-0.534661,1.920870,1.235124,-0.576089,1.063398,1.082733,-1.143002
2012,10,PB,-0.866025,0.500000,984.8800,0,0,318165.8400,-0.476062,0.683687,-0.255032,1.322770,-0.562725,1.977295,1.302486,-0.588602,1.041132,1.088880,-1.118512
2012,11,PB,-0.500000,0.866025,369.3300,0,0,119312.1900,-0.476062,0.690260,-0.282989,1.384172,-0.590788,2.035541,1.366919,-0.601116,1.021834,1.095027,-1.094023
2012,12,PB,-2.4492936e-16,1.000000,246.2200,0,0,79541.4600,-0.469579,0.640570,-0.092719,0.963130,0.057793,1.127278,0.974463,0.008903,0.762059,0.842998,-0.692398
2013,1,PB,0.500000,0.866025,89.9400,0,0,28715.8800,-0.345114,0.644251,-0.003561,0.767229,0.463157,0.836052,0.775306,0.571998,0.791747,0.670880,-0.349547
2013,2,PB,0.866025,0.500000,89.9400,0,0,28715.8800,-0.337335,0.623481,-0.008789,0.895881,0.619065,0.836052,0.912958,0.509432,0.880813,1.242557,-0.202610
2013,3,PB,1.000000,6.123234e-17,89.9400,0,0,28715.8800,-0.397623,0.631106,0.003924,0.983598,0.743793,0.890657,1.009608,0.884828,0.747214,0.787674,-0.006696
2013,4,PB,0.866025,-0.500000,134.9100,0,0,43073.8200,0.427609,0.635312,-0.068268,0.676588,0.837338,0.617632,0.678656,0.853545,0.865969,0.259026,-0.251589
2013,5,PB,0.500000,-0.866025,359.7600,0,0,114863.5200,0.066530,0.659763,-0.097955,0.474840,0.681429,0.399212,0.491214,0.665847,0.717526,0.394262,-0.104653
2013,6,PB,1.2246468e-16,-1.000000,674.5500,0,0,215369.1000,0.040275,0.691049,0.218926,-0.045614,0.806156,0.399212,-0.071112,0.759696,0.493377,-0.337239,-0.153632
2013,7,PB,-0.500000,-0.866025,899.4000,0,0,287158.8000,0.051296,0.726541,0.196120,0.179526,0.556702,0.271801,-0.100400,0.509432,-0.291887,0.603262,-0.398525
2013,8,PB,-0.866025,-0.500000,899.4000,0,0,287158.8000,0.373803,0.708138,-0.098969,0.007016,0.088975,0.198994,0.028467,0.165319,0.569083,1.328616,0.140241
2013,9,PB,-1.000000,-1.8369702e-16,674.5500,0,0,215369.1000,0.495028,0.712081,-0.053523,0.132743,0.431975,0.235397,0.139760,0.446866,0.509706,1.334763,-0.006696
2013,10,PB,-0.866025,0.500000,359.7600,0,0,114863.5200,-0.351596,0.685791,-0.010817,0.460220,0.182520,0.654035,0.467784,0.321734,0.569083,0.990527,0.091262
2013,11,PB,-0.500000,0.866025,134.9100,0,0,43073.8200,-0.347059,0.636101,-0.019299,0.480687,0.213702,0.544825,0.494143,0.290451,0.702682,0.972086,-0.496483
2013,12,PB,-2.4492936e-16,1.000000,89.9400,0,0,28715.8800,-0.434573,0.636627,-0.016743,0.691208,0.213702,0.981665,0.696229,0.102752,0.791747,0.824556,-0.545461
2014,1,PB,0.500000,0.866025,95.7200,0,0,30745.6000,-0.225834,0.649509,-0.013603,0.641502,0.213702,0.690439,0.652297,0.478149,0.717526,1.033557,-0.398525
2014,2,PB,0.866025,0.500000,95.7200,0,0,30745.6000,0.047082,0.619275,-0.041632,0.585948,0.556702,0.563027,0.590792,0.478149,0.925346,0.369674,-0.692398
2014,3,PB,1.000000,6.123234e-17,95.7200,0,0,30745.6000,0.045137,0.632420,-0.024139,0.702904,0.837338,0.672237,0.707944,0.759696,0.687837,0.345085,-0.692398
2014,4,PB,0.866025,-0.500000,143.5800,0,0,46118.4000,-0.062474,0.634524,-0.054205,0.720447,0.806156,0.617632,0.728445,0.634564,0.925346,0.074614,-0.545461
2014,5,PB,0.500000,-0.866025,382.8800,0,0,122982.4000,0.509937,0.646354,-0.109339,0.246775,0.837338,0.381011,0.259840,0.697130,0.955035,0.320497,-0.349547
2014,6,PB,1.2246468e-16,-1.000000,717.9000,0,0,230592.0000,0.455484,0.692363,-0.140912,0.100581,0.587884,0.235397,0.110472,0.540715,0.702682,0.972086,-0.398525
2014,7,PB,-0.500000,-0.866025,957.2000,0,0,307456.0000,-0.001537,0.754410,-0.121732,-0.030995,0.307248,0.162591,-0.027180,0.540715,0.628460,1.002821,0.140241
2014,8,PB,-0.866025,-0.500000,957.2000,0,0,307456.0000,-0.335390,0.744682,-0.016048,0.074265,0.088975,0.162591,0.081185,0.259168,0.346418,1.513028,0.189219
2014,9,PB,-1.000000,-1.8369702e-16,717.9000,0,0,230592.0000,0.240911,0.721546,-0.049953,0.115200,0.307248,0.235397,0.107544,0.384300,0.776903,1.273292,-0.104653
2014,10,PB,-0.866025,0.500000,382.8800,0,0,122982.4000,-0.386602,0.692889,0.063383,0.553785,0.057793,0.708640,0.552718,0.290451,0.747214,1.660557,-0.055674
2014,11,PB,-0.500000,0.866025,143.5800,0,0,46118.4000,-0.412533,0.654242,-0.179537,0.571328,0.026611,0.817850,0.576149,0.165319,0.613616,0.683174,-0.888313
2014,12,PB,-2.4492936e-16,1.000000,95.7200,0,0,30745.6000,-0.476062,0.661866,-0.379201,0.606415,0.712611,0.708640,0.608365,0.571998,0.806592,0.701615,-0.594440
2015,1,PB,0.500000,0.866025,48.6200,0,0,15413.3600,-0.476062,0.677115,-0.296021,0.667817,0.463157,0.417414,0.669870,0.540715,0.687837,0.750792,-0.643419
2015,2,PB,0.866025,0.500000,48.6200,0,0,15413.3600,-0.476062,0.649246,-0.216867,0.805240,0.681429,0.708640,0.822166,0.665847,1.044101,0.535644,-0.349547
2015,3,PB,1.000000,6.123234e-17,48.6200,0,0,15413.3600,-0.476062,0.635575,-0.137713,0.635654,1.055611,0.617632,0.652297,1.479206,0.865969,0.289762,-0.496483
2015,4,PB,0.866025,-0.500000,72.9300,0,0,23120.0400,-0.476062,0.640833,-0.055879,0.884185,0.774974,0.399212,0.895386,0.947394,0.836280,0.185262,-1.035249
2015,5,PB,0.500000,-0.866025,194.4800,0,0,61653.4400,-0.476062,0.670279,0.025959,0.720447,0.837338,0.544825,0.757733,0.822262,0.895658,0.418850,-0.055674
2015,6,PB,1.2246468e-16,-1.000000,364.6500,0,0,115600.2000,0.233780,0.716551,0.063728,0.349112,0.587884,0.381011,0.450211,0.478149,0.554238,0.836850,-0.545461
2015,7,PB,-0.500000,-0.866025,486.2000,0,0,154133.6000,0.566336,0.729959,-0.095288,0.068418,0.525520,0.217196,0.081185,0.728413,0.747214,0.978233,-0.643419
2015,8,PB,-0.866025,-0.500000,486.2000,0,0,154133.6000,-0.269916,0.734691,-0.102939,0.074265,0.338429,0.235397,0.069469,0.227885,0.717526,1.322469,-0.153632
2015,9,PB,-1.000000,-1.8369702e-16,364.6500,0,0,115600.2000,-0.372341,0.718654,-0.046745,0.305253,0.057793,0.381011,0.315487,0.008903,0.480017,0.806115,-0.839334
2015,10,PB,-0.866025,0.500000,194.4800,0,0,61653.4400,-0.445594,0.706560,-0.015077,0.451448,-0.129298,0.617632,0.450211,0.196602,0.583927,1.138057,-0.349547
2015,11,PB,-0.500000,0.866025,72.9300,0,0,23120.0400,-0.473469,0.653979,0.000252,0.644426,0.026611,0.690439,0.646439,0.102752,0.717526,0.640144,-0.643419
2015,12,PB,-2.4492936e-16,1.000000,48.6200,0,0,15413.3600,-0.024226,0.679744,-0.044372,0.647349,0.431975,0.472019,0.658154,0.384300,0.658149,0.738497,-0.594440
2016,1,PB,0.500000,0.866025,61.9400,0,0,20843.4600,-0.205738,0.644777,-0.087201,0.723371,0.650247,0.526624,0.740160,0.603281,0.524550,0.166820,-0.741376
2016,2,PB,0.866025,0.500000,61.9400,0,0,20843.4600,-0.116927,0.649509,-0.066458,0.743838,0.681429,0.654035,0.763591,0.853545,0.895658,0.836850,-0.545461
2016,3,PB,1.000000,6.123234e-17,61.9400,0,0,20843.4600,-0.079977,0.656871,-0.002807,0.878337,0.899702,0.745044,0.892457,0.916111,1.118322,0.763086,-0.496483
2016,4,PB,0.866025,-0.500000,92.9100,0,0,31265.1900,0.432795,0.638204,-0.124041,0.702904,0.806156,0.745044,0.725516,0.853545,0.955035,0.904468,-0.545461
2016,5,PB,0.500000,-0.866025,247.7600,0,0,83373.8400,0.494379,0.691312,-0.145169,0.334492,0.993247,0.490221,0.376991,0.947394,0.999568,0.400409,-0.447504
2016,6,PB,1.2246468e-16,-1.000000,464.5500,0,0,156325.9500,-0.120169,0.731274,-0.138808,0.232156,0.806156,0.107986,0.251054,0.697130,0.672993,0.646291,-0.594440
2016,7,PB,-0.500000,-0.866025,619.4000,0,0,208434.6000,-0.306218,0.732325,-0.143354,0.015788,0.369611,0.107986,0.007965,0.353017,0.672993,1.168792,-0.153632
2016,8,PB,-0.866025,-0.500000,619.4000,0,0,208434.6000,-0.297791,0.736006,-0.041598,0.284786,0.182520,0.144389,0.280342,0.415583,0.272197,1.488439,-0.202610
2016,9,PB,-1.000000,-1.8369702e-16,464.5500,0,0,156325.9500,-0.450780,0.726278,-0.002990,0.530394,0.244884,0.617632,0.593721,0.353017,0.331574,1.648263,-0.300568
2016,10,PB,-0.866025,0.500000,247.7600,0,0,83373.8400,-0.423553,0.666861,0.029696,0.606415,0.026611,0.581229,0.620080,0.259168,0.658149,1.469998,-0.202610
2016,11,PB,-0.500000,0.866025,92.9100,0,0,31265.1900,-0.466338,0.642674,0.090607,0.793544,0.244884,0.745044,0.781163,0.227885,0.791747,1.095027,-0.790355
2016,12,PB,-2.4492936e-16,1.000000,61.9400,0,0,20843.4600,-0.284826,0.635838,-0.026674,0.723371,0.400793,0.708640,0.731374,0.509432,0.821436,1.095027,-0.447504
2017,1,PB,0.500000,0.866025,80.5000,0,0,27964.2000,-0.308487,0.640570,-0.024884,0.796468,0.307248,0.817850,0.813380,0.478149,0.776903,0.953645,-0.496483
2017,2,PB,0.866025,0.500000,80.5000,0,0,27964.2000,-0.361320,0.626636,-0.038211,0.890033,0.431975,0.763245,0.898314,0.571998,0.806592,0.732350,-0.398525
2017,3,PB,1.000000,6.123234e-17,80.5000,0,0,27964.2000,-0.041729,0.620852,-0.077909,0.819859,0.993247,0.708640,0.828024,1.072526,0.925346,0.295909,-0.692398
2017,4,PB,0.866025,-0.500000,120.7500,0,0,41946.3000,0.639589,0.631369,-0.095173,0.697056,0.993247,0.654035,0.719659,1.009960,1.073789,0.504909,-0.496483
2017,5,PB,0.500000,-0.866025,322.0000,0,0,111856.8000,1.428194,0.660026,-0.142020,0.369579,1.086792,0.472019,0.394564,1.072526,0.836280,0.025438,-0.692398
2017,6,PB,1.2246468e-16,-1.000000,603.7500,0,0,209731.5000,1.016226,0.691837,-0.163774,0.164906,0.962065,0.344607,0.183692,1.072526,0.880813,0.787674,-0.447504
2017,7,PB,-0.500000,-0.866025,805.0000,0,0,279642.0000,1.105038,0.753095,-0.197874,-0.276602,0.650247,0.235397,-0.264412,0.540715,0.583927,1.691292,-0.202610
2017,8,PB,-0.866025,-0.500000,805.0000,0,0,279642.0000,-0.204442,0.729170,-0.103429,-0.036843,0.556702,0.144389,-0.018394,0.415583,0.732370,1.027409,-0.153632
2017,9,PB,-1.000000,-1.8369702e-16,603.7500,0,0,209731.5000,-0.129892,0.736006,-0.062866,0.121048,0.244884,0.217196,0.125116,0.384300,0.613616,2.146175,-0.300568
2017,10,PB,-0.866025,0.500000,322.0000,0,0,111856.8000,-0.326963,0.681058,-0.054878,0.375427,0.494338,0.690439,0.397493,0.509432,0.806592,1.519175,-0.300568
2017,11,PB,-0.500000,0.866025,120.7500,0,0,41946.3000,-0.453373,0.643725,0.011061,0.656121,0.276066,0.654035,0.675727,0.165319,0.628460,0.732350,-0.741376
2017,12,PB,-2.4492936e-16,1.000000,80.5000,0,0,27964.2000,-0.467310,0.642148,0.079657,1.237977,0.556702,1.109077,1.258555,-0.053663,0.851125,1.039704,-0.692398
2018,1,PB,0.500000,0.866025,60.4800,0,0,21621.3000,-0.476062,0.677378,0.194671,1.170727,0.151339,1.990037,1.472356,-0.116229,1.088634,1.310174,-0.839334
2018,2,PB,0.866025,0.500000,60.4800,0,0,21621.3000,-0.476062,0.634524,-0.032660,0.939739,-0.135534,1.857164,1.284914,-0.263259,1.182153,0.855292,-1.495649
2018,3,PB,1.000000,6.123234e-17,60.4800,0,0,21621.3000,-0.476062,0.568271,-0.245092,0.884185,0.035966,1.709731,1.117973,-0.075561,1.286063,0.295909,-1.618095
2018,4,PB,0.866025,-0.500000,90.7200,0,0,32431.9500,1.141340,0.636101,-0.194696,0.346188,0.650247,0.617632,0.400422,0.759696,0.955035,0.056173,-0.790355
2018,5,PB,0.500000,-0.866025,241.9200,0,0,86485.2000,0.304440,0.670542,-0.137133,0.276014,0.774974,0.453817,0.292057,0.759696,0.791747,0.646291,-0.692398
2018,6,PB,1.2246468e-16,-1.000000,453.6000,0,0,162159.7500,-0.149340,0.722861,-0.159070,0.103504,0.587884,0.144389,0.116330,0.540715,0.613616,0.763086,-0.643419
2018,7,PB,-0.500000,-0.866025,604.8000,0,0,216213.0000,0.165713,0.732588,-0.158998,-0.066082,0.338429,0.162591,-0.041824,0.353017,0.450328,1.248704,-0.447504
2018,8,PB,-0.866025,-0.500000,604.8000,0,0,216213.0000,-0.233614,0.747311,-0.107651,0.085961,0.120157,0.162591,0.098757,0.290451,0.405795,1.353204,-0.251589
2018,9,PB,-1.000000,-1.8369702e-16,453.6000,0,0,162159.7500,-0.264730,0.694467,-0.079545,0.211689,0.431975,0.308204,0.233481,0.415583,0.316730,1.371645,-0.447504
2018,10,PB,-0.866025,0.500000,241.9200,0,0,86485.2000,-0.461152,0.665810,-0.025766,0.562556,-0.066934,0.745044,0.579077,0.071469,0.672993,0.941351,-0.643419
2018,11,PB,-0.500000,0.866025,90.7200,0,0,32431.9500,-0.424849,0.641096,-0.027756,0.720447,0.431975,1.018068,0.737232,0.478149,0.732370,1.138057,-0.447504
2018,12,PB,-2.4492936e-16,1.000000,60.4800,0,0,21621.3000,-0.318535,0.655819,-0.021220,0.776001,0.463157,0.890657,0.792878,0.384300,0.643304,0.824556,-0.643419
2019,1,PB,0.500000,0.866025,34.9800,0,0,12990.3600,-0.294550,0.663969,-0.046630,0.758458,0.587884,0.581229,0.778234,0.509432,0.880813,0.910615,-0.594440
2019,2,PB,0.866025,0.500000,34.9800,0,0,12990.3600,0.283696,0.627951,-0.094018,0.776001,1.086792,0.745044,0.801665,1.041243,1.014412,0.136085,-0.594440
2019,3,PB,1.000000,6.123234e-17,34.9800,0,0,12990.3600,0.331018,0.633209,-0.131194,0.726295,1.180338,0.836052,0.757733,1.072526,0.999568,-0.023739,-0.888313
2019,4,PB,0.866025,-0.500000,52.4700,0,0,19485.5400,0.157286,0.630843,-0.124301,0.629806,0.993247,0.581229,0.643511,1.197658,0.984723,-0.294209,-0.888313
2019,5,PB,0.500000,-0.866025,139.9200,0,0,51961.4400,0.120335,0.645040,-0.147827,0.597643,0.868520,0.672237,0.617152,0.978677,0.999568,0.025438,-0.937291
2019,6,PB,1.2246468e-16,-1.000000,262.3500,0,0,97427.7000,1.886188,0.712870,-0.197397,0.150287,0.494338,0.399212,0.169048,0.509432,0.613616,0.566380,-0.643419
2019,7,PB,-0.500000,-0.866025,349.8000,0,0,129903.6000,0.699877,0.717865,-0.174352,-0.063158,0.556702,0.180792,-0.056468,0.728413,0.776903,0.424997,-0.643419
2019,8,PB,-0.866025,-0.500000,349.8000,0,0,129903.6000,-0.218055,0.764400,-0.134249,0.077189,0.244884,0.144389,0.089971,0.290451,0.331574,1.193380,-0.496483
2019,9,PB,-1.000000,-1.8369702e-16,262.3500,0,0,97427.7000,-0.249820,0.720757,-0.096319,0.217536,0.276066,0.399212,0.233481,0.290451,0.643304,1.051998,-0.692398
2019,10,PB,-0.866025,0.500000,139.9200,0,0,51961.4400,-0.206063,0.673434,0.022095,0.507002,0.525520,0.472019,0.514644,0.353017,0.390951,1.131910,-0.594440
2019,11,PB,-0.500000,0.866025,52.4700,0,0,19485.5400,-0.475413,0.598505,-0.042420,0.743838,-0.066934,0.890657,0.754804,-0.178795,0.049532,-0.097503,-1.525036
2019,12,PB,-2.4492936e-16,1.000000,34.9800,0,0,12990.3600,-0.413181,0.600608,-0.048751,0.840327,0.307248,0.890657,0.848525,0.384300,0.524550,-0.177415,-1.525036
2020,1,PB,0.500000,0.866025,41.6800,0,0,15435.0200,-0.358079,0.604552,-0.434224,0.966054,0.806156,0.872455,0.989107,0.822262,0.539394,-0.454033,-1.622993
2020,2,PB,0.866025,0.500000,41.6800,0,0,15435.0200,-0.074791,0.599557,-0.434224,0.966054,0.712611,0.817850,0.992035,0.790979,0.851125,-0.620004,-1.622993
2020,3,PB,1.000000,6.123234e-17,41.6800,0,0,15435.0200,0.435388,0.585886,-0.434224,0.811088,1.024429,0.726842,0.839739,0.978677,0.613616,-0.921210,-1.378100
2020,4,PB,0.866025,-0.500000,62.5200,0,0,23152.5300,0.197380,0.607970,-0.434224,0.699980,0.806156,0.690439,0.731374,0.822262,0.984723,-0.994975,-1.476057
2020,5,PB,0.500000,-0.866025,166.7200,0,0,61740.0800,1.176119,0.637678,-0.434224,0.328645,0.930883,0.726842,0.350632,1.041243,1.029256,-0.755239,-0.888313
2020,6,PB,1.2246468e-16,-1.000000,312.6000,0,0,115762.6500,0.122928,0.659763,-0.434224,0.430981,0.525520,0.344607,0.397493,0.540715,0.450328,-0.023739,-1.378100
2020,7,PB,-0.500000,-0.866025,416.8000,0,0,154350.2000,1.188987,0.673171,-0.434224,0.305253,0.213702,0.290002,0.248125,0.196602,0.465173,0.271321,-1.525036
2020,8,PB,-0.866025,-0.500000,416.8000,0,0,154350.2000,-0.323397,0.684213,-0.434224,0.357884,-0.004570,0.107986,0.406279,0.008903,0.465173,0.480321,-1.280142
2020,9,PB,-1.000000,-1.8369702e-16,312.6000,0,0,115762.6500,-0.371692,0.658448,-0.434224,0.164906,0.494338,0.417414,0.233481,0.571998,0.569083,-0.171268,-1.574015
2020,10,PB,-0.866025,0.500000,166.7200,0,0,61740.0800,-0.463097,0.564590,-0.434224,1.147336,0.182520,0.963463,1.173620,0.415583,0.880813,0.154526,-1.476057
2020,11,PB,-0.500000,0.866025,62.5200,0,0,23152.5300,-0.449483,0.575632,-0.434224,0.986522,0.151339,0.599430,1.030110,0.165319,0.732370,0.062320,-1.622993
2020,12,PB,-2.4492936e-16,1.000000,41.6800,0,0,15435.0200,-0.423553,0.615594,-0.434224,1.001141,0.494338,0.817850,0.997893,0.478149,0.598771,0.265173,-1.574015
2021,1,PB,0.500000,0.866025,55.2600,0,0,21215.4200,-0.450780,0.608759,-0.434224,1.156108,0.120157,0.836052,1.035967,0.290451,0.791747,0.941351,-1.574015
2021,2,PB,0.866025,0.500000,55.2600,0,0,21215.4200,0.485304,0.597453,-0.434224,1.039152,0.463157,0.581229,1.021323,0.446866,1.014412,0.412703,-1.622993
2021,3,PB,1.000000,6.123234e-17,55.2600,0,0,21215.4200,-0.336686,0.582994,-0.434224,1.118097,0.774974,0.854254,1.071113,0.822262,0.910502,-0.497063,-1.525036
2021,4,PB,0.866025,-0.500000,82.8900,0,0,31823.1300,-0.365858,0.626899,-0.434224,0.907576,0.774974,0.799649,0.787021,0.790979,0.925346,0.652439,-1.671972
2021,5,PB,0.500000,-0.866025,221.0400,0,0,84861.6800,0.508965,0.688420,-0.434224,0.650273,0.463157,0.544825,0.549790,0.634564,0.969879,0.326644,-1.329121
2021,6,PB,1.2246468e-16,-1.000000,414.4500,0,0,159115.6500,-0.476062,0.769395,-0.434224,0.869566,-0.260261,1.480390,0.737232,-0.188180,1.183637,0.338938,-2.014823
2021,7,PB,-0.500000,-0.866025,552.6000,0,0,212154.2000,-0.340576,0.699988,-0.434224,1.100554,0.088975,0.326406,0.933460,0.259168,0.851125,0.375821,-1.280142
2021,8,PB,-0.866025,-0.500000,552.6000,0,0,212154.2000,-0.476062,0.681058,-0.434224,1.509899,-0.191661,1.942712,1.258555,-0.222591,1.241530,0.511056,-2.078495
2021,9,PB,-1.000000,-1.8369702e-16,414.4500,0,0,159115.6500,-0.336654,0.660814,-0.434224,0.752610,0.088975,0.581229,0.675727,0.040186,0.598771,-0.171268,-1.476057
2021,10,PB,-0.866025,0.500000,221.0400,0,0,84861.6800,1.279743,0.616120,-0.434224,0.404666,-0.403697,1.092695,0.470712,-0.450957,1.140589,-0.816710,-2.132372
2021,11,PB,-0.500000,0.866025,82.8900,0,0,31823.1300,3.067604,0.583782,-0.434224,1.115173,-0.066934,1.309295,1.144332,-0.116229,1.207388,-0.103650,-1.769929
2021,12,PB,-2.4492936e-16,1.000000,55.2600,0,0,21215.4200,-0.318859,0.569322,-0.434224,0.928044,0.556702,0.872455,0.945175,0.634564,0.895658,-0.134386,-1.525036
2022,1,PB,0.500000,0.866025,62.3000,0,0,26942.4400,0.439602,0.592984,-0.434224,0.740914,0.681429,0.599430,0.751875,0.603281,0.687837,-0.693769,-0.839334
2022,2,PB,0.866025,0.500000,62.3000,0,0,26942.4400,-0.358079,0.579313,-0.434224,0.971902,0.463157,0.817850,0.989107,0.571998,0.672993,-0.435592,-1.525036
2022,3,PB,1.000000,6.123234e-17,62.3000,0,0,26942.4400,0.501834,0.559595,-0.434224,0.790620,0.962065,0.799649,0.804593,0.947394,0.955035,-0.681475,-1.525036
2022,4,PB,0.866025,-0.500000,93.4500,0,0,40413.6600,0.307033,0.575369,-0.434224,0.667817,0.681429,0.599430,0.672798,0.759696,0.969879,-0.816710,-1.427078
2022,5,PB,0.500000,-0.866025,249.2000,0,0,107769.7600,1.871278,0.625585,-0.434224,0.366655,0.993247,0.563027,0.391635,1.103809,0.925346,-0.589269,-1.035249
2022,6,PB,1.2246468e-16,-1.000000,467.2500,0,0,202068.3000,0.722890,0.633998,-0.434224,0.001168,0.712611,0.217196,0.037253,0.634564,0.732370,-0.675327,-0.643419
2022,7,PB,-0.500000,-0.866025,623.0000,0,0,269424.4000,1.075542,0.666861,-0.434224,-0.054386,0.587884,0.144389,-0.033038,0.540715,-0.366108,-0.079062,-1.035249
2022,8,PB,-0.866025,-0.500000,623.0000,0,0,269424.4000,-0.119520,0.681847,-0.434224,0.007016,0.244884,0.253599,0.022609,0.227885,0.079221,0.019291,-1.133206
2022,9,PB,-1.000000,-1.8369702e-16,467.2500,0,0,202068.3000,-0.316266,0.669227,-0.434224,0.211689,0.057793,0.162591,0.227624,0.071469,-0.187977,-0.202003,-1.231164
2022,10,PB,-0.866025,0.500000,249.2000,0,0,107769.7600,-0.375582,0.633472,-0.434224,0.571328,0.619065,0.508422,0.590792,0.571998,0.420640,-0.042180,-1.574015
2022,11,PB,-0.500000,0.866025,93.4500,0,0,40413.6600,-0.331176,0.594824,-0.434224,0.606415,0.400793,0.763245,0.628867,0.603281,0.865969,-0.337239,-1.378100
2022,12,PB,-2.4492936e-16,1.000000,62.3000,0,0,26942.4400,-0.325666,0.589040,-0.434224,0.773077,0.494338,0.726842,0.789950,0.446866,0.851125,-0.195856,-1.280142
2023,1,PB,0.500000,0.866025,52.4200,0,0,21672.9400,-0.233614,0.604552,-0.434224,0.752610,0.681429,0.581229,0.763591,0.540715,0.776903,-0.521651,-1.622993
2023,2,PB,0.866025,0.500000,52.4200,0,0,21672.9400,-0.229400,0.595087,-0.434224,0.901729,0.837338,0.654035,0.921745,0.822262,0.465173,-0.472474,-1.476057
2023,3,PB,1.000000,6.123234e-17,52.4200,0,0,21672.9400,0.229566,0.594824,-0.434224,0.740914,0.774974,0.599430,0.760662,0.728413,0.806592,-0.749092,-1.525036
2023,4,PB,0.866025,-0.500000,78.6300,0,0,32509.4100,0.166037,0.575632,-0.434224,0.691208,0.868520,0.726842,0.713801,0.790979,0.940190,-0.939651,-1.574015
2023,5,PB,0.500000,-0.866025,209.6800,0,0,86691.7600,0.323888,0.622956,-0.434224,0.621034,0.806156,0.708640,0.643511,0.884828,1.029256,-0.724504,-1.525036
2023,6,PB,1.2246468e-16,-1.000000,393.1500,0,0,162547.0500,1.578914,0.670542,-0.434224,0.173678,1.024429,0.435616,0.198336,0.822262,0.747214,-0.546239,-1.329121
2023,7,PB,-0.500000,-0.866025,524.2000,0,0,216729.4000,0.226649,0.701302,-0.434224,0.118124,0.431975,0.308204,0.145618,0.446866,0.583927,-0.257327,-1.280142
2023,8,PB,-0.866025,-0.500000,524.2000,0,0,216729.4000,-0.065715,0.678166,-0.434224,0.176602,0.712611,0.308204,0.195407,0.665847,0.613616,-0.447886,-1.427078
2023,9,PB,-1.000000,-1.8369702e-16,393.1500,0,0,162547.0500,-0.023254,0.667913,-0.434224,0.316949,0.681429,0.472019,0.330131,0.571998,0.687837,-0.226592,-1.622993
2023,10,PB,-0.866025,0.500000,209.6800,0,0,86691.7600,-0.439435,0.631894,-0.434224,0.629806,0.463157,0.399212,0.643511,0.290451,0.257352,-0.183562,-1.476057
2023,11,PB,-0.500000,0.866025,78.6300,0,0,32509.4100,-0.372989,0.610599,-0.434224,0.811088,0.587884,0.836052,0.822166,0.759696,0.301885,-0.189709,-1.329121
2023,12,PB,-2.4492936e-16,1.000000,52.4200,0,0,21672.9400,-0.203145,0.596139,-0.434224,0.819859,0.930883,0.781447,0.839739,0.884828,0.613616,-0.466327,-1.427078
2013,12,AP,-2.4492936e-16,1.000000,289.2600,0,0,193091.9800,-0.314646,0.605078,0.120097,0.933891,0.525520,0.563027,0.959819,0.540715,0.791747,0.511056,0.140241
2014,1,AP,0.500000,0.866025,320.8600,0,0,220269.2400,0.158582,0.654767,-0.128702,0.372503,0.556702,0.417414,0.403350,0.634564,0.583927,-0.060621,-0.153632
2014,2,AP,0.866025,0.500000,320.8600,0,0,220269.2400,1.035026,0.634786,-0.200230,0.188298,0.619065,0.654035,0.239339,0.478149,0.791747,-0.294209,-0.300568
2014,3,AP,1.000000,6.123234e-17,320.8600,0,0,220269.2400,0.693394,0.655556,-0.195748,0.249699,0.712611,0.672237,0.292057,0.603281,1.103478,-0.220445,0.434113
2014,4,AP,0.866025,-0.500000,481.2900,0,0,330403.8600,0.537813,0.663969,-0.158546,0.398818,0.681429,0.635834,0.441425,0.603281,1.088634,-0.275768,0.238198
2014,5,AP,0.500000,-0.866025,1283.4400,0,0,881076.9600,0.765999,0.667124,-0.173551,0.375427,0.743793,0.690439,0.423852,0.697130,0.865969,-0.656886,-0.741376
2014,6,AP,1.2246468e-16,-1.000000,2406.4500,1,0,1652019.3000,0.762110,0.679744,-0.120241,0.556709,0.619065,0.799649,0.573220,0.634564,1.014412,-0.337239,-0.202610
2014,7,AP,-0.500000,-0.866025,3208.6000,1,0,2202692.4000,0.014021,0.727593,-0.073568,0.661969,0.619065,0.726842,0.678656,0.509432,0.524550,-0.091356,0.189219
2014,8,AP,-0.866025,-0.500000,3208.6000,1,0,2202692.4000,-0.426794,0.698147,-0.030172,0.892957,0.650247,0.617632,0.904172,0.509432,0.702682,0.357379,0.874921
2014,9,AP,-1.000000,-1.8369702e-16,2406.4500,1,0,1652019.3000,-0.342521,0.681321,-0.002436,0.942663,0.338429,0.672237,0.962748,0.259168,0.554238,0.726203,0.140241
2014,10,AP,-0.866025,0.500000,1283.4400,0,0,881076.9600,-0.350300,0.651613,0.001211,1.036228,0.463157,0.817850,1.047682,0.384300,0.598771,0.781527,0.189219
2014,11,AP,-0.500000,0.866025,481.2900,0,0,330403.8600,-0.300384,0.628214,-0.016666,0.992369,0.525520,0.490221,1.015466,0.478149,0.598771,0.738497,-0.055674
2014,12,AP,-2.4492936e-16,1.000000,320.8600,0,0,220269.2400,-0.407995,0.639782,-0.061550,0.884185,0.619065,0.799649,0.907101,0.478149,0.687837,0.615556,0.385134
2015,1,AP,0.500000,0.866025,284.0200,0,0,198689.5200,-0.026819,0.667387,-0.076231,0.653197,0.681429,0.617632,0.681585,0.603281,0.821436,0.345085,0.042283
2015,2,AP,0.866025,0.500000,284.0200,0,0,198689.5200,0.437657,0.665547,-0.109006,0.413438,0.587884,0.508422,0.435567,0.571998,0.762059,0.025438,0.238198
2015,3,AP,1.000000,6.123234e-17,284.0200,0,0,198689.5200,-0.353865,0.673960,0.214197,0.831555,0.806156,0.781447,0.822166,0.759696,1.044101,9.786976,-1.231164
2015,4,AP,0.866025,-0.500000,426.0300,0,0,298034.2800,-0.476062,0.684476,-0.086418,1.872463,0.088975,2.182974,1.718373,0.196602,1.421146,7.789180,-1.549525
2015,5,AP,0.500000,-0.866025,1136.0800,0,0,794758.0800,-0.476062,0.674748,0.247211,1.813985,0.042202,2.182974,1.730088,0.159062,1.397395,5.791384,-1.309529
2015,6,AP,1.2246468e-16,-1.000000,2130.1500,0,0,1490171.4000,1.110937,0.701828,0.630771,1.729192,0.338429,1.873546,1.618795,0.384300,1.103478,3.793588,-1.079330
2015,7,AP,-0.500000,-0.866025,2840.2000,1,0,1986895.2000,32.596659,0.747837,0.310883,1.749659,0.191875,2.119268,1.592436,0.005775,1.073789,1.795793,-0.839334
2015,8,AP,-0.866025,-0.500000,2840.2000,1,0,1986895.2000,-0.339928,0.681058,0.018124,1.027456,0.681429,0.726842,1.038896,0.665847,0.583927,0.498762,0.140241
2015,9,AP,-1.000000,-1.8369702e-16,2130.1500,0,0,1490171.4000,-0.476062,0.673960,-0.003744,1.059619,0.556702,0.672237,1.079899,0.446866,0.643304,0.781527,-0.251589
2015,10,AP,-0.866025,0.500000,1136.0800,0,0,794758.0800,-0.469579,0.661340,-0.003144,1.100554,0.431975,0.799649,1.117973,0.353017,0.064376,0.990527,0.091262
2015,11,AP,-0.500000,0.866025,426.0300,0,0,298034.2800,-0.476062,0.627688,-0.019222,1.129793,0.619065,0.745044,1.150190,0.446866,0.613616,0.947498,-0.006696
2015,12,AP,-2.4492936e-16,1.000000,284.0200,0,0,198689.5200,-0.419015,0.661603,-0.077709,0.986522,0.463157,0.708640,1.003751,0.478149,0.865969,1.027409,0.385134
2016,1,AP,0.500000,0.866025,768.5000,0,0,531034.9400,-0.035895,0.665810,-0.167220,0.626882,0.587884,0.654035,0.649368,0.728413,0.865969,0.314350,0.385134
2016,2,AP,0.866025,0.500000,768.5000,0,0,531034.9400,0.568281,0.656871,-0.143273,0.527470,0.743793,0.690439,0.558576,0.759696,1.118322,0.240585,-0.104653
2016,3,AP,1.000000,6.123234e-17,768.5000,0,0,531034.9400,1.029192,0.678692,-0.175716,0.507002,1.055611,0.690439,0.552718,0.884828,1.222232,-0.257327,0.091262
2016,4,AP,0.866025,-0.500000,1152.7500,0,0,796552.4100,-0.212869,0.687105,0.105582,0.790620,0.899702,0.854254,0.587864,0.947394,1.281609,-0.079062,-0.153632
2016,5,AP,0.500000,-0.866025,3074.0000,1,0,2124139.7600,-0.476062,0.754673,0.240160,1.138564,0.463157,1.545916,0.921745,0.356145,1.318720,-0.085209,-1.657278
2016,6,AP,1.2246468e-16,-1.000000,5763.7500,1,0,3982762.0500,-0.273805,0.748100,0.025776,0.928044,0.619065,0.544825,0.921745,0.884828,0.836280,-0.232739,-0.104653
2016,7,AP,-0.500000,-0.866025,7685.0000,1,0,5310349.4000,-0.417719,0.702354,-0.066598,0.737990,0.681429,0.690439,0.751875,0.603281,0.554238,0.461880,0.336155
2016,8,AP,-0.866025,-0.500000,7685.0000,1,0,5310349.4000,-0.350300,0.693415,-0.026448,0.971902,0.619065,0.708640,0.986178,0.540715,0.287041,0.277468,0.825943
2016,9,AP,-1.000000,-1.8369702e-16,5763.7500,1,0,3982762.0500,-0.313349,0.685265,-0.014255,0.992369,0.556702,0.745044,1.015466,0.478149,0.376107,0.504909,-0.055674
2016,10,AP,-0.866025,0.500000,3074.0000,1,0,2124139.7600,-0.476062,0.601660,0.024012,1.220433,0.244884,0.836052,1.120902,0.227885,0.791747,0.965939,-0.251589
2016,11,AP,-0.500000,0.866025,1152.7500,0,0,796552.4100,-0.476062,0.612965,-0.033516,1.118097,0.400793,0.854254,1.144332,0.290451,0.509706,0.922909,-0.006696
2016,12,AP,-2.4492936e-16,1.000000,768.5000,0,0,531034.9400,0.372507,0.629265,-0.101410,0.726295,0.712611,0.690439,0.746018,0.697130,0.762059,0.345085,-0.104653
2017,1,AP,0.500000,0.866025,762.8200,0,0,515117.0000,0.085977,0.653716,-0.177680,0.337416,0.743793,0.526624,0.385778,0.634564,0.821436,-0.404857,-0.104653
2017,2,AP,0.866025,0.500000,762.8200,0,0,515117.0000,0.972793,0.655293,-0.198875,0.199993,0.556702,0.526624,0.251054,0.697130,1.162855,-0.435592,0.140241
2017,3,AP,1.000000,6.123234e-17,762.8200,0,0,515117.0000,1.136154,0.659237,-0.198862,0.226308,0.650247,0.635834,0.283270,0.603281,0.984723,-0.675327,-0.545461
2017,4,AP,0.866025,-0.500000,1144.2300,0,0,772675.5000,0.491786,0.657659,-0.154610,0.460220,0.837338,0.781447,0.505858,0.759696,1.058945,-0.503210,-0.545461
2017,5,AP,0.500000,-0.866025,3051.2800,1,0,2060468.0000,0.194884,0.668439,-0.112709,0.650273,0.774974,0.745044,0.678656,0.728413,0.910502,-0.454033,0.336155
2017,6,AP,1.2246468e-16,-1.000000,5721.1500,1,0,3863377.5000,-0.121919,0.677640,-0.059091,0.740914,0.868520,0.726842,0.781163,0.759696,0.999568,-0.306504,0.287177
2017,7,AP,-0.500000,-0.866025,7628.2000,1,0,5151170.0000,0.319253,0.673434,0.494493,1.588845,-0.029516,2.146571,1.671513,0.090239,1.260827,0.547938,-1.466261
2017,8,AP,-0.866025,-0.500000,7628.2000,1,0,5151170.0000,0.963977,0.677378,0.350530,1.664866,0.400793,0.890657,1.680299,0.384300,0.940190,0.812262,0.776964
2017,9,AP,-1.000000,-1.8369702e-16,5721.1500,1,0,3863377.5000,-0.364561,0.673434,-0.019116,1.065467,0.743793,0.854254,1.076970,0.665847,0.865969,0.879880,0.483092
2017,10,AP,-0.866025,0.500000,3051.2800,1,0,2060468.0000,-0.467634,0.637153,-0.001069,1.094706,0.556702,0.890657,1.117973,0.415583,0.821436,0.947498,0.434113
2017,11,AP,-0.500000,0.866025,1144.2300,0,0,772675.5000,-0.474765,0.612965,-0.018588,1.074239,0.463157,0.799649,1.091614,0.446866,0.613616,0.707762,-0.006696
2017,12,AP,-2.4492936e-16,1.000000,762.8200,0,0,515117.0000,-0.044322,0.628214,-0.109539,0.679512,0.619065,0.581229,0.710872,0.822262,0.955035,0.209850,0.483092
2018,1,AP,0.500000,0.866025,262.5200,0,0,180942.3000,0.308329,0.645303,-0.111068,0.448524,0.556702,0.472019,0.482428,0.571998,0.895658,-0.036033,0.630028
2018,2,AP,0.866025,0.500000,262.5200,0,0,180942.3000,0.261007,0.652927,-0.187048,0.197069,0.650247,0.599430,0.245196,0.478149,0.865969,-0.429445,-0.055674
2018,3,AP,1.000000,6.123234e-17,262.5200,0,0,180942.3000,0.408161,0.649246,-0.162406,0.404666,0.806156,0.599430,0.444353,0.665847,0.999568,-0.195856,0.140241
2018,4,AP,0.866025,-0.500000,393.7800,0,0,271413.4500,1.554928,0.676063,-0.151103,0.267243,0.619065,0.617632,0.303772,0.540715,1.029256,-0.595416,0.189219
2018,5,AP,0.500000,-0.866025,1050.0800,0,0,723769.2000,1.167919,0.687894,-0.154580,0.381275,0.743793,0.745044,0.423852,0.697130,1.073789,-0.589269,0.336155
2018,6,AP,1.2246468e-16,-1.000000,1968.9000,0,0,1357067.2500,0.285640,0.706297,-0.126329,0.498231,0.899702,0.508422,0.511715,0.822262,0.865969,-0.472474,0.042283
2018,7,AP,-0.500000,-0.866025,2625.2000,1,0,1809423.0000,-0.114982,0.703668,-0.082255,0.568404,0.774974,0.508422,0.584935,0.634564,0.509706,-0.140533,0.776964
2018,8,AP,-0.866025,-0.500000,2625.2000,1,0,1809423.0000,-0.251116,0.716025,-0.028110,0.802316,0.556702,0.581229,0.822166,0.540715,0.242508,0.136085,0.679006
2018,9,AP,-1.000000,-1.8369702e-16,1968.9000,0,0,1357067.2500,0.154044,0.651087,-0.007012,0.980674,0.494338,0.836052,1.000822,0.603281,0.687837,0.652439,0.091262
2018,10,AP,-0.866025,0.500000,1050.0800,0,0,723769.2000,-0.476062,0.632157,0.259864,1.542062,0.463157,0.908858,1.571934,0.446866,0.776903,1.236410,-0.349547
2018,11,AP,-0.500000,0.866025,393.7800,0,0,271413.4500,-0.476062,0.612176,0.513503,2.097603,-0.017043,2.548827,2.292414,-0.307055,1.158402,1.795793,-0.819742
2018,12,AP,-2.4492936e-16,1.000000,262.5200,0,0,180942.3000,-0.476062,0.639782,0.182602,1.749659,0.104566,2.472380,2.198693,-0.257002,1.204419,1.912587,-0.800151
2019,1,AP,0.500000,0.866025,193.9600,0,0,126982.4000,-0.476062,0.650035,0.019032,1.562530,0.182520,2.144751,2.078613,-0.097459,0.762059,1.992499,-0.790355
2019,2,AP,0.866025,0.500000,193.9600,0,0,126982.4000,0.565688,0.658185,-0.115848,0.574252,0.712611,0.654035,0.467784,0.603281,0.861516,0.517203,-0.349547
2019,3,AP,1.000000,6.123234e-17,193.9600,0,0,126982.4000,0.239614,0.680795,-0.197572,0.343264,0.806156,0.526624,0.379920,0.665847,1.014412,-0.367974,0.434113
2019,4,AP,0.866025,-0.500000,290.9400,0,0,190473.6000,0.728400,0.689471,-0.153170,0.287710,0.868520,0.672237,0.268627,0.884828,0.955035,-0.392562,-0.643419
2019,5,AP,0.500000,-0.866025,775.8400,0,0,507929.6000,1.082349,0.659500,-0.128855,0.521622,0.993247,0.854254,0.558576,0.884828,1.073789,-0.472474,0.189219
2019,6,AP,1.2246468e-16,-1.000000,1454.7000,0,0,952368.0000,0.349818,0.701039,-0.109488,0.603491,1.086792,0.708640,0.628867,1.041243,0.969879,-0.490915,0.434113
2019,7,AP,-0.500000,-0.866025,1939.6000,0,0,1269824.0000,0.746551,0.703143,-0.079277,0.656121,0.712611,0.581229,0.664012,0.665847,0.910502,-0.318798,-0.104653
2019,8,AP,-0.866025,-0.500000,1939.6000,0,0,1269824.0000,-0.184994,0.718391,-0.028212,0.936815,0.774974,0.654035,0.945175,0.697130,0.836280,0.381968,-0.594440
2019,9,AP,-1.000000,-1.8369702e-16,1454.7000,0,0,952368.0000,-0.466986,0.677115,0.008040,1.103478,0.587884,0.854254,1.120902,0.509432,0.242508,1.236410,-0.104653
2019,10,AP,-0.866025,0.500000,775.8400,0,0,507929.6000,-0.476062,0.637678,0.011951,1.191195,0.650247,0.872455,1.199979,0.571998,0.569083,0.732350,-0.055674
2019,11,AP,-0.500000,0.866025,290.9400,0,0,190473.6000,-0.389844,0.607970,-0.042416,1.115173,0.930883,0.781447,1.129688,0.884828,0.287041,0.388115,0.091262
2019,12,AP,-2.4492936e-16,1.000000,193.9600,0,0,126982.4000,0.127466,0.620589,-0.078578,0.860794,0.774974,0.745044,0.889528,0.728413,0.806592,0.424997,0.287177
2020,1,AP,0.500000,0.866025,168.2000,0,0,118868.7200,0.374128,0.670016,-0.452970,0.404666,0.743793,0.526624,0.438496,0.947394,0.999568,-0.355680,-0.251589
2020,2,AP,0.866025,0.500000,168.2000,0,0,118868.7200,0.226649,0.672908,-0.452970,0.410514,0.774974,0.635834,0.441425,0.884828,0.613616,-0.294209,-0.398525
2020,3,AP,1.000000,6.123234e-17,168.2000,0,0,118868.7200,0.340094,0.667650,-0.452970,0.451448,0.899702,0.690439,0.494143,0.947394,0.851125,-0.527798,-0.153632
2020,4,AP,0.866025,-0.500000,252.3000,0,0,178303.0800,1.149767,0.678955,-0.452970,0.460220,0.993247,0.435616,0.497071,0.884828,1.029256,-0.546239,0.042283
2020,5,AP,0.500000,-0.866025,672.8000,0,0,475474.8800,0.694691,0.688420,-0.452970,0.632730,1.398610,0.854254,0.672798,1.197658,0.806592,-0.644592,1.217772
2020,6,AP,1.2246468e-16,-1.000000,1261.5000,0,0,891515.4000,0.358245,0.685791,-0.452970,0.612263,0.993247,0.654035,0.634724,1.009960,1.133166,-0.607710,-0.447504
2020,7,AP,-0.500000,-0.866025,1682.0000,0,0,1188687.2000,-0.256303,0.675274,-0.452970,0.767229,0.743793,0.745044,0.781163,0.884828,0.509706,-0.576974,0.189219
2020,8,AP,-0.866025,-0.500000,1682.0000,0,0,1188687.2000,-0.248523,0.670542,-0.452970,1.021608,0.774974,0.708640,1.033038,0.665847,0.628460,0.019291,0.923900
2020,9,AP,-1.000000,-1.8369702e-16,1261.5000,0,0,891515.4000,-0.288715,0.662392,-0.452970,1.053771,0.681429,0.745044,1.068184,0.759696,0.821436,0.357379,-0.153632
2020,10,AP,-0.866025,0.500000,672.8000,0,0,475474.8800,-0.475413,0.641096,-0.452970,1.217510,0.463157,0.836052,1.235124,0.478149,0.153442,0.603262,-0.349547
2020,11,AP,-0.500000,0.866025,252.3000,0,0,178303.0800,0.806191,0.629528,-0.452970,0.790620,1.024429,0.836052,0.816309,1.009960,0.836280,-0.072915,-0.447504
2020,12,AP,-2.4492936e-16,1.000000,168.2000,0,0,118868.7200,-0.144478,0.630843,-0.452970,0.761382,0.743793,0.708640,0.787021,0.759696,0.687837,-0.048327,-0.055674
2021,1,AP,0.500000,0.866025,119.2800,0,0,94354.4800,0.121307,0.631369,-0.452970,0.489459,0.806156,0.635834,0.526359,0.790979,0.984723,-0.466327,0.385134
2021,2,AP,0.866025,0.500000,119.2800,0,0,94354.4800,0.630513,0.645566,-0.452970,0.264319,0.899702,0.581229,0.294986,0.884828,0.910502,-0.245033,-0.251589
2021,3,AP,1.000000,6.123234e-17,119.2800,0,0,94354.4800,1.059335,0.652401,-0.452970,0.299406,0.712611,0.599430,0.344775,0.790979,0.865969,-0.595416,-0.349547
2021,4,AP,0.866025,-0.500000,178.9200,0,0,141531.7200,0.337825,0.646617,-0.452970,0.448524,0.868520,0.763245,0.491214,0.884828,0.895658,-0.626151,0.287177
2021,5,AP,0.500000,-0.866025,477.1200,0,0,377417.9200,0.909912,0.679744,-0.452970,0.448524,1.024429,0.726842,0.494143,1.103809,1.073789,-0.749092,-0.006696
2021,6,AP,1.2246468e-16,-1.000000,894.6000,0,0,707658.6000,-0.291957,0.657397,-0.452970,0.998217,0.837338,0.726842,1.062326,1.009960,0.880813,0.086909,-0.055674
2021,7,AP,-0.500000,-0.866025,1192.8000,0,0,943544.8000,-0.476062,0.666335,-0.452970,1.483584,0.154457,1.924511,1.396207,0.112137,1.358800,0.547938,-1.789521
2021,8,AP,-0.866025,-0.500000,1192.8000,0,0,943544.8000,-0.476062,0.707086,-0.452970,1.659018,-0.182307,1.897208,1.337632,0.118394,1.367706,0.357379,-1.828704
2021,9,AP,-1.000000,-1.8369702e-16,894.6000,0,0,707658.6000,-0.476062,0.726541,-0.452970,1.726268,-0.400579,1.871726,1.281985,0.124651,1.375129,0.166820,-1.774827
2021,10,AP,-0.866025,0.500000,477.1200,0,0,377417.9200,-0.476062,0.719180,-0.452970,1.659018,-0.257143,1.844423,1.226338,0.130907,1.382551,-0.017592,-1.671972
2021,11,AP,-0.500000,0.866025,178.9200,0,0,141531.7200,-0.476062,0.712081,-0.452970,1.591769,-0.116825,1.817121,1.170691,0.140292,1.391457,-0.208151,-1.574015
2021,12,AP,-2.4492936e-16,1.000000,119.2800,0,0,94354.4800,-0.476062,0.704720,-0.452970,1.524519,0.029730,1.789818,1.115044,0.146549,1.398879,-0.392562,-1.471159
2022,1,AP,0.500000,0.866025,162.5200,0,0,118336.3200,-0.476062,0.702354,-0.452970,1.398791,0.088975,1.762516,1.059397,0.152805,1.406302,-0.589269,-1.427078
2022,2,AP,0.866025,0.500000,162.5200,0,0,118336.3200,-0.476062,0.719969,-0.452970,1.050847,0.073384,1.737034,1.003751,0.159062,1.415208,-0.767533,-1.554423
2022,3,AP,1.000000,6.123234e-17,162.5200,0,0,118336.3200,-0.476062,0.739950,-0.452970,0.673665,0.051557,1.709731,0.951033,0.165319,1.422630,-0.951945,-1.745440
2022,4,AP,0.866025,-0.500000,243.7800,0,0,177504.4800,0.875879,0.648195,-0.452970,0.439753,0.712611,0.635834,0.497071,0.634564,0.940190,-0.650739,0.091262
2022,5,AP,0.500000,-0.866025,650.0800,0,0,473345.2800,0.510586,0.688157,-0.452970,0.416362,0.868520,0.708640,0.456069,0.853545,1.148011,-0.767533,-0.055674
2022,6,AP,1.2246468e-16,-1.000000,1218.9000,0,0,887522.4000,0.422423,0.676063,-0.452970,0.518698,0.650247,0.581229,0.538074,0.697130,0.880813,-0.779828,0.825943
2022,7,AP,-0.500000,-0.866025,1625.2000,0,0,1183363.2000,0.331018,0.687368,-0.452970,0.583024,0.681429,0.635834,0.596650,0.634564,0.969879,-0.626151,-0.153632
2022,8,AP,-0.866025,-0.500000,1625.2000,0,0,1183363.2000,-0.247875,0.681321,-0.452970,0.884185,0.619065,0.781447,0.898314,0.571998,0.702682,-0.140533,-0.496483
2022,9,AP,-1.000000,-1.8369702e-16,1218.9000,0,0,887522.4000,-0.311404,0.666072,-0.452970,1.071315,0.556702,0.781447,1.085756,0.478149,0.108909,0.511056,-0.447504
2022,10,AP,-0.866025,0.500000,650.0800,0,0,473345.2800,-0.436518,0.635575,-0.452970,1.179499,0.806156,0.908858,1.197050,0.790979,0.762059,0.713909,-0.202610
2022,11,AP,-0.500000,0.866025,243.7800,0,0,177504.4800,-0.211573,0.631894,-0.452970,0.875414,0.619065,0.708640,0.889528,0.853545,0.435484,-0.054474,-0.300568
2022,12,AP,-2.4492936e-16,1.000000,162.5200,0,0,118336.3200,0.004297,0.632157,-0.452970,0.512850,0.806156,0.453817,0.543932,0.759696,0.910502,-0.220445,-0.251589
2023,1,AP,0.500000,0.866025,432.7000,0,0,309140.4000,0.221787,0.664232,-0.452970,0.346188,0.712611,0.563027,0.379920,0.728413,0.895658,-0.331092,-0.300568
2023,2,AP,0.866025,0.500000,432.7000,0,0,309140.4000,0.304440,0.660288,-0.452970,0.278938,0.587884,0.581229,0.327202,1.072526,1.073789,-0.484768,-0.104653
2023,3,AP,1.000000,6.123234e-17,432.7000,0,0,309140.4000,0.595832,0.668964,-0.452970,0.325721,0.806156,0.617632,0.359419,0.822262,1.058945,-0.386415,-0.300568
2023,4,AP,0.866025,-0.500000,649.0500,0,0,463710.6000,0.417885,0.649246,-0.452970,0.547937,0.868520,0.617632,0.582006,0.853545,0.806592,-0.552386,-0.692398
2023,5,AP,0.500000,-0.866025,1730.8000,0,0,1236561.6000,0.498917,0.671331,-0.452970,0.673665,0.962065,0.781447,0.713801,0.978677,1.192544,-0.620004,-0.398525
2023,6,AP,1.2246468e-16,-1.000000,3245.2500,1,0,2318553.0000,0.181919,0.700776,-0.452970,0.746762,0.837338,0.817850,0.766519,0.884828,0.316730,-0.583121,-0.153632
2023,7,AP,-0.500000,-0.866025,4327.0000,1,0,3091404.0000,0.106073,0.710504,-0.452970,0.840327,0.774974,0.817850,0.854383,0.916111,0.598771,-0.152827,-0.006696
2023,8,AP,-0.866025,-0.500000,4327.0000,1,0,3091404.0000,-0.302329,0.683950,-0.452970,1.126869,0.868520,0.745044,1.144332,0.697130,0.123754,0.160673,-0.447504
2023,9,AP,-1.000000,-1.8369702e-16,3245.2500,1,0,2318553.0000,-0.391140,0.664232,-0.452970,1.249672,0.681429,0.908858,1.267341,0.603281,0.821436,0.627850,0.776964
2023,10,AP,-0.866025,0.500000,1730.8000,0,0,1236561.6000,-0.430684,0.636890,-0.452970,1.322770,0.930883,0.945262,1.334703,0.790979,0.613616,0.763086,-0.104653
2023,11,AP,-0.500000,0.866025,649.0500,0,0,463710.6000,-0.380768,0.626636,-0.452970,1.319846,0.712611,0.981665,1.340560,0.759696,0.361263,0.701615,-0.251589
2023,12,AP,-2.4492936e-16,1.000000,432.7000,0,0,309140.4000,0.111908,0.629528,-0.452970,0.960207,1.242701,0.945262,0.986178,1.135092,0.865969,0.111497,0.727985
2003,2,AL,0.866025,0.500000,142.1200,0,0,39710.7800,-0.464393,0.487558,5.931835,0.699980,0.276066,0.854254,0.713801,0.290451,0.658149,0.560233,-0.104653
2003,3,AL,1.000000,6.123234e-17,142.1200,0,0,39710.7800,-0.053398,0.472309,4.191139,0.495307,0.463157,0.581229,0.511715,0.478149,0.405795,-0.263474,0.825943
2003,4,AL,0.866025,-0.500000,213.1800,0,0,59566.1700,-0.042378,0.488872,3.874062,0.398818,0.400793,0.544825,0.415066,0.353017,0.257352,-0.429445,0.434113
2003,5,AL,0.500000,-0.866025,568.4800,0,0,158843.1200,0.190671,0.514900,3.233110,0.123972,0.369611,0.217196,0.142689,0.259168,0.643304,-0.466327,0.140241
2003,6,AL,1.2246468e-16,-1.000000,1065.9000,0,0,297830.8500,0.348521,0.550130,2.623109,-0.317537,0.088975,0.053381,-0.296628,0.102752,0.494861,-0.607710,0.091262
2003,7,AL,-0.500000,-0.866025,1421.2000,0,0,397107.8000,0.313516,0.604026,2.771575,-0.405254,-0.098116,-0.183241,-0.396207,-0.241361,0.287041,-0.097503,0.630028
2003,8,AL,-0.866025,-0.500000,1421.2000,0,0,397107.8000,0.070419,0.599557,3.205958,-0.416949,0.151339,0.016978,-0.404993,0.008903,0.257352,-0.386415,0.189219
2003,9,AL,-1.000000,-1.8369702e-16,1065.9000,0,0,297830.8500,0.006242,0.576158,3.834168,-0.221048,-0.160479,0.107986,-0.211693,-0.147512,0.301885,0.154526,0.679006
2003,10,AL,-0.866025,0.500000,568.4800,0,0,158843.1200,-0.196663,0.526994,4.364295,0.012864,0.026611,0.198994,0.013823,0.196602,-0.173133,0.246732,0.630028
2003,11,AL,-0.500000,0.866025,213.1800,0,0,59566.1700,-0.228427,0.481511,4.779770,0.252623,0.151339,0.417414,0.262769,0.134035,0.212819,0.375821,0.630028
2003,12,AL,-2.4492936e-16,1.000000,142.1200,0,0,39710.7800,-0.416422,0.487558,4.865161,0.401742,0.244884,0.308204,0.412137,0.227885,0.138598,0.633997,0.972879
2004,1,AL,0.500000,0.866025,30.5200,0,0,7877.5600,0.410754,0.449962,0.119364,0.281862,0.400793,0.599430,0.315487,0.353017,0.702682,0.086909,0.776964
2004,2,AL,0.866025,0.500000,30.5200,0,0,7877.5600,-0.032006,0.481248,0.020442,0.314025,0.431975,0.472019,0.338917,0.384300,0.717526,-0.177415,0.385134
2004,3,AL,1.000000,6.123234e-17,30.5200,0,0,7877.5600,0.063937,0.471783,-0.126921,0.360807,0.369611,0.453817,0.374063,0.571998,0.539394,-0.146680,0.336155
2004,4,AL,0.866025,-0.500000,45.7800,0,0,11816.3400,0.006890,0.487821,-0.031931,0.232156,0.587884,0.417414,0.256911,0.446866,0.583927,-0.441739,0.434113
2004,5,AL,0.500000,-0.866025,122.0800,0,0,31510.2400,0.157286,0.524365,0.041425,0.053798,0.369611,0.253599,0.078256,0.290451,0.598771,-0.540092,-0.055674
2004,6,AL,1.2246468e-16,-1.000000,228.9000,0,0,59081.7000,2.014542,0.597453,0.039614,-0.332156,0.213702,0.162591,-0.308343,0.040186,0.569083,-0.060621,0.287177
2004,7,AL,-0.500000,-0.866025,305.2000,0,0,78775.6000,0.605555,0.577210,-0.010237,-0.466656,0.962065,-0.146837,-0.528002,1.135092,0.376107,0.050026,0.336155
2004,8,AL,-0.866025,-0.500000,305.2000,0,0,78775.6000,0.248690,0.611650,-0.146072,-0.370167,1.211520,-0.383459,-0.475284,1.322791,0.361263,-0.300356,0.189219
2004,9,AL,-1.000000,-1.8369702e-16,228.9000,0,0,59081.7000,0.258738,0.578524,-0.063658,-0.086549,1.398610,-0.201442,-0.211693,1.823319,0.153442,0.160673,0.238198
2004,10,AL,-0.866025,0.500000,122.0800,0,0,31510.2400,-0.352245,0.519370,-0.094921,0.319873,1.616883,-0.037627,0.128045,1.917168,0.554238,0.345085,0.874921
2004,11,AL,-0.500000,0.866025,45.7800,0,0,11816.3400,-0.409615,0.488872,-0.099254,0.737990,1.616883,0.089784,0.514644,2.386414,0.598771,0.744644,1.119815
2004,12,AL,-2.4492936e-16,1.000000,30.5200,0,0,7877.5600,-0.427442,0.478356,0.172658,0.945587,1.772792,0.235397,0.719659,2.136149,0.762059,0.689321,1.070836
2005,1,AL,0.500000,0.866025,115.6800,0,0,38558.6600,-0.421608,0.452065,0.174784,1.141488,2.084610,0.253599,0.948104,2.229998,0.583927,0.720056,1.364709
2005,2,AL,0.866025,0.500000,115.6800,0,0,38558.6600,-0.287743,0.450225,0.032486,1.112249,2.302883,0.599430,0.942246,2.386414,0.509706,0.511056,0.923900
2005,3,AL,1.000000,6.123234e-17,115.6800,0,0,38558.6600,-0.214814,0.469154,-0.116939,1.153184,2.209337,0.654035,1.018394,2.229998,0.747214,0.234438,0.874921
2005,4,AL,0.866025,-0.500000,173.5200,0,0,57837.9900,-0.004455,0.485192,-0.076563,0.740914,1.741610,0.599430,0.652297,2.136149,0.910502,-0.232739,0.287177
2005,5,AL,0.500000,-0.866025,462.7200,0,0,154234.6400,0.742662,0.508853,-0.067548,0.083037,1.117974,0.399212,0.051897,1.447923,0.732370,-0.257327,0.434113
2005,6,AL,1.2246468e-16,-1.000000,867.6000,0,0,289189.9500,0.583191,0.552233,0.035890,-0.104092,0.369611,0.326406,-0.085756,0.196602,0.494861,0.074614,0.336155
2005,7,AL,-0.500000,-0.866025,1156.8000,0,0,385586.6000,0.121631,0.609021,-0.040145,-0.326309,-0.098116,-0.001224,-0.276127,-0.147512,-0.128600,-0.146680,0.385134
2005,8,AL,-0.866025,-0.500000,1156.8000,0,0,385586.6000,0.317729,0.599820,-0.002300,-0.323385,-0.066934,0.071583,-0.273198,-0.210078,0.197975,0.215997,0.287177
2005,9,AL,-1.000000,-1.8369702e-16,867.6000,0,0,289189.9500,-0.295198,0.575895,3.942054,-0.168418,-0.129298,0.126188,-0.120901,-0.210078,0.376107,0.050026,0.581049
2005,10,AL,-0.866025,0.500000,462.7200,0,0,154234.6400,-0.364886,0.538825,4.856035,0.074265,-0.129298,0.253599,0.078256,-0.210078,0.390951,0.511056,0.923900
2005,11,AL,-0.500000,0.866025,173.5200,0,0,57837.9900,-0.430684,0.479408,4.883958,0.319873,-0.066934,0.344607,0.324273,-0.178795,0.287041,0.953645,1.266751
2005,12,AL,-2.4492936e-16,1.000000,115.6800,0,0,38558.6600,-0.175270,0.455220,4.717572,0.308177,0.151339,0.490221,0.312558,0.384300,0.272197,0.541791,1.070836
2006,1,AL,0.500000,0.866025,157.7400,0,0,53007.1600,-0.266675,0.477830,5.123176,0.340340,0.088975,0.417414,0.347704,0.008903,0.138598,0.142232,0.336155
2006,2,AL,0.866025,0.500000,157.7400,0,0,53007.1600,-0.476062,0.445230,8.294172,1.045000,0.088975,0.745044,1.035967,-0.116229,0.405795,1.402380,1.070836
2006,3,AL,1.000000,6.123234e-17,157.7400,0,0,53007.1600,-0.152581,0.452328,7.995407,1.115173,0.400793,0.763245,1.097472,0.259168,-0.143444,1.353204,0.923900
2006,4,AL,0.866025,-0.500000,236.6100,0,0,79510.7400,0.434740,0.449173,3.696165,0.404666,0.525520,0.690439,0.423852,0.415583,0.865969,-0.527798,0.581049
2006,5,AL,0.500000,-0.866025,630.9600,0,0,212028.6400,0.793226,0.530149,4.012573,0.161982,0.400793,0.490221,0.125116,0.227885,0.524550,-0.552386,-0.153632
2006,6,AL,1.2246468e-16,-1.000000,1183.0500,0,0,397553.7000,-0.157443,0.544609,1.444377,-0.147951,0.057793,0.126188,-0.074041,-0.022380,0.569083,-0.165121,-0.055674
2006,7,AL,-0.500000,-0.866025,1577.4000,0,0,530071.6000,-0.476062,0.552759,-0.229111,-0.188885,-0.225961,0.948902,-0.059397,-0.432187,1.208872,0.338938,-1.118512
2006,8,AL,-0.866025,-0.500000,1577.4000,0,0,530071.6000,-0.476062,0.561961,-0.029247,-0.121636,-0.394343,1.019889,0.007965,-0.601116,1.104962,1.285586,-0.795253
2006,9,AL,-1.000000,-1.8369702e-16,1183.0500,0,0,397553.7000,-0.037840,0.574055,-0.080500,-0.235668,0.400793,-0.074031,-0.208765,0.227885,0.450328,0.166820,0.581049
2006,10,AL,-0.866025,0.500000,630.9600,0,0,212028.6400,-0.248523,0.508328,-0.043051,0.065494,0.307248,0.253599,0.092900,0.259168,0.613616,0.455732,1.168794
2006,11,AL,-0.500000,0.866025,236.6100,0,0,79510.7400,-0.288067,0.468891,-0.019465,0.240928,0.556702,0.198994,0.259840,0.384300,0.687837,0.879880,1.364709
2006,12,AL,-2.4492936e-16,1.000000,157.7400,0,0,53007.1600,-0.416422,0.488610,0.202178,0.699980,0.681429,0.472019,0.699157,0.571998,0.821436,0.812262,0.776964
2007,1,AL,0.500000,0.866025,79.2600,0,0,26130.4600,-0.476062,0.484929,0.878927,1.726268,-0.269616,2.135650,1.653940,-0.278900,1.256374,1.494586,-0.589542
2007,2,AL,0.866025,0.500000,79.2600,0,0,26130.4600,-0.476062,0.491764,0.833929,1.691181,-0.335098,2.115628,1.612937,-0.310184,1.228170,1.519175,-0.589542
2007,3,AL,1.000000,6.123234e-17,79.2600,0,0,26130.4600,-0.476062,0.498337,0.788926,1.653170,-0.394343,2.091966,1.574863,-0.338338,1.195513,1.549910,-0.584644
2007,4,AL,0.866025,-0.500000,118.8900,0,0,39195.6900,-0.476062,0.505173,0.742402,1.615160,-0.459825,2.070124,1.533860,-0.369621,1.165824,1.580645,-0.584644
2007,5,AL,0.500000,-0.866025,317.0400,0,0,104521.8400,-0.476062,0.512008,0.695874,1.577149,-0.525306,2.046462,1.492857,-0.397776,1.133166,1.611381,-0.579747
2007,6,AL,1.2246468e-16,-1.000000,594.4500,0,0,195978.4500,-0.476062,0.518844,0.649351,1.539138,-0.590788,2.024620,1.451854,-0.429059,1.101993,1.635969,-0.579747
2007,7,AL,-0.500000,-0.866025,792.6000,0,0,261304.6000,-0.476062,0.525680,0.602823,1.501128,-0.653152,2.000958,1.410851,-0.460342,1.070820,1.666704,-0.579747
2007,8,AL,-0.866025,-0.500000,792.6000,0,0,261304.6000,-0.476062,0.532515,0.555537,1.463117,-0.718634,1.977295,1.366919,-0.488497,1.038163,1.697439,-0.574849
2007,9,AL,-1.000000,-1.8369702e-16,594.4500,0,0,195978.4500,-0.476062,0.539351,0.509009,1.425106,-0.784115,1.955453,1.325916,-0.519780,1.006990,1.728175,-0.574849
2007,10,AL,-0.866025,0.500000,317.0400,0,0,104521.8400,-0.476062,0.546186,0.462485,1.387096,-0.846479,1.931791,1.284914,-0.551063,0.975817,1.758910,-0.569951
2007,11,AL,-0.500000,0.866025,118.8900,0,0,39195.6900,-0.476062,0.553022,0.415957,1.349085,-0.915079,1.909949,1.243911,-0.579218,0.944644,1.789645,-0.569951
2007,12,AL,-2.4492936e-16,1.000000,79.2600,0,0,26130.4600,-0.476062,0.559858,0.369433,1.311074,-0.977443,1.886287,1.205836,-0.610501,0.911986,1.814234,-0.565053
2008,1,AL,0.500000,0.866025,115.0600,0,0,36972.5200,-0.476062,0.566956,0.322143,1.273064,-1.042924,1.862625,1.161905,-0.641784,0.880813,1.844969,-0.565053
2008,2,AL,0.866025,0.500000,115.0600,0,0,36972.5200,-0.476062,0.573529,0.276382,1.235053,-1.108406,1.840783,1.123831,-0.669938,0.849640,1.875704,-0.560155
2008,3,AL,1.000000,6.123234e-17,115.0600,0,0,36972.5200,-0.476062,0.580364,0.230617,1.197042,-1.170770,1.818941,1.082828,-0.701221,0.818467,1.906440,-0.560155
2008,4,AL,0.866025,-0.500000,172.5900,0,0,55458.7800,-0.476062,0.587200,0.184093,1.159032,-1.236251,1.795279,1.041825,-0.729376,0.787294,1.937175,-0.555257
2008,5,AL,0.500000,-0.866025,460.2400,0,0,147890.0800,-0.476062,0.594036,0.137565,1.121021,-1.298615,1.773437,1.000822,-0.760659,0.756121,1.961763,-0.555257
2008,6,AL,1.2246468e-16,-1.000000,862.9500,0,0,277293.9000,-0.476062,0.600871,0.091041,1.083010,-1.364097,1.749775,0.959819,-0.791942,0.724948,1.992499,-0.550359
2008,7,AL,-0.500000,-0.866025,1150.6000,0,0,369725.2000,-0.476062,0.607707,0.044513,1.045000,-1.429579,1.727933,0.918816,-0.820097,0.692291,2.023234,-0.550359
2008,8,AL,-0.866025,-0.500000,1150.6000,0,0,369725.2000,-0.476062,0.614805,-0.002773,1.006989,-1.495060,1.704271,0.877813,-0.851380,0.661117,2.053969,-0.545461
2008,9,AL,-1.000000,-1.8369702e-16,862.9500,0,0,277293.9000,-0.443001,0.598768,-0.037112,0.518698,0.213702,0.016978,0.450211,0.196602,0.242508,1.162645,0.483092
2008,10,AL,-0.866025,0.500000,460.2400,0,0,147890.0800,-0.269268,0.563013,-0.045590,0.045027,-0.035752,0.235397,0.043110,0.227885,0.361263,0.566380,0.483092
2008,11,AL,-0.500000,0.866025,172.5900,0,0,55458.7800,-0.430035,0.495708,0.009795,0.302330,0.213702,0.271801,0.297914,0.165319,0.272197,0.861439,0.972879
2008,12,AL,-2.4492936e-16,1.000000,115.0600,0,0,36972.5200,-0.404105,0.472572,0.017451,0.457296,0.120157,0.308204,0.456069,0.259168,0.212819,0.756939,1.511645
2009,1,AL,0.500000,0.866025,72.6600,0,0,26759.8200,-0.376230,0.492027,-0.005176,0.536241,0.369611,0.326406,0.543932,0.290451,-0.098911,0.572527,1.266751
2009,2,AL,0.866025,0.500000,72.6600,0,0,26759.8200,0.107370,0.473624,-0.049343,0.410514,0.400793,0.544825,0.426781,0.353017,0.450328,0.080762,0.581049
2009,3,AL,1.000000,6.123234e-17,72.6600,0,0,26759.8200,0.065881,0.456272,-0.021451,0.568404,0.369611,0.617632,0.584935,0.353017,0.702682,0.050026,0.630028
2009,4,AL,0.866025,-0.500000,108.9900,0,0,40139.7300,0.130707,0.484666,-0.093128,0.507002,0.681429,0.544825,0.532217,0.603281,0.079221,-0.318798,0.581049
2009,5,AL,0.500000,-0.866025,290.6400,0,0,107039.2800,1.639850,0.506487,-0.195003,0.065494,0.431975,0.435616,0.107544,0.509432,0.836280,-0.484768,0.287177
2009,6,AL,1.2246468e-16,-1.000000,544.9500,0,0,200698.6500,0.560502,0.565379,-0.195919,-0.191809,0.369611,0.144389,-0.164833,0.227885,0.791747,-0.380268,0.776964
2009,7,AL,-0.500000,-0.866025,726.6000,0,0,267598.2000,0.267489,0.590355,-0.163471,-0.317537,0.088975,-0.074031,-0.302486,0.040186,0.376107,-0.306504,0.287177
2009,8,AL,-0.866025,-0.500000,726.6000,0,0,267598.2000,0.453539,0.588252,-0.153391,-0.358471,0.057793,-0.092232,-0.340560,0.165319,0.168287,-0.079062,0.679006
2009,9,AL,-1.000000,-1.8369702e-16,544.9500,0,0,200698.6500,-0.185642,0.587200,-0.067569,-0.124560,0.338429,-0.074031,-0.117973,0.290451,0.034688,0.074614,0.385134
2009,10,AL,-0.866025,0.500000,290.6400,0,0,107039.2800,-0.426146,0.502018,0.011504,0.258471,0.307248,0.253599,0.256911,0.227885,0.153442,0.793821,1.364709
2009,11,AL,-0.500000,0.866025,108.9900,0,0,40139.7300,-0.417719,0.500703,0.004342,0.337416,0.151339,0.344607,0.327202,0.259168,0.183131,0.683174,0.972879
2009,12,AL,-2.4492936e-16,1.000000,72.6600,0,0,26759.8200,-0.374934,0.498600,-0.008047,0.530394,0.494338,0.490221,0.541003,0.571998,0.509706,0.554085,1.266751
2010,1,AL,0.500000,0.866025,131.0400,0,0,46369.3600,0.131355,0.500177,-0.066952,0.366655,0.587884,0.581229,0.391635,0.540715,0.509706,-0.103650,0.483092
2010,2,AL,0.866025,0.500000,131.0400,0,0,46369.3600,-0.006724,0.489135,-0.053412,0.553785,0.806156,0.526624,0.582006,0.822262,0.776903,-0.122092,0.189219
2010,3,AL,1.000000,6.123234e-17,131.0400,0,0,46369.3600,-0.050157,0.477830,-0.048653,0.623958,0.587884,0.635834,0.637653,0.571998,0.257352,-0.115945,0.923900
2010,4,AL,0.866025,-0.500000,196.5600,0,0,69554.0400,-0.022930,0.485192,-0.100294,0.518698,0.806156,0.581229,0.541003,0.822262,0.925346,-0.355680,1.266751
2010,5,AL,0.500000,-0.866025,524.1600,0,0,185477.4400,-0.046915,0.508591,-0.138284,0.278938,0.681429,0.526624,0.294986,0.790979,0.762059,-0.724504,-0.300568
2010,6,AL,1.2246468e-16,-1.000000,982.8000,0,0,347770.2000,1.234041,0.577998,-0.199114,-0.030995,0.587884,0.126188,-0.009608,0.697130,0.539394,0.228291,1.070836
2010,7,AL,-0.500000,-0.866025,1310.4000,0,0,463693.6000,0.231835,0.595613,-0.164485,-0.288298,0.307248,-0.237845,-0.284913,0.259168,0.361263,0.271321,0.581049
2010,8,AL,-0.866025,-0.500000,1310.4000,0,0,463693.6000,0.016614,0.620852,-0.161571,-0.475427,-0.409934,-0.110434,-0.460640,-0.303927,0.390951,0.265173,0.874921
2010,9,AL,-1.000000,-1.8369702e-16,982.8000,0,0,347770.2000,-0.094238,0.585886,-0.090435,-0.323385,-0.160479,-0.165039,-0.322987,-0.116229,0.153442,0.560233,0.679006
2010,10,AL,-0.866025,0.500000,524.1600,0,0,185477.4400,-0.203794,0.518055,-0.058192,0.126896,0.307248,-0.019426,0.145618,0.227885,0.524550,0.277468,0.923900
2010,11,AL,-0.500000,0.866025,196.5600,0,0,69554.0400,-0.435222,0.480985,-0.001397,0.264319,0.151339,0.290002,0.268627,0.384300,0.287041,0.633997,0.630028
2010,12,AL,-2.4492936e-16,1.000000,131.0400,0,0,46369.3600,-0.374934,0.440760,-0.014774,0.448524,0.307248,0.472019,0.456069,0.165319,0.494861,0.646291,0.776964
2011,1,AL,0.500000,0.866025,54.3200,0,0,18734.6800,-0.057288,0.455220,-0.042310,0.354960,0.525520,0.453817,0.368205,0.540715,0.227664,0.074614,0.483092
2011,2,AL,0.866025,0.500000,54.3200,0,0,18734.6800,-0.030061,0.472835,-0.036490,0.398818,0.525520,0.544825,0.412137,0.571998,0.420640,-0.079062,0.581049
2011,3,AL,1.000000,6.123234e-17,54.3200,0,0,18734.6800,-0.387899,0.453643,-0.016117,0.623958,0.587884,0.581229,0.640582,0.540715,0.049532,-0.122092,0.581049
2011,4,AL,0.866025,-0.500000,81.4800,0,0,28102.0200,1.228855,0.476516,-0.137943,0.316949,0.525520,0.544825,0.338917,0.571998,0.554238,-0.017592,0.238198
2011,5,AL,0.500000,-0.866025,217.2800,0,0,74938.7200,0.692746,0.513323,-0.199459,0.050874,0.556702,0.308204,0.081185,0.571998,0.836280,0.080762,0.434113
2011,6,AL,1.2246468e-16,-1.000000,407.4000,0,0,140510.1000,0.161823,0.564590,-0.169091,-0.212277,0.400793,0.053381,-0.188263,0.509432,0.583927,-0.275768,0.287177
2011,7,AL,-0.500000,-0.866025,543.2000,0,0,187346.8000,0.717380,0.586148,-0.209790,-0.463732,0.369611,-0.110434,-0.443067,0.571998,0.539394,0.332791,0.581049
2011,8,AL,-0.866025,-0.500000,543.2000,0,0,187346.8000,0.173492,0.604552,-0.139758,-0.446188,0.057793,-0.128636,-0.434281,-0.053663,0.227664,-0.208151,0.581049
2011,9,AL,-1.000000,-1.8369702e-16,407.4000,0,0,140510.1000,-0.107852,0.618749,-0.129742,-0.308765,0.151339,-0.092232,-0.293699,0.040186,0.004999,0.369674,0.385134
2011,10,AL,-0.866025,0.500000,217.2800,0,0,74938.7200,-0.302977,0.506224,-0.045658,0.047950,0.120157,0.290002,0.060683,0.008903,0.420640,0.277468,0.581049
2011,11,AL,-0.500000,0.866025,81.4800,0,0,28102.0200,-0.094886,0.501755,-0.035131,0.153211,0.276066,0.271801,0.163190,0.165319,0.257352,0.523350,0.630028
2011,12,AL,-2.4492936e-16,1.000000,54.3200,0,0,18734.6800,-0.423553,0.495182,0.449197,0.387123,0.120157,0.290002,0.394564,0.102752,0.197975,0.818409,1.021857
2012,1,AL,0.500000,0.866025,116.8400,0,0,47409.0400,0.094405,0.506224,-0.327271,0.284786,0.307248,0.399212,0.297914,0.196602,-0.024689,0.406556,1.070836
2012,2,AL,0.866025,0.500000,116.8400,0,0,47409.0400,-0.253061,0.497023,0.045519,0.343264,0.307248,0.435616,0.356490,0.196602,0.524550,0.160673,0.336155
2012,3,AL,1.000000,6.123234e-17,116.8400,0,0,47409.0400,-0.039785,0.511220,-0.408781,0.316949,0.307248,0.308204,0.327202,0.446866,0.598771,-0.066768,0.385134
2012,4,AL,0.866025,-0.500000,175.2600,0,0,71113.5600,-0.293253,0.509379,-0.405705,0.217536,0.276066,0.035179,0.221766,0.321734,0.331574,-0.435592,0.042283
2012,5,AL,0.500000,-0.866025,467.3600,0,0,189636.1600,-0.168140,0.551182,-0.377399,0.126896,0.213702,0.144389,0.136831,0.290451,0.465173,-0.324945,0.483092
2012,6,AL,1.2246468e-16,-1.000000,876.3000,0,0,355567.8000,0.374452,0.590881,-0.193584,-0.215200,0.213702,0.053381,-0.194121,0.196602,0.569083,-0.429445,0.140241
2012,7,AL,-0.500000,-0.866025,1168.4000,0,0,474090.4000,0.270731,0.605341,-0.275886,-0.399406,0.088975,-0.074031,-0.375705,0.008903,0.376107,-0.066768,0.532070
2012,8,AL,-0.866025,-0.500000,1168.4000,0,0,474090.4000,-0.353865,0.647932,-0.279112,-0.109940,-0.378752,-0.019426,-0.088685,-0.210078,0.227664,1.021262,0.140241
2012,9,AL,-1.000000,-1.8369702e-16,876.3000,0,0,355567.8000,-0.384657,0.627425,-0.082707,-0.279526,-0.222843,-0.092232,-0.279055,-0.303927,0.138598,0.074614,0.287177
2012,10,AL,-0.866025,0.500000,467.3600,0,0,189636.1600,-0.218055,0.555651,-0.049927,-0.098244,0.244884,0.217196,-0.088685,0.165319,-0.202821,0.394262,1.119815
2012,11,AL,-0.500000,0.866025,175.2600,0,0,71113.5600,-0.443001,0.489135,0.000597,0.287710,-0.035752,0.290002,0.294986,-0.053663,0.257352,1.058145,1.315730
2012,12,AL,-2.4492936e-16,1.000000,116.8400,0,0,47409.0400,-0.401512,0.489398,-0.014476,0.392970,0.182520,0.435616,0.400422,0.071469,0.465173,0.627850,0.630028
2013,1,AL,0.500000,0.866025,37.9200,0,0,15363.8400,-0.263433,0.506224,-0.015618,0.515774,0.400793,0.581229,0.523431,0.384300,0.361263,0.732350,1.315730
2013,2,AL,0.866025,0.500000,37.9200,0,0,15363.8400,-0.417070,0.497285,-0.023973,0.653197,0.338429,0.581229,0.661083,0.540715,0.435484,0.461880,0.679006
2013,3,AL,1.000000,6.123234e-17,37.9200,0,0,15363.8400,-0.385306,0.500440,-0.036566,0.711675,0.463157,0.635834,0.728445,0.478149,0.094065,0.265173,0.776964
2013,4,AL,0.866025,-0.500000,56.8800,0,0,23045.7600,0.244152,0.506750,-0.097576,0.483611,0.525520,0.544825,0.500000,0.384300,0.702682,0.000850,0.336155
2013,5,AL,0.500000,-0.866025,151.6800,0,0,61455.3600,0.334908,0.537248,-0.150486,0.118124,0.494338,0.344607,0.145618,0.540715,0.851125,-0.589269,0.238198
2013,6,AL,1.2246468e-16,-1.000000,284.4000,0,0,115228.8000,0.267489,0.566430,-0.173176,-0.133331,0.369611,0.053381,-0.106257,0.446866,0.687837,-0.521651,0.042283
2013,7,AL,-0.500000,-0.866025,379.2000,0,0,153638.4000,0.694043,0.602186,-0.189012,-0.343852,0.213702,-0.074031,-0.320058,0.196602,0.004999,-0.115945,0.923900
2013,8,AL,-0.866025,-0.500000,379.2000,0,0,153638.4000,0.066530,0.595613,-0.157072,-0.378939,0.057793,-0.055829,-0.363990,0.102752,0.465173,-0.005297,0.336155
2013,9,AL,-1.000000,-1.8369702e-16,284.4000,0,0,115228.8000,-0.177863,0.593247,-0.082604,-0.180114,0.088975,0.035179,-0.167762,0.196602,0.316730,0.209850,0.385134
2013,10,AL,-0.866025,0.500000,151.6800,0,0,61455.3600,0.178030,0.556703,-0.049616,-0.004680,0.120157,0.162591,-0.003750,0.134035,0.494861,0.468027,0.581049
2013,11,AL,-0.500000,0.866025,56.8800,0,0,23045.7600,-0.130541,0.501229,-0.061630,0.077189,0.213702,0.198994,0.084113,0.290451,0.331574,0.412703,0.825943
2013,12,AL,-2.4492936e-16,1.000000,37.9200,0,0,15363.8400,-0.398919,0.490976,-0.025426,0.349112,0.307248,0.308204,0.353561,0.446866,0.450328,0.867586,1.413687
2014,1,AL,0.500000,0.866025,39.5400,0,0,15204.1400,-0.293253,0.521210,-0.019572,0.349112,0.307248,0.435616,0.341846,0.259168,0.524550,0.154526,0.679006
2014,2,AL,0.866025,0.500000,39.5400,0,0,15204.1400,-0.135078,0.489924,-0.037989,0.334492,0.431975,0.472019,0.338917,0.353017,0.554238,-0.029886,0.483092
2014,3,AL,1.000000,6.123234e-17,39.5400,0,0,15204.1400,-0.326963,0.504384,-0.045288,0.471916,0.556702,0.581229,0.482428,0.540715,0.732370,-0.023739,0.238198
2014,4,AL,0.866025,-0.500000,59.3100,0,0,22806.2100,0.047730,0.504121,-0.107451,0.466068,0.774974,0.599430,0.482428,0.790979,0.747214,-0.214298,0.238198
2014,5,AL,0.500000,-0.866025,158.1600,0,0,60816.5600,0.612362,0.527783,-0.161639,0.042103,0.650247,0.198994,0.066541,0.540715,0.717526,-0.386415,0.287177
2014,6,AL,1.2246468e-16,-1.000000,296.5500,0,0,114031.0500,0.081439,0.579839,-0.160791,-0.136255,0.276066,0.144389,-0.115044,0.134035,0.405795,-0.171268,0.238198
2014,7,AL,-0.500000,-0.866025,395.4000,0,0,152041.4000,0.194236,0.641622,-0.163876,-0.335080,0.088975,-0.092232,-0.314201,0.102752,0.287041,-0.042180,0.336155
2014,8,AL,-0.866025,-0.500000,395.4000,0,0,152041.4000,0.023745,0.630054,-0.128813,-0.396482,-0.004570,-0.183241,-0.378634,0.102752,-0.158288,-0.011444,0.189219
2014,9,AL,-1.000000,-1.8369702e-16,296.5500,0,0,114031.0500,-0.075439,0.601397,-0.085548,-0.247363,0.026611,0.035179,-0.243910,0.071469,0.509706,0.351232,0.825943
2014,10,AL,-0.866025,0.500000,158.1600,0,0,60816.5600,0.311571,0.574318,-0.078105,-0.048538,0.151339,0.308204,-0.033038,0.071469,0.390951,0.572527,0.532070
2014,11,AL,-0.500000,0.866025,59.3100,0,0,22806.2100,-0.320480,0.513323,-0.063335,0.159059,0.276066,0.326406,0.171977,0.415583,0.331574,0.504909,0.923900
2014,12,AL,-2.4492936e-16,1.000000,39.5400,0,0,15204.1400,-0.368451,0.526205,-0.052828,0.308177,0.307248,0.399212,0.327202,0.290451,0.376107,0.388115,0.923900
2015,1,AL,0.500000,0.866025,7.9800,0,0,3006.7800,-0.370396,0.546975,-0.020185,0.419285,0.307248,0.490221,0.432638,0.509432,0.004999,0.265173,0.434113
2015,2,AL,0.866025,0.500000,7.9800,0,0,3006.7800,-0.166195,0.518318,-0.052010,0.468992,0.899702,0.435616,0.488285,1.197658,0.658149,0.136085,0.287177
2015,3,AL,1.000000,6.123234e-17,7.9800,0,0,3006.7800,-0.288067,0.506487,-0.032434,0.539165,0.556702,0.563027,0.564433,0.446866,0.465173,-0.103650,0.238198
2015,4,AL,0.866025,-0.500000,11.9700,0,0,4510.1700,-0.420312,0.503595,-0.055981,0.682436,0.774974,0.599430,0.699157,0.634564,0.450328,-0.054474,0.727985
2015,5,AL,0.500000,-0.866025,31.9200,0,0,12027.1200,0.196829,0.545135,-0.123798,0.311101,0.587884,0.381011,0.335989,0.571998,0.376107,-0.497063,1.021857
2015,6,AL,1.2246468e-16,-1.000000,59.8500,0,0,22550.8500,0.618196,0.600608,-0.187104,-0.115788,0.338429,0.271801,-0.091613,0.509432,0.717526,-0.202003,0.581049
2015,7,AL,-0.500000,-0.866025,79.8000,0,0,30067.8000,0.558557,0.616383,-0.199996,-0.288298,0.431975,0.144389,-0.258554,0.384300,0.376107,0.031585,0.483092
2015,8,AL,-0.866025,-0.500000,79.8000,0,0,30067.8000,0.033468,0.620589,-0.126299,-0.335080,-0.066934,-0.001224,-0.317130,0.134035,0.242508,0.062320,0.581049
2015,9,AL,-1.000000,-1.8369702e-16,59.8500,0,0,22550.8500,-0.320480,0.589829,-0.078361,-0.139179,-0.004570,0.035179,-0.135545,-0.022380,0.287041,-0.066768,0.581049
2015,10,AL,-0.866025,0.500000,31.9200,0,0,12027.1200,-0.280288,0.575106,-0.035361,0.047950,0.026611,0.217196,0.054826,0.040186,0.450328,0.369674,0.630028
2015,11,AL,-0.500000,0.866025,11.9700,0,0,4510.1700,-0.455966,0.507802,-0.005095,0.354960,0.338429,0.271801,0.356490,0.415583,0.465173,1.088880,1.070836
2015,12,AL,-2.4492936e-16,1.000000,7.9800,0,0,3006.7800,-0.273805,0.544872,-0.047017,0.425133,0.338429,0.417414,0.435567,0.353017,0.390951,0.584821,1.315730
2016,1,AL,0.500000,0.866025,17.8800,0,0,7463.1600,0.025041,0.505436,-0.090904,0.477763,0.743793,0.271801,0.502929,0.728413,0.717526,0.234438,0.874921
2016,2,AL,0.866025,0.500000,17.8800,0,0,7463.1600,-0.256303,0.526731,-0.046374,0.509926,0.743793,0.526624,0.529288,0.728413,0.776903,-0.109797,0.287177
2016,3,AL,1.000000,6.123234e-17,17.8800,0,0,7463.1600,-0.035247,0.531201,-0.092088,0.536241,1.024429,0.599430,0.552718,0.916111,0.791747,-0.238886,0.042283
2016,4,AL,0.866025,-0.500000,26.8200,0,0,11194.7400,-0.086459,0.520684,-0.119108,0.436829,0.868520,0.526624,0.450211,0.916111,0.910502,-0.171268,0.189219
2016,5,AL,0.500000,-0.866025,71.5200,0,0,29852.6400,0.401030,0.571426,-0.165529,0.103504,0.681429,0.217196,0.125116,0.728413,0.480017,-0.472474,0.287177
2016,6,AL,1.2246468e-16,-1.000000,134.1000,0,0,55973.7000,-0.022930,0.613228,-0.163539,-0.083625,0.587884,0.107986,-0.074041,0.603281,0.227664,-0.300356,0.385134
2016,7,AL,-0.500000,-0.866025,178.8000,0,0,74631.6000,-0.102666,0.620852,-0.168673,-0.297070,0.244884,-0.092232,-0.290771,0.134035,0.212819,-0.079062,0.385134
2016,8,AL,-0.866025,-0.500000,178.8000,0,0,74631.6000,-0.232317,0.619012,-0.121293,-0.311689,0.307248,-0.256047,-0.311272,0.134035,-0.187977,-0.208151,0.630028
2016,9,AL,-1.000000,-1.8369702e-16,134.1000,0,0,55973.7000,-0.329556,0.603500,-0.071118,-0.098244,0.213702,0.035179,-0.097471,0.102752,-0.098911,0.136085,0.385134
2016,10,AL,-0.866025,0.500000,71.5200,0,0,29852.6400,-0.404105,0.542506,-0.018639,0.293558,0.057793,0.381011,0.303772,0.196602,0.301885,0.965939,1.070836
2016,11,AL,-0.500000,0.866025,26.8200,0,0,11194.7400,-0.383361,0.513323,-0.036064,0.401742,0.525520,0.490221,0.409208,0.384300,0.450328,1.033557,1.070836
2016,12,AL,-2.4492936e-16,1.000000,17.8800,0,0,7463.1600,-0.349003,0.503069,-0.044874,0.524546,0.244884,0.526624,0.538074,0.227885,0.272197,0.953645,1.119815
2017,1,AL,0.500000,0.866025,59.7200,0,0,27195.9600,-0.286771,0.513586,-0.014826,0.550861,0.369611,0.563027,0.573220,0.415583,0.257352,0.517203,0.727985
2017,2,AL,0.866025,0.500000,59.7200,0,0,27195.9600,-0.413181,0.498337,-0.029175,0.656121,0.338429,0.508422,0.678656,0.384300,0.494861,0.412703,0.581049
2017,3,AL,1.000000,6.123234e-17,59.7200,0,0,27195.9600,-0.300384,0.491239,-0.050579,0.682436,0.837338,0.563027,0.707944,0.916111,0.138598,0.080762,0.679006
2017,4,AL,0.866025,-0.500000,89.5800,0,0,40793.9400,0.207201,0.508328,-0.107673,0.492383,0.868520,0.563027,0.514644,0.822262,0.747214,-0.220445,1.070836
2017,5,AL,0.500000,-0.866025,238.8800,0,0,108783.8400,1.683931,0.539614,-0.182030,0.150287,0.930883,0.453817,0.186621,0.790979,0.762059,-0.134386,0.189219
2017,6,AL,1.2246468e-16,-1.000000,447.9000,0,0,203969.7000,1.310535,0.582468,-0.204069,-0.142103,0.712611,0.290002,-0.117973,0.634564,0.732370,0.148379,0.385134
2017,7,AL,-0.500000,-0.866025,597.2000,0,0,271959.6000,0.937139,0.655556,-0.219206,-0.513438,0.182520,-0.237845,-0.507500,0.227885,0.212819,0.972086,0.483092
2017,8,AL,-0.866025,-0.500000,597.2000,0,0,271959.6000,0.251931,0.614542,-0.160387,-0.463732,0.151339,-0.001224,-0.451854,0.259168,0.643304,-0.183562,0.042283
2017,9,AL,-1.000000,-1.8369702e-16,447.9000,0,0,203969.7000,0.073012,0.628477,-0.097367,-0.305841,0.151339,0.162591,-0.314201,0.071469,0.480017,0.756939,0.679006
2017,10,AL,-0.866025,0.500000,238.8800,0,0,108783.8400,-0.257599,0.560646,-0.054558,0.012864,0.338429,0.180792,0.019680,0.353017,0.598771,0.388115,0.532070
2017,11,AL,-0.500000,0.866025,89.5800,0,0,40793.9400,-0.435870,0.502544,-0.032093,0.246775,0.276066,0.253599,0.245196,0.259168,0.376107,0.701615,1.315730
2017,12,AL,-2.4492936e-16,1.000000,59.7200,0,0,27195.9600,-0.339928,0.491764,-0.044751,0.460220,0.400793,0.526624,0.464855,0.509432,0.554238,0.701615,1.364709
2018,1,AL,0.500000,0.866025,29.7400,0,0,15065.7000,0.069771,0.502544,-0.040128,0.448524,0.400793,0.526624,0.453140,0.603281,0.554238,0.406556,0.874921
2018,2,AL,0.866025,0.500000,29.7400,0,0,15065.7000,0.045137,0.479408,-0.049514,0.442677,0.712611,0.581229,0.450211,0.884828,0.836280,0.222144,0.630028
2018,3,AL,1.000000,6.123234e-17,29.7400,0,0,15065.7000,-0.085811,0.484929,-0.059764,0.486535,0.743793,0.617632,0.497071,0.697130,0.880813,0.185262,0.825943
2018,4,AL,0.866025,-0.500000,44.6100,0,0,22598.5500,1.109575,0.520158,-0.163574,0.126896,0.774974,0.381011,0.142689,0.728413,0.658149,-0.497063,-0.202610
2018,5,AL,0.500000,-0.866025,118.9600,0,0,60262.8000,0.030875,0.554337,-0.143818,0.042103,0.650247,0.235397,0.046039,0.853545,0.509706,-0.257327,0.238198
2018,6,AL,1.2246468e-16,-1.000000,223.0500,0,0,112992.7500,-0.345762,0.607444,-0.159671,-0.212277,0.619065,-0.001224,-0.217551,0.759696,0.465173,-0.269621,0.140241
2018,7,AL,-0.500000,-0.866025,297.4000,0,0,150657.0000,-0.251116,0.622956,-0.178988,-0.481275,0.151339,-0.110434,-0.475284,0.290451,0.183131,-0.257327,-0.006696
2018,8,AL,-0.866025,-0.500000,297.4000,0,0,150657.0000,-0.327611,0.629265,-0.111980,-0.256135,-0.066934,-0.292450,-0.261483,-0.147512,0.287041,-0.048327,0.385134
2018,9,AL,-1.000000,-1.8369702e-16,223.0500,0,0,112992.7500,-0.315294,0.573792,-0.077411,-0.095321,0.244884,-0.001224,-0.091613,0.040186,0.287041,0.283615,0.287177
2018,10,AL,-0.866025,0.500000,118.9600,0,0,60262.8000,-0.459207,0.529097,-0.014417,0.302330,0.244884,0.308204,0.292057,0.290451,0.346418,0.701615,0.874921
2018,11,AL,-0.500000,0.866025,44.6100,0,0,22598.5500,-0.317239,0.513586,-0.037512,0.410514,0.369611,0.381011,0.409208,0.321734,0.480017,0.799968,0.532070
2018,12,AL,-2.4492936e-16,1.000000,29.7400,0,0,15065.7000,-0.240096,0.524102,-0.035885,0.439753,0.463157,0.381011,0.441425,0.603281,0.613616,0.504909,0.874921
2019,1,AL,0.500000,0.866025,17.0200,0,0,8694.7400,0.131355,0.542243,-0.075277,0.340340,0.619065,0.472019,0.341846,0.603281,0.821436,-0.066768,0.434113
2019,2,AL,0.866025,0.500000,17.0200,0,0,8694.7400,-0.168140,0.495708,-0.041883,0.632730,1.149156,0.690439,0.643511,0.947394,0.821436,-0.072915,0.238198
2019,3,AL,1.000000,6.123234e-17,17.0200,0,0,8694.7400,-0.059881,0.500703,-0.067770,0.670741,1.149156,0.599430,0.678656,0.978677,0.851125,-0.140533,0.385134
2019,4,AL,0.866025,-0.500000,25.5300,0,0,13042.1100,-0.079977,0.501492,-0.118839,0.509926,0.868520,0.635834,0.520502,0.853545,0.658149,-0.576974,0.140241
2019,5,AL,0.500000,-0.866025,68.0800,0,0,34778.9600,0.006242,0.520421,-0.142617,0.314025,0.712611,0.417414,0.315487,0.728413,0.212819,-0.693769,-0.055674
2019,6,AL,1.2246468e-16,-1.000000,127.6500,0,0,65210.5500,0.349170,0.599557,-0.195761,-0.089473,0.400793,0.217196,-0.094542,0.603281,0.598771,-0.079062,0.385134
2019,7,AL,-0.500000,-0.866025,170.2000,0,0,86947.4000,0.392603,0.603500,-0.191888,-0.294146,0.400793,-0.110434,-0.293699,0.384300,0.212819,-0.042180,0.287177
2019,8,AL,-0.866025,-0.500000,170.2000,0,0,86947.4000,0.101535,0.652927,-0.150958,-0.346776,-0.004570,-0.037627,-0.349346,-0.022380,0.168287,0.240585,0.776964
2019,9,AL,-1.000000,-1.8369702e-16,127.6500,0,0,65210.5500,-0.142209,0.599031,-0.089813,-0.095321,0.120157,0.144389,-0.097471,0.259168,0.405795,0.086909,0.140241
2019,10,AL,-0.866025,0.500000,68.0800,0,0,34778.9600,-0.393733,0.546186,-0.031607,0.173678,0.120157,0.253599,0.166119,0.102752,0.376107,0.468027,0.483092
2019,11,AL,-0.500000,0.866025,25.5300,0,0,13042.1100,-0.450131,0.494656,-0.010378,0.404666,0.057793,0.381011,0.391635,0.040186,0.450328,0.480321,0.776964
2019,12,AL,-2.4492936e-16,1.000000,17.0200,0,0,8694.7400,-0.470876,0.497811,-0.003340,0.585948,0.307248,0.508422,0.567362,0.321734,0.539394,0.547938,0.727985
2020,1,AL,0.500000,0.866025,29.1600,0,0,16204.8000,-0.476062,0.499652,-0.447900,0.711675,0.650247,0.672237,0.716730,0.603281,0.390951,0.351232,0.532070
2020,2,AL,0.866025,0.500000,29.1600,0,0,16204.8000,-0.476062,0.499389,-0.447900,0.755534,0.806156,0.654035,0.763591,0.822262,0.836280,-0.005297,0.630028
2020,3,AL,1.000000,6.123234e-17,29.1600,0,0,16204.8000,-0.476062,0.482037,-0.447900,0.699980,1.429792,0.672237,0.713801,1.228942,0.717526,-0.263474,0.238198
2020,4,AL,0.866025,-0.500000,43.7400,0,0,24307.2000,-0.476062,0.495971,-0.447900,0.980674,0.962065,0.890657,0.871955,0.978677,0.969879,1.224116,-0.349547
2020,5,AL,0.500000,-0.866025,116.6400,0,0,64819.2000,-0.476062,0.493868,-0.447900,1.243825,-0.213489,1.929971,1.378635,-0.291414,1.109416,1.457704,-0.927495
2020,6,AL,1.2246468e-16,-1.000000,218.7000,0,0,121536.0000,-0.476062,0.506750,-0.447900,1.264292,-0.335098,1.946353,1.361062,-0.394648,1.078242,1.525322,-0.834436
2020,7,AL,-0.500000,-0.866025,291.6000,0,0,162048.0000,-0.476062,0.519633,-0.447900,1.284759,-0.453588,1.962734,1.346418,-0.497882,1.045585,1.599086,-0.741376
2020,8,AL,-0.866025,-0.500000,291.6000,0,0,162048.0000,-0.476062,0.532778,-0.447900,1.308150,-0.578316,1.979116,1.328845,-0.604244,1.012928,1.672851,-0.648317
2020,9,AL,-1.000000,-1.8369702e-16,218.7000,0,0,121536.0000,-0.476062,0.545661,-0.447900,1.328618,-0.703043,1.993677,1.311273,-0.707478,0.981754,1.740469,-0.560155
2020,10,AL,-0.866025,0.500000,116.6400,0,0,64819.2000,-0.476062,0.558543,-0.447900,1.349085,-0.821534,2.010058,1.293700,-0.810712,0.949097,1.814234,-0.467096
2020,11,AL,-0.500000,0.866025,43.7400,0,0,24307.2000,-0.468931,0.562487,-0.447900,1.132717,-0.098116,0.599430,1.071113,-0.241361,0.420640,1.549910,0.825943
2020,12,AL,-2.4492936e-16,1.000000,29.1600,0,0,16204.8000,-0.376878,0.512008,-0.447900,0.395894,1.086792,0.472019,0.417994,1.103809,0.658149,0.566380,0.825943
2021,1,AL,0.500000,0.866025,16.7600,0,0,20186.8800,-0.466986,0.497811,-0.447900,0.340340,1.086792,0.508422,0.371134,1.041243,1.281609,0.129938,0.434113
2021,2,AL,0.866025,0.500000,16.7600,0,0,20186.8800,-0.476062,0.482826,-0.447900,0.536241,0.999483,0.635834,0.564433,0.963036,1.311298,0.234438,0.972879
2021,3,AL,1.000000,6.123234e-17,16.7600,0,0,20186.8800,-0.476062,0.490187,-0.447900,0.378351,0.924647,0.544825,0.403350,0.891085,1.326142,0.000850,0.532070
2021,4,AL,0.866025,-0.500000,25.1400,0,0,30280.3200,-0.476062,0.498600,-0.447900,0.334492,0.837338,0.526624,0.376991,0.816006,1.103478,-0.441739,0.189219
2021,5,AL,0.500000,-0.866025,67.0400,0,0,80747.5200,-0.476062,0.547238,-0.447900,0.071342,0.756265,0.399212,0.110472,0.740926,1.133166,-0.251180,0.091262
2021,6,AL,1.2246468e-16,-1.000000,125.7000,0,0,151401.6000,-0.476062,0.574843,-0.447900,-0.250287,0.668956,0.126188,-0.202907,0.662719,1.667561,-0.398710,0.238198
2021,7,AL,-0.500000,-0.866025,167.6000,0,0,201868.8000,-0.476062,0.618749,-0.447900,-0.323385,0.587884,0.107986,-0.293699,0.587639,1.617091,-0.300356,-0.153632
2021,8,AL,-0.866025,-0.500000,167.6000,0,0,201868.8000,-0.206387,0.617434,-0.447900,-0.402330,0.500575,0.107986,-0.363990,0.509432,1.566620,0.246732,0.336155
2021,9,AL,-1.000000,-1.8369702e-16,125.7000,0,0,151401.6000,-0.167491,0.582994,-0.447900,-0.033919,0.416384,0.198994,-0.003750,0.431224,1.517634,-0.036033,0.042283
2021,10,AL,-0.866025,0.500000,67.0400,0,0,80747.5200,-0.406050,0.528834,-0.447900,0.311101,0.335311,0.308204,0.324273,0.356145,1.467163,0.351232,0.630028
2021,11,AL,-0.500000,0.866025,25.1400,0,0,30280.3200,-0.373637,0.479408,-0.447900,0.609339,0.248002,0.472019,0.625938,0.277937,1.418177,0.904468,1.070836
2021,12,AL,-2.4492936e-16,1.000000,16.7600,0,0,20186.8800,-0.456614,0.467840,-0.447900,0.515774,0.166929,0.508422,0.538074,0.202858,1.367706,0.799968,0.923900
2022,1,AL,0.500000,0.866025,36.4200,0,0,31709.6200,-0.427442,0.497023,-0.447900,0.539165,0.079620,0.508422,0.564433,0.124651,1.318720,-0.005297,0.336155
2022,2,AL,0.866025,0.500000,36.4200,0,0,31709.6200,-0.347707,0.479408,-0.447900,0.740914,-0.004570,0.726842,0.748947,0.046443,1.272703,0.320497,0.727985
2022,3,AL,1.000000,6.123234e-17,36.4200,0,0,31709.6200,0.728400,0.473361,-0.447900,0.448524,-0.082525,0.617632,0.479499,-0.022380,1.222232,-0.392562,0.727985
2022,4,AL,0.866025,-0.500000,54.6300,0,0,47564.4300,0.191643,0.485718,-0.447900,0.392970,-0.166716,0.526624,0.417994,-0.100587,1.173246,-0.429445,-0.006696
2022,5,AL,0.500000,-0.866025,145.6800,0,0,126838.4800,1.375361,0.541717,-0.447900,0.106428,-0.250907,0.472019,0.151475,-0.175666,1.122775,-0.251180,0.189219
2022,6,AL,1.2246468e-16,-1.000000,273.1500,0,0,237822.1500,0.984786,0.551707,-0.447900,-0.235668,-0.335098,0.381011,-0.176548,-0.253874,1.075274,-0.269621,0.238198
2022,7,AL,-0.500000,-0.866025,364.2000,0,0,317096.2000,0.934870,0.597191,-0.447900,-0.349700,-0.419288,0.016978,-0.308343,-0.328953,1.024803,0.326644,0.434113
2022,8,AL,-0.866025,-0.500000,364.2000,0,0,317096.2000,0.449650,0.612439,-0.447900,-0.288298,-0.503479,0.308204,-0.273198,-0.407161,0.974332,0.424997,0.336155
2022,9,AL,-1.000000,-1.8369702e-16,273.1500,0,0,237822.1500,-0.199256,0.586411,-0.447900,-0.229820,0.151339,0.016978,-0.217551,0.040186,0.272197,-0.023739,0.140241
2022,10,AL,-0.866025,0.500000,145.6800,0,0,126838.4800,-0.188884,0.545398,-0.447900,0.132743,0.369611,0.180792,0.151475,0.259168,0.183131,0.332791,0.581049
2022,11,AL,-0.500000,0.866025,54.6300,0,0,47564.4300,0.152748,0.490187,-0.447900,0.243852,0.556702,0.472019,0.265698,0.790979,0.465173,0.234438,0.679006
2022,12,AL,-2.4492936e-16,1.000000,36.4200,0,0,31709.6200,-0.188884,0.485980,-0.447900,0.401742,0.587884,0.472019,0.415066,0.697130,0.643304,0.578674,0.874921
2023,1,AL,0.500000,0.866025,26.0200,0,0,19419.3200,-0.220648,0.507276,-0.447900,0.442677,0.681429,0.544825,0.453140,0.603281,0.004999,0.209850,0.532070
2023,2,AL,0.866025,0.500000,26.0200,0,0,19419.3200,-0.299088,0.506487,-0.447900,0.501155,0.806156,0.417414,0.523431,0.728413,0.539394,-0.232739,0.042283
2023,3,AL,1.000000,6.123234e-17,26.0200,0,0,19419.3200,-0.043674,0.503858,-0.447900,0.504078,0.806156,0.617632,0.532217,0.884828,0.791747,-0.122092,0.581049
2023,4,AL,0.866025,-0.500000,39.0300,0,0,29128.9800,0.119038,0.484403,-0.447900,0.454372,0.899702,0.435616,0.488285,0.978677,0.806592,-0.497063,0.042283
2023,5,AL,0.500000,-0.866025,104.0800,0,0,77677.2800,0.644775,0.537773,-0.447900,0.226308,0.930883,0.508422,0.265698,0.978677,1.014412,-0.509357,-0.202610
2023,6,AL,1.2246468e-16,-1.000000,195.1500,0,0,145644.9000,0.896947,0.593510,-0.447900,-0.130407,0.681429,0.326406,-0.076970,0.571998,0.747214,-0.220445,-0.006696
2023,7,AL,-0.500000,-0.866025,260.2000,0,0,194193.2000,0.451594,0.622693,-0.447900,-0.259059,0.369611,0.235397,-0.208765,0.321734,0.539394,-0.269621,0.434113
2023,8,AL,-0.866025,-0.500000,260.2000,0,0,194193.2000,0.021800,0.594299,-0.447900,-0.203505,0.556702,0.107986,-0.164833,0.384300,0.405795,-0.091356,0.336155
2023,9,AL,-1.000000,-1.8369702e-16,195.1500,0,0,145644.9000,-0.054046,0.584834,-0.447900,-0.071929,0.431975,0.326406,-0.027180,0.478149,0.583927,0.203703,0.483092
2023,10,AL,-0.866025,0.500000,104.0800,0,0,77677.2800,-0.374934,0.547238,-0.447900,-0.004680,0.494338,0.253599,0.063612,0.478149,0.628460,-0.374121,0.287177
2023,11,AL,-0.500000,0.866025,39.0300,0,0,29128.9800,-0.476062,0.513323,-0.447900,0.463144,0.107684,1.052652,0.526359,-0.012995,1.210357,-0.115945,-0.858925
2023,12,AL,-2.4492936e-16,1.000000,26.0200,0,0,19419.3200,-0.291957,0.499915,-0.447900,0.752610,0.868520,0.417414,0.751875,0.947394,0.643304,0.664733,0.483092
2001,1,AM,0.500000,0.866025,1628.7800,0,0,1024395.5800,-0.145126,0.531989,-0.093554,0.214613,0.587884,0.654035,0.274484,0.509432,1.014412,-1.185534,0.091262
2001,2,AM,0.866025,0.500000,1628.7800,0,0,1024395.5800,-0.136375,0.498337,-0.284331,-0.004680,0.431975,0.563027,0.505858,0.478149,1.103478,0.849145,-0.447504
2001,3,AM,1.000000,6.123234e-17,1628.7800,0,0,1024395.5800,0.247393,0.510694,-0.137010,0.381275,0.712611,0.472019,0.417994,0.634564,0.895658,-1.025710,0.385134
2001,4,AM,0.866025,-0.500000,2443.1700,1,0,1536593.3700,0.102832,0.521999,-0.139234,0.305253,0.837338,0.581229,0.335989,0.728413,1.118322,-1.210122,-0.545461
2001,5,AM,0.500000,-0.866025,6515.1200,1,0,4097582.3200,0.173492,0.520947,-0.134692,0.498231,0.806156,0.599430,0.520502,0.853545,1.222232,-1.394534,-0.643419
2001,6,AM,1.2246468e-16,-1.000000,12215.8500,1,1,7682966.8500,0.038006,0.577998,-0.184922,0.042103,0.525520,0.144389,0.084113,0.540715,0.672993,-1.357652,-0.153632
2001,7,AM,-0.500000,-0.866025,16287.8000,1,1,10243955.8000,-0.452076,0.543294,-0.227642,0.580100,0.369611,0.362809,0.678656,0.665847,0.940190,-1.216269,-0.692398
2001,8,AM,-0.866025,-0.500000,16287.8000,1,1,10243955.8000,-0.426146,0.559069,-0.042983,0.916348,0.556702,0.508422,0.904172,0.446866,0.376107,-1.296181,-0.790355
2001,9,AM,-1.000000,-1.8369702e-16,12215.8500,1,1,7682966.8500,-0.217407,0.508328,-0.065000,0.781849,0.619065,0.544825,0.763591,0.665847,0.851125,-1.136357,-0.741376
2001,10,AM,-0.866025,0.500000,6515.1200,1,0,4097582.3200,0.184188,0.482300,-0.073871,1.100554,0.806156,0.654035,1.320059,0.571998,0.747214,-0.988828,-0.594440
2001,11,AM,-0.500000,0.866025,2443.1700,1,0,1536593.3700,-0.260840,0.459427,0.010852,0.933891,2.521155,0.453817,0.921745,2.323848,1.058945,-1.191681,-0.741376
2001,12,AM,-2.4492936e-16,1.000000,1628.7800,0,0,1024395.5800,-0.243013,0.456535,-0.044998,0.659045,1.086792,0.890657,0.658154,0.978677,1.207388,-1.345357,-0.937291
2002,1,AM,0.500000,0.866025,1982.8000,0,0,1278506.4600,0.776371,0.504121,0.020357,0.562556,0.899702,0.453817,0.535146,0.790979,1.073789,-0.798269,-0.104653
2002,2,AM,0.866025,0.500000,1982.8000,0,0,1278506.4600,-0.171381,0.498074,-0.127799,0.501155,0.681429,0.890657,0.584935,0.728413,1.237077,-0.546239,-0.545461
2002,3,AM,1.000000,6.123234e-17,1982.8000,0,0,1278506.4600,-0.079328,0.510431,-0.001857,0.618111,0.743793,0.708640,0.628867,0.728413,1.162855,-0.497063,-0.055674
2002,4,AM,0.866025,-0.500000,2974.2000,1,0,1917759.6900,0.644451,0.496760,-0.141287,0.384199,0.774974,0.635834,0.432638,0.790979,0.969879,-1.160946,-0.839334
2002,5,AM,0.500000,-0.866025,7931.2000,1,0,5114025.8400,0.369914,0.515952,-0.148692,0.439753,0.868520,0.563027,0.479499,0.822262,1.222232,-1.400681,-0.839334
2002,6,AM,1.2246468e-16,-1.000000,14871.0000,1,1,9588798.4500,0.097322,0.564064,-0.133768,0.387123,0.774974,0.599430,0.388707,0.665847,1.088634,-1.548211,0.581049
2002,7,AM,-0.500000,-0.866025,19828.0000,1,1,12785064.6000,-0.476062,0.602975,-0.384991,1.454345,0.403911,1.014428,0.335989,0.159062,1.461226,-2.304300,-1.911968
2002,8,AM,-0.866025,-0.500000,19828.0000,1,1,12785064.6000,-0.476062,0.554337,-0.242800,1.141488,0.619065,0.799649,0.992035,0.540715,0.895658,-1.025710,-0.839334
2002,9,AM,-1.000000,-1.8369702e-16,14871.0000,1,1,9588798.4500,-0.273805,0.510168,-0.042991,1.027456,0.774974,0.599430,1.021323,0.728413,0.628460,-1.124063,-0.741376
2002,10,AM,-0.866025,0.500000,7931.2000,1,0,5114025.8400,-0.067660,0.478882,-0.104933,0.749686,0.868520,0.599430,0.772377,0.916111,0.776903,-1.167093,-0.545461
2002,11,AM,-0.500000,0.866025,2974.2000,1,0,1917759.6900,-0.323721,0.490713,0.149064,0.837403,0.837338,0.708640,0.845596,0.822262,0.821436,-1.179387,-0.839334
2002,12,AM,-2.4492936e-16,1.000000,1982.8000,0,0,1278506.4600,0.166037,0.510431,-0.031454,0.661969,1.024429,0.817850,0.652297,1.009960,1.088634,-0.951945,-0.643419
2003,1,AM,0.500000,0.866025,2040.2600,0,0,1427329.4200,0.025689,0.514637,-0.023760,0.875414,0.962065,0.890657,0.857312,0.947394,0.865969,-0.454033,-0.055674
2003,2,AM,0.866025,0.500000,2040.2600,0,0,1427329.4200,0.207525,0.518844,-0.070428,0.539165,0.774974,0.817850,0.502929,0.790979,0.984723,-0.398710,-0.398525
2003,3,AM,1.000000,6.123234e-17,2040.2600,0,0,1427329.4200,-0.056963,0.521473,-0.206165,0.474840,0.712611,0.745044,0.456069,0.822262,1.207388,-0.958092,-0.496483
2003,4,AM,0.866025,-0.500000,3060.3900,1,0,2140994.1300,-0.425011,0.526994,0.010481,0.963130,0.837338,0.963463,0.839739,0.853545,1.148011,-0.472474,-1.182185
2003,5,AM,0.500000,-0.866025,8161.0400,1,0,5709317.6800,-0.388709,0.523576,-0.067476,0.980674,0.774974,0.763245,0.889528,0.822262,1.266765,-1.216269,-1.231164
2003,6,AM,1.2246468e-16,-1.000000,15301.9500,1,1,10704970.6500,-0.427442,0.536722,-0.138322,0.770153,0.837338,0.872455,0.696229,0.790979,1.237077,-1.179387,-0.986270
2003,7,AM,-0.500000,-0.866025,20402.6000,1,1,14273294.2000,-0.476062,0.495971,-0.337317,1.641475,0.463157,0.999867,1.683228,0.353017,1.281609,-0.589269,-1.329121
2003,8,AM,-0.866025,-0.500000,20402.6000,1,1,14273294.2000,-0.476062,0.503332,-0.289809,1.506975,0.226175,1.959094,1.451854,0.196602,1.428568,-1.019563,-1.843397
2003,9,AM,-1.000000,-1.8369702e-16,15301.9500,1,1,10704970.6500,-0.476062,0.521999,-0.231288,1.267216,0.394557,1.787998,1.097472,0.359273,1.528025,-1.560505,-2.093189
2003,10,AM,-0.866025,0.500000,8161.0400,1,0,5709317.6800,-0.476062,0.540402,-0.172767,1.027456,0.569175,1.611442,0.743089,0.525073,1.624513,-2.107593,-2.333185
2003,11,AM,-0.500000,0.866025,3060.3900,1,0,2140994.1300,-0.414801,0.509116,-0.073747,1.135640,0.993247,1.382101,0.918816,0.790979,1.088634,-1.554358,-0.937291
2003,12,AM,-2.4492936e-16,1.000000,2040.2600,0,0,1427329.4200,-0.426956,0.483351,0.193010,1.404639,0.962065,0.927060,1.270270,0.822262,1.251921,-0.318798,-0.839334
2004,1,AM,0.500000,0.866025,1887.7800,0,0,1302665.2600,-0.410750,0.488347,-0.083013,1.129793,0.837338,0.963463,1.018394,0.884828,1.058945,-0.742945,-0.937291
2004,2,AM,0.866025,0.500000,1887.7800,0,0,1302665.2600,-0.055019,0.519370,-0.112615,0.907576,0.930883,0.836052,0.816309,0.884828,1.058945,-0.171268,-0.888313
2004,3,AM,1.000000,6.123234e-17,1887.7800,0,0,1302665.2600,0.623058,0.489398,-0.238297,0.661969,0.899702,0.508422,0.678656,0.884828,1.237077,-0.994975,-0.398525
2004,4,AM,0.866025,-0.500000,2831.6700,1,0,1953997.8900,0.251607,0.505699,-0.140018,0.369579,1.460974,0.563027,0.432638,1.322791,1.014412,-1.173240,-0.006696
2004,5,AM,0.500000,-0.866025,7551.1200,1,0,5210661.0400,0.610741,0.535407,-0.106126,0.419285,1.585701,0.563027,0.464855,1.479206,1.088634,-1.400681,-0.986270
2004,6,AM,1.2246468e-16,-1.000000,14158.3500,1,1,9769989.4500,-0.071549,0.578261,-0.103468,0.381275,1.336247,0.617632,0.423852,1.135092,0.672993,-1.283887,-0.251589
2004,7,AM,-0.500000,-0.866025,18877.8000,1,1,13026652.6000,-0.285474,0.547238,-0.100430,0.436829,1.336247,0.581229,0.485356,1.197658,0.821436,-1.480593,-0.300568
2004,8,AM,-0.866025,-0.500000,18877.8000,1,1,13026652.6000,-0.087432,0.567482,-0.009466,0.612263,1.211520,0.508422,0.655226,1.197658,0.776903,-1.388387,-0.447504
2004,9,AM,-1.000000,-1.8369702e-16,14158.3500,1,1,9769989.4500,-0.284178,0.516478,-0.050251,0.682436,1.616883,0.563027,0.713801,1.479206,0.762059,-1.253152,-0.104653
2004,10,AM,-0.866025,0.500000,7551.1200,1,0,5210661.0400,-0.352245,0.482300,-0.106373,0.723371,1.492156,0.726842,0.769448,1.541772,0.776903,-1.179387,-0.104653
2004,11,AM,-0.500000,0.866025,2831.6700,1,0,1953997.8900,-0.439111,0.454694,-0.126448,1.243825,1.585701,0.872455,0.965676,1.416640,0.999568,0.412703,-0.594440
2004,12,AM,-2.4492936e-16,1.000000,1887.7800,0,0,1302665.2600,-0.469579,0.498600,-0.333453,0.232156,1.710428,0.781447,0.268627,1.573055,1.162855,-0.798269,-0.692398
2005,1,AM,0.500000,0.866025,3493.3400,1,0,2394464.3200,-0.476062,0.511483,-0.269786,0.360807,-0.041989,1.185524,0.391635,-0.244489,1.339502,-0.521651,-1.657278
2005,2,AM,0.866025,0.500000,3493.3400,1,0,2394464.3200,-0.476062,0.517266,-0.135071,0.612263,-0.091879,1.358439,0.634724,-0.288285,1.317236,-0.447886,-1.706257
2005,3,AM,1.000000,6.123234e-17,3493.3400,1,0,2394464.3200,-0.476062,0.523313,-0.000353,0.860794,-0.135534,1.513153,0.874884,-0.328953,1.292000,-0.374121,-1.745440
2005,4,AM,0.866025,-0.500000,5240.0100,1,0,3591696.4800,-0.476062,0.529360,0.138933,1.118097,-0.185425,1.684249,1.120902,-0.372750,1.266765,-0.300356,-1.794419
2005,5,AM,0.500000,-0.866025,13973.3600,1,1,9577857.2800,-0.476062,0.535407,0.278214,1.375400,-0.232198,1.849884,1.369848,-0.413418,1.241530,-0.226592,-1.838500
2005,6,AM,1.2246468e-16,-1.000000,26200.0500,1,1,17958482.4000,-0.417070,0.541191,0.271985,1.392943,0.993247,0.817850,1.390350,0.822262,1.222232,-0.435592,-0.790355
2005,7,AM,-0.500000,-0.866025,34933.4000,1,1,23944643.2000,-0.306218,0.568796,-0.106667,0.922196,0.962065,0.781447,0.924674,0.947394,0.821436,-1.333063,-0.643419
2005,8,AM,-0.866025,-0.500000,34933.4000,1,1,23944643.2000,-0.419015,0.532778,-0.081616,1.226281,0.993247,0.945262,1.208765,0.884828,0.598771,-1.351505,-0.594440
2005,9,AM,-1.000000,-1.8369702e-16,26200.0500,1,1,17958482.4000,-0.319183,0.515163,-0.081211,1.270140,1.024429,0.690439,1.252697,1.260225,0.762059,-0.988828,-0.300568
2005,10,AM,-0.866025,0.500000,13973.3600,1,1,9577857.2800,-0.220000,0.478882,-0.056970,1.363704,1.117974,0.817850,1.349347,1.041243,0.940190,-0.896622,-0.104653
2005,11,AM,-0.500000,0.866025,5240.0100,1,0,3591696.4800,0.233456,0.443652,-0.117195,0.992369,1.180338,0.799649,1.012537,1.103809,1.044101,-1.117916,-0.104653
2005,12,AM,-2.4492936e-16,1.000000,3493.3400,1,0,2394464.3200,0.445760,0.465474,-0.192770,0.585948,1.180338,0.763245,0.620080,1.041243,1.237077,-1.160946,-0.545461
2006,1,AM,0.500000,0.866025,3096.9600,1,0,2159559.2800,0.229242,0.473624,-0.135259,0.688284,1.117974,0.854254,0.699157,1.166375,1.177699,-1.013416,0.189219
2006,2,AM,0.866025,0.500000,3096.9600,1,0,2159559.2800,0.385472,0.491239,-0.125507,0.644426,0.962065,0.854254,0.666941,0.947394,1.266765,-1.124063,-0.545461
2006,3,AM,1.000000,6.123234e-17,3096.9600,1,0,2159559.2800,0.355976,0.506487,-0.164783,0.664893,1.211520,0.890657,0.690371,1.166375,1.177699,-1.117916,-0.202610
2006,4,AM,0.866025,-0.500000,4645.4400,1,0,3239338.9200,0.270731,0.497548,-0.171093,0.635654,0.962065,0.799649,0.675727,0.853545,1.162855,-1.247004,-0.790355
2006,5,AM,0.500000,-0.866025,12387.8400,1,1,8638237.1200,0.653202,0.555125,-0.243605,0.542089,0.993247,0.872455,0.596650,1.009960,1.281609,-1.480593,-1.084227
2006,6,AM,1.2246468e-16,-1.000000,23227.2000,1,1,16196694.6000,-0.220000,0.548815,-0.108797,0.811088,0.899702,0.745044,0.825095,0.822262,0.925346,-1.357652,-0.594440
2006,7,AM,-0.500000,-0.866025,30969.6000,1,1,21595592.8000,-0.255006,0.558543,-0.105990,0.939739,0.837338,0.745044,0.939317,0.790979,0.880813,-1.382240,-0.153632
2006,8,AM,-0.866025,-0.500000,30969.6000,1,1,21595592.8000,-0.420960,0.528309,-0.059470,1.173651,0.962065,0.781447,1.164834,0.947394,0.672993,-1.271593,-0.349547
2006,9,AM,-1.000000,-1.8369702e-16,23227.2000,1,1,16196694.6000,-0.368451,0.519107,-0.046131,1.290607,0.930883,0.945262,1.276127,0.884828,0.346418,-1.038004,-0.398525
2006,10,AM,-0.866025,0.500000,12387.8400,1,1,8638237.1200,-0.273157,0.464685,-0.077121,1.492356,1.180338,0.999867,1.481142,1.041243,0.583927,-1.038004,-0.594440
2006,11,AM,-0.500000,0.866025,4645.4400,1,0,3239338.9200,0.430202,0.468103,-0.135523,0.860794,0.962065,0.654035,0.880742,0.978677,1.044101,-1.081034,-0.545461
2006,12,AM,-2.4492936e-16,1.000000,3096.9600,1,0,2159559.2800,0.546240,0.493342,-0.093068,0.989446,1.055611,0.763245,0.997893,1.197658,0.702682,-1.203975,-0.692398
2007,1,AM,0.500000,0.866025,1787.1200,0,0,1231645.5800,0.740717,0.491501,-0.206437,0.685360,1.086792,0.781447,0.705015,1.197658,1.266765,-1.363799,-0.496483
2007,2,AM,0.866025,0.500000,1787.1200,0,0,1231645.5800,-0.043674,0.503595,-0.122980,1.088858,1.055611,0.726842,1.109187,0.853545,0.895658,-0.669180,-0.643419
2007,3,AM,1.000000,6.123234e-17,1787.1200,0,0,1231645.5800,0.608473,0.501492,-0.155709,0.606415,0.993247,0.763245,0.640582,1.009960,1.266765,-1.179387,-0.643419
2007,4,AM,0.866025,-0.500000,2680.6800,1,0,1847468.3700,0.566336,0.520947,-0.156241,0.699980,1.149156,0.799649,0.734303,1.009960,1.326142,-1.406828,-1.035249
2007,5,AM,0.500000,-0.866025,7148.4800,1,0,4926582.3200,0.023096,0.525417,-0.159479,0.767229,1.055611,0.817850,0.801665,1.041243,1.251921,-1.431416,-0.888313
2007,6,AM,1.2246468e-16,-1.000000,13403.4000,1,1,9237341.8500,-0.163602,0.550393,-0.100566,0.784773,0.837338,0.781447,0.789950,0.916111,0.806592,-1.566652,-0.839334
2007,7,AM,-0.500000,-0.866025,17871.2000,1,1,12316455.8000,-0.052750,0.551970,-0.111695,0.881261,0.993247,0.708640,0.889528,0.947394,1.014412,-1.425269,0.238198
2007,8,AM,-0.866025,-0.500000,17871.2000,1,1,12316455.8000,-0.078680,0.524365,-0.107754,0.887109,1.055611,0.599430,0.892457,0.916111,0.940190,-1.468299,-0.300568
2007,9,AM,-1.000000,-1.8369702e-16,13403.4000,1,1,9237341.8500,-0.256951,0.528834,-0.100311,1.001141,1.149156,0.745044,0.997893,1.041243,0.984723,-1.468299,-0.986270
2007,10,AM,-0.866025,0.500000,7148.4800,1,0,4926582.3200,-0.316590,0.479408,-0.106331,1.126869,0.930883,0.836052,1.123831,0.978677,1.029256,-1.068740,-0.839334
2007,11,AM,-0.500000,0.866025,2680.6800,1,0,1847468.3700,0.145617,0.448122,-0.108785,1.188271,0.962065,0.763245,1.194121,1.041243,0.955035,-1.056445,-0.202610
2007,12,AM,-2.4492936e-16,1.000000,1787.1200,0,0,1231645.5800,0.552722,0.474412,-0.154167,0.676588,0.962065,0.635834,0.696229,0.978677,1.118322,-1.228563,-0.545461
2008,1,AM,0.500000,0.866025,1889.9000,0,0,1310287.9800,0.737476,0.485718,-0.194133,0.539165,0.868520,0.781447,0.567362,0.884828,1.207388,-1.234710,-0.741376
2008,2,AM,0.866025,0.500000,1889.9000,0,0,1310287.9800,0.456780,0.513060,-0.169363,0.550861,0.868520,0.745044,0.582006,0.947394,1.237077,-1.247004,-0.790355
2008,3,AM,1.000000,6.123234e-17,1889.9000,0,0,1310287.9800,1.641470,0.517792,-0.145475,0.384199,1.273883,0.726842,0.426781,1.135092,1.148011,-1.136357,-0.055674
2008,4,AM,0.866025,-0.500000,2834.8500,1,0,1965431.9700,0.595507,0.488347,-0.141628,0.673665,0.930883,0.690439,0.702086,1.041243,1.058945,-1.296181,-0.398525
2008,5,AM,0.500000,-0.866025,7559.6000,1,0,5241151.9200,0.342039,0.530412,-0.183781,0.574252,0.806156,0.836052,0.617152,0.884828,1.251921,-1.560505,-1.035249
2008,6,AM,1.2246468e-16,-1.000000,14174.2500,1,1,9827159.8500,0.150803,0.551445,-0.148147,0.623958,0.837338,0.690439,0.649368,0.790979,1.073789,-1.658858,-0.055674
2008,7,AM,-0.500000,-0.866025,18899.0000,1,1,13102879.8000,-0.225834,0.552233,-0.084326,0.887109,0.993247,0.763245,0.886599,0.790979,0.672993,-1.511328,-0.692398
2008,8,AM,-0.866025,-0.500000,18899.0000,1,1,13102879.8000,-0.476062,0.523576,0.219544,1.720420,0.774974,0.927060,1.574863,0.697130,0.940190,-0.976534,-0.937291
2008,9,AM,-1.000000,-1.8369702e-16,14174.2500,1,1,9827159.8500,-0.415352,0.489661,-0.015273,1.495280,0.837338,0.981665,1.443068,0.978677,0.940190,-1.148651,-0.839334
2008,10,AM,-0.866025,0.500000,7559.6000,1,0,5241151.9200,-0.341743,0.478619,0.010835,1.667790,0.625302,2.068304,1.610008,0.481277,1.657170,-1.019563,-2.058904
2008,11,AM,-0.500000,0.866025,2834.8500,1,0,1965431.9700,-0.240906,0.468891,0.015572,1.691181,0.547347,2.086505,1.645154,0.440609,1.627482,-0.945798,-2.000129
2008,12,AM,-2.4492936e-16,1.000000,1889.9000,0,0,1310287.9800,-0.124350,0.459164,0.020306,1.717496,0.469393,2.104707,1.680299,0.399941,1.594824,-0.872034,-1.941355
2009,1,AM,0.500000,0.866025,2565.3200,1,0,1651329.7000,-0.013887,0.449173,0.025124,1.740887,0.391438,2.122909,1.715444,0.359273,1.563651,-0.798269,-1.882580
2009,2,AM,0.866025,0.500000,2565.3200,1,0,1651329.7000,0.036353,0.439972,0.029704,1.764279,0.313484,2.139290,1.750590,0.318605,1.535447,-0.724504,-1.828704
2009,3,AM,1.000000,6.123234e-17,2565.3200,1,0,1651329.7000,0.196375,0.430507,0.034284,1.787670,0.241766,2.155672,1.782806,0.281066,1.502790,-0.656886,-1.769929
2009,4,AM,0.866025,-0.500000,3847.9800,1,0,2476994.5500,0.279871,0.420779,0.039022,1.811061,0.163811,2.173873,1.817952,0.240398,1.473101,-0.583121,-1.711155
2009,5,AM,0.500000,-0.866025,10261.2800,1,1,6605318.8000,0.413769,0.411315,0.043759,1.837376,0.088975,2.192075,1.853097,0.202858,1.440444,-0.509357,-1.652381
2009,6,AM,1.2246468e-16,-1.000000,19239.9000,1,1,12384972.7500,0.490263,0.401587,0.048497,1.860767,0.007902,2.210276,1.888242,0.162190,1.409271,-0.435592,-1.593606
2009,7,AM,-0.500000,-0.866025,25653.2000,1,1,16513297.0000,0.631162,0.391859,0.053234,1.884158,-0.066934,2.228478,1.923388,0.121522,1.378097,-0.361827,-1.529934
2009,8,AM,-0.866025,-0.500000,25653.2000,1,1,16513297.0000,0.741657,0.382132,0.058049,1.910473,-0.144889,2.244860,1.961462,0.080854,1.346924,-0.281915,-1.471159
2009,9,AM,-1.000000,-1.8369702e-16,19239.9000,1,1,12384972.7500,0.807552,0.372404,0.062782,1.933865,-0.222843,2.263061,1.996607,0.040186,1.315751,-0.208151,-1.412385
2009,10,AM,-0.866025,0.500000,10261.2800,1,1,6605318.8000,0.382620,0.385550,0.038830,1.773050,0.556702,1.072673,1.762305,0.790979,0.598771,-0.361827,-0.496483
2009,11,AM,-0.500000,0.866025,3847.9800,1,0,2476994.5500,-0.476062,0.537510,0.528709,2.156081,-0.512834,2.130189,1.331774,0.040186,1.430053,-0.847445,-1.671972
2009,12,AM,-2.4492936e-16,1.000000,2565.3200,1,0,1651329.7000,-0.476062,0.797527,0.767113,2.088831,-0.210370,2.179334,1.551433,0.040186,1.430053,-0.245033,-1.338917
2010,1,AM,0.500000,0.866025,3009.3600,1,0,1994273.4400,-0.437815,0.991027,0.885233,1.895854,0.681429,0.999867,1.665655,0.509432,1.222232,0.289762,-0.937291
2010,2,AM,0.866025,0.500000,3009.3600,1,0,1994273.4400,0.589673,0.430507,-0.170778,0.565480,1.336247,0.726842,0.584935,1.166375,0.851125,-0.730651,-0.153632
2010,3,AM,1.000000,6.123234e-17,3009.3600,1,0,1994273.4400,0.104128,0.520947,-0.133567,0.916348,0.962065,0.708640,0.833881,1.072526,0.969879,-0.755239,-0.447504
2010,4,AM,0.866025,-0.500000,4514.0400,1,0,2991410.1600,0.446408,0.461530,-0.162099,0.448524,1.149156,0.690439,0.482428,1.009960,1.088634,-0.994975,-0.153632
2010,5,AM,0.500000,-0.866025,12037.4400,1,1,7977093.7600,0.004297,0.497023,-0.150920,0.615187,1.117974,0.799649,0.640582,1.009960,0.999568,-1.019563,-0.692398
2010,6,AM,1.2246468e-16,-1.000000,22570.2000,1,1,14957050.8000,-0.135078,0.541980,-0.113181,0.550861,0.899702,0.690439,0.552718,0.947394,0.806592,-1.173240,-0.349547
2010,7,AM,-0.500000,-0.866025,30093.6000,1,1,19942734.4000,-0.148692,0.535144,-0.127901,0.545013,0.774974,0.399212,0.552718,0.665847,0.613616,-0.908916,-0.839334
2010,8,AM,-0.866025,-0.500000,30093.6000,1,1,19942734.4000,-0.348355,0.519896,-0.082562,0.875414,0.993247,0.690439,0.860240,0.853545,0.361263,-1.185534,-0.643419
2010,9,AM,-1.000000,-1.8369702e-16,22570.2000,1,1,14957050.8000,-0.396326,0.475464,-0.059969,1.185347,1.117974,0.617632,1.164834,1.009960,0.227664,-0.773680,-0.496483
2010,10,AM,-0.866025,0.500000,12037.4400,1,1,7977093.7600,-0.121465,0.466525,-0.084526,0.983598,0.962065,0.654035,0.959819,0.916111,0.643304,-0.644592,0.189219
2010,11,AM,-0.500000,0.866025,4514.0400,1,0,2991410.1600,-0.059881,0.439446,-0.109786,0.717523,1.273883,0.654035,0.716730,1.135092,0.628460,-0.767533,-0.300568
2010,12,AM,-2.4492936e-16,1.000000,3009.3600,1,0,1994273.4400,0.373803,0.441549,-0.146749,0.547937,1.180338,0.417414,0.552718,1.103809,0.598771,-0.822857,-0.104653
2011,1,AM,0.500000,0.866025,1716.5200,0,0,1201496.9200,0.188402,0.474150,-0.206024,0.395894,0.962065,0.508422,0.423852,0.790979,0.791747,-0.761386,-0.251589
2011,2,AM,0.866025,0.500000,1716.5200,0,0,1201496.9200,0.836011,0.504121,-0.200107,0.299406,0.806156,0.581229,0.327202,0.728413,0.925346,-0.872034,-0.741376
2011,3,AM,1.000000,6.123234e-17,1716.5200,0,0,1201496.9200,0.518365,0.498600,-0.194853,0.413438,0.993247,0.508422,0.441425,0.790979,0.776903,-0.872034,-0.643419
2011,4,AM,0.866025,-0.500000,2574.7800,1,0,1802245.3800,0.987055,0.508853,-0.181625,0.375427,0.899702,0.453817,0.403350,0.916111,0.672993,-0.988828,-0.888313
2011,5,AM,0.500000,-0.866025,6866.0800,1,0,4805987.6800,0.163120,0.511483,-0.204401,0.583024,1.117974,0.635834,0.620080,0.947394,0.821436,-1.081034,-0.545461
2011,6,AM,1.2246468e-16,-1.000000,12873.9000,1,1,9011226.9000,-0.125355,0.538299,-0.134505,0.890033,0.868520,0.726842,0.904172,0.759696,0.554238,-0.699916,-0.545461
2011,7,AM,-0.500000,-0.866025,17165.2000,1,1,12014969.2000,-0.412533,0.539614,-0.082566,1.065467,0.743793,0.672237,1.074041,0.697130,0.034688,-0.644592,-0.594440
2011,8,AM,-0.866025,-0.500000,17165.2000,1,1,12014969.2000,-0.308163,0.545398,-0.069755,1.296455,0.338429,0.508422,1.290771,0.259168,-0.796593,-0.521651,-0.594440
2011,9,AM,-1.000000,-1.8369702e-16,12873.9000,1,1,9011226.9000,-0.352893,0.541191,-0.119768,1.121021,0.494338,0.544825,1.106258,0.603281,0.212819,-0.779828,-0.545461
2011,10,AM,-0.866025,0.500000,6866.0800,1,0,4805987.6800,0.345280,0.473098,-0.161239,0.954359,1.429792,0.672237,0.948104,1.291508,0.376107,-0.798269,-0.251589
2011,11,AM,-0.500000,0.866025,2574.7800,1,0,1802245.3800,0.307033,0.470995,-0.163156,0.834479,0.837338,0.654035,0.836810,0.916111,0.732370,-0.810563,-0.839334
2011,12,AM,-2.4492936e-16,1.000000,1716.5200,0,0,1201496.9200,0.116445,0.529886,-0.176227,0.778925,0.899702,0.654035,0.787021,1.166375,0.583927,-0.933504,-0.251589
2012,1,AM,0.500000,0.866025,3272.0800,1,0,2278138.4200,0.625976,0.503595,-0.198862,0.334492,0.930883,0.563027,0.356490,0.822262,0.747214,-0.970387,-0.545461
2012,2,AM,0.866025,0.500000,3272.0800,1,0,2278138.4200,0.426961,0.498074,-0.213327,0.249699,0.837338,0.544825,0.274484,0.853545,0.658149,-0.829004,-0.251589
2012,3,AM,1.000000,6.123234e-17,3272.0800,1,0,2278138.4200,0.312867,0.519107,-0.177109,0.337416,0.774974,0.472019,0.359419,0.916111,0.836280,-0.915063,-0.692398
2012,4,AM,0.866025,-0.500000,4908.1200,1,0,3417207.6300,0.108666,0.512271,-0.178617,0.533317,0.962065,0.654035,0.567362,1.009960,0.910502,-1.025710,-0.251589
2012,5,AM,0.500000,-0.866025,13088.3200,1,1,9112553.6800,0.035413,0.528834,-0.158406,0.653197,0.962065,0.635834,0.669870,0.947394,0.821436,-0.964239,-0.496483
2012,6,AM,1.2246468e-16,-1.000000,24540.6000,1,1,17086038.1500,-0.225834,0.560383,-0.124437,0.828631,0.930883,0.763245,0.839739,0.759696,0.598771,-0.785975,-0.398525
2012,7,AM,-0.500000,-0.866025,32720.8000,1,1,22781384.2000,-0.223241,0.556440,-0.122946,0.732143,0.587884,0.617632,0.740160,0.540715,0.316730,-0.927357,-0.545461
2012,8,AM,-0.866025,-0.500000,32720.8000,1,1,22781384.2000,-0.371044,0.556703,-0.094389,1.088858,0.962065,0.781447,1.085756,0.759696,-0.677839,-0.878181,-0.496483
2012,9,AM,-1.000000,-1.8369702e-16,24540.6000,1,1,17086038.1500,-0.236855,0.548027,-0.112244,1.129793,0.650247,0.672237,1.120902,0.571998,0.227664,-0.712210,-0.251589
2012,10,AM,-0.866025,0.500000,13088.3200,1,1,9112553.6800,-0.010613,0.481248,-0.110195,1.208738,0.930883,0.708640,1.208765,0.759696,0.272197,-0.601563,-0.545461
2012,11,AM,-0.500000,0.866025,4908.1200,1,0,3417207.6300,0.457429,0.463896,-0.142463,1.141488,1.086792,0.781447,1.153118,0.916111,0.465173,-0.890475,-0.888313
2012,12,AM,-2.4492936e-16,1.000000,3272.0800,1,0,2278138.4200,0.296661,0.475464,-0.179733,0.568404,0.899702,0.708640,0.596650,0.978677,0.747214,-0.730651,-0.692398
2013,1,AM,0.500000,0.866025,2520.4400,1,0,1720720.6800,0.406865,0.512271,-0.179162,0.623958,0.868520,0.745044,0.634724,1.072526,0.672993,-0.736798,-0.545461
2013,2,AM,0.866025,0.500000,2520.4400,1,0,1720720.6800,0.472339,0.498074,-0.207941,0.346188,0.899702,0.563027,0.368205,1.072526,0.910502,-0.958092,-0.790355
2013,3,AM,1.000000,6.123234e-17,2520.4400,1,0,1720720.6800,0.971497,0.515426,-0.208269,0.445601,1.117974,0.581229,0.470712,0.947394,0.984723,-0.872034,-0.055674
2013,4,AM,0.866025,-0.500000,3780.6600,1,0,2581081.0200,0.703118,0.526468,-0.169312,0.641502,1.117974,0.745044,0.655226,1.009960,0.910502,-0.896622,-0.496483
2013,5,AM,0.500000,-0.866025,10081.7600,1,1,6882882.7200,0.167009,0.541191,-0.175971,0.597643,1.055611,0.781447,0.611294,1.260225,0.910502,-1.062593,-0.594440
2013,6,AM,1.2246468e-16,-1.000000,18903.3000,1,1,12905405.1000,-0.354189,0.540928,-0.086268,1.024532,0.993247,0.836052,1.038896,0.884828,0.539394,-0.749092,-0.006696
2013,7,AM,-0.500000,-0.866025,25204.4000,1,1,17207206.8000,-0.067011,0.580890,-0.150852,0.688284,0.806156,0.490221,0.693300,0.916111,0.257352,-0.847445,-0.496483
2013,8,AM,-0.866025,-0.500000,25204.4000,1,1,17207206.8000,-0.329556,0.541980,-0.124731,0.898805,0.868520,0.617632,0.904172,1.166375,0.153442,-0.841298,-0.937291
2013,9,AM,-1.000000,-1.8369702e-16,18903.3000,1,1,12905405.1000,0.145617,0.526731,-0.107783,1.056695,0.962065,0.635834,1.056469,1.009960,0.316730,-0.669180,0.091262
2013,10,AM,-0.866025,0.500000,10081.7600,1,1,6882882.7200,-0.175270,0.499652,-0.120854,1.182423,0.712611,0.654035,1.179477,1.009960,0.361263,-0.706063,-0.447504
2013,11,AM,-0.500000,0.866025,3780.6600,1,0,2581081.0200,0.290178,0.467840,-0.170607,0.626882,0.868520,0.453817,0.643511,0.790979,0.598771,-0.712210,0.238198
2013,12,AM,-2.4492936e-16,1.000000,2520.4400,1,0,1720720.6800,-0.188884,0.484403,-0.148078,1.018685,1.086792,0.745044,1.030110,1.072526,0.361263,-0.779828,-0.643419
2014,1,AM,0.500000,0.866025,2926.8600,1,0,2021185.3400,0.229242,0.509905,-0.153958,0.694132,1.055611,0.581229,0.707944,0.916111,0.509706,-0.564680,-0.447504
2014,2,AM,0.866025,0.500000,2926.8600,1,0,2021185.3400,0.200719,0.500440,-0.203549,0.387123,0.993247,0.635834,0.415066,0.790979,0.717526,-0.767533,-0.251589
2014,3,AM,1.000000,6.123234e-17,2926.8600,1,0,2021185.3400,1.008447,0.515163,-0.185310,0.457296,0.899702,0.617632,0.485356,0.884828,0.821436,-0.576974,-0.300568
2014,4,AM,0.866025,-0.500000,4390.2900,1,0,3031778.0100,0.177382,0.529097,-0.164869,0.615187,0.899702,0.708640,0.640582,0.916111,0.851125,-0.902769,0.042283
2014,5,AM,0.500000,-0.866025,11707.4400,1,1,8084741.3600,0.639589,0.534356,-0.185395,0.585948,0.868520,0.635834,0.617152,0.822262,1.073789,-0.933504,-0.496483
2014,6,AM,1.2246468e-16,-1.000000,21951.4500,1,1,15158890.0500,0.039303,0.547238,-0.137291,0.814012,0.619065,0.599430,0.836810,0.509432,0.539394,-0.742945,-0.153632
2014,7,AM,-0.500000,-0.866025,29268.6000,1,1,20211853.4000,-0.346410,0.590618,-0.080538,0.878337,0.463157,0.763245,0.857312,0.509432,0.821436,-0.693769,-0.202610
2014,8,AM,-0.866025,-0.500000,29268.6000,1,1,20211853.4000,-0.389195,0.556966,-0.106586,1.135640,0.556702,0.635834,1.132617,0.478149,-0.158288,-0.921210,-0.692398
2014,9,AM,-1.000000,-1.8369702e-16,21951.4500,1,1,15158890.0500,-0.474765,0.524628,-0.087172,1.504052,0.463157,0.799649,1.486999,0.321734,0.138598,-0.404857,0.874921
2014,10,AM,-0.866025,0.500000,11707.4400,1,1,8084741.3600,0.041896,0.514637,-0.165699,0.843251,0.743793,0.599430,0.854383,0.665847,0.806592,-0.804416,0.385134
2014,11,AM,-0.500000,0.866025,4390.2900,1,0,3031778.0100,0.046434,0.485192,-0.172077,0.922196,0.712611,0.726842,0.945175,0.759696,0.598771,-0.761386,-0.643419
2014,12,AM,-2.4492936e-16,1.000000,2926.8600,1,0,2021185.3400,-0.001537,0.490187,-0.176227,0.901729,0.868520,0.745044,0.910030,0.822262,0.836280,-0.804416,-0.202610
2015,1,AM,0.500000,0.866025,3137.5200,1,0,2222121.2800,0.356301,0.534093,-0.187981,0.486535,0.650247,0.690439,0.497071,0.603281,0.851125,-0.749092,0.042283
2015,2,AM,0.866025,0.500000,3137.5200,1,0,2222121.2800,0.099591,0.521999,-0.158453,0.714599,0.743793,0.417414,0.731374,0.665847,0.554238,-0.460180,-0.496483
2015,3,AM,1.000000,6.123234e-17,3137.5200,1,0,2222121.2800,0.563743,0.528046,-0.183444,0.477763,0.712611,0.672237,0.500000,0.697130,0.940190,-0.810563,-0.300568
2015,4,AM,0.866025,-0.500000,4706.2800,1,0,3333181.9200,-0.076087,0.531989,-0.166995,0.694132,0.650247,0.672237,0.713801,0.665847,0.762059,-0.829004,-0.006696
2015,5,AM,0.500000,-0.866025,12550.0800,1,1,8888485.1200,0.390010,0.547501,-0.192050,0.612263,0.712611,0.690439,0.623009,0.634564,0.984723,-1.068740,0.238198
2015,6,AM,1.2246468e-16,-1.000000,23531.4000,1,1,16665909.6000,-0.244634,0.572214,-0.135638,0.863718,0.712611,0.799649,0.871955,0.634564,0.702682,-0.669180,-0.300568
2015,7,AM,-0.500000,-0.866025,31375.2000,1,1,22221212.8000,-0.345762,0.564853,-0.113936,0.983598,0.650247,0.635834,0.986178,0.509432,0.435484,-0.595416,0.434113
2015,8,AM,-0.866025,-0.500000,31375.2000,1,1,22221212.8000,-0.447538,0.532778,-0.071229,1.477737,0.681429,0.854254,1.478213,0.571998,0.420640,-0.392562,-0.447504
2015,9,AM,-1.000000,-1.8369702e-16,23531.4000,1,1,16665909.6000,-0.431980,0.508591,-0.063100,1.913397,0.525520,1.090875,1.905815,0.509432,0.019843,-0.158974,-0.741376
2015,10,AM,-0.866025,0.500000,12550.0800,1,1,8888485.1200,-0.389844,0.499652,-0.124676,1.723344,0.868520,0.927060,1.724231,0.697130,-0.039534,-0.367974,-0.398525
2015,11,AM,-0.500000,0.866025,4706.2800,1,0,3333181.9200,-0.206387,0.469943,-0.143077,1.384172,0.743793,0.836052,1.384492,0.665847,0.376107,-0.656886,-0.349547
2015,12,AM,-2.4492936e-16,1.000000,3137.5200,1,0,2222121.2800,-0.109796,0.504384,-0.187888,1.278911,0.806156,0.836052,1.293700,0.665847,0.613616,-0.804416,-0.594440
2016,1,AM,0.500000,0.866025,10950.4000,1,1,7568382.4000,-0.090997,0.498600,-0.139762,1.296455,0.712611,0.908858,1.322988,0.822262,0.732370,-0.275768,-0.398525
2016,2,AM,0.866025,0.500000,10950.4000,1,1,7568382.4000,0.227297,0.509642,-0.162892,0.854946,0.899702,0.854254,0.874884,0.947394,0.806592,-0.460180,0.189219
2016,3,AM,1.000000,6.123234e-17,10950.4000,1,1,7568382.4000,0.341391,0.541980,-0.175106,0.778925,0.837338,0.890657,0.810451,0.822262,1.044101,-0.472474,-0.496483
2016,4,AM,0.866025,-0.500000,16425.6000,1,1,11352573.6000,0.410754,0.519107,-0.169841,0.778925,0.962065,0.708640,0.807522,0.853545,1.103478,-0.644592,-0.594440
2016,5,AM,0.500000,-0.866025,43801.6000,1,1,30273529.6000,-0.145451,0.559069,-0.173539,0.925120,2.801791,0.817850,0.915887,2.918225,0.984723,-0.951945,0.336155
2016,6,AM,1.2246468e-16,-1.000000,82128.0000,1,1,56762868.0000,-0.186291,0.592195,-0.139596,0.945587,1.959883,0.672237,0.924674,2.730527,0.465173,-0.939651,-0.643419
2016,7,AM,-0.500000,-0.866025,109504.0000,1,1,75683824.0000,-0.174622,0.568534,-0.102807,1.065467,0.619065,0.708640,1.074041,0.446866,0.079221,-0.816710,-0.643419
2016,8,AM,-0.866025,-0.500000,109504.0000,1,1,75683824.0000,-0.330852,0.552233,-0.102607,1.290607,0.556702,0.563027,1.293700,0.446866,0.168287,-0.736798,1.119815
2016,9,AM,-1.000000,-1.8369702e-16,82128.0000,1,1,56762868.0000,-0.124058,0.554862,-0.148560,0.948511,0.650247,0.726842,0.956890,0.540715,-0.024689,-0.693769,-0.545461
2016,10,AM,-0.866025,0.500000,43801.6000,1,1,30273529.6000,-0.127948,0.488872,-0.132059,1.246749,0.650247,0.617632,1.258555,0.603281,0.628460,-0.374121,0.336155
2016,11,AM,-0.500000,0.866025,16425.6000,1,1,11352573.6000,0.067178,0.466788,-0.136567,1.173651,0.868520,0.654035,1.194121,0.728413,0.732370,-0.699916,-0.202610
2016,12,AM,-2.4492936e-16,1.000000,10950.4000,1,1,7568382.4000,1.047991,0.499652,-0.217071,0.527470,0.806156,0.599430,0.546861,0.978677,0.910502,-0.970387,-0.300568
2017,1,AM,0.500000,0.866025,5276.1400,1,0,3727119.7400,0.701173,0.524891,-0.181910,0.466068,0.556702,0.362809,0.485356,0.665847,0.940190,-0.773680,-0.398525
2017,2,AM,0.866025,0.500000,5276.1400,1,0,3727119.7400,0.269434,0.524365,-0.222589,0.433905,0.619065,0.654035,0.470712,0.697130,0.791747,-0.902769,0.091262
2017,3,AM,1.000000,6.123234e-17,5276.1400,1,0,3727119.7400,0.331018,0.525680,-0.182592,0.507002,0.743793,0.617632,0.535146,0.603281,0.969879,-0.890475,-0.104653
2017,4,AM,0.866025,-0.500000,7914.2100,1,0,5590679.6100,0.519013,0.531726,-0.185902,0.580100,0.868520,0.617632,0.596650,0.822262,0.984723,-0.994975,-0.937291
2017,5,AM,0.500000,-0.866025,21104.5600,1,1,14908478.9600,-0.070901,0.536196,-0.128826,0.971902,0.868520,0.799649,0.986178,0.916111,0.969879,-0.847445,-0.251589
2017,6,AM,1.2246468e-16,-1.000000,39571.0500,1,1,27953398.0500,-0.118224,0.554074,-0.142966,0.951435,0.650247,0.617632,0.968605,0.759696,0.702682,-0.982681,0.140241
2017,7,AM,-0.500000,-0.866025,52761.4000,1,1,37271197.4000,-0.256951,0.601660,-0.102513,0.933891,0.463157,0.672237,0.945175,0.353017,0.212819,-0.699916,-0.447504
2017,8,AM,-0.866025,-0.500000,52761.4000,1,1,37271197.4000,-0.419663,0.537248,-0.081348,1.483584,0.619065,0.745044,1.475284,0.540715,-0.009845,-0.595416,-0.692398
2017,9,AM,-1.000000,-1.8369702e-16,39571.0500,1,1,27953398.0500,-0.010613,0.532252,-0.153830,1.097630,0.743793,0.726842,1.100400,0.603281,0.569083,-0.908916,-0.692398
2017,10,AM,-0.866025,0.500000,21104.5600,1,1,14908478.9600,-0.062474,0.497811,-0.138403,0.986522,0.743793,0.490221,1.000822,0.634564,0.539394,-0.669180,0.238198
2017,11,AM,-0.500000,0.866025,7914.2100,1,0,5590679.6100,0.340094,0.465211,-0.174327,0.960207,0.837338,0.763245,0.980320,0.947394,0.880813,-0.730651,0.091262
2017,12,AM,-2.4492936e-16,1.000000,5276.1400,1,0,3727119.7400,0.860645,0.493079,-0.219036,0.650273,0.899702,0.799649,0.672798,0.790979,0.865969,-0.878181,-0.790355
2018,1,AM,0.500000,0.866025,3876.0400,1,0,2850170.8800,0.188402,0.510694,-0.195855,0.463144,0.587884,0.508422,0.470712,0.665847,0.940190,-1.117916,-2.240125
2018,2,AM,0.866025,0.500000,3876.0400,1,0,2850170.8800,0.467801,0.518581,-0.181689,0.588872,1.055611,0.617632,0.605436,1.103809,0.450328,-1.038004,-2.220534
2018,3,AM,1.000000,6.123234e-17,3876.0400,1,0,2850170.8800,0.295364,0.513849,-0.178890,0.699980,0.774974,0.708640,0.710872,0.665847,0.925346,-0.958092,-2.200942
2018,4,AM,0.866025,-0.500000,5814.0600,1,0,4275256.3200,0.321943,0.548553,-0.187815,0.468992,0.650247,0.617632,0.485356,0.540715,0.821436,-0.872034,-2.186249
2018,5,AM,0.500000,-0.866025,15504.1600,1,1,11400683.5200,0.043192,0.561172,-0.201593,0.524546,0.587884,0.690439,0.552718,0.603281,1.029256,-0.785975,-2.166657
2018,6,AM,1.2246468e-16,-1.000000,29070.3000,1,1,21376281.6000,0.062640,0.582994,-0.127773,0.764305,0.774974,0.617632,0.775306,0.728413,0.702682,-0.706063,-2.147066
2018,7,AM,-0.500000,-0.866025,38760.4000,1,1,28501708.8000,-0.319832,0.574055,-0.132443,0.936815,0.463157,0.635834,0.936389,0.353017,0.346418,-0.620004,-2.132372
2018,8,AM,-0.866025,-0.500000,38760.4000,1,1,28501708.8000,-0.330852,0.577735,-0.094504,1.138564,0.494338,0.836052,1.126759,0.603281,0.450328,-0.552386,-1.525036
2018,9,AM,-1.000000,-1.8369702e-16,29070.3000,1,1,21376281.6000,-0.241393,0.507802,-0.114766,1.311074,0.712611,0.817850,1.314201,0.540715,0.376107,-0.626151,-0.251589
2018,10,AM,-0.866025,0.500000,15504.1600,1,1,11400683.5200,-0.306867,0.482037,-0.108759,1.591769,0.806156,0.854254,1.586578,0.665847,0.524550,-0.429445,-0.790355
2018,11,AM,-0.500000,0.866025,5814.0600,1,0,4275256.3200,-0.054046,0.477304,-0.182174,1.080086,0.681429,0.890657,1.082828,0.665847,0.598771,-0.761386,-0.643419
2018,12,AM,-2.4492936e-16,1.000000,3876.0400,1,0,2850170.8800,0.376396,0.542769,-0.219913,0.428057,0.556702,0.672237,0.453140,0.603281,0.851125,-0.927357,-0.594440
2019,1,AM,0.500000,0.866025,4310.0800,1,0,3183657.6200,0.297957,0.544609,-0.185770,0.556709,0.712611,0.617632,0.561505,0.665847,0.925346,-0.687622,-0.104653
2019,2,AM,0.866025,0.500000,4310.0800,1,0,3183657.6200,0.664871,0.532252,-0.213067,0.527470,0.681429,0.781447,0.538074,0.822262,0.969879,-0.878181,-0.251589
2019,3,AM,1.000000,6.123234e-17,4310.0800,1,0,3183657.6200,0.520958,0.530938,-0.163539,0.811088,0.743793,0.799649,0.819237,0.884828,0.940190,-0.490915,-0.741376
2019,4,AM,0.866025,-0.500000,6465.1200,1,0,4775486.4300,0.327129,0.533041,-0.199455,0.697056,0.962065,0.781447,0.722588,0.759696,1.103478,-0.878181,-0.790355
2019,5,AM,0.500000,-0.866025,17240.3200,1,1,12734630.4800,0.419181,0.537248,-0.214468,0.644426,0.806156,0.690439,0.666941,0.822262,0.732370,-1.154798,-0.888313
2019,6,AM,1.2246468e-16,-1.000000,32325.6000,1,1,23877432.1500,-0.308811,0.570111,-0.158009,0.875414,0.899702,0.854254,0.898314,0.853545,0.420640,-0.982681,-0.888313
2019,7,AM,-0.500000,-0.866025,43100.8000,1,1,31836576.2000,-0.122113,0.574055,-0.131812,0.960207,0.681429,0.708640,0.974463,0.634564,0.420640,-0.804416,-0.447504
2019,8,AM,-0.866025,-0.500000,43100.8000,1,1,31836576.2000,-0.341872,0.585097,-0.125294,1.138564,0.463157,0.599430,1.132617,0.509432,0.049532,-0.865886,-0.545461
2019,9,AM,-1.000000,-1.8369702e-16,32325.6000,1,1,23877432.1500,0.043841,0.533567,-0.133853,1.281835,0.993247,0.745044,1.279056,0.884828,0.153442,-0.767533,-0.790355
2019,10,AM,-0.866025,0.500000,17240.3200,1,1,12734630.4800,0.206553,0.510694,-0.148087,0.808164,0.962065,0.690439,0.798736,0.947394,0.301885,-0.853592,-0.006696
2019,11,AM,-0.500000,0.866025,6465.1200,1,0,4775486.4300,-0.014503,0.477567,-0.177190,0.910500,0.930883,0.817850,0.924674,1.009960,0.509706,-0.847445,-0.202610
2019,12,AM,-2.4492936e-16,1.000000,4310.0800,1,0,3183657.6200,0.042544,0.494656,-0.198373,0.661969,0.650247,0.726842,0.681585,0.853545,0.494861,-0.908916,-0.594440
2020,1,AM,0.500000,0.866025,4859.5600,1,0,3580546.1000,0.629865,0.526994,-0.450031,0.834479,0.774974,0.781447,0.839739,0.947394,0.613616,-0.847445,-0.496483
2020,2,AM,0.866025,0.500000,4859.5600,1,0,3580546.1000,0.210443,0.531989,-0.450031,0.852022,0.930883,0.872455,0.860240,0.916111,0.747214,-0.613857,-0.496483
2020,3,AM,1.000000,6.123234e-17,4859.5600,1,0,3580546.1000,0.904726,0.521999,-0.450031,0.866642,0.774974,0.617632,0.886599,0.665847,0.732370,-0.699916,-0.888313
2020,4,AM,0.866025,-0.500000,7289.3400,1,0,5370819.1500,0.572818,0.555914,-0.450031,0.577176,0.868520,0.635834,0.611294,0.853545,0.955035,-1.099475,-0.202610
2020,5,AM,0.500000,-0.866025,19438.2400,1,1,14322184.4000,0.443815,0.568534,-0.450031,0.626882,0.868520,0.799649,0.658154,0.790979,1.133166,-1.074887,-0.006696
2020,6,AM,1.2246468e-16,-1.000000,36446.7000,1,1,26854095.7500,0.111583,0.559858,-0.450031,0.793544,0.806156,0.563027,0.810451,0.697130,0.524550,-1.087181,-0.594440
2020,7,AM,-0.500000,-0.866025,48595.6000,1,1,35805461.0000,-0.295846,0.544083,-0.450031,1.115173,0.650247,0.690439,1.115044,0.540715,-0.247354,-0.939651,-0.692398
2020,8,AM,-0.866025,-0.500000,48595.6000,1,1,35805461.0000,-0.385954,0.539614,-0.450031,1.319846,0.619065,0.690439,1.314201,0.478149,0.212819,-0.736798,-0.496483
2020,9,AM,-1.000000,-1.8369702e-16,36446.7000,1,1,26854095.7500,-0.099748,0.519896,-0.450031,1.258444,0.743793,0.581229,1.252697,0.665847,-0.351264,-0.822857,-0.692398
2020,10,AM,-0.866025,0.500000,19438.2400,1,1,14322184.4000,-0.042378,0.508065,-0.450031,0.890033,0.774974,0.435616,0.895386,1.041243,0.806592,-0.927357,0.189219
2020,11,AM,-0.500000,0.866025,7289.3400,1,0,5370819.1500,0.949780,0.499126,-0.450031,0.796468,0.962065,0.654035,0.816309,1.135092,0.613616,-0.982681,-0.888313
2020,12,AM,-2.4492936e-16,1.000000,4859.5600,1,0,3580546.1000,0.408161,0.504647,-0.450031,0.676588,0.774974,0.581229,0.678656,1.072526,0.806592,-0.872034,-0.251589
2021,1,AM,0.500000,0.866025,6270.4200,1,0,4760078.8600,1.191580,0.511745,-0.450031,0.419285,0.619065,0.526624,0.426781,0.759696,0.895658,-0.970387,-0.545461
2021,2,AM,0.866025,0.500000,6270.4200,1,0,4760078.8600,0.648016,0.510431,-0.450031,0.480687,0.712611,0.544825,0.505858,0.853545,0.910502,-0.872034,-0.839334
2021,3,AM,1.000000,6.123234e-17,6270.4200,1,0,4760078.8600,1.252192,0.526205,-0.450031,0.290634,0.681429,0.435616,0.315487,0.665847,0.821436,-1.050298,-0.986270
2021,4,AM,0.866025,-0.500000,9405.6300,1,1,7140118.2900,-0.021309,0.522525,-0.450031,0.574252,0.681429,0.654035,0.593721,0.759696,0.880813,-1.142504,-0.741376
2021,5,AM,0.500000,-0.866025,25081.6800,1,1,19040315.4400,-0.021309,0.553548,-0.450031,0.667817,0.587884,0.745044,0.696229,0.759696,0.865969,-1.167093,-1.035249
2021,6,AM,1.2246468e-16,-1.000000,47028.1500,1,1,35700591.4500,0.192291,0.569848,-0.450031,0.688284,0.681429,0.490221,0.710872,0.603281,0.376107,-0.245033,-0.986270
2021,7,AM,-0.500000,-0.866025,62704.2000,1,1,47600788.6000,-0.013206,0.593510,-0.450031,0.737990,0.681429,0.508422,0.760662,0.697130,0.212819,-1.038004,-1.084227
2021,8,AM,-0.866025,-0.500000,62704.2000,1,1,47600788.6000,0.071716,0.555125,-0.450031,1.030380,0.681429,0.544825,1.038896,0.634564,0.494861,-0.884328,-0.300568
2021,9,AM,-1.000000,-1.8369702e-16,47028.1500,1,1,35700591.4500,-0.299736,0.546975,-0.450031,0.942663,0.681429,0.763245,0.945175,0.540715,0.405795,-1.001122,-0.839334
2021,10,AM,-0.866025,0.500000,25081.6800,1,1,19040315.4400,0.189698,0.510431,-0.450031,1.053771,0.650247,0.544825,1.050611,0.822262,0.435484,-0.773680,-0.104653
2021,11,AM,-0.500000,0.866025,9405.6300,1,1,7140118.2900,0.572818,0.495708,-0.450031,0.676588,0.774974,0.635834,0.678656,0.822262,0.480017,-1.056445,-0.202610
2021,12,AM,-2.4492936e-16,1.000000,6270.4200,1,0,4760078.8600,0.432147,0.485455,-0.450031,0.533317,0.806156,0.526624,0.552718,1.103809,1.058945,-1.117916,-0.251589
2022,1,AM,0.500000,0.866025,7914.5400,1,0,6050680.8600,0.560826,0.521473,-0.450031,0.545013,0.525520,0.635834,0.567362,0.446866,0.836280,-0.767533,-0.496483
2022,2,AM,0.866025,0.500000,7914.5400,1,0,6050680.8600,0.607176,0.515426,-0.450031,0.372503,0.556702,0.599430,0.397493,0.697130,0.999568,-1.056445,-0.741376
2022,3,AM,1.000000,6.123234e-17,7914.5400,1,0,6050680.8600,0.762758,0.513849,-0.450031,0.311101,0.525520,0.690439,0.333060,0.540715,0.984723,-1.179387,-0.594440
2022,4,AM,0.866025,-0.500000,11871.8100,1,1,9076021.2900,0.951401,0.517529,-0.450031,0.439753,0.743793,0.690439,0.470712,0.665847,0.910502,-1.160946,-0.398525
2022,5,AM,0.500000,-0.866025,31658.1600,1,1,24202723.4400,-0.069604,0.561961,-0.450031,0.664893,0.556702,0.672237,0.696229,0.478149,0.227664,-0.982681,-0.937291
2022,6,AM,1.2246468e-16,-1.000000,59359.0500,1,1,45380106.4500,0.004945,0.558280,-0.450031,0.533317,0.400793,0.599430,0.549790,0.353017,0.272197,-1.013416,-0.790355
2022,7,AM,-0.500000,-0.866025,79145.4000,1,1,60506808.6000,-0.388223,0.550656,-0.450031,1.080086,0.276066,0.745044,1.088685,0.259168,0.301885,-0.779828,-0.594440
2022,8,AM,-0.866025,-0.500000,79145.4000,1,1,60506808.6000,-0.358727,0.547501,-0.450031,1.176575,0.400793,0.799649,1.179477,0.478149,0.183131,-0.669180,-0.986270
2022,9,AM,-1.000000,-1.8369702e-16,59359.0500,1,1,45380106.4500,-0.444945,0.515952,-0.450031,1.422182,0.494338,0.781447,1.402065,0.384300,0.123754,-0.829004,-0.545461
2022,10,AM,-0.866025,0.500000,31658.1600,1,1,24202723.4400,0.035413,0.500703,-0.450031,1.126869,0.587884,0.581229,1.132617,0.571998,0.212819,-0.681475,-0.300568
2022,11,AM,-0.500000,0.866025,11871.8100,1,1,9076021.2900,-0.151609,0.500703,-0.450031,0.986522,0.774974,0.763245,0.997893,0.603281,0.569083,-0.644592,-0.839334
2022,12,AM,-2.4492936e-16,1.000000,7914.5400,1,0,6050680.8600,0.749144,0.494919,-0.450031,0.711675,0.806156,0.599430,0.710872,0.822262,0.865969,-0.890475,-0.643419
2023,1,AM,0.500000,0.866025,6630.6800,1,0,4585402.7000,0.414644,0.539351,-0.450031,0.284786,0.774974,0.563027,0.303772,0.759696,1.014412,-0.951945,-0.594440
2023,2,AM,0.866025,0.500000,6630.6800,1,0,4585402.7000,0.685939,0.529886,-0.450031,0.305253,0.806156,0.453817,0.318416,1.135092,1.148011,-0.982681,-0.398525
2023,3,AM,1.000000,6.123234e-17,6630.6800,1,0,4585402.7000,0.856755,0.530149,-0.450031,0.474840,0.899702,0.690439,0.494143,1.009960,0.910502,-0.884328,-0.153632
2023,4,AM,0.866025,-0.500000,9946.0200,1,1,6878104.0500,0.411402,0.518844,-0.450031,0.641502,0.930883,0.654035,0.661083,1.009960,1.058945,-0.939651,-0.790355
2023,5,AM,0.500000,-0.866025,26522.7200,1,1,18341610.8000,-0.038488,0.541454,-0.450031,0.860794,0.962065,0.781447,0.877813,0.978677,1.222232,-0.896622,-0.839334
2023,6,AM,1.2246468e-16,-1.000000,49730.1000,1,1,34390520.2500,-0.319183,0.577210,-0.450031,0.930968,0.899702,0.308204,0.953961,0.884828,0.791747,-0.804416,-0.692398
2023,7,AM,-0.500000,-0.866025,66306.8000,1,1,45854027.0000,-0.249820,0.570900,-0.450031,1.325694,0.774974,0.745044,1.331774,0.728413,0.539394,-0.699916,-0.790355
2023,8,AM,-0.866025,-0.500000,66306.8000,1,1,45854027.0000,-0.417719,0.537248,-0.450031,1.635627,0.806156,0.981665,1.627581,0.728413,0.554238,-0.583121,-0.839334
2023,9,AM,-1.000000,-1.8369702e-16,49730.1000,1,1,34390520.2500,-0.337335,0.510168,-0.450031,1.708724,0.962065,0.854254,1.697872,1.041243,0.569083,-0.607710,-0.692398
2023,10,AM,-0.866025,0.500000,26522.7200,1,1,18341610.8000,-0.183698,0.480985,-0.450031,1.717496,1.117974,0.672237,1.715444,0.978677,0.672993,-0.736798,-0.496483
2023,11,AM,-0.500000,0.866025,9946.0200,1,1,6878104.0500,-0.039136,0.476516,-0.450031,1.454345,1.242701,0.635834,1.460640,1.354074,0.732370,-0.785975,-0.643419
2023,12,AM,-2.4492936e-16,1.000000,6630.6800,1,0,4585402.7000,0.564391,0.496234,-0.450031,0.787697,1.585701,0.708640,0.810451,1.447923,1.192544,-1.044151,-0.643419
2003,2,RN,0.866025,0.500000,69.3200,0,0,15280.5800,-0.291308,0.576684,3.992067,0.539165,0.369611,0.690439,0.552718,0.478149,1.192544,1.654410,1.168794
2003,3,RN,1.000000,6.123234e-17,69.3200,0,0,15280.5800,0.502807,0.555651,4.048841,0.571328,0.369611,0.508422,0.611294,0.790979,1.044101,1.150351,1.658581
2003,4,RN,0.866025,-0.500000,103.9800,0,0,22920.8700,-0.087107,0.570374,3.827539,0.591795,0.681429,0.690439,0.640582,0.790979,1.044101,1.230263,1.168794
2003,5,RN,0.500000,-0.866025,277.2800,0,0,61122.3200,0.316433,0.595350,4.394015,0.571328,0.681429,0.690439,0.552718,0.478149,0.747214,1.414675,1.168794
2003,6,RN,1.2246468e-16,-1.000000,519.9000,0,0,114604.3500,-0.006075,0.620326,4.602699,0.191221,0.369611,0.508422,0.177834,0.165319,0.450328,1.949469,2.148368
2003,7,RN,-0.500000,-0.866025,693.2000,0,0,152805.8000,-0.179484,0.630317,7.322147,0.363731,0.057793,0.144389,0.441425,0.165319,0.450328,3.098970,1.658581
2003,8,RN,-0.866025,-0.500000,693.2000,0,0,152805.8000,-0.476062,0.637941,11.663065,0.591795,-0.565843,0.508422,0.743089,-0.460342,0.747214,3.271088,1.658581
2003,9,RN,-1.000000,-1.8369702e-16,519.9000,0,0,114604.3500,-0.369099,0.641359,5.047123,0.243852,0.057793,0.508422,0.292057,0.165319,0.301885,2.785470,2.148368
2003,10,RN,-0.866025,0.500000,277.2800,0,0,61122.3200,-0.417719,0.597979,0.211641,0.483611,0.057793,0.508422,0.535146,0.165319,0.747214,3.092823,2.148368
2003,11,RN,-0.500000,0.866025,103.9800,0,0,22920.8700,-0.433925,0.566167,5.387436,0.667817,0.057793,0.872455,0.710872,0.165319,0.747214,2.754735,1.658581
2003,12,RN,-2.4492936e-16,1.000000,69.3200,0,0,15280.5800,-0.476062,0.571951,0.368266,0.512850,0.057793,1.236488,0.461926,-0.003610,1.044101,1.211821,0.679006
2004,1,RN,0.500000,0.866025,124.9000,0,0,25735.1000,-0.476062,0.602449,-0.412957,0.188298,0.057793,1.054472,0.268627,0.165319,1.409271,-0.533945,-1.211572
2004,2,RN,0.866025,0.500000,124.9000,0,0,25735.1000,0.347225,0.563538,0.040794,0.603491,0.681429,0.690439,0.646439,0.790979,1.044101,1.482292,1.658581
2004,3,RN,1.000000,6.123234e-17,124.9000,0,0,25735.1000,0.262951,0.551182,-0.065052,0.702904,0.681429,0.690439,0.743089,0.478149,0.747214,1.820381,1.658581
2004,4,RN,0.866025,-0.500000,187.3500,0,0,38602.6500,0.076578,0.563538,-0.130756,0.603491,0.369611,0.690439,0.640582,0.478149,0.895658,1.623675,1.658581
2004,5,RN,0.500000,-0.866025,499.6000,0,0,102940.4000,-0.044971,0.600871,-0.185170,0.395894,0.369611,0.508422,0.450211,0.478149,0.747214,1.187233,1.658581
2004,6,RN,1.2246468e-16,-1.000000,936.7500,0,0,193013.2500,1.395781,0.638993,0.151812,0.287710,0.369611,0.326406,0.388707,0.165319,0.895658,1.193380,1.168794
2004,7,RN,-0.500000,-0.866025,1249.0000,0,0,257351.0000,0.651906,0.640045,-0.046898,-0.118712,0.369611,0.326406,-0.059397,0.165319,0.301885,1.494586,1.658581
2004,8,RN,-0.866025,-0.500000,1249.0000,0,0,257351.0000,-0.226483,0.673697,-0.060902,0.012864,0.057793,0.144389,0.051897,0.165319,0.450328,2.349028,2.148368
2004,9,RN,-1.000000,-1.8369702e-16,936.7500,0,0,193013.2500,-0.365858,0.636890,-0.013701,0.220460,-0.254025,0.326406,0.265698,-0.147512,0.598771,3.301823,2.638155
2004,10,RN,-0.866025,0.500000,499.6000,0,0,102940.4000,-0.440408,0.600871,0.217149,0.474840,-0.254025,0.690439,0.529288,0.165319,0.450328,2.951441,2.148368
2004,11,RN,-0.500000,0.866025,187.3500,0,0,38602.6500,-0.450131,0.570374,-0.214200,0.591795,0.057793,0.872455,0.640582,0.165319,0.598771,2.828499,2.148368
2004,12,RN,-2.4492936e-16,1.000000,124.9000,0,0,25735.1000,-0.476062,0.514900,-0.346026,0.691208,-0.419288,1.615083,0.851454,-0.554191,1.201450,2.330587,0.189219
2005,1,RN,0.500000,0.866025,215.1000,0,0,49598.4200,-0.476062,0.520421,-0.242101,0.811088,-0.291443,1.727933,0.971534,-0.363365,1.262312,2.330587,0.189219
2005,2,RN,0.866025,0.500000,215.1000,0,0,49598.4200,-0.476062,0.525417,-0.143200,0.925120,-0.176070,1.840783,1.085756,-0.188180,1.323174,2.330587,0.189219
2005,3,RN,1.000000,6.123234e-17,215.1000,0,0,49598.4200,-0.476062,0.530675,-0.044303,1.039152,-0.048225,1.940892,1.199979,0.005775,1.378097,2.330587,0.189219
2005,4,RN,0.866025,-0.500000,322.6500,0,0,74397.6300,-0.453373,0.542243,0.030083,1.115173,0.993247,1.054472,1.261483,0.790979,1.340987,2.170763,0.679006
2005,5,RN,0.500000,-0.866025,860.4000,0,0,198393.6800,1.154305,0.577735,-0.033721,0.428057,0.681429,0.690439,0.461926,0.790979,1.044101,1.371645,1.168794
2005,6,RN,1.2246468e-16,-1.000000,1613.2500,0,0,371988.1500,1.728013,0.618223,0.289201,0.039179,0.369611,0.508422,0.095828,0.478149,0.895658,1.297880,2.148368
2005,7,RN,-0.500000,-0.866025,2151.0000,0,0,495984.2000,-0.174622,0.669490,-0.184207,0.009940,0.369611,0.326406,0.054826,0.165319,0.598771,2.066263,2.148368
2005,8,RN,-0.866025,-0.500000,2151.0000,0,0,495984.2000,-0.100073,0.659237,-0.077454,-0.010528,0.057793,0.144389,0.013823,0.165319,0.747214,2.170763,1.658581
2005,9,RN,-1.000000,-1.8369702e-16,1613.2500,0,0,371988.1500,-0.373961,0.644514,4.669025,0.202917,0.057793,0.326406,0.236410,0.165319,0.450328,2.551881,2.148368
2005,10,RN,-0.866025,0.500000,860.4000,0,0,198393.6800,-0.383685,0.614280,5.464724,0.433905,0.057793,0.690439,0.485356,-0.147512,0.747214,3.105117,2.148368
2005,11,RN,-0.500000,0.866025,322.6500,0,0,74397.6300,-0.472820,0.565379,4.085123,0.527470,-0.232198,1.054472,0.605436,-0.147512,0.747214,2.705558,2.148368
2005,12,RN,-2.4492936e-16,1.000000,215.1000,0,0,49598.4200,-0.476062,0.543031,2.414003,0.556709,-0.151125,1.285633,0.541003,-0.147512,1.340987,2.330587,0.189219
2006,1,RN,0.500000,0.866025,192.9000,0,0,47380.9000,-0.476062,0.550130,6.024342,0.869566,-0.066934,1.480390,0.620080,0.102752,1.340987,2.330587,0.189219
2006,2,RN,0.866025,0.500000,192.9000,0,0,47380.9000,-0.476062,0.556703,9.459986,1.164879,0.007902,1.673328,0.693300,0.327990,1.340987,2.330587,0.189219
2006,3,RN,1.000000,6.123234e-17,192.9000,0,0,47380.9000,-0.032006,0.559595,8.860875,1.150260,0.681429,0.872455,0.778234,0.790979,1.044101,1.832675,1.168794
2006,4,RN,0.866025,-0.500000,289.3500,0,0,71071.3500,0.593563,0.536722,3.946852,0.656121,0.681429,0.690439,0.707944,0.478149,1.044101,0.560233,0.679006
2006,5,RN,0.500000,-0.866025,771.6000,0,0,189523.6000,0.104128,0.601134,3.902697,0.536241,0.369611,0.690439,0.532217,0.478149,0.747214,1.433116,2.148368
2006,6,RN,1.2246468e-16,-1.000000,1446.7500,0,0,355356.7500,0.638941,0.628214,3.305008,0.074265,0.369611,0.508422,0.116330,0.165319,0.450328,1.758910,1.658581
2006,7,RN,-0.500000,-0.866025,1929.0000,0,0,473809.0000,-0.093590,0.657659,3.714928,0.001168,0.057793,0.326406,0.051897,0.165319,0.301885,2.281411,2.148368
2006,8,RN,-0.866025,-0.500000,1929.0000,0,0,473809.0000,-0.229724,0.646880,4.252008,0.100581,0.369611,0.326406,0.139760,0.165319,0.153442,4.223883,0.262687
2006,9,RN,-1.000000,-1.8369702e-16,1446.7500,0,0,355356.7500,-0.359375,0.645040,4.803828,0.261395,0.057793,0.326406,0.312558,0.165319,0.450328,4.309942,0.326360
2006,10,RN,-0.866025,0.500000,771.6000,0,0,189523.6000,-0.443649,0.594561,5.333325,0.565480,0.057793,0.872455,0.620080,-0.147512,0.895658,4.389854,0.394930
2006,11,RN,-0.500000,0.866025,289.3500,0,0,71071.3500,-0.242689,0.564064,5.326078,0.618111,0.057793,0.690439,0.664012,0.165319,0.747214,4.475913,0.458602
2006,12,RN,-2.4492936e-16,1.000000,192.9000,0,0,47380.9000,-0.333445,0.587726,5.219883,0.676588,0.369611,0.872455,0.737232,0.478149,0.895658,4.555824,0.527172
2007,1,RN,0.500000,0.866025,179.0400,0,0,46641.7600,-0.236207,0.574843,4.942577,0.784773,0.681429,0.872455,0.833881,0.478149,1.044101,4.641883,0.590845
2007,2,RN,0.866025,0.500000,179.0400,0,0,46641.7600,-0.258896,0.564590,4.672254,0.808164,0.369611,0.872455,0.842668,0.478149,0.895658,4.721795,0.654517
2007,3,RN,1.000000,6.123234e-17,179.0400,0,0,46641.7600,-0.032006,0.546975,2.746605,0.814012,0.681429,0.872455,0.907101,0.478149,1.044101,4.801707,0.718189
2007,4,RN,0.866025,-0.500000,268.5600,0,0,69962.6400,-0.476062,0.537773,2.321497,0.907576,-0.004570,1.600521,1.068184,0.102752,1.394426,4.881619,0.786760
2007,5,RN,0.500000,-0.866025,716.1600,0,0,186567.0400,-0.372341,0.550919,4.645857,0.828631,0.681429,0.690439,0.962748,0.478149,1.192544,4.967678,0.850432
2007,6,RN,1.2246468e-16,-1.000000,1342.8000,0,0,349813.2000,1.005206,0.636890,3.360449,0.007016,0.369611,0.508422,0.046039,0.478149,0.598771,5.047590,0.919002
2007,7,RN,-0.500000,-0.866025,1790.4000,0,0,466417.6000,0.107370,0.652664,3.547673,-0.033919,0.057793,0.326406,-0.000821,0.165319,0.598771,5.127501,0.982675
2007,8,RN,-0.866025,-0.500000,1790.4000,0,0,466417.6000,-0.197311,0.649772,4.127787,-0.107016,0.057793,0.144389,-0.085756,0.165319,0.598771,5.213560,1.051245
2007,9,RN,-1.000000,-1.8369702e-16,1342.8000,0,0,349813.2000,-0.339928,0.658448,4.814829,0.056722,-0.254025,0.326406,0.092900,-0.147512,0.598771,5.299619,1.114917
2007,10,RN,-0.866025,0.500000,716.1600,0,0,186567.0400,-0.433925,0.604552,5.245471,0.302330,0.057793,0.508422,0.341846,-0.147512,0.450328,4.881619,1.658581
2007,11,RN,-0.500000,0.866025,268.5600,0,0,69962.6400,-0.356134,0.563538,5.285016,0.439753,0.057793,0.508422,0.482428,0.165319,0.450328,2.705558,2.148368
2007,12,RN,-2.4492936e-16,1.000000,179.0400,0,0,46641.7600,-0.437166,0.556440,5.247371,0.661969,0.057793,0.690439,0.707944,0.165319,0.895658,2.662529,1.658581
2008,1,RN,0.500000,0.866025,136.8200,0,0,37806.6600,-0.258896,0.542506,4.894008,0.702904,0.681429,0.690439,0.746018,0.478149,0.747214,2.262969,1.658581
2008,2,RN,0.866025,0.500000,136.8200,0,0,37806.6600,-0.398271,0.564590,5.054042,0.857870,0.681429,0.872455,0.895386,0.478149,0.895658,1.887998,1.168794
2008,3,RN,1.000000,6.123234e-17,136.8200,0,0,37806.6600,0.506048,0.539351,4.345843,0.656121,0.369611,0.690439,0.693300,0.790979,0.895658,0.554085,1.168794
2008,4,RN,0.866025,-0.500000,205.2300,0,0,56709.9900,0.781557,0.530149,3.673376,0.401742,0.369611,0.690439,0.447282,0.478149,1.044101,0.486468,1.168794
2008,5,RN,0.500000,-0.866025,547.2800,0,0,151226.6400,0.275917,0.570637,3.384090,0.340340,0.369611,0.508422,0.397493,0.478149,0.895658,0.965939,1.658581
2008,6,RN,1.2246468e-16,-1.000000,1026.1500,0,0,283549.9500,1.076514,0.614542,3.071069,-0.022223,0.369611,0.326406,0.037253,0.165319,0.598771,1.728175,2.148368
2008,7,RN,-0.500000,-0.866025,1368.2000,0,0,378066.6000,0.930656,0.651613,3.286360,-0.162570,0.057793,0.144389,-0.115044,0.165319,0.450328,2.342881,2.148368
2008,8,RN,-0.866025,-0.500000,1368.2000,0,0,378066.6000,0.726455,0.620326,3.948867,-0.139179,0.057793,0.144389,-0.100400,0.165319,0.450328,2.121587,2.148368
2008,9,RN,-1.000000,-1.8369702e-16,1026.1500,0,0,283549.9500,-0.372341,0.632683,4.493398,0.199993,0.057793,0.508422,0.251054,0.165319,0.747214,2.662529,2.148368
2008,10,RN,-0.866025,0.500000,547.2800,0,0,151226.6400,-0.395030,0.609284,4.973269,0.419285,0.057793,0.508422,0.456069,0.165319,0.598771,3.258794,2.148368
2008,11,RN,-0.500000,0.866025,205.2300,0,0,56709.9900,-0.450131,0.566956,5.248828,0.594719,0.057793,0.690439,0.640582,0.165319,0.450328,2.576470,1.658581
2008,12,RN,-2.4492936e-16,1.000000,136.8200,0,0,37806.6600,-0.476062,0.548553,5.103071,0.737990,0.057793,0.872455,0.792878,-0.147512,0.895658,2.164616,1.658581
2009,1,RN,0.500000,0.866025,107.4800,0,0,28742.6600,-0.009317,0.566693,4.676919,0.708751,0.369611,0.690439,0.760662,0.478149,0.895658,1.832675,1.168794
2009,2,RN,0.866025,0.500000,107.4800,0,0,28742.6600,0.272675,0.543031,4.558412,0.661969,0.369611,0.690439,0.705015,0.478149,1.044101,1.451557,0.679006
2009,3,RN,1.000000,6.123234e-17,107.4800,0,0,28742.6600,0.172195,0.535144,4.668987,0.735066,0.681429,0.872455,0.775306,0.790979,1.044101,1.101174,0.679006
2009,4,RN,0.866025,-0.500000,161.2200,0,0,43113.9900,0.613010,0.561961,3.903570,0.553785,0.681429,0.872455,0.599579,0.790979,1.044101,0.203703,1.168794
2009,5,RN,0.500000,-0.866025,429.9200,0,0,114970.6400,0.635699,0.570900,3.217636,0.346188,0.681429,0.690439,0.400422,0.790979,1.044101,0.603262,0.679006
2009,6,RN,1.2246468e-16,-1.000000,806.1000,0,0,215569.9500,0.444464,0.617697,2.994808,0.123972,0.369611,0.508422,0.177834,0.478149,0.895658,1.291733,-0.883415
2009,7,RN,-0.500000,-0.866025,1074.8000,0,0,287426.6000,0.525496,0.641096,3.331925,0.018711,0.369611,0.326406,0.066541,0.165319,0.598771,1.924881,-0.369138
2009,8,RN,-0.866025,-0.500000,1074.8000,0,0,287426.6000,0.211091,0.637678,3.963109,0.097657,0.369611,0.326406,0.122188,0.165319,0.598771,2.570323,0.145138
2009,9,RN,-1.000000,-1.8369702e-16,806.1000,0,0,215569.9500,-0.255654,0.648458,4.435324,0.366655,0.369611,0.326406,0.406279,0.165319,0.747214,2.478117,1.658581
2009,10,RN,-0.866025,0.500000,429.9200,0,0,114970.6400,-0.476062,0.587726,5.490487,0.533317,0.057793,0.508422,0.582006,-0.147512,0.598771,2.127734,1.658581
2009,11,RN,-0.500000,0.866025,161.2200,0,0,43113.9900,-0.463097,0.573529,5.259351,0.632730,0.057793,0.872455,0.678656,0.165319,0.747214,2.687117,1.168794
2009,12,RN,-2.4492936e-16,1.000000,107.4800,0,0,28742.6600,-0.446890,0.571426,4.576131,0.714599,0.369611,0.872455,0.772377,0.165319,0.895658,2.010940,1.168794
2010,1,RN,0.500000,0.866025,204.9400,0,0,56100.8000,-0.262137,0.567219,4.564589,0.799392,0.369611,0.690439,0.836810,0.165319,0.895658,1.740469,1.658581
2010,2,RN,0.866025,0.500000,204.9400,0,0,56100.8000,-0.226483,0.551445,4.237492,0.890033,0.681429,0.872455,0.945175,0.790979,1.192544,1.986352,1.658581
2010,3,RN,1.000000,6.123234e-17,204.9400,0,0,56100.8000,-0.275102,0.552496,4.972911,1.062543,0.681429,0.872455,1.100400,0.790979,1.044101,1.451557,1.168794
2010,4,RN,0.866025,-0.500000,307.4100,0,0,84151.2000,-0.369099,0.545661,5.423948,0.881261,0.681429,0.872455,0.918816,0.790979,1.192544,1.574498,1.658581
2010,5,RN,0.500000,-0.866025,819.7600,0,0,224403.2000,-0.476062,0.567219,7.618846,0.711675,0.681429,0.690439,0.757733,0.790979,1.044101,1.433116,1.168794
2010,6,RN,1.2246468e-16,-1.000000,1537.0500,0,0,420756.0000,-0.171381,0.626636,9.878946,0.366655,0.369611,0.508422,0.415066,0.478149,0.598771,1.580645,1.658581
2010,7,RN,-0.500000,-0.866025,2049.4000,0,0,561008.0000,-0.404753,0.635312,12.139050,0.004092,0.369611,0.326406,0.054826,0.165319,0.450328,2.127734,2.148368
2010,8,RN,-0.866025,-0.500000,2049.4000,0,0,561008.0000,-0.216759,0.656082,14.436203,-0.092397,0.057793,0.144389,-0.056468,0.165319,0.450328,2.588764,2.148368
2010,9,RN,-1.000000,-1.8369702e-16,1537.0500,0,0,420756.0000,-0.372341,0.627162,8.463583,0.100581,0.057793,0.326406,0.139760,0.165319,0.301885,2.963735,2.148368
2010,10,RN,-0.866025,0.500000,819.7600,0,0,224403.2000,-0.453373,0.586411,5.200353,0.550861,0.057793,0.508422,0.599579,-0.147512,0.747214,2.269116,2.148368
2010,11,RN,-0.500000,0.866025,307.4100,0,0,84151.2000,-0.466338,0.549341,5.396208,0.670741,0.057793,0.690439,0.710872,0.165319,0.450328,2.773176,2.148368
2010,12,RN,-2.4492936e-16,1.000000,204.9400,0,0,56100.8000,-0.375582,0.516741,4.711288,0.685360,0.057793,0.690439,0.734303,0.165319,0.747214,2.146175,1.658581
2011,1,RN,0.500000,0.866025,84.0800,0,0,24249.4000,0.262951,0.522525,4.132656,0.518698,0.369611,0.508422,0.564433,0.478149,0.895658,1.353204,1.168794
2011,2,RN,0.866025,0.500000,84.0800,0,0,24249.4000,-0.255654,0.539877,4.816976,0.776001,0.681429,0.690439,0.810451,0.478149,0.895658,2.207646,1.168794
2011,3,RN,1.000000,6.123234e-17,84.0800,0,0,24249.4000,-0.051453,0.533830,4.644630,0.784773,0.681429,0.690439,0.798736,0.790979,0.598771,2.183058,-0.329955
2011,4,RN,0.866025,-0.500000,126.1200,0,0,36374.1000,0.567632,0.540665,3.500288,0.486535,0.681429,0.690439,0.523431,0.790979,0.895658,2.029381,-0.388730
2011,5,RN,0.500000,-0.866025,336.3200,0,0,96997.6000,0.661630,0.565116,2.885571,0.287710,0.681429,0.690439,0.353561,0.790979,0.895658,1.875704,-0.452402
2011,6,RN,1.2246468e-16,-1.000000,630.6000,0,0,181870.5000,0.622734,0.612702,2.788647,0.097657,0.369611,0.326406,0.154404,0.478149,0.747214,1.722028,-0.511176
2011,7,RN,-0.500000,-0.866025,840.8000,0,0,242494.0000,-0.032006,0.625585,3.012054,-0.077777,0.369611,0.326406,-0.030109,0.165319,0.004999,1.568351,-0.574849
2011,8,RN,-0.866025,-0.500000,840.8000,0,0,242494.0000,-0.236207,0.649509,3.851789,0.007016,0.369611,0.326406,0.048968,0.165319,0.598771,1.414675,-0.633623
2011,9,RN,-1.000000,-1.8369702e-16,630.6000,0,0,181870.5000,-0.456614,0.654505,0.028072,0.135667,0.057793,0.326406,0.163190,0.165319,0.301885,1.260998,-0.697296
2011,10,RN,-0.866025,0.500000,336.3200,0,0,96997.6000,-0.437166,0.570374,-0.011485,0.457296,0.057793,0.508422,0.508787,0.165319,0.598771,1.574498,1.168794
2011,11,RN,-0.500000,0.866025,126.1200,0,0,36374.1000,-0.352893,0.565904,-0.007800,0.609339,0.369611,0.872455,0.640582,0.165319,0.895658,2.318293,0.679006
2011,12,RN,-2.4492936e-16,1.000000,84.0800,0,0,24249.4000,-0.424201,0.568271,-0.009453,0.676588,0.057793,0.872455,0.722588,0.165319,0.747214,2.226087,0.679006
2012,1,RN,0.500000,0.866025,224.8800,0,0,65350.5200,-0.262137,0.570637,-0.035267,0.664893,0.369611,0.690439,0.696229,0.165319,0.747214,1.961763,0.679006
2012,2,RN,0.866025,0.500000,224.8800,0,0,65350.5200,-0.155174,0.554074,-0.044606,0.594719,0.681429,0.690439,0.634724,0.790979,0.895658,2.109293,1.168794
2012,3,RN,1.000000,6.123234e-17,224.8800,0,0,65350.5200,-0.051453,0.566693,-0.042480,0.641502,0.369611,0.690439,0.687442,0.478149,0.895658,2.103146,1.168794
2012,4,RN,0.866025,-0.500000,337.3200,0,0,98025.7800,-0.294550,0.564590,-0.068596,0.673665,0.681429,0.690439,0.716730,0.478149,0.747214,1.918734,1.168794
2012,5,RN,0.500000,-0.866025,899.5200,0,0,261402.0800,0.065233,0.604026,-0.095905,0.498231,0.369611,0.690439,0.546861,0.478149,0.747214,1.783498,1.168794
2012,6,RN,1.2246468e-16,-1.000000,1686.6000,0,0,490128.9000,0.400706,0.640833,-0.158252,0.077189,0.369611,0.326406,0.125116,0.165319,0.747214,1.340910,0.679006
2012,7,RN,-0.500000,-0.866025,2248.8000,0,0,653505.2000,0.194884,0.645040,-0.126529,-0.030995,0.057793,0.326406,-0.000821,0.165319,0.450328,2.103146,1.658581
2012,8,RN,-0.866025,-0.500000,2248.8000,0,0,653505.2000,-0.307515,0.676589,-0.056846,-0.071929,-0.254025,0.326406,-0.044753,-0.147512,0.450328,2.932999,2.148368
2012,9,RN,-1.000000,-1.8369702e-16,1686.6000,0,0,490128.9000,-0.409615,0.674486,0.085498,0.290634,0.057793,0.508422,0.253983,0.165319,0.450328,3.049794,1.658581
2012,10,RN,-0.866025,0.500000,899.5200,0,0,261402.0800,-0.425822,0.609021,0.001032,0.331569,0.057793,0.508422,0.365276,0.165319,0.598771,3.055941,1.658581
2012,11,RN,-0.500000,0.866025,337.3200,0,0,98025.7800,-0.472820,0.570637,0.020783,0.580100,0.057793,0.872455,0.628867,-0.147512,0.450328,1.789645,0.679006
2012,12,RN,-2.4492936e-16,1.000000,224.8800,0,0,65350.5200,-0.472820,0.557229,-0.006381,0.699980,0.057793,1.236488,0.757733,0.165319,0.895658,2.146175,0.679006
2013,1,RN,0.500000,0.866025,55.4600,0,0,15110.4800,-0.420960,0.577472,-0.006667,0.805240,0.369611,1.054472,0.848525,0.478149,0.895658,1.943322,0.679006
2013,2,RN,0.866025,0.500000,55.4600,0,0,15110.4800,-0.301032,0.554074,-0.010778,0.869566,0.369611,0.872455,0.915887,0.478149,0.895658,2.607205,1.168794
2013,3,RN,1.000000,6.123234e-17,55.4600,0,0,15110.4800,-0.385306,0.564064,-0.009794,0.933891,0.681429,1.054472,0.992035,0.478149,0.598771,1.900293,1.168794
2013,4,RN,0.866025,-0.500000,83.1900,0,0,22665.7200,0.055509,0.569585,-0.048398,0.846175,0.681429,0.872455,0.877813,0.790979,0.895658,1.254851,0.679006
2013,5,RN,0.500000,-0.866025,221.8400,0,0,60441.9200,0.191643,0.594036,-0.098538,0.536241,0.681429,0.508422,0.582006,0.478149,0.153442,1.420822,1.168794
2013,6,RN,1.2246468e-16,-1.000000,415.9500,0,0,113328.6000,0.687560,0.618223,-0.148138,0.214613,0.369611,0.508422,0.262769,0.478149,0.747214,1.150351,1.168794
2013,7,RN,-0.500000,-0.866025,554.6000,0,0,151104.8000,0.726455,0.648458,-0.173896,-0.039767,0.369611,0.326406,0.010894,0.165319,0.450328,1.488439,1.168794
2013,8,RN,-0.866025,-0.500000,554.6000,0,0,151104.8000,0.224056,0.636101,-0.091236,0.068418,0.369611,0.326406,0.104615,0.165319,0.598771,2.238381,1.168794
2013,9,RN,-1.000000,-1.8369702e-16,415.9500,0,0,113328.6000,0.091163,0.640307,-0.008737,0.249699,0.369611,0.326406,0.297914,0.165319,0.598771,2.490411,1.658581
2013,10,RN,-0.866025,0.500000,221.8400,0,0,60441.9200,-0.472820,0.618223,0.385891,0.822783,0.057793,1.054472,0.842668,0.165319,0.747214,2.859235,1.168794
2013,11,RN,-0.500000,0.866025,83.1900,0,0,22665.7200,-0.362617,0.566430,0.022449,0.545013,0.369611,0.690439,0.587864,0.478149,0.598771,2.465823,0.679006
2013,12,RN,-2.4492936e-16,1.000000,55.4600,0,0,15110.4800,-0.453373,0.571951,-0.027943,0.682436,0.369611,0.872455,0.728445,0.478149,0.895658,1.869557,0.679006
2014,1,RN,0.500000,0.866025,75.4400,0,0,21707.0200,-0.242689,0.581942,-0.053088,0.641502,0.369611,0.690439,0.678656,0.478149,0.895658,2.109293,1.168794
2014,2,RN,0.866025,0.500000,75.4400,0,0,21707.0200,-0.326963,0.553285,-0.030406,0.714599,0.369611,0.872455,0.766519,0.478149,1.044101,1.605234,0.679006
2014,3,RN,1.000000,6.123234e-17,75.4400,0,0,21707.0200,0.311571,0.568534,-0.023491,0.735066,0.681429,0.690439,0.772377,0.790979,1.044101,1.334763,0.679006
2014,4,RN,0.866025,-0.500000,113.1600,0,0,32560.5300,-0.242689,0.570900,-0.068102,0.796468,0.681429,0.872455,0.836810,0.790979,1.044101,1.058145,0.679006
2014,5,RN,0.500000,-0.866025,301.7600,0,0,86828.0800,0.104128,0.579839,-0.130266,0.422209,0.681429,0.690439,0.458997,0.790979,0.895658,1.230263,0.679006
2014,6,RN,1.2246468e-16,-1.000000,565.8000,0,0,162802.6500,1.102445,0.623481,-0.156467,0.173678,0.369611,0.508422,0.224695,0.478149,0.153442,1.808087,1.168794
2014,7,RN,-0.500000,-0.866025,754.4000,0,0,217070.2000,0.175437,0.684476,-0.141662,-0.010528,0.369611,0.326406,0.019680,0.165319,0.598771,1.912587,1.168794
2014,8,RN,-0.866025,-0.500000,754.4000,0,0,217070.2000,-0.216759,0.671594,-0.075958,0.039179,0.369611,0.326406,0.072398,0.165319,0.450328,2.410499,1.658581
2014,9,RN,-1.000000,-1.8369702e-16,565.8000,0,0,162802.6500,-0.032006,0.650824,-0.053979,0.199993,0.369611,0.508422,0.251054,0.478149,0.747214,2.299852,2.148368
2014,10,RN,-0.866025,0.500000,301.7600,0,0,86828.0800,-0.391788,0.623481,-0.016913,0.416362,0.057793,0.690439,0.464855,0.165319,0.895658,2.822352,2.148368
2014,11,RN,-0.500000,0.866025,113.1600,0,0,32560.5300,-0.395030,0.588515,-0.014285,0.556709,0.057793,0.508422,0.608365,0.165319,0.747214,1.967910,0.679006
2014,12,RN,-2.4492936e-16,1.000000,75.4400,0,0,21707.0200,-0.456614,0.580890,-0.183828,0.457296,0.057793,0.690439,0.567362,0.165319,0.895658,1.789645,0.679006
2015,1,RN,0.500000,0.866025,42.5400,0,0,12855.7800,-0.388547,0.607707,-0.017109,0.694132,0.369611,0.872455,0.737232,0.478149,0.747214,2.189205,1.168794
2015,2,RN,0.866025,0.500000,42.5400,0,0,12855.7800,-0.232965,0.582994,-0.045322,0.787697,0.681429,0.872455,0.822166,0.478149,1.192544,1.740469,1.168794
2015,3,RN,1.000000,6.123234e-17,42.5400,0,0,12855.7800,0.463911,0.570900,-0.072141,0.623958,0.993247,0.508422,0.655226,0.790979,0.895658,1.310174,0.679006
2015,4,RN,0.866025,-0.500000,63.8100,0,0,19283.6700,0.003649,0.577472,-0.057817,0.796468,0.681429,0.690439,0.836810,0.790979,0.895658,0.978233,0.189219
2015,5,RN,0.500000,-0.866025,170.1600,0,0,51423.1200,-0.242689,0.603500,-0.090657,0.726295,0.681429,0.872455,0.754804,0.790979,1.192544,1.402380,0.679006
2015,6,RN,1.2246468e-16,-1.000000,319.0500,0,0,96418.3500,0.366673,0.650298,-0.133410,0.223384,0.369611,0.508422,0.256911,0.478149,0.895658,1.248704,0.679006
2015,7,RN,-0.500000,-0.866025,425.4000,0,0,128557.8000,0.421775,0.657659,-0.147341,0.074265,0.681429,0.508422,0.113401,0.478149,0.895658,1.857263,1.168794
2015,8,RN,-0.866025,-0.500000,425.4000,0,0,128557.8000,-0.359375,0.662655,-0.082276,0.112276,0.369611,0.326406,0.148547,0.165319,0.747214,2.459675,1.658581
2015,9,RN,-1.000000,-1.8369702e-16,319.0500,0,0,96418.3500,-0.398271,0.647669,-0.028233,0.375427,0.057793,0.508422,0.429710,0.165319,0.598771,2.361322,1.168794
2015,10,RN,-0.866025,0.500000,170.1600,0,0,51423.1200,-0.459855,0.635838,-0.013313,0.471916,0.057793,0.690439,0.523431,-0.147512,0.598771,2.631793,1.168794
2015,11,RN,-0.500000,0.866025,63.8100,0,0,19283.6700,-0.472820,0.587726,0.008730,0.618111,0.369611,1.054472,0.672798,0.165319,0.450328,1.851116,1.168794
2015,12,RN,-2.4492936e-16,1.000000,42.5400,0,0,12855.7800,-0.382064,0.616909,0.014418,0.778925,0.681429,0.872455,0.807522,0.478149,1.044101,2.072410,0.679006
2016,1,RN,0.500000,0.866025,69.1800,0,0,21899.4200,-0.009317,0.589040,-0.094789,0.743838,0.993247,0.872455,0.737232,0.790979,1.044101,0.873733,1.168794
2016,2,RN,0.866025,0.500000,69.1800,0,0,21899.4200,-0.226483,0.584308,-0.026269,0.819859,0.681429,0.872455,0.795807,0.790979,1.044101,1.832675,1.168794
2016,3,RN,1.000000,6.123234e-17,69.1800,0,0,21899.4200,-0.022282,0.589566,-0.019823,0.895881,0.993247,0.872455,0.912958,0.790979,1.192544,1.562204,1.168794
2016,4,RN,0.866025,-0.500000,103.7700,0,0,32849.1300,0.023096,0.569585,-0.120633,0.740914,0.993247,0.872455,0.792878,1.103809,1.192544,1.918734,1.168794
2016,5,RN,0.500000,-0.866025,276.7200,0,0,87597.6800,0.087922,0.625585,-0.109658,0.495307,0.993247,0.690439,0.541003,1.103809,1.044101,1.316321,1.168794
2016,6,RN,1.2246468e-16,-1.000000,518.8500,0,0,164245.6500,-0.051453,0.665547,-0.134343,0.246775,0.681429,0.326406,0.294986,0.790979,0.598771,1.617528,1.168794
2016,7,RN,-0.500000,-0.866025,691.8000,0,0,218994.2000,-0.372341,0.659763,-0.102675,0.144439,0.057793,0.508422,0.192478,0.165319,0.450328,2.398205,2.148368
2016,8,RN,-0.866025,-0.500000,691.8000,0,0,218994.2000,-0.258896,0.663969,-0.067970,0.188298,0.369611,0.508422,0.224695,0.478149,0.450328,2.453528,1.658581
2016,9,RN,-1.000000,-1.8369702e-16,518.8500,0,0,164245.6500,-0.365858,0.653453,-0.012546,0.357884,0.369611,0.508422,0.406279,0.165319,0.450328,2.760882,1.658581
2016,10,RN,-0.866025,0.500000,276.7200,0,0,87597.6800,-0.417719,0.598768,-0.008256,0.542089,0.369611,0.508422,0.590792,0.165319,0.747214,2.914558,2.148368
2016,11,RN,-0.500000,0.866025,103.7700,0,0,32849.1300,-0.430684,0.576684,-0.016014,0.673665,0.369611,1.054472,0.725516,0.478149,0.747214,2.674823,1.658581
2016,12,RN,-2.4492936e-16,1.000000,69.1800,0,0,21899.4200,-0.271861,0.567219,-0.055875,0.743838,0.369611,0.872455,0.789950,0.478149,0.895658,2.176911,1.168794
2017,1,RN,0.500000,0.866025,53.5800,0,0,18014.7600,-0.252413,0.572214,-0.040929,0.743838,0.681429,0.690439,0.789950,0.790979,1.044101,2.121587,1.168794
2017,2,RN,0.866025,0.500000,53.5800,0,0,18014.7600,-0.288067,0.560121,-0.048180,0.808164,0.681429,0.872455,0.848525,0.790979,0.895658,1.734322,1.168794
2017,3,RN,1.000000,6.123234e-17,53.5800,0,0,18014.7600,0.105749,0.557229,-0.046813,0.834479,0.993247,0.872455,0.871955,1.103809,1.192544,1.236410,0.189219
2017,4,RN,0.866025,-0.500000,80.3700,0,0,27022.1400,-0.035247,0.573266,-0.068690,0.781849,0.993247,0.690439,0.787021,0.790979,1.044101,1.457704,1.168794
2017,5,RN,0.500000,-0.866025,214.3200,0,0,72059.0400,-0.074142,0.599294,-0.108141,0.600567,0.993247,0.508422,0.628867,0.790979,1.044101,1.033557,0.679006
2017,6,RN,1.2246468e-16,-1.000000,401.8500,0,0,135110.7000,0.104128,0.622167,-0.151998,0.319873,0.681429,0.508422,0.359419,0.790979,0.747214,1.709734,1.168794
2017,7,RN,-0.500000,-0.866025,535.8000,0,0,180147.6000,0.739421,0.681321,-0.201329,-0.200581,0.369611,0.326406,-0.150189,0.165319,0.450328,2.502705,2.148368
2017,8,RN,-0.866025,-0.500000,535.8000,0,0,180147.6000,-0.411236,0.656871,-0.062994,0.123972,0.369611,0.326406,0.160262,0.165319,0.450328,2.428940,1.168794
2017,9,RN,-1.000000,-1.8369702e-16,401.8500,0,0,135110.7000,-0.307515,0.660288,-0.053438,0.115200,0.369611,0.508422,0.142689,0.165319,0.598771,3.080529,1.658581
2017,10,RN,-0.866025,0.500000,214.3200,0,0,72059.0400,-0.271861,0.606655,-0.034692,0.413438,0.369611,0.508422,0.461926,0.478149,0.747214,2.932999,1.658581
2017,11,RN,-0.500000,0.866025,80.3700,0,0,27022.1400,-0.453373,0.574318,-0.037580,0.623958,0.369611,1.054472,0.672798,0.165319,0.895658,2.041675,0.679006
2017,12,RN,-2.4492936e-16,1.000000,53.5800,0,0,18014.7600,-0.336686,0.567745,-0.087738,0.732143,0.369611,0.872455,0.772377,0.478149,0.895658,1.887998,0.679006
2018,1,RN,0.500000,0.866025,29.4800,0,0,10132.1200,-0.262137,0.568271,-0.089920,0.702904,0.681429,0.690439,0.754804,0.790979,1.044101,1.580645,1.168794
2018,2,RN,0.866025,0.500000,29.4800,0,0,10132.1200,0.191643,0.549341,-0.085847,0.650273,0.681429,0.690439,0.684513,0.790979,0.895658,1.064292,0.189219
2018,3,RN,1.000000,6.123234e-17,29.4800,0,0,10132.1200,0.262951,0.561435,-0.059245,0.764305,0.993247,0.690439,0.813380,0.790979,1.192544,0.713909,0.189219
2018,4,RN,0.866025,-0.500000,44.2200,0,0,15198.1800,-0.420960,0.576684,-0.133478,0.489459,0.993247,0.690439,0.532217,0.790979,1.044101,0.965939,0.679006
2018,5,RN,0.500000,-0.866025,117.9200,0,0,40528.4800,-0.476062,0.602449,-0.132089,0.387123,0.681429,0.690439,0.435567,0.478149,0.747214,1.525322,1.168794
2018,6,RN,1.2246468e-16,-1.000000,221.1000,0,0,75990.9000,-0.427442,0.652664,-0.142902,0.126896,0.681429,0.508422,0.163190,0.478149,0.747214,1.605234,1.658581
2018,7,RN,-0.500000,-0.866025,294.8000,0,0,101321.2000,0.272675,0.659500,-0.149518,-0.030995,0.369611,0.326406,0.013823,0.165319,0.598771,2.385911,1.658581
2018,8,RN,-0.866025,-0.500000,294.8000,0,0,101321.2000,-0.369099,0.673434,-0.067800,0.147363,0.369611,0.508422,0.189549,0.478149,0.004999,2.441234,1.168794
2018,9,RN,-1.000000,-1.8369702e-16,221.1000,0,0,75990.9000,-0.320480,0.620326,-0.045479,0.261395,0.369611,0.326406,0.309630,0.165319,0.747214,2.816205,1.168794
2018,10,RN,-0.866025,0.500000,117.9200,0,0,40528.4800,-0.469579,0.597716,-0.017544,0.603491,0.369611,0.872455,0.652297,0.478149,0.895658,2.170763,1.168794
2018,11,RN,-0.500000,0.866025,44.2200,0,0,15198.1800,-0.459855,0.569848,-0.084577,0.746762,0.369611,0.872455,0.792878,0.790979,0.895658,2.607205,1.168794
2018,12,RN,-2.4492936e-16,1.000000,29.4800,0,0,10132.1200,-0.336686,0.587989,-0.097750,0.767229,0.993247,0.872455,0.810451,0.790979,0.747214,1.857263,1.168794
2019,1,RN,0.500000,0.866025,24.6200,0,0,8545.4600,-0.476062,0.595087,-0.107958,0.805240,0.681429,0.872455,0.845596,0.790979,1.044101,1.949469,1.168794
2019,2,RN,0.866025,0.500000,24.6200,0,0,8545.4600,-0.317239,0.563801,-0.119794,0.816936,0.993247,0.690439,0.851454,1.416640,-0.143444,0.867586,0.679006
2019,3,RN,1.000000,6.123234e-17,24.6200,0,0,8545.4600,0.412051,0.571426,-0.132272,0.735066,0.993247,0.872455,0.775306,1.103809,1.192544,0.480321,0.189219
2019,4,RN,0.866025,-0.500000,36.9300,0,0,12818.1900,0.749144,0.569322,-0.135970,0.635654,0.993247,0.690439,0.681585,1.103809,1.192544,0.455732,0.679006
2019,5,RN,0.500000,-0.866025,98.4800,0,0,34181.8400,0.288882,0.578524,-0.130278,0.661969,0.993247,0.690439,0.693300,1.103809,1.044101,1.021262,0.679006
2019,6,RN,1.2246468e-16,-1.000000,184.6500,0,0,64090.9500,0.668112,0.645303,-0.162142,0.249699,0.681429,0.508422,0.286199,0.478149,0.895658,1.543763,1.168794
2019,7,RN,-0.500000,-0.866025,246.2000,0,0,85454.6000,0.045785,0.651613,-0.132886,0.129820,0.681429,0.326406,0.169048,0.478149,0.895658,1.414675,1.168794
2019,8,RN,-0.866025,-0.500000,246.2000,0,0,85454.6000,-0.288067,0.691575,-0.090712,0.123972,0.369611,0.508422,0.154404,0.165319,0.301885,2.392058,1.168794
2019,9,RN,-1.000000,-1.8369702e-16,184.6500,0,0,64090.9500,-0.304274,0.648458,-0.063275,0.278938,0.369611,0.508422,0.324273,0.478149,0.747214,2.478117,1.168794
2019,10,RN,-0.866025,0.500000,98.4800,0,0,34181.8400,-0.417719,0.601923,-0.012099,0.454372,0.369611,0.508422,0.502929,0.165319,0.747214,2.533440,1.658581
2019,11,RN,-0.500000,0.866025,36.9300,0,0,12818.1900,-0.469579,0.560121,-0.004204,0.682436,0.369611,0.872455,0.734303,0.478149,0.598771,2.312146,0.679006
2019,12,RN,-2.4492936e-16,1.000000,24.6200,0,0,8545.4600,-0.424201,0.564327,-0.014259,0.811088,0.369611,1.054472,0.857312,0.478149,1.044101,2.084705,1.168794
2020,1,RN,0.500000,0.866025,26.9000,0,0,9583.1400,0.068474,0.571688,-0.431285,0.840327,0.993247,0.872455,0.901243,1.103809,1.192544,1.217968,0.189219
2020,2,RN,0.866025,0.500000,26.9000,0,0,9583.1400,0.087922,0.567219,-0.431285,0.936815,0.993247,0.872455,0.994964,0.790979,1.192544,1.033557,0.189219
2020,3,RN,1.000000,6.123234e-17,26.9000,0,0,9583.1400,0.755627,0.557491,-0.431285,0.831555,0.993247,0.872455,0.871955,1.103809,1.192544,0.142232,0.189219
2020,4,RN,0.866025,-0.500000,40.3500,0,0,14374.7100,0.224056,0.575106,-0.431285,0.749686,0.993247,0.690439,0.784092,1.103809,1.192544,0.584821,0.189219
2020,5,RN,0.500000,-0.866025,107.6000,0,0,38332.5600,0.891761,0.606392,-0.431285,0.486535,0.993247,0.690439,0.532217,1.103809,1.192544,0.689321,0.679006
2020,6,RN,1.2246468e-16,-1.000000,201.7500,0,0,71873.5500,0.496324,0.622956,-0.431285,0.223384,0.681429,0.508422,0.268627,0.478149,0.747214,1.322469,1.168794
2020,7,RN,-0.500000,-0.866025,269.0000,0,0,95831.4000,0.266193,0.632946,-0.431285,0.001168,0.369611,0.326406,0.034324,0.165319,0.153442,1.814234,1.168794
2020,8,RN,-0.866025,-0.500000,269.0000,0,0,95831.4000,-0.378823,0.643462,-0.431285,0.097657,0.369611,0.326406,0.133903,0.165319,0.598771,2.656382,1.168794
2020,9,RN,-1.000000,-1.8369702e-16,201.7500,0,0,71873.5500,-0.375582,0.638467,-0.431285,0.255547,0.369611,0.508422,0.294986,0.165319,0.598771,2.582617,1.658581
2020,10,RN,-0.866025,0.500000,107.6000,0,0,38332.5600,-0.331824,0.599820,-0.431285,0.527470,0.681429,0.690439,0.567362,0.790979,0.895658,1.992499,1.168794
2020,11,RN,-0.500000,0.866025,40.3500,0,0,14374.7100,-0.252413,0.576947,-0.431285,0.737990,0.681429,0.690439,0.746018,0.790979,1.044101,2.293705,1.168794
2020,12,RN,-2.4492936e-16,1.000000,26.9000,0,0,9583.1400,-0.375582,0.582468,-0.431285,0.805240,0.681429,1.054472,0.807522,0.790979,1.044101,2.256822,1.168794
2021,1,RN,0.500000,0.866025,58.6400,0,0,21235.4200,-0.401512,0.564327,-0.431285,0.840327,0.681429,1.054472,0.822166,0.478149,1.044101,2.010940,0.679006
2021,2,RN,0.866025,0.500000,58.6400,0,0,21235.4200,-0.476062,0.556440,-0.431285,1.021608,0.681429,1.054472,0.992035,0.790979,1.044101,1.697439,0.189219
2021,3,RN,1.000000,6.123234e-17,58.6400,0,0,21235.4200,-0.476062,0.553022,-0.431285,0.802316,0.681429,0.872455,0.766519,1.103809,1.192544,1.439263,0.679006
2021,4,RN,0.866025,-0.500000,87.9600,0,0,31853.1300,-0.476062,0.554074,-0.431285,0.819859,0.993247,0.872455,0.778234,1.103809,1.192544,1.273292,1.168794
2021,5,RN,0.500000,-0.866025,234.5600,0,0,84941.6800,-0.472820,0.598505,-0.431285,0.594719,0.681429,0.872455,0.543932,0.790979,1.044101,1.611381,1.658581
2021,6,RN,1.2246468e-16,-1.000000,439.8000,0,0,159265.6500,-0.476062,0.620852,-0.431285,0.445601,0.369611,0.690439,0.403350,0.478149,0.598771,1.986352,1.168794
2021,7,RN,-0.500000,-0.866025,586.4000,0,0,212354.2000,-0.476062,0.658185,-0.431285,0.261395,0.369611,0.690439,0.245196,0.478149,0.747214,2.250675,1.658581
2021,8,RN,-0.866025,-0.500000,586.4000,0,0,212354.2000,-0.476062,0.648721,-0.431285,0.217536,0.681429,0.508422,0.195407,0.478149,0.598771,3.012911,1.658581
2021,9,RN,-1.000000,-1.8369702e-16,439.8000,0,0,159265.6500,-0.472820,0.626110,-0.431285,0.480687,0.681429,0.690439,0.488285,0.790979,0.598771,2.760882,1.658581
2021,10,RN,-0.866025,0.500000,234.5600,0,0,84941.6800,-0.476062,0.586148,-0.431285,0.746762,0.681429,0.872455,0.743089,0.790979,1.044101,2.219940,1.168794
2021,11,RN,-0.500000,0.866025,87.9600,0,0,31853.1300,-0.476062,0.551182,-0.431285,0.998217,0.681429,1.054472,0.965676,0.790979,1.192544,1.783498,0.189219
2021,12,RN,-2.4492936e-16,1.000000,58.6400,0,0,21235.4200,-0.476062,0.537510,-0.431285,1.147336,0.993247,1.236488,1.129688,0.790979,1.192544,2.053969,0.679006
2022,1,RN,0.500000,0.866025,34.6000,0,0,12950.4600,-0.476062,0.562224,-0.431285,1.033304,0.681429,0.872455,0.989107,0.790979,1.192544,1.254851,0.189219
2022,2,RN,0.866025,0.500000,34.6000,0,0,12950.4600,-0.476062,0.553548,-0.431285,1.188271,0.993247,1.418505,1.164834,1.103809,1.044101,1.549910,0.189219
2022,3,RN,1.000000,6.123234e-17,34.6000,0,0,12950.4600,-0.476062,0.526731,-0.431285,0.919272,0.993247,0.872455,0.871955,0.790979,1.044101,1.156498,0.679006
2022,4,RN,0.866025,-0.500000,51.9000,0,0,19425.6900,-0.476062,0.544083,-0.431285,0.799392,0.993247,0.872455,0.801665,1.103809,1.192544,1.217968,0.679006
2022,5,RN,0.500000,-0.866025,138.4000,0,0,51801.8400,-0.476062,0.596402,-0.431285,0.445601,1.305065,0.508422,0.476570,1.103809,1.192544,0.965939,1.168794
2022,6,RN,1.2246468e-16,-1.000000,259.5000,0,0,97128.4500,0.003649,0.604815,-0.431285,0.129820,0.681429,0.508422,0.171977,0.790979,0.747214,0.793821,0.679006
2022,7,RN,-0.500000,-0.866025,346.0000,0,0,129504.6000,1.189959,0.632683,-0.431285,-0.042690,0.681429,0.326406,-0.003750,0.790979,0.450328,1.894146,1.658581
2022,8,RN,-0.866025,-0.500000,346.0000,0,0,129504.6000,0.019855,0.645829,-0.431285,0.018711,0.681429,0.326406,0.060683,0.790979,0.450328,2.195352,1.658581
2022,9,RN,-1.000000,-1.8369702e-16,259.5000,0,0,97128.4500,-0.352893,0.635312,-0.431285,0.255547,0.369611,0.326406,0.300843,0.478149,0.747214,2.226087,1.168794
2022,10,RN,-0.866025,0.500000,138.4000,0,0,51801.8400,-0.388547,0.600083,-0.431285,0.536241,0.681429,0.690439,0.579077,0.790979,0.895658,2.490411,1.658581
2022,11,RN,-0.500000,0.866025,51.9000,0,0,19425.6900,-0.433925,0.574580,-0.431285,0.568404,0.369611,0.872455,0.652297,0.478149,1.192544,1.347057,0.189219
2022,12,RN,-2.4492936e-16,1.000000,34.6000,0,0,12950.4600,-0.476062,0.558806,-0.431285,0.916348,0.057793,1.236488,0.898314,0.165319,1.340987,1.844969,0.189219
2023,1,RN,0.500000,0.866025,41.0800,0,0,15336.2400,-0.372341,0.574318,-0.431285,0.860794,0.681429,0.872455,0.836810,0.478149,1.044101,1.463851,0.679006
2023,2,RN,0.866025,0.500000,41.0800,0,0,15336.2400,-0.275102,0.565642,-0.431285,0.910500,0.993247,0.872455,0.945175,1.103809,1.044101,1.808087,0.679006
2023,3,RN,1.000000,6.123234e-17,41.0800,0,0,15336.2400,0.450946,0.568271,-0.431285,0.638578,0.993247,0.690439,0.675727,0.790979,1.192544,0.910615,0.679006
2023,4,RN,0.866025,-0.500000,61.6200,0,0,23004.3600,0.074957,0.547501,-0.431285,0.737990,0.993247,0.508422,0.781163,1.103809,1.044101,0.750792,0.679006
2023,5,RN,0.500000,-0.866025,164.3200,0,0,61344.9600,-0.291308,0.593247,-0.431285,0.752610,0.681429,0.872455,0.787021,0.790979,1.192544,1.181086,0.679006
2023,6,RN,1.2246468e-16,-1.000000,308.1000,0,0,115021.8000,0.023031,0.631369,-0.431285,0.281862,0.681429,0.508422,0.300843,0.790979,1.044101,1.967910,0.679006
2023,7,RN,-0.500000,-0.866025,410.8000,0,0,153362.4000,0.214397,0.660026,-0.431285,0.159059,0.681429,0.508422,0.218837,0.478149,0.747214,1.986352,1.168794
2023,8,RN,-0.866025,-0.500000,410.8000,0,0,153362.4000,-0.044971,0.645829,-0.431285,0.194145,0.681429,0.508422,0.227624,0.790979,0.895658,1.691292,1.168794
2023,9,RN,-1.000000,-1.8369702e-16,308.1000,0,0,115021.8000,-0.320480,0.633998,-0.431285,0.357884,0.681429,0.508422,0.391635,0.790979,0.747214,2.219940,1.168794
2023,10,RN,-0.866025,0.500000,164.3200,0,0,61344.9600,-0.476062,0.594299,-0.431285,0.799392,0.369611,0.872455,0.848525,0.165319,0.895658,2.564176,0.679006
2023,11,RN,-0.500000,0.866025,61.6200,0,0,23004.3600,-0.476062,0.485192,-0.431285,0.907576,0.057793,1.782538,1.068184,-0.147512,1.340987,1.715881,-1.280142
2023,12,RN,-2.4492936e-16,1.000000,41.0800,0,0,15336.2400,-0.476062,0.485192,-0.431285,0.907576,0.057793,1.782538,1.068184,-0.147512,1.340987,1.715881,-1.280142
2004,12,TO,-2.4492936e-16,1.000000,1901.3000,0,0,540424.6800,0.093756,-0.180229,-0.164400,0.273091,0.151339,0.308204,0.265698,0.196602,0.569083,-1.013416,0.140241
2005,1,TO,0.500000,0.866025,1684.9200,0,0,544462.7200,0.345928,-0.194426,-0.133158,0.410514,0.463157,0.344607,0.397493,0.478149,0.257352,-0.878181,0.874921
2005,2,TO,0.866025,0.500000,1684.9200,0,0,544462.7200,0.301847,-0.192322,-0.116769,0.518698,0.369611,0.472019,0.517573,0.634564,0.762059,-0.742945,-0.055674
2005,3,TO,1.000000,6.123234e-17,1684.9200,0,0,544462.7200,0.414644,-0.152098,-0.173287,0.281862,0.556702,0.381011,0.294986,0.571998,0.405795,-1.025710,0.238198
2005,4,TO,0.866025,-0.500000,2527.3800,1,0,816694.0800,0.106722,-0.156041,-0.120863,0.653197,0.463157,0.599430,0.634724,0.571998,0.212819,-0.699916,0.287177
2005,5,TO,0.500000,-0.866025,6739.6800,1,0,2177850.8800,-0.328907,-0.136849,-0.146988,0.527470,0.120157,0.126188,0.511715,0.196602,-0.202821,-0.306504,0.434113
2005,6,TO,1.2246468e-16,-1.000000,12636.9000,1,1,4083470.4000,-0.476062,-0.108455,-0.112167,0.667817,-0.316388,0.035179,0.620080,-0.429059,-0.202821,0.031585,1.658581
2005,7,TO,-0.500000,-0.866025,16849.2000,1,1,5444627.2000,-0.476062,-0.075591,-0.110915,0.504078,-1.158297,-0.219644,0.420923,-1.336267,-1.286455,0.136085,1.952453
2005,8,TO,-0.866025,-0.500000,16849.2000,1,1,5444627.2000,-0.476062,-0.121863,-0.085472,1.179499,-1.314206,0.016978,1.094543,-1.367550,-1.256767,0.535644,1.854496
2005,9,TO,-1.000000,-1.8369702e-16,12636.9000,1,1,4083470.4000,-0.218055,-0.160511,-0.095232,1.474813,-0.066934,0.381011,1.413780,-0.116229,-1.286455,0.111497,2.246325
2005,10,TO,-0.866025,0.500000,6739.6800,1,0,2177850.8800,-0.169112,-0.187853,-0.101917,1.036228,0.120157,0.308204,1.009608,0.321734,-1.182545,-0.742945,1.217772
2005,11,TO,-0.500000,0.866025,2527.3800,1,0,816694.0800,-0.027468,-0.236228,-0.280471,1.045000,0.276066,0.490221,1.144332,0.259168,0.717526,-0.890475,-0.251589
2005,12,TO,-2.4492936e-16,1.000000,1684.9200,0,0,544462.7200,0.613659,-0.202313,-0.172324,0.305253,0.244884,0.472019,0.324273,0.102752,0.361263,-0.896622,0.091262
2006,1,TO,0.500000,0.866025,1403.5200,0,0,445167.1000,0.084033,-0.198106,-0.105116,0.583024,0.244884,0.399212,0.573220,0.259168,-0.187977,-0.896622,0.189219
2006,2,TO,0.866025,0.500000,1403.5200,0,0,445167.1000,0.557909,-0.173919,-0.094546,0.372503,0.338429,0.198994,0.368205,0.165319,0.583927,-0.853592,0.679006
2006,3,TO,1.000000,6.123234e-17,1403.5200,0,0,445167.1000,0.785123,-0.161562,-0.155074,0.299406,0.120157,0.381011,0.309630,0.165319,0.702682,-1.050298,1.462666
2006,4,TO,0.866025,-0.500000,2105.2800,0,0,667750.6500,1.338410,-0.164717,-0.194031,0.129820,0.276066,0.344607,0.157333,0.165319,0.702682,-1.111769,0.091262
2006,5,TO,0.500000,-0.866025,5614.0800,1,0,1780668.4000,-0.146747,-0.112135,-0.206386,0.328645,0.276066,0.290002,0.324273,0.196602,-0.321576,-1.013416,1.119815
2006,6,TO,1.2246468e-16,-1.000000,10526.4000,1,1,3338753.2500,-0.476062,-0.086371,-0.125958,0.395894,-1.251842,-0.165039,0.335989,-1.367550,-0.722372,0.050026,2.099389
2006,7,TO,-0.500000,-0.866025,14035.2000,1,1,4451671.0000,-0.476062,-0.082164,-0.135242,0.521622,-0.908843,-0.401660,0.435567,-1.023437,-1.627874,-0.029886,1.903474
2006,8,TO,-0.866025,-0.500000,14035.2000,1,1,4451671.0000,-0.469579,-0.127647,-0.100268,1.109325,-0.752934,0.162591,1.027181,-0.835738,-1.345833,0.295909,2.295304
2006,9,TO,-1.000000,-1.8369702e-16,10526.4000,1,1,3338753.2500,0.152100,-0.146576,-0.098798,1.144412,-0.254025,0.362809,1.082828,-0.210078,-1.256767,-0.177415,1.462666
2006,10,TO,-0.866025,0.500000,5614.0800,1,0,1780668.4000,-0.010613,-0.184435,-0.124254,0.752610,0.151339,0.435616,0.746018,0.290451,0.108909,-0.798269,0.385134
2006,11,TO,-0.500000,0.866025,2105.2800,0,0,667750.6500,-0.081273,-0.196792,-0.132788,0.565480,0.276066,0.344607,0.564433,0.384300,0.019843,-0.620004,1.511645
2006,12,TO,-2.4492936e-16,1.000000,1403.5200,0,0,445167.1000,0.376396,-0.163928,-0.108721,0.509926,0.307248,0.417414,0.500000,0.134035,0.316730,-0.970387,0.483092
2007,1,TO,0.500000,0.866025,2176.7200,0,0,714809.2800,0.539109,-0.171553,-0.143635,0.413438,0.400793,0.417414,0.397493,0.321734,0.598771,-0.890475,0.972879
2007,2,TO,0.866025,0.500000,2176.7200,0,0,714809.2800,1.431435,-0.149731,-0.207149,-0.030995,0.307248,0.271801,-0.009608,0.384300,0.717526,-0.908916,0.825943
2007,3,TO,1.000000,6.123234e-17,2176.7200,0,0,714809.2800,0.214332,-0.166032,-0.133712,0.568404,0.307248,0.344607,0.555647,0.259168,-0.351264,-0.816710,0.923900
2007,4,TO,0.866025,-0.500000,3265.0800,1,0,1072213.9200,-0.212869,-0.153675,-0.184599,0.468992,0.151339,0.417414,0.458997,0.134035,0.212819,-1.117916,1.364709
2007,5,TO,0.500000,-0.866025,8706.8800,1,0,2859237.1200,-0.367803,-0.147365,-0.136614,0.705827,0.338429,0.308204,0.664012,0.227885,-0.187977,-0.865886,0.238198
2007,6,TO,1.2246468e-16,-1.000000,16325.4000,1,1,5361069.6000,-0.476062,-0.100305,-0.124706,0.638578,-0.409934,-0.383459,0.564433,-0.522908,-0.855971,0.080762,2.295304
2007,7,TO,-0.500000,-0.866025,21767.2000,1,1,7148092.8000,-0.476062,-0.112924,-0.131991,0.781849,-1.189479,-0.019426,0.693300,-1.179852,-1.152857,-0.091356,2.246325
2007,8,TO,-0.866025,-0.500000,21767.2000,1,1,7148092.8000,-0.476062,-0.129750,-0.093630,1.232129,-1.158297,0.126188,1.156047,-1.304984,-1.642719,1.304027,3.029985
2007,9,TO,-1.000000,-1.8369702e-16,16325.4000,1,1,5361069.6000,-0.298439,-0.142633,-0.065908,1.524519,-0.378752,0.362809,1.469427,-0.241361,-1.731785,0.879880,2.834070
2007,10,TO,-0.866025,0.500000,8706.8800,1,0,2859237.1200,-0.220000,-0.198369,-0.096809,1.132717,-0.285207,0.362809,1.091614,-0.210078,-1.152857,-0.478621,2.491219
2007,11,TO,-0.500000,0.866025,3265.0800,1,0,1072213.9200,-0.042702,-0.215721,0.101160,1.074239,0.151339,0.326406,1.033038,0.040186,-0.351264,-0.245033,1.070836
2007,12,TO,-2.4492936e-16,1.000000,2176.7200,0,0,714809.2800,-0.054695,-0.195477,-0.142395,0.495307,0.431975,0.435616,0.491214,0.321734,0.183131,-0.890475,1.413687
2008,1,TO,0.500000,0.866025,1189.1400,0,0,414486.6200,0.482711,-0.186538,-0.164924,0.235080,0.182520,0.344607,0.236410,0.290451,0.405795,-1.081034,0.042283
2008,2,TO,0.866025,0.500000,1189.1400,0,0,414486.6200,0.472339,-0.158407,-0.174472,0.094733,0.182520,0.344607,0.101686,0.384300,0.450328,-0.970387,0.825943
2008,3,TO,1.000000,6.123234e-17,1189.1400,0,0,414486.6200,0.472987,-0.161825,-0.151943,0.015788,0.088975,0.253599,0.019680,0.196602,0.554238,-1.191681,0.483092
2008,4,TO,0.866025,-0.500000,1783.7100,0,0,621729.9300,0.248042,-0.186801,-0.177548,0.299406,0.244884,0.381011,0.297914,0.353017,0.583927,-1.228563,-0.398525
2008,5,TO,0.500000,-0.866025,4756.5600,1,0,1657946.4800,-0.369099,-0.140530,-0.172099,0.492383,0.213702,0.235397,0.461926,0.196602,-0.262198,-1.068740,0.189219
2008,6,TO,1.2246468e-16,-1.000000,8918.5500,1,1,3108649.6500,-0.476062,-0.104248,-0.125183,0.428057,-1.064752,-0.128636,0.347704,-1.086003,-0.648150,-0.583121,1.756538
2008,7,TO,-0.500000,-0.866025,11891.4000,1,1,4144866.2000,-0.476062,-0.085319,-0.122853,0.530394,-1.251842,-0.128636,0.444353,-1.367550,-1.390366,0.043879,1.658581
2008,8,TO,-0.866025,-0.500000,11891.4000,1,1,4144866.2000,-0.476062,-0.154201,-0.099591,1.258444,-1.251842,0.180792,1.164834,-1.461399,-1.330988,0.172967,1.413687
2008,9,TO,-1.000000,-1.8369702e-16,8918.5500,1,1,3108649.6500,-0.413829,-0.166032,-0.077462,1.650246,-0.409934,0.563027,1.563148,0.071469,-1.360677,0.148379,2.197347
2008,10,TO,-0.866025,0.500000,4756.5600,1,0,1657946.4800,-0.170733,-0.182858,-0.078757,1.404639,0.244884,0.344607,1.355204,0.071469,-1.182545,-0.029886,2.001432
2008,11,TO,-0.500000,0.866025,1783.7100,0,0,621729.9300,0.510586,-0.197844,-0.174467,0.492383,0.120157,0.180792,0.500000,0.165319,0.316730,-0.890475,0.825943
2008,12,TO,-2.4492936e-16,1.000000,1189.1400,0,0,414486.6200,0.050971,-0.191797,-0.168729,0.252623,0.463157,0.344607,0.259840,0.540715,0.405795,-0.915063,0.727985
2009,1,TO,0.500000,0.866025,1306.1200,0,0,450835.0600,0.070419,-0.169187,-0.120177,0.468992,0.307248,0.235397,0.450211,0.353017,0.168287,-0.841298,0.434113
2009,2,TO,0.866025,0.500000,1306.1200,0,0,450835.0600,0.636996,-0.174445,-0.174297,0.156135,0.276066,0.308204,0.157333,0.196602,0.672993,-0.878181,0.189219
2009,3,TO,1.000000,6.123234e-17,1306.1200,0,0,450835.0600,0.066530,-0.182595,-0.167250,0.337416,0.276066,0.362809,0.333060,0.697130,0.376107,-1.148651,1.119815
2009,4,TO,0.866025,-0.500000,1959.1800,0,0,676252.5900,0.069123,-0.144999,-0.183917,0.276014,0.276066,0.399212,0.292057,0.134035,0.732370,-1.259299,-0.202610
2009,5,TO,0.500000,-0.866025,5224.4800,1,0,1803340.2400,0.331667,-0.123178,-0.183389,0.238004,0.182520,-0.037627,0.204193,0.227885,-0.484863,-1.253152,0.091262
2009,6,TO,1.2246468e-16,-1.000000,9795.9000,1,1,3381262.9500,-0.300384,-0.099253,-0.149506,0.512850,-0.160479,0.071583,0.444353,-0.210078,-0.217665,-0.650739,0.923900
2009,7,TO,-0.500000,-0.866025,13061.2000,1,1,4508350.6000,-0.476062,-0.105300,-0.133674,0.641502,-0.597025,-0.310652,0.541003,-0.741889,-0.811438,-0.435592,1.560623
2009,8,TO,-0.866025,-0.500000,13061.2000,1,1,4508350.6000,-0.474765,-0.134746,-0.097060,1.197042,-1.033570,0.308204,1.106258,-1.023437,-1.123168,-0.011444,1.903474
2009,9,TO,-1.000000,-1.8369702e-16,9795.9000,1,1,3381262.9500,-0.218055,-0.149468,-0.115047,1.170727,-0.160479,0.308204,1.100400,-0.084946,-0.826282,-0.663033,1.511645
2009,10,TO,-0.866025,0.500000,5224.4800,1,0,1803340.2400,0.224704,-0.184172,-0.154461,0.492383,0.088975,0.417414,0.479499,0.290451,0.450328,-0.927357,1.462666
2009,11,TO,-0.500000,0.866025,1959.1800,0,0,676252.5900,0.356301,-0.202313,-0.160191,0.536241,0.182520,0.417414,0.517573,0.321734,0.435484,-0.884328,0.238198
2009,12,TO,-2.4492936e-16,1.000000,1306.1200,0,0,450835.0600,0.331018,-0.169975,-0.152164,0.319873,0.213702,0.290002,0.315487,0.259168,0.287041,-0.749092,0.825943
2010,1,TO,0.500000,0.866025,1347.0200,0,0,484834.3800,0.878796,-0.166032,-0.142267,0.378351,0.463157,0.126188,0.365276,0.290451,0.331574,-0.908916,0.189219
2010,2,TO,0.866025,0.500000,1347.0200,0,0,484834.3800,0.186457,-0.181543,-0.138079,0.661969,0.400793,0.472019,0.649368,0.446866,0.598771,-0.749092,0.189219
2010,3,TO,1.000000,6.123234e-17,1347.0200,0,0,484834.3800,1.020764,-0.167346,-0.151896,0.507002,0.712611,0.399212,0.494143,0.571998,0.717526,-0.798269,1.217772
2010,4,TO,0.866025,-0.500000,2020.5300,0,0,727251.5700,-0.251116,-0.166557,-0.150443,0.857870,0.712611,0.453817,0.822166,0.603281,-0.158288,-0.841298,1.168794
2010,5,TO,0.500000,-0.866025,5388.0800,1,0,1939337.5200,-0.384009,-0.159985,-0.168524,0.957283,0.587884,0.198994,0.907101,0.509432,-0.366108,-1.154798,1.217772
2010,6,TO,1.2246468e-16,-1.000000,10102.6500,1,1,3636257.8500,-0.475413,-0.098201,-0.138348,0.799392,-0.378752,-0.256047,0.728445,-0.460342,-1.152857,-0.085209,1.903474
2010,7,TO,-0.500000,-0.866025,13470.2000,1,1,4848343.8000,-0.476062,-0.106089,-0.121234,1.027456,-0.628206,-0.237845,0.956890,-0.835738,-1.509120,0.886027,1.854496
2010,8,TO,-0.866025,-0.500000,13470.2000,1,1,4848343.8000,-0.476062,-0.119234,-0.094001,1.246749,-1.532479,0.144389,1.161905,-1.430116,-1.791162,0.670880,1.805517
2010,9,TO,-1.000000,-1.8369702e-16,10102.6500,1,1,3636257.8500,-0.419015,-0.180229,-0.075375,1.890006,-0.441116,0.672237,1.826738,-0.084946,-1.761473,1.033557,2.442240
2010,10,TO,-0.866025,0.500000,5388.0800,1,0,1939337.5200,0.205905,-0.191008,-0.144794,0.922196,0.057793,0.290002,0.907101,0.196602,-0.544240,-0.890475,2.295304
2010,11,TO,-0.500000,0.866025,2020.5300,0,0,727251.5700,0.118390,-0.211252,-0.146736,0.483611,0.120157,0.399212,0.476570,0.165319,0.405795,-0.970387,0.630028
2010,12,TO,-2.4492936e-16,1.000000,1347.0200,0,0,484834.3800,0.093108,-0.226501,-0.187922,0.390046,0.244884,0.271801,0.403350,0.321734,0.405795,-1.056445,0.679006
2011,1,TO,0.500000,0.866025,1215.8800,0,0,455644.5000,0.540406,-0.197844,-0.177343,0.083037,0.057793,0.235397,0.089971,0.040186,0.554238,-1.031857,-0.202610
2011,2,TO,0.866025,0.500000,1215.8800,0,0,455644.5000,0.517068,-0.170501,-0.186840,-0.010528,0.213702,0.362809,-0.009608,0.259168,0.539394,-1.025710,0.287177
2011,3,TO,1.000000,6.123234e-17,1215.8800,0,0,455644.5000,0.629865,-0.181017,-0.172486,0.182450,0.182520,0.344607,0.189549,0.071469,0.821436,-1.031857,0.581049
2011,4,TO,0.866025,-0.500000,1823.8200,0,0,683466.7500,0.174789,-0.163928,-0.168243,0.407590,0.307248,0.417414,0.391635,0.353017,0.509706,-0.988828,0.581049
2011,5,TO,0.500000,-0.866025,4863.5200,1,0,1822578.0000,-0.447538,-0.152623,-0.152428,0.597643,0.276066,-0.128636,0.555647,0.134035,-0.559084,-1.025710,0.776964
2011,6,TO,1.2246468e-16,-1.000000,9119.1000,1,1,3417333.7500,-0.476062,-0.120549,-0.128941,0.571328,-0.877661,-0.110434,0.494143,-0.960871,-0.484863,-0.644592,1.658581
2011,7,TO,-0.500000,-0.866025,12158.8000,1,1,4556445.0000,-0.469579,-0.118445,-0.116841,0.699980,-0.004570,-0.146837,0.620080,-0.053663,-1.390366,-0.011444,2.197347
2011,8,TO,-0.866025,-0.500000,12158.8000,1,1,4556445.0000,-0.476062,-0.134746,-0.092161,1.354933,-0.534661,0.053381,1.246839,-0.741889,-1.286455,-0.103650,1.315730
2011,9,TO,-1.000000,-1.8369702e-16,9119.1000,1,1,3417333.7500,-0.476062,-0.147365,-0.058418,1.796441,-1.251842,0.435616,1.706658,-1.179852,-1.627874,0.707762,2.050411
2011,10,TO,-0.866025,0.500000,4863.5200,1,0,1822578.0000,2.464303,-0.188379,-0.308291,0.322797,-0.191661,0.617632,0.350632,-0.303927,-0.395797,1.125762,0.483092
2011,11,TO,-0.500000,0.866025,1823.8200,0,0,683466.7500,1.027052,-0.195214,-0.349251,0.188298,-0.066934,0.490221,0.280342,-0.084946,0.791747,0.996674,-0.398525
2011,12,TO,-2.4492936e-16,1.000000,1215.8800,0,0,455644.5000,0.301523,-0.192585,-0.144875,0.349112,0.120157,0.344607,0.338917,0.196602,0.138598,-1.074887,-0.055674
2012,1,TO,0.500000,0.866025,1950.4800,0,0,729736.9800,1.056094,-0.163403,-0.200614,-0.089473,0.151339,0.381011,-0.076970,0.040186,0.702682,-1.056445,-0.055674
2012,2,TO,0.866025,0.500000,1950.4800,0,0,729736.9800,0.299254,-0.176022,-0.164357,0.094733,0.088975,0.180792,0.092900,0.102752,0.405795,-0.921210,0.385134
2012,3,TO,1.000000,6.123234e-17,1950.4800,0,0,729736.9800,-0.142209,-0.166032,-0.186209,0.223384,0.400793,0.326406,0.215909,0.259168,0.524550,-1.308475,-0.398525
2012,4,TO,0.866025,-0.500000,2925.7200,1,0,1094605.4700,-0.196015,-0.177863,-0.146523,0.521622,0.431975,0.490221,0.494143,0.290451,0.390951,-1.302328,0.630028
2012,5,TO,0.500000,-0.866025,7801.9200,1,0,2918947.9200,-0.274454,-0.142370,-0.145624,0.536241,0.057793,0.290002,0.497071,0.102752,-0.054378,-0.829004,1.805517
2012,6,TO,1.2246468e-16,-1.000000,14628.6000,1,1,5473027.3500,-0.452076,-0.114502,-0.147081,0.588872,0.182520,-0.019426,0.520502,0.102752,-0.752060,-0.804416,1.217772
2012,7,TO,-0.500000,-0.866025,19504.8000,1,1,7297369.8000,-0.476062,-0.116605,-0.120565,0.720447,-0.940024,-0.146837,0.620080,-1.117286,-1.078635,-0.324945,1.119815
2012,8,TO,-0.866025,-0.500000,19504.8000,1,1,7297369.8000,-0.476062,-0.093995,-0.093873,1.097630,-1.750751,0.053381,1.012537,-1.836795,-1.672407,1.310174,2.491219
2012,9,TO,-1.000000,-1.8369702e-16,14628.6000,1,1,5473027.3500,-0.476062,-0.137638,-0.107941,1.612236,-0.784115,0.599430,1.539717,-0.929587,-1.642719,0.289762,2.491219
2012,10,TO,-0.866025,0.500000,7801.9200,1,0,2918947.9200,-0.476062,-0.136849,0.311573,2.363678,-0.160479,1.018068,1.870670,-0.303927,-0.692683,1.304027,-0.202610
2012,11,TO,-0.500000,0.866025,2925.7200,1,0,1094605.4700,0.334260,-0.189956,-0.161431,0.556709,0.307248,0.472019,0.555647,0.227885,0.301885,-0.829004,0.042283
2012,12,TO,-2.4492936e-16,1.000000,1950.4800,0,0,729736.9800,0.219194,-0.194163,-0.111043,0.638578,0.338429,0.435616,0.561505,0.165319,0.331574,-0.927357,0.874921
2013,1,TO,0.500000,0.866025,2015.7200,0,0,782543.5000,0.140755,-0.156304,-0.155483,0.354960,0.369611,0.490221,0.335989,0.384300,0.628460,-0.970387,-0.349547
2013,2,TO,0.866025,0.500000,2015.7200,0,0,782543.5000,0.124549,-0.184961,-0.133312,0.404666,0.400793,0.435616,0.365276,0.321734,0.420640,-0.982681,0.287177
2013,3,TO,1.000000,6.123234e-17,2015.7200,0,0,782543.5000,1.530618,-0.162877,-0.164673,0.375427,0.400793,0.435616,0.362348,0.540715,0.643304,-1.167093,-0.349547
2013,4,TO,0.866025,-0.500000,3023.5800,1,0,1173815.2500,-0.293901,-0.148154,-0.154188,0.609339,0.650247,0.599430,0.561505,0.822262,0.583927,-1.277740,-0.398525
2013,5,TO,0.500000,-0.866025,8062.8800,1,0,3130174.0000,-0.403457,-0.136323,-0.153625,0.743838,0.088975,0.381011,0.669870,-0.053663,0.227664,-1.173240,-0.055674
2013,6,TO,1.2246468e-16,-1.000000,15117.9000,1,1,5869076.2500,-0.402160,-0.122915,-0.100707,0.723371,-0.066934,0.162591,0.646439,-0.116229,-0.366108,-0.681475,1.315730
2013,7,TO,-0.500000,-0.866025,20157.2000,1,1,7825435.0000,-0.476062,-0.103985,-0.127283,0.919272,-1.002388,-0.128636,0.833881,-1.086003,-0.855971,-0.220445,1.854496
2013,8,TO,-0.866025,-0.500000,20157.2000,1,1,7825435.0000,-0.476062,-0.140267,-0.113156,1.267216,-0.971206,0.089784,1.164834,-1.148569,-1.449743,0.203703,1.511645
2013,9,TO,-1.000000,-1.8369702e-16,15117.9000,1,1,5869076.2500,-0.441056,-0.162088,-0.089915,1.644399,-0.285207,0.635834,1.577792,-0.303927,-1.004414,0.136085,1.364709
2013,10,TO,-0.866025,0.500000,8062.8800,1,0,3130174.0000,-0.072846,-0.172079,-0.133435,1.039152,-0.066934,0.290002,1.009608,-0.053663,-0.529396,-0.503210,1.119815
2013,11,TO,-0.500000,0.866025,3023.5800,1,0,1173815.2500,0.288234,-0.201261,-0.145535,0.422209,0.120157,0.107986,0.397493,0.102752,0.138598,-0.902769,0.287177
2013,12,TO,-2.4492936e-16,1.000000,2015.7200,0,0,782543.5000,1.147174,-0.183909,-0.204026,0.138591,0.369611,0.290002,0.160262,0.509432,0.361263,-0.945798,0.385134
2014,1,TO,0.500000,0.866025,2723.0000,1,0,1080652.7600,0.430850,-0.153412,-0.162917,0.027483,0.057793,0.217196,0.025538,0.134035,0.361263,-1.111769,0.287177
2014,2,TO,0.866025,0.500000,2723.0000,1,0,1080652.7600,0.419830,-0.174182,-0.203298,-0.127483,0.307248,0.308204,-0.109186,0.134035,0.672993,-1.197828,0.581049
2014,3,TO,1.000000,6.123234e-17,2723.0000,1,0,1080652.7600,0.079495,-0.159196,-0.101052,0.194145,2.022246,0.253599,0.169048,3.168489,0.658149,-1.259299,-0.447504
2014,4,TO,0.866025,-0.500000,4084.5000,1,0,1620979.1400,0.086626,-0.147102,-0.158674,0.448524,0.712611,0.435616,0.426781,0.571998,0.287041,-1.167093,0.189219
2014,5,TO,0.500000,-0.866025,10892.0000,1,1,4322611.0400,-0.317887,-0.141581,-0.157072,0.697056,0.400793,0.235397,0.649368,0.478149,0.346418,-1.271593,-0.594440
2014,6,TO,1.2246468e-16,-1.000000,20422.5000,1,1,8104895.7000,-0.476062,-0.112398,-0.124092,0.638578,-0.129298,-0.001224,0.579077,-0.022380,-0.291887,-0.570827,1.364709
2014,7,TO,-0.500000,-0.866025,27230.0000,1,1,10806527.6000,-0.476062,-0.071648,-0.119027,0.840327,-1.002388,-0.128636,0.754804,-1.179852,-0.603617,0.111497,2.050411
2014,8,TO,-0.866025,-0.500000,27230.0000,1,1,10806527.6000,-0.476062,-0.110032,-0.101435,1.194118,-0.472297,0.217196,1.091614,-0.679323,-1.108324,0.185262,2.050411
2014,9,TO,-1.000000,-1.8369702e-16,20422.5000,1,1,8104895.7000,-0.238800,-0.149994,-0.096055,1.319846,0.120157,0.472019,1.252697,0.227885,-0.930192,-0.411004,1.756538
2014,10,TO,-0.866025,0.500000,10892.0000,1,1,4322611.0400,0.037358,-0.164454,-0.094372,1.074239,0.276066,0.508422,1.035967,0.165319,-1.835695,-0.306504,1.756538
2014,11,TO,-0.500000,0.866025,4084.5000,1,0,1620979.1400,0.059399,-0.183909,-0.146272,0.603491,0.338429,0.435616,0.596650,0.634564,-0.024689,-1.056445,1.658581
2014,12,TO,-2.4492936e-16,1.000000,2723.0000,1,0,1080652.7600,0.338798,-0.163928,-0.164643,0.410514,0.494338,0.362809,0.406279,0.571998,0.301885,-0.951945,0.385134
2015,1,TO,0.500000,0.866025,2659.7600,1,0,1091985.4200,-0.065715,-0.142896,-0.137802,0.366655,0.556702,0.235397,0.344775,0.571998,0.242508,-1.074887,-0.349547
2015,2,TO,0.866025,0.500000,2659.7600,1,0,1091985.4200,0.148858,-0.144736,-0.145335,0.243852,0.712611,0.308204,0.230552,0.665847,0.569083,-0.829004,0.336155
2015,3,TO,1.000000,6.123234e-17,2659.7600,1,0,1091985.4200,-0.013206,-0.151835,-0.176176,0.299406,0.743793,0.217196,0.294986,0.790979,0.865969,-1.148651,-0.251589
2015,4,TO,0.866025,-0.500000,3989.6400,1,0,1637978.1300,0.482711,-0.144473,-0.185664,0.343264,0.837338,0.308204,0.341846,0.697130,0.747214,-1.351505,0.874921
2015,5,TO,0.500000,-0.866025,10639.0400,1,1,4367941.6800,-0.243337,-0.124755,-0.151632,0.656121,0.338429,0.344607,0.634724,0.478149,0.435484,-0.712210,0.923900
2015,6,TO,1.2246468e-16,-1.000000,19948.2000,1,1,8189890.6500,-0.476062,-0.086371,-0.125456,0.790620,-0.254025,-0.128636,0.722588,-0.460342,-0.677839,-0.079062,2.099389
2015,7,TO,-0.500000,-0.866025,26597.6000,1,1,10919854.2000,-0.476062,-0.096361,-0.135544,0.895881,-0.098116,0.035179,0.810451,-0.210078,-0.826282,0.019291,1.119815
2015,8,TO,-0.866025,-0.500000,26597.6000,1,1,10919854.2000,-0.475413,-0.121074,-0.088863,1.349085,-0.316388,0.016978,1.252697,-0.460342,-1.316144,0.369674,1.756538
2015,9,TO,-1.000000,-1.8369702e-16,19948.2000,1,1,8189890.6500,-0.232317,-0.168398,-0.098496,1.632703,0.151339,0.417414,1.566077,0.040186,-1.523964,-0.533945,1.413687
2015,10,TO,-0.866025,0.500000,10639.0400,1,1,4367941.6800,-0.077384,-0.176022,-0.095658,1.428030,0.307248,0.362809,1.384492,0.259168,-1.271611,-0.699916,2.589176
2015,11,TO,-0.500000,0.866025,3989.6400,1,0,1637978.1300,-0.454021,-0.185750,0.105876,2.398764,0.120157,0.472019,2.181121,0.040186,0.184615,-1.394534,-1.133206
2015,12,TO,-2.4492936e-16,1.000000,2659.7600,1,0,1091985.4200,8.698528,-0.166820,-0.121613,0.635654,0.494338,0.472019,0.666941,0.697130,0.123754,0.738497,-1.133206
2016,1,TO,0.500000,0.866025,3005.8000,1,0,1350667.1400,43.998466,-0.144210,-0.338544,-0.238592,0.244884,0.617632,-0.126759,0.259168,0.480017,0.412703,0.532070
2016,2,TO,0.866025,0.500000,3005.8000,1,0,1350667.1400,-0.459207,-0.162088,-0.048227,1.319846,0.338429,0.617632,1.270270,0.290451,0.094065,-0.576974,0.189219
2016,3,TO,1.000000,6.123234e-17,3005.8000,1,0,1350667.1400,0.113204,-0.138426,-0.176734,0.717523,0.743793,0.563027,0.725516,0.884828,0.509706,-1.191681,-0.545461
2016,4,TO,0.866025,-0.500000,4508.7000,1,0,2026000.7100,-0.245282,-0.163140,-0.139962,0.945587,0.681429,0.490221,0.918816,0.571998,0.123754,-1.038004,-0.055674
2016,5,TO,0.500000,-0.866025,12023.2000,1,1,5402668.5600,-0.474765,-0.119234,-0.132907,1.065467,0.400793,0.381011,1.003751,0.353017,-0.217665,-1.148651,0.532070
2016,6,TO,1.2246468e-16,-1.000000,22543.5000,1,1,10130003.5500,-0.418367,-0.079798,-0.132643,0.907576,0.244884,0.107986,0.854383,0.165319,-0.677839,-0.109797,1.707560
2016,7,TO,-0.500000,-0.866025,30058.0000,1,1,13506671.4000,-0.476062,-0.096361,-0.100707,1.024532,-0.971206,0.053381,0.930531,-1.086003,-1.123168,0.283615,1.952453
2016,8,TO,-0.866025,-0.500000,30058.0000,1,1,13506671.4000,-0.476062,-0.128173,-0.083751,1.568377,-1.376570,0.271801,1.484071,-1.398833,-1.345833,0.222144,1.658581
2016,9,TO,-1.000000,-1.8369702e-16,22543.5000,1,1,10130003.5500,-0.190180,-0.143159,-0.118805,1.422182,0.244884,0.381011,1.381563,0.102752,-1.420054,-0.072915,1.609602
2016,10,TO,-0.866025,0.500000,12023.2000,1,1,5402668.5600,-0.361320,-0.186538,-0.089072,1.220433,0.276066,0.526624,1.173620,0.446866,-0.915348,-0.349533,1.070836
2016,11,TO,-0.500000,0.866025,4508.7000,1,0,2026000.7100,-0.026819,-0.202050,-0.138514,0.907576,0.556702,0.399212,0.880742,0.384300,-0.470019,-0.964239,-0.104653
2016,12,TO,-2.4492936e-16,1.000000,3005.8000,1,0,1350667.1400,-0.395678,-0.179177,-0.128515,0.565480,0.276066,0.326406,0.555647,0.384300,0.376107,-1.038004,0.434113
2017,1,TO,0.500000,0.866025,3997.7800,1,0,1943309.8000,0.839252,-0.162088,-0.166228,0.243852,0.463157,0.290002,0.233481,0.697130,0.554238,-1.277740,0.581049
2017,2,TO,0.866025,0.500000,3997.7800,1,0,1943309.8000,0.399734,-0.155778,-0.172853,0.164906,0.369611,0.417414,0.174906,0.321734,0.643304,-0.921210,0.679006
2017,3,TO,1.000000,6.123234e-17,3997.7800,1,0,1943309.8000,0.187754,-0.159722,-0.159096,0.360807,0.587884,0.344607,0.347704,0.571998,0.583927,-1.277740,0.679006
2017,4,TO,0.866025,-0.500000,5996.6700,1,0,2914964.7000,0.053564,-0.154727,-0.149450,0.539165,0.650247,0.344607,0.517573,0.540715,0.376107,-1.283887,0.679006
2017,5,TO,0.500000,-0.866025,15991.1200,1,1,7773239.2000,-0.416422,-0.138952,-0.130649,0.843251,0.244884,0.381011,0.795807,0.290451,0.212819,-1.093328,0.581049
2017,6,TO,1.2246468e-16,-1.000000,29983.3500,1,1,14574823.5000,-0.476062,-0.107403,-0.130892,0.711675,0.244884,-0.074031,0.631795,0.071469,-0.633306,-0.343386,1.560623
2017,7,TO,-0.500000,-0.866025,39977.8000,1,1,19433098.0000,-0.476062,-0.043516,-0.093140,0.588872,-1.376570,-0.237845,0.520502,-1.555248,-1.657563,1.156498,2.099389
2017,8,TO,-0.866025,-0.500000,39977.8000,1,1,19433098.0000,-0.476062,-0.133431,-0.055870,1.375400,-1.095933,-0.237845,1.258555,-1.054720,-1.746629,-0.134386,2.442240
2017,9,TO,-1.000000,-1.8369702e-16,29983.3500,1,1,14574823.5000,-0.476062,-0.141055,-0.038139,2.006962,-1.407751,1.036270,1.955604,-1.430116,-1.865383,2.017087,2.099389
2017,10,TO,-0.866025,0.500000,15991.1200,1,1,7773239.2000,-0.357431,-0.200736,-0.086648,1.799365,-0.035752,0.453817,1.747661,0.259168,-1.301300,-0.171268,1.266751
2017,11,TO,-0.500000,0.866025,5996.6700,1,0,2914964.7000,0.089867,-0.197581,-0.154814,0.685360,0.338429,0.417414,0.672798,0.290451,0.212819,-0.749092,1.560623
2017,12,TO,-2.4492936e-16,1.000000,3997.7800,1,0,1943309.8000,0.660981,-0.180492,-0.160621,0.276014,0.650247,0.308204,0.271555,0.884828,0.494861,-0.951945,0.923900
2018,1,TO,0.500000,0.866025,2506.5000,1,0,1203651.5800,0.460022,-0.167083,-0.121681,0.308177,0.369611,0.253599,0.283270,0.540715,0.034688,-1.025710,-0.251589
2018,2,TO,0.866025,0.500000,2506.5000,1,0,1203651.5800,0.590970,-0.165243,-0.172844,0.164906,0.619065,0.126188,0.169048,0.509432,0.791747,-1.130210,0.532070
2018,3,TO,1.000000,6.123234e-17,2506.5000,1,0,1203651.5800,0.050971,-0.162614,-0.155956,0.372503,0.556702,0.308204,0.365276,0.947394,0.836280,-1.124063,-0.447504
2018,4,TO,0.866025,-0.500000,3759.7500,1,0,1805477.3700,0.326481,-0.136849,-0.149190,0.395894,0.338429,0.271801,0.385778,0.415583,0.509706,-1.210122,-0.398525
2018,5,TO,0.500000,-0.866025,10026.0000,1,1,4814606.3200,-0.474765,-0.120549,-0.134777,0.790620,-0.004570,0.362809,0.737232,-0.022380,-0.187977,-0.829004,1.217772
2018,6,TO,1.2246468e-16,-1.000000,18798.7500,1,1,9027386.8500,-0.476062,-0.086371,-0.124250,0.659045,-0.597025,-0.237845,0.561505,-0.648040,-0.855971,-0.509357,0.972879
2018,7,TO,-0.500000,-0.866025,25065.0000,1,1,12036515.8000,-0.476062,-0.092154,-0.099961,0.659045,-1.220661,-0.146837,0.541003,-1.398833,-1.019258,-0.497063,0.532070
2018,8,TO,-0.866025,-0.500000,25065.0000,1,1,12036515.8000,-0.467634,-0.108718,-0.082119,1.328618,-0.222843,0.144389,1.249768,-0.116229,-1.197390,0.056173,1.609602
2018,9,TO,-1.000000,-1.8369702e-16,18798.7500,1,1,9027386.8500,-0.352893,-0.179440,-0.092118,1.506975,0.338429,0.508422,1.445997,0.415583,-1.093479,-0.601563,0.923900
2018,10,TO,-0.866025,0.500000,10026.0000,1,1,4814606.3200,0.104128,-0.179703,-0.143605,0.711675,0.494338,0.344607,0.678656,0.446866,0.316730,-1.130210,0.776964
2018,11,TO,-0.500000,0.866025,3759.7500,1,0,1805477.3700,0.780261,-0.187853,-0.170305,0.501155,0.431975,0.490221,0.488285,0.603281,0.257352,-1.001122,1.707560
2018,12,TO,-2.4492936e-16,1.000000,2506.5000,1,0,1203651.5800,0.381583,-0.142107,-0.161239,0.445601,0.213702,0.362809,0.435567,0.290451,0.183131,-0.872034,0.042283
2019,1,TO,0.500000,0.866025,1945.5200,0,0,919774.6400,0.119687,-0.132117,-0.143141,0.366655,0.868520,0.271801,0.341846,0.665847,0.450328,-1.007269,1.511645
2019,2,TO,0.866025,0.500000,1945.5200,0,0,919774.6400,0.404920,-0.149206,-0.158495,0.270167,0.525520,0.271801,0.256911,0.571998,0.524550,-1.019563,1.266751
2019,3,TO,1.000000,6.123234e-17,1945.5200,0,0,919774.6400,0.383527,-0.138689,-0.170765,0.308177,0.650247,0.308204,0.303772,0.697130,0.658149,-1.160946,0.434113
2019,4,TO,0.866025,-0.500000,2918.2800,1,0,1379661.9600,0.238966,-0.146051,-0.144359,0.536241,0.743793,0.544825,0.517573,0.728413,0.554238,-1.345357,0.483092
2019,5,TO,0.500000,-0.866025,7782.0800,1,0,3679098.5600,-0.210925,-0.148154,-0.143933,0.781849,0.556702,0.253599,0.731374,0.790979,0.034688,-1.431416,-0.496483
2019,6,TO,1.2246468e-16,-1.000000,14591.4000,1,1,6898309.8000,-0.472172,-0.087422,-0.123044,0.778925,-0.066934,-0.146837,0.705015,0.227885,-0.618462,-0.060621,1.119815
2019,7,TO,-0.500000,-0.866025,19455.2000,1,1,9197746.4000,-0.476062,-0.090577,-0.121110,0.787697,-0.721752,-0.037627,0.705015,-0.804455,-1.375521,0.050026,1.609602
2019,8,TO,-0.866025,-0.500000,19455.2000,1,1,9197746.4000,-0.476062,-0.082427,-0.067591,1.328618,-1.283024,0.144389,1.238053,-1.367550,-1.672407,0.750792,3.225900
2019,9,TO,-1.000000,-1.8369702e-16,14591.4000,1,1,6898309.8000,-0.454021,-0.155778,-0.072690,1.752583,-0.347570,0.435616,1.653940,-0.460342,-1.316144,-0.140533,2.148368
2019,10,TO,-0.866025,0.500000,7782.0800,1,0,3679098.5600,-0.170733,-0.174971,-0.150741,0.699980,0.431975,0.490221,0.666941,0.259168,-0.113755,-1.025710,1.217772
2019,11,TO,-0.500000,0.866025,2918.2800,1,0,1379661.9600,-0.127299,-0.198369,-0.152888,0.647349,0.431975,0.490221,0.623009,0.321734,0.390951,-1.062593,1.658581
2019,12,TO,-2.4492936e-16,1.000000,1945.5200,0,0,919774.6400,-0.061177,-0.163140,0.515646,0.974826,0.338429,0.508422,0.959819,0.290451,0.791747,-1.068740,-0.153632
2020,1,TO,0.500000,0.866025,1898.4400,0,0,944387.7000,0.867127,-0.150520,0.865541,0.392970,0.587884,0.472019,0.385778,0.728413,0.361263,-0.964239,0.581049
2020,2,TO,0.866025,0.500000,1898.4400,0,0,944387.7000,0.205257,-0.143422,0.865541,0.492383,0.587884,0.435616,0.494143,0.728413,0.539394,-1.099475,0.140241
2020,3,TO,1.000000,6.123234e-17,1898.4400,0,0,944387.7000,0.094729,-0.151046,0.865541,0.433905,0.494338,0.526624,0.444353,0.478149,0.880813,-1.234710,-0.006696
2020,4,TO,0.866025,-0.500000,2847.6600,1,0,1416581.5500,0.570874,-0.134746,0.865541,0.600567,0.619065,0.563027,0.590792,0.571998,0.420640,-1.031857,0.140241
2020,5,TO,0.500000,-0.866025,7593.7600,1,0,3777550.8000,-0.189532,-0.111873,0.865541,0.767229,0.619065,0.308204,0.737232,0.571998,0.331574,-0.841298,0.825943
2020,6,TO,1.2246468e-16,-1.000000,14238.3000,1,1,7082907.7500,-0.476062,-0.101093,0.865541,0.761382,-0.191661,0.198994,0.713801,-0.053663,-0.870815,-0.275768,0.776964
2020,7,TO,-0.500000,-0.866025,18984.4000,1,1,9443877.0000,-0.476062,-0.109244,0.865541,0.740914,-1.064752,-0.183241,0.666941,-1.023437,-1.642719,0.302056,1.315730
2020,8,TO,-0.866025,-0.500000,18984.4000,1,1,9443877.0000,-0.476062,-0.131854,0.865541,1.264292,-0.908843,0.016978,1.176549,-0.960871,-1.405210,0.424997,1.560623
2020,9,TO,-1.000000,-1.8369702e-16,14238.3000,1,1,7082907.7500,-0.472820,-0.164454,0.865541,1.866615,-0.285207,0.490221,1.797450,-0.147512,-1.776318,0.504909,1.707560
2020,10,TO,-0.866025,0.500000,7593.7600,1,0,3777550.8000,-0.041729,-0.195214,0.865541,1.337389,0.463157,0.399212,1.284914,0.415583,-1.241923,-0.890475,0.874921
2020,11,TO,-0.500000,0.866025,2847.6600,1,0,1416581.5500,-0.181429,-0.186276,0.865541,0.904653,0.338429,0.472019,0.898314,0.196602,-0.084067,-0.552386,1.168794
2020,12,TO,-2.4492936e-16,1.000000,1898.4400,0,0,944387.7000,0.155665,-0.185750,0.865541,0.699980,0.369611,0.326406,0.672798,0.478149,-0.098911,-0.859739,1.511645
2021,1,TO,0.500000,0.866025,1719.5000,0,0,897856.0000,1.044426,-0.184435,0.865541,0.413438,0.369611,0.344607,0.376991,0.509432,0.450328,-0.915063,0.238198
2021,2,TO,0.866025,0.500000,1719.5000,0,0,897856.0000,0.861293,-0.172079,0.865541,0.135667,0.431975,0.453817,0.154404,0.415583,0.762059,-1.031857,-0.055674
2021,3,TO,1.000000,6.123234e-17,1719.5000,0,0,897856.0000,0.757248,-0.165506,0.865541,0.322797,0.619065,0.417414,0.315487,0.415583,0.672993,-1.400681,0.630028
2021,4,TO,0.866025,-0.500000,2579.2500,1,0,1346784.0000,-0.006724,-0.162351,0.865541,0.457296,0.463157,0.362809,0.456069,0.353017,0.672993,-1.271593,0.091262
2021,5,TO,0.500000,-0.866025,6878.0000,1,0,3591424.0000,-0.458559,-0.125544,0.865541,0.667817,0.151339,0.071583,0.617152,0.353017,-0.277043,-1.363799,-0.055674
2021,6,TO,1.2246468e-16,-1.000000,12896.2500,1,1,6733920.0000,-0.476062,-0.115553,0.865541,0.664893,-0.534661,-0.237845,0.587864,-0.648040,-0.677839,-1.074887,0.972879
2021,7,TO,-0.500000,-0.866025,17195.0000,1,1,8978560.0000,-0.476062,-0.086633,0.865541,0.679512,-0.940024,-0.074031,0.584935,-1.117286,-1.063791,-0.355680,1.511645
2021,8,TO,-0.866025,-0.500000,17195.0000,1,1,8978560.0000,-0.465690,-0.122389,0.865541,1.302303,-0.877661,0.198994,1.217552,-1.054720,-1.716940,0.578674,1.903474
2021,9,TO,-1.000000,-1.8369702e-16,12896.2500,1,1,6733920.0000,-0.372016,-0.159459,0.865541,1.492356,-0.004570,0.617632,1.431353,0.008903,-1.004414,-0.736798,0.532070
2021,10,TO,-0.866025,0.500000,6878.0000,1,0,3591424.0000,-0.036543,-0.179966,0.865541,0.857870,0.182520,0.508422,0.833881,0.603281,0.153442,-0.884328,0.874921
2021,11,TO,-0.500000,0.866025,2579.2500,1,0,1346784.0000,-0.476062,-0.180492,0.865541,0.454372,-0.656270,1.311115,0.614223,-0.710606,1.048554,-0.847445,-2.514406
2021,12,TO,-2.4492936e-16,1.000000,1719.5000,0,0,897856.0000,-0.476062,-0.176548,0.865541,-0.156722,-0.534661,0.799649,0.002108,-0.679323,1.127229,-1.591240,-2.627057
2022,1,TO,0.500000,0.866025,2104.0400,0,0,1094716.0200,0.257765,-0.159459,0.865541,0.273091,0.151339,0.290002,0.274484,0.290451,0.405795,-1.050298,0.532070
2022,2,TO,0.866025,0.500000,2104.0400,0,0,1094716.0200,0.612362,-0.174445,0.865541,0.404666,0.587884,0.344607,0.394564,0.540715,0.687837,-1.247004,-0.349547
2022,3,TO,1.000000,6.123234e-17,2104.0400,0,0,1094716.0200,0.904078,-0.175759,0.865541,0.246775,0.463157,0.417414,0.248125,0.540715,0.643304,-1.234710,-0.398525
2022,4,TO,0.866025,-0.500000,3156.0600,1,0,1642074.0300,-0.155823,-0.171816,0.865541,0.743838,0.556702,0.581229,0.722588,0.634564,0.257352,-1.173240,-0.006696
2022,5,TO,0.500000,-0.866025,8416.1600,1,0,4378864.0800,-0.313576,-0.120286,0.865541,0.740914,0.151339,0.544825,0.719659,0.008903,0.172740,-1.419122,-0.741376
2022,6,TO,1.2246468e-16,-1.000000,15780.3000,1,1,8210370.1500,0.184869,-0.102671,0.865541,1.860767,-2.623841,1.833502,1.923388,-2.255988,-0.326029,-0.103650,-1.534832
2022,7,TO,-0.500000,-0.866025,21040.4000,1,1,10947160.2000,-0.455447,-0.105826,0.865541,0.884185,-1.470115,-0.165039,0.819237,-1.555248,-1.138012,0.123791,1.658581
2022,8,TO,-0.866025,-0.500000,21040.4000,1,1,10947160.2000,-0.476062,-0.132379,0.865541,1.390020,-0.971206,0.253599,1.322988,-1.086003,-1.212234,0.480321,1.609602
2022,9,TO,-1.000000,-1.8369702e-16,15780.3000,1,1,8210370.1500,-0.375582,-0.166032,0.865541,1.621008,-0.222843,0.599430,1.551433,-0.335210,-1.538809,-0.208151,2.589176
2022,10,TO,-0.866025,0.500000,8416.1600,1,0,4378864.0800,-0.177215,-0.176548,0.865541,1.390020,0.338429,0.544825,1.355204,0.227885,-0.930192,-0.829004,0.238198
2022,11,TO,-0.500000,0.866025,3156.0600,1,0,1642074.0300,0.511558,-0.116868,0.865541,0.375427,0.463157,0.235397,0.385778,0.478149,-1.627874,-0.601563,0.630028
2022,12,TO,-2.4492936e-16,1.000000,2104.0400,0,0,1094716.0200,0.490814,-0.120286,0.865541,0.287710,0.213702,0.453817,0.300843,0.290451,0.672993,-1.038004,0.532070
2023,1,TO,0.500000,0.866025,2545.6800,1,0,1353616.1800,28.521942,-0.113713,0.865541,-0.267831,0.400793,0.308204,-0.252696,0.321734,0.509706,2.367470,1.021857
2023,2,TO,0.866025,0.500000,2545.6800,1,0,1353616.1800,13.092772,-0.137375,0.865541,1.097630,0.338429,0.435616,0.971534,0.259168,0.598771,1.224116,-0.202610
2023,3,TO,1.000000,6.123234e-17,2545.6800,1,0,1353616.1800,0.762758,-0.089525,0.865541,0.255547,0.712611,0.399212,0.262769,0.603281,0.301885,-1.074887,0.434113
2023,4,TO,0.866025,-0.500000,3818.5200,1,0,2030424.2700,-0.074791,-0.106877,0.865541,0.521622,0.806156,0.508422,0.511715,0.603281,0.361263,-1.031857,-0.202610
2023,5,TO,0.500000,-0.866025,10182.7200,1,1,5414464.7200,-0.342521,-0.072436,0.865541,0.761382,0.619065,0.453817,0.722588,0.478149,-0.336420,-0.798269,-0.153632
2023,6,TO,1.2246468e-16,-1.000000,19092.6000,1,1,10152121.3500,-0.476062,-0.033789,0.865541,0.735066,-0.597025,-0.074031,0.669870,-0.741889,-0.677839,-0.540092,0.336155
2023,7,TO,-0.500000,-0.866025,25456.8000,1,1,13536161.8000,-0.476062,-0.029845,0.865541,0.755534,-1.314206,-0.092232,0.666941,-0.992154,-1.078635,-0.128239,0.923900
2023,8,TO,-0.866025,-0.500000,25456.8000,1,1,13536161.8000,-0.398919,-0.071911,0.865541,1.083010,-0.254025,0.162591,1.009608,-0.397776,-1.004414,-0.177415,2.099389
2023,9,TO,-1.000000,-1.8369702e-16,19092.6000,1,1,10152121.3500,-0.398271,-0.108455,0.865541,1.524519,-0.035752,0.508422,1.448925,-0.147512,-0.870815,-0.257327,0.727985
2023,10,TO,-0.866025,0.500000,10182.7200,1,1,5414464.7200,-0.247551,-0.136586,0.865541,1.205814,0.120157,0.563027,1.156047,0.040186,-0.737216,-0.583121,0.727985
2023,11,TO,-0.500000,0.866025,3818.5200,1,0,2030424.2700,-0.215786,-0.133168,0.865541,0.939739,0.307248,0.326406,0.904172,0.134035,0.197975,-0.656886,1.903474
2023,12,TO,-2.4492936e-16,1.000000,2545.6800,1,0,1353616.1800,-0.093914,-0.129750,0.865541,0.919272,0.431975,0.326406,0.895386,0.259168,0.138598,-0.706063,0.923900
2001,1,RS,0.500000,0.866025,517.9400,0,0,136832.0800,0.051620,0.577210,-0.444322,0.489459,0.244884,-0.274249,0.500000,0.196602,-0.959881,-0.054474,0.923900
2001,2,RS,0.866025,0.500000,517.9400,0,0,136832.0800,-0.168140,0.578787,-0.444322,0.232156,0.463157,0.198994,0.265698,0.446866,0.420640,-0.066768,0.238198
2001,3,RS,1.000000,6.123234e-17,517.9400,0,0,136832.0800,-0.076735,0.604552,-0.444322,0.024559,0.276066,-0.492669,0.048968,0.165319,-0.143444,-0.454033,-0.055674
2001,4,RS,0.866025,-0.500000,776.9100,0,0,205248.1200,0.417237,0.678429,-0.444322,-1.127457,-0.191661,-1.293541,-1.087399,-0.303927,-0.707528,-0.607710,-0.251589
2001,5,RS,0.500000,-0.866025,2071.7600,0,0,547328.3200,-0.358727,0.704983,-0.444322,-2.332103,-0.441116,-1.475558,-2.291128,-0.616757,-1.167701,-0.521651,-0.300568
2001,6,RS,1.2246468e-16,-1.000000,3884.5500,1,0,1026240.6000,-0.133134,0.772287,-0.444322,-2.560167,-1.220661,-2.913488,-2.335060,-1.555248,-1.791162,-0.693769,3.764666
2001,7,RS,-0.500000,-0.866025,5179.4000,1,0,1368320.8000,0.501510,0.749940,-0.444322,-2.805774,-1.470115,-2.949891,-2.750947,-1.649097,-1.850539,-0.533945,0.336155
2001,8,RS,-0.866025,-0.500000,5179.4000,1,0,1368320.8000,-0.397947,0.797527,-0.444322,-1.794105,-1.251842,-1.766784,-1.793235,-1.430116,-1.034102,-0.804416,-0.104653
2001,9,RS,-1.000000,-1.8369702e-16,3884.5500,1,0,1026240.6000,-0.111741,0.725227,-0.444322,-2.074800,-0.971206,-2.112615,-2.048039,-1.086003,-1.924761,0.578674,0.238198
2001,10,RS,-0.866025,0.500000,2071.7600,0,0,547328.3200,-0.317239,0.619538,-0.444322,-1.077750,-0.441116,-1.238936,-1.058111,-0.366493,-1.627874,0.424997,0.972879
2001,11,RS,-0.500000,0.866025,776.9100,0,0,205248.1200,-0.167491,0.598505,-0.444322,-0.966642,-0.503479,-1.075121,-0.961461,-0.522908,-1.019258,0.345085,1.021857
2001,12,RS,-2.4492936e-16,1.000000,517.9400,0,0,136832.0800,-0.203145,0.572214,-0.444322,-0.642090,-0.191661,-0.820298,-0.633438,-0.272644,-0.707528,0.271321,-0.202610
2002,1,RS,0.500000,0.866025,437.5400,0,0,123521.5200,-0.258896,0.559069,-0.444322,-0.033919,0.057793,-0.419862,-0.033038,-0.116229,-0.559084,0.031585,0.238198
2002,2,RS,0.866025,0.500000,437.5400,0,0,123521.5200,-0.248523,0.597453,-0.444322,-0.349700,-0.098116,-0.474467,-0.355204,-0.241361,-0.737216,-0.128239,0.238198
2002,3,RS,1.000000,6.123234e-17,437.5400,0,0,123521.5200,-0.032978,0.589829,-0.444322,0.249699,0.151339,-0.110434,0.283270,0.165319,0.331574,-0.245033,0.336155
2002,4,RS,0.866025,-0.500000,656.3100,0,0,185282.2800,-0.095211,0.657922,-0.444322,-1.194706,-0.129298,-1.439154,-1.157690,0.040186,-1.241923,-0.103650,-0.153632
2002,5,RS,0.500000,-0.866025,1750.1600,0,0,494086.0800,0.005918,0.701039,-0.444322,-1.630367,-1.064752,-1.384549,-1.620437,-1.148569,-0.573929,-0.884328,2.295304
2002,6,RS,1.2246468e-16,-1.000000,3281.5500,1,0,926411.4000,-0.047240,0.789639,-0.444322,-2.890567,-1.345388,-2.804278,-2.859311,-1.336267,-1.865383,-0.583121,0.042283
2002,7,RS,-0.500000,-0.866025,4375.4000,1,0,1235215.2000,0.036386,0.785170,-0.444322,-3.124479,-1.626024,-2.567657,-3.096543,-1.649097,-1.598186,-0.681475,0.630028
2002,8,RS,-0.866025,-0.500000,4375.4000,1,0,1235215.2000,-0.027468,0.728382,-0.444322,-2.416896,-0.378752,-2.185422,-2.387778,-0.585474,-1.924761,-0.490915,0.140241
2002,9,RS,-1.000000,-1.8369702e-16,3281.5500,1,0,926411.4000,0.060047,0.716025,-0.444322,-2.715133,-1.283024,-2.403842,-2.698229,-1.398833,-1.835695,-0.183562,-0.055674
2002,10,RS,-0.866025,0.500000,1750.1600,0,0,494086.0800,0.025365,0.609547,-0.444322,-1.221021,-0.222843,-1.821389,-1.184049,-0.272644,-1.731785,0.050026,0.727985
2002,11,RS,-0.500000,0.866025,656.3100,0,0,185282.2800,-0.219676,0.592458,-0.444322,-0.753198,-0.004570,-0.984113,-0.753518,0.040186,-1.449743,0.578674,1.266751
2002,12,RS,-2.4492936e-16,1.000000,437.5400,0,0,123521.5200,-0.111417,0.598242,-0.444322,-0.449112,0.307248,-0.583677,-0.445996,0.384300,-0.796593,0.062320,0.140241
2003,1,RS,0.500000,0.866025,588.1200,0,0,171266.4600,-0.095535,0.561698,-0.444322,0.009940,-0.066934,-0.401660,0.007965,-0.178795,-1.360677,-0.165121,-0.300568
2003,2,RS,0.866025,0.500000,588.1200,0,0,171266.4600,0.091163,0.575106,-0.444322,0.197069,0.463157,-0.492669,0.204193,0.321734,-0.796593,-0.564680,-0.398525
2003,3,RS,1.000000,6.123234e-17,588.1200,0,0,171266.4600,-0.045943,0.641622,-0.444322,-0.408178,0.463157,-0.692887,-0.390349,0.446866,-0.395797,-0.423298,-0.153632
2003,4,RS,0.866025,-0.500000,882.1800,0,0,256899.6900,-0.196663,0.687368,-0.444322,-1.285347,-0.378752,-1.493759,-1.245553,-0.397776,-1.642719,-0.361827,0.189219
2003,5,RS,0.500000,-0.866025,2352.4800,1,0,685065.8400,-0.386278,0.709715,-0.444322,-2.139125,-1.095933,-2.021607,-2.106615,-1.211135,-1.093479,-0.091356,0.336155
2003,6,RS,1.2246468e-16,-1.000000,4410.9000,1,0,1284498.4500,-0.118872,0.727330,-0.444322,-2.329179,-1.563660,-1.657574,-2.288199,-1.492682,-1.019258,-0.656886,0.091262
2003,7,RS,-0.500000,-0.866025,5881.2000,1,0,1712664.6000,0.009807,0.807517,-0.444322,-3.001675,-1.813115,-2.895286,-2.926673,-1.961927,-1.924761,-0.669180,0.042283
2003,8,RS,-0.866025,-0.500000,5881.2000,1,0,1712664.6000,-0.272509,0.818822,-0.444322,-3.130327,-1.844297,-2.804278,-3.128759,-1.930644,-1.895072,-0.503210,-0.104653
2003,9,RS,-1.000000,-1.8369702e-16,4410.9000,1,0,1284498.4500,-0.321777,0.761245,-0.444322,-2.595253,-1.158297,-2.331035,-2.572291,-1.273701,-1.924761,-0.085209,0.385134
2003,10,RS,-0.866025,0.500000,2352.4800,1,0,685065.8400,0.331018,0.698147,-0.444322,-1.507563,-0.441116,-1.894196,-1.488642,-0.460342,-1.627874,0.031585,1.903474
2003,11,RS,-0.500000,0.866025,882.1800,0,0,256899.6900,-0.178512,0.577735,-0.444322,-0.855534,-0.409934,-1.621171,-0.847239,-0.366493,-1.583342,0.265173,0.727985
2003,12,RS,-2.4492936e-16,1.000000,588.1200,0,0,171266.4600,0.060695,0.571688,-0.444322,-0.627470,-0.409934,-1.093323,-0.604150,-0.491625,-1.345833,0.388115,0.434113
2004,1,RS,0.500000,0.866025,607.1800,0,0,181294.5800,-0.298439,0.568271,-0.444322,-0.112864,-0.066934,-0.674685,-0.109186,0.102752,-0.841126,0.050026,0.923900
2004,2,RS,0.866025,0.500000,607.1800,0,0,181294.5800,-0.195366,0.631894,-0.444322,-0.381863,0.026611,-0.438064,-0.384492,-0.053663,-0.737216,-0.312651,-0.300568
2004,3,RS,1.000000,6.123234e-17,607.1800,0,0,181294.5800,-0.381740,0.656871,-0.444322,-0.536829,-0.409934,-0.620080,-0.533859,-0.429059,-1.806006,0.166820,-0.055674
2004,4,RS,0.866025,-0.500000,910.7700,0,0,271941.8700,-0.358403,0.661340,-0.444322,-0.952023,-0.472297,-1.366348,-0.917530,-0.648040,-1.509120,-0.331092,-0.055674
2004,5,RS,0.500000,-0.866025,2428.7200,1,0,725178.3200,-0.137671,0.768607,-0.444322,-2.487069,-1.594842,-2.167220,-2.481499,-1.649097,-1.316144,-0.202003,-0.349547
2004,6,RS,1.2246468e-16,-1.000000,4553.8500,1,0,1359709.3500,-0.157767,0.783329,-0.444322,-2.642036,-1.345388,-2.895286,-2.613294,-1.492682,-1.924761,-1.038004,-0.349547
2004,7,RS,-0.500000,-0.866025,6071.8000,1,0,1812945.8000,-0.004455,0.807254,-0.444322,-3.226815,-1.127115,-2.877085,-3.204908,-1.054720,-1.895072,-0.570827,-0.006696
2004,8,RS,-0.866025,-0.500000,6071.8000,1,0,1812945.8000,-0.269916,0.804625,-0.444322,-2.794078,-1.438933,-2.458447,-2.783163,-1.523965,-1.776318,-0.958092,-0.447504
2004,9,RS,-1.000000,-1.8369702e-16,4553.8500,1,0,1359709.3500,-0.109796,0.714185,-0.444322,-1.896442,-0.597025,-1.948801,-1.828381,-0.773172,-1.420054,0.025438,-0.055674
2004,10,RS,-0.866025,0.500000,2428.7200,1,0,725178.3200,-0.226483,0.665810,-0.444322,-1.829192,-0.908843,-1.712179,-1.834238,-1.086003,-1.657563,-0.109797,-0.055674
2004,11,RS,-0.500000,0.866025,910.7700,0,0,271941.8700,-0.079328,0.599294,-0.444322,-1.206402,-0.254025,-1.511961,-1.198693,-0.397776,-1.004414,-0.115945,-0.251589
2004,12,RS,-2.4492936e-16,1.000000,607.1800,0,0,181294.5800,-0.401836,0.609547,-0.444322,-0.583612,-0.347570,-0.583677,-0.589506,-0.272644,-0.855971,0.615556,0.189219
2005,1,RS,0.500000,0.866025,601.9800,0,0,200409.2200,-0.384009,0.549604,-0.444322,0.217536,0.213702,-0.692887,0.207122,0.196602,-1.286455,0.111497,-0.153632
2005,2,RS,0.866025,0.500000,601.9800,0,0,200409.2200,-0.344466,0.601134,-0.444322,-0.145027,-0.098116,-0.237845,-0.144332,-0.272644,-1.063791,0.271321,-0.251589
2005,3,RS,1.000000,6.123234e-17,601.9800,0,0,200409.2200,-0.156471,0.632420,-0.444322,-0.367243,-0.285207,-0.529072,-0.361061,-0.429059,-0.826282,-0.109797,-0.202610
2005,4,RS,0.866025,-0.500000,902.9700,0,0,300613.8300,-0.240096,0.696570,-0.444322,-1.437390,-0.129298,-1.457356,-1.406636,-0.116229,-1.330988,-0.749092,0.042283
2005,5,RS,0.500000,-0.866025,2407.9200,1,0,801636.8800,-0.097804,0.678166,-0.444322,-1.878898,-0.815297,-1.803187,-1.845953,-0.710606,-0.841126,-0.958092,-0.790355
2005,6,RS,1.2246468e-16,-1.000000,4514.8500,1,0,1503069.1500,-0.358403,0.736795,-0.444322,-1.957844,-0.846479,-2.221825,-1.925030,-1.023437,-1.405210,-1.222416,-0.839334
2005,7,RS,-0.500000,-0.866025,6019.8000,1,0,2004092.2000,-0.290660,0.823292,-0.444322,-2.899339,-1.220661,-3.059101,-2.891528,-1.398833,-1.924761,-0.724504,-0.055674
2005,8,RS,-0.866025,-0.500000,6019.8000,1,0,2004092.2000,0.098942,0.738109,-0.444322,-2.370113,-1.470115,-2.203624,-2.349704,-1.586531,-1.598186,-0.146680,0.287177
2005,9,RS,-1.000000,-1.8369702e-16,4514.8500,1,0,1503069.1500,-0.032330,0.782804,-0.444322,-2.773611,-1.563660,-2.476648,-2.742160,-1.649097,-1.776318,0.443438,0.630028
2005,10,RS,-0.866025,0.500000,2407.9200,1,0,801636.8800,0.372831,0.669753,-0.444322,-1.759019,-0.409934,-1.693977,-1.728802,-0.522908,-1.227078,0.228291,1.217772
2005,11,RS,-0.500000,0.866025,902.9700,0,0,300613.8300,-0.235558,0.626110,-0.444322,-0.837991,-0.441116,-1.857792,-0.850168,-0.397776,-1.909916,0.123791,0.140241
2005,12,RS,-2.4492936e-16,1.000000,601.9800,0,0,200409.2200,-0.285474,0.596928,-0.444322,-0.609927,-0.690570,-1.111525,-0.630509,-0.491625,-0.989569,0.363526,0.140241
2006,1,RS,0.500000,0.866025,510.7200,0,0,176695.6000,0.025689,0.589303,-0.444322,0.126896,0.431975,-0.237845,0.130974,0.634564,-0.321576,-0.183562,0.385134
2006,2,RS,0.866025,0.500000,510.7200,0,0,176695.6000,-0.194394,0.563801,-0.444322,-0.188885,0.431975,-0.274249,-0.185334,0.321734,-0.425486,-0.103650,-0.545461
2006,3,RS,1.000000,6.123234e-17,510.7200,0,0,176695.6000,-0.223241,0.600871,-0.444322,-0.364319,0.650247,-0.911307,-0.343489,1.009960,-0.484863,-0.263474,-0.594440
2006,4,RS,0.866025,-0.500000,766.0800,0,0,265043.4000,-0.417070,0.671068,-0.444322,-1.384760,-0.066934,-1.420953,-1.339274,0.040186,-1.316144,-0.810563,-0.839334
2006,5,RS,0.500000,-0.866025,2042.8800,0,0,706782.4000,0.085977,0.802785,-0.444322,-2.773611,-1.033570,-2.349237,-2.721659,-1.117286,-1.627874,-0.435592,-0.447504
2006,6,RS,1.2246468e-16,-1.000000,3830.4000,1,0,1325217.0000,-0.258896,0.778334,-0.444322,-2.671275,-0.378752,-2.258229,-2.630867,-0.554191,-1.345833,-0.742945,0.287177
2006,7,RS,-0.500000,-0.866025,5107.2000,1,0,1766956.0000,-0.255654,0.743367,-0.444322,-2.329179,-0.784115,-2.640463,-2.285270,-0.867021,-1.895072,-0.742945,0.091262
2006,8,RS,-0.866025,-0.500000,5107.2000,1,0,1766956.0000,-0.271861,0.728645,-0.444322,-2.899339,-0.846479,-2.931690,-2.850525,-0.929587,-1.924761,-0.386415,-0.202610
2006,9,RS,-1.000000,-1.8369702e-16,3830.4000,1,0,1325217.0000,-0.153878,0.723649,-0.444322,-2.624492,-1.095933,-2.767875,-2.613294,-1.242418,-1.924761,0.019291,0.874921
2006,10,RS,-0.866025,0.500000,2042.8800,0,0,706782.4000,-0.349003,0.655556,-0.444322,-1.332129,-0.565843,-1.293541,-1.321701,-0.648040,-0.930192,0.203703,-0.300568
2006,11,RS,-0.500000,0.866025,766.0800,0,0,265043.4000,-0.098452,0.641622,-0.444322,-1.209326,-0.690570,-1.584768,-1.192835,-0.741889,-1.761473,0.633997,0.091262
2006,12,RS,-2.4492936e-16,1.000000,510.7200,0,0,176695.6000,-0.057612,0.572214,-0.444322,0.007016,0.400793,-0.419862,-0.009608,0.446866,-0.544240,0.056173,-0.300568
2007,1,RS,0.500000,0.866025,526.7200,0,0,198252.2600,-0.188236,0.552759,-0.444322,0.027483,0.244884,-0.674685,0.025538,0.259168,-1.078635,-0.060621,-0.153632
2007,2,RS,0.866025,0.500000,526.7200,0,0,198252.2600,-0.005103,0.595613,-0.444322,-0.025147,0.338429,-0.347055,-0.030109,0.321734,-0.945036,-0.017592,-0.300568
2007,3,RS,1.000000,6.123234e-17,526.7200,0,0,198252.2600,-0.118872,0.612965,-0.444322,-0.025147,0.494338,-0.074031,-0.000821,0.509432,-0.173133,-0.257327,-0.104653
2007,4,RS,0.866025,-0.500000,790.0800,0,0,297378.3900,-0.356134,0.688683,-0.444322,-0.849686,-0.160479,-1.639373,-0.829666,-0.116229,-1.019258,-0.736798,-0.202610
2007,5,RS,0.500000,-0.866025,2106.8800,0,0,793009.0400,-0.029413,0.763611,-0.444322,-2.861328,-1.033570,-2.895286,-2.830024,-1.148569,-1.924761,-0.650739,-0.496483
2007,6,RS,1.2246468e-16,-1.000000,3950.4000,1,0,1486891.9500,0.323239,0.719443,-0.444322,-3.104012,-1.407751,-2.695068,-3.061397,-1.555248,-1.924761,-0.749092,-0.594440
2007,7,RS,-0.500000,-0.866025,5267.2000,1,0,1982522.6000,0.100563,0.758879,-0.444322,-3.712182,-1.470115,-3.131908,-3.694014,-1.680380,-1.924761,-0.324945,-0.251589
2007,8,RS,-0.866025,-0.500000,5267.2000,1,0,1982522.6000,0.010131,0.788062,-0.444322,-3.147870,-1.127115,-2.676867,-3.122902,-1.304984,-1.806006,0.314350,0.287177
2007,9,RS,-1.000000,-1.8369702e-16,3950.4000,1,0,1486891.9500,0.083384,0.753621,-0.444322,-1.723932,-0.659388,-1.712179,-1.699514,-0.835738,-1.791162,-0.158974,0.581049
2007,10,RS,-0.866025,0.500000,2106.8800,0,0,793009.0400,-0.249172,0.644251,-0.444322,-1.261956,-0.191661,-1.275340,-1.236767,-0.210078,-1.123168,0.240585,0.091262
2007,11,RS,-0.500000,0.866025,790.0800,0,0,297378.3900,-0.201201,0.614542,-0.444322,-1.329206,-0.940024,-1.639373,-1.342203,-0.804455,-1.909916,0.025438,-0.202610
2007,12,RS,-2.4492936e-16,1.000000,526.7200,0,0,198252.2600,-0.198608,0.568796,-0.444322,-0.311689,0.120157,-0.893105,-0.322987,0.071469,-0.677839,0.037732,-0.153632
2008,1,RS,0.500000,0.866025,491.7600,0,0,177106.5400,-0.085811,0.610862,-0.444322,-0.136255,-0.160479,-0.565475,-0.188263,-0.241361,-0.677839,0.191409,0.532070
2008,2,RS,0.866025,0.500000,491.7600,0,0,177106.5400,-0.177215,0.597979,-0.444322,-0.343852,-0.254025,-0.802097,-0.334702,-0.335210,-0.455174,0.013144,-0.447504
2008,3,RS,1.000000,6.123234e-17,491.7600,0,0,177106.5400,-0.316590,0.622693,-0.444322,-0.378939,-0.254025,-0.456265,-0.369848,-0.397776,-0.187977,-0.238886,-0.643419
2008,4,RS,0.866025,-0.500000,737.6400,0,0,265659.8100,-0.083218,0.617960,-0.444322,-1.519259,-1.127115,-2.130817,-1.500357,-1.023437,-1.776318,-0.865886,-0.251589
2008,5,RS,0.500000,-0.866025,1967.0400,0,0,708426.1600,1.120596,0.712081,-0.444322,-2.378885,-0.940024,-2.767875,-2.361419,-1.054720,-1.672407,-0.687622,0.532070
2008,6,RS,1.2246468e-16,-1.000000,3688.2000,1,0,1328299.0500,-0.057936,0.752832,-0.444322,-3.525053,-1.875478,-2.968093,-3.483142,-2.024493,-1.909916,-0.749092,0.336155
2008,7,RS,-0.500000,-0.866025,4917.6000,1,0,1771065.4000,-0.019689,0.753358,-0.444322,-2.551395,-1.750751,-2.185422,-2.516644,-1.586531,-1.167701,-0.847445,0.238198
2008,8,RS,-0.866025,-0.500000,4917.6000,1,0,1771065.4000,-0.076087,0.699462,-0.444322,-2.799926,-1.127115,-2.676867,-2.774377,-1.304984,-1.850539,-0.238886,0.238198
2008,9,RS,-1.000000,-1.8369702e-16,3688.2000,1,0,1328299.0500,0.034765,0.743367,-0.444322,-2.674199,-1.594842,-2.076212,-2.654297,-1.523965,-1.553653,0.351232,0.287177
2008,10,RS,-0.866025,0.500000,1967.0400,0,0,708426.1600,0.247393,0.686579,-0.444322,-1.723932,-0.908843,-2.039809,-1.693657,-0.960871,-1.509120,0.197556,-0.251589
2008,11,RS,-0.500000,0.866025,737.6400,0,0,265659.8100,-0.378823,0.635312,-0.444322,-0.946175,-0.690570,-1.111525,-0.949746,-0.741889,-0.796593,0.517203,-0.202610
2008,12,RS,-2.4492936e-16,1.000000,491.7600,0,0,177106.5400,-0.108500,0.570900,-0.444322,-0.601155,-0.191661,-1.038718,-0.612936,-0.272644,-0.974725,0.302056,-0.104653
2009,1,RS,0.500000,0.866025,361.4800,0,0,134280.7000,0.085653,0.582731,-0.444322,-0.495895,-0.129298,-0.747492,-0.486999,-0.303927,-0.470019,0.246732,-0.104653
2009,2,RS,0.866025,0.500000,361.4800,0,0,134280.7000,-0.127948,0.567219,-0.444322,-0.150875,0.182520,-0.510870,-0.135545,0.227885,-0.484863,-0.140533,0.189219
2009,3,RS,1.000000,6.123234e-17,361.4800,0,0,134280.7000,-0.242689,0.578787,-0.444322,-0.452036,0.494338,-0.856702,-0.437210,0.384300,-0.351264,-0.183562,-0.006696
2009,4,RS,0.866025,-0.500000,542.2200,0,0,201421.0500,-0.378823,0.689997,-0.444322,-1.218097,-0.628206,-1.366348,-1.216265,-0.648040,-1.434899,-0.718357,-0.937291
2009,5,RS,0.500000,-0.866025,1445.9200,0,0,537122.8000,-0.127948,0.676063,-0.444322,-2.115734,-1.064752,-2.112615,-2.094900,-1.023437,-1.464587,-1.007269,0.042283
2009,6,RS,1.2246468e-16,-1.000000,2711.1000,1,0,1007105.2500,-0.291957,0.757039,-0.444322,-3.405173,-1.438933,-2.695068,-3.380634,-1.586531,-1.761473,-0.816710,-0.202610
2009,7,RS,-0.500000,-0.866025,3614.8000,1,0,1342807.0000,-0.289364,0.762560,-0.444322,-3.805747,-1.969024,-3.368529,-3.778949,-2.118343,-1.924761,-0.724504,0.091262
2009,8,RS,-0.866025,-0.500000,3614.8000,1,0,1342807.0000,0.401679,0.706035,-0.444322,-2.489993,-1.906660,-2.494850,-2.484428,-1.899361,-1.479431,-0.411004,-0.055674
2009,9,RS,-1.000000,-1.8369702e-16,2711.1000,1,0,1007105.2500,0.495028,0.682636,-0.444322,-2.381809,-1.220661,-1.948801,-2.335060,-1.148569,-1.924761,0.283615,0.336155
2009,10,RS,-0.866025,0.500000,1445.9200,0,0,537122.8000,-0.082570,0.631632,-0.444322,-1.823344,-0.877661,-1.584768,-1.819594,-0.679323,-1.316144,0.074614,1.609602
2009,11,RS,-0.500000,0.866025,542.2200,0,0,201421.0500,0.473635,0.499389,-0.444322,-0.583612,0.307248,-0.529072,-0.548503,0.227885,-0.247354,0.123791,1.315730
2009,12,RS,-2.4492936e-16,1.000000,361.4800,0,0,134280.7000,0.006242,0.553285,-0.444322,-0.405254,0.400793,-1.056920,-0.390349,0.259168,-0.692683,0.117644,0.091262
2010,1,RS,0.500000,0.866025,481.3800,0,0,175897.4200,0.110611,0.553811,-0.444322,-0.025147,0.681429,-0.219644,-0.015465,0.634564,-0.484863,-0.171268,-0.447504
2010,2,RS,0.866025,0.500000,481.3800,0,0,175897.4200,-0.102666,0.555914,-0.444322,0.404666,1.086792,-0.874903,0.409208,1.072526,-0.410641,-0.232739,-0.104653
2010,3,RS,1.000000,6.123234e-17,481.3800,0,0,175897.4200,-0.129892,0.593247,-0.444322,-0.431569,-0.004570,-0.911307,-0.407922,-0.053663,-1.004414,-0.337239,-0.643419
2010,4,RS,0.866025,-0.500000,722.0700,0,0,263846.1300,-0.234910,0.706297,-0.444322,-1.393531,-0.503479,-1.748582,-1.383206,-0.522908,-0.722372,-0.773680,-0.055674
2010,5,RS,0.500000,-0.866025,1925.5200,0,0,703589.6800,-0.071549,0.722598,-0.444322,-2.256081,-1.158297,-1.602969,-2.200336,-1.242418,-0.841126,-0.294209,-0.202610
2010,6,RS,1.2246468e-16,-1.000000,3610.3500,1,0,1319230.6500,0.191643,0.780437,-0.444322,-2.908110,-1.688388,-2.622262,-2.871027,-1.774229,-1.672407,-0.779828,-0.594440
2010,7,RS,-0.500000,-0.866025,4813.8000,1,0,1758974.2000,0.154044,0.774654,-0.444322,-3.045534,-1.594842,-2.804278,-3.023323,-1.555248,-1.924761,-0.540092,0.874921
2010,8,RS,-0.866025,-0.500000,4813.8000,1,0,1758974.2000,-0.232965,0.797264,-0.444322,-3.054305,-1.314206,-2.731472,-3.026252,-1.461399,-1.909916,-0.521651,0.287177
2010,9,RS,-1.000000,-1.8369702e-16,3610.3500,1,0,1319230.6500,0.117094,0.682110,-0.444322,-2.247309,-1.002388,-1.712179,-2.206193,-1.179852,-1.405210,0.240585,0.874921
2010,10,RS,-0.866025,0.500000,1925.5200,0,0,703589.6800,-0.288067,0.663706,-0.444322,-2.007550,-1.189479,-1.894196,-1.998250,-1.336267,-1.598186,-0.232739,0.385134
2010,11,RS,-0.500000,0.866025,722.0700,0,0,263846.1300,-0.244634,0.567745,-0.444322,-1.223945,-0.846479,-1.439154,-1.230909,-0.898304,-1.405210,0.074614,0.238198
2010,12,RS,-2.4492936e-16,1.000000,481.3800,0,0,175897.4200,-0.179808,0.516478,-0.444322,-0.466656,0.369611,-1.202533,-0.472355,0.227885,-1.375521,0.412703,-0.055674
2011,1,RS,0.500000,0.866025,455.3000,0,0,153959.4200,-0.049508,0.506487,-0.444322,0.205841,0.463157,0.290002,0.204193,0.353017,0.539394,-0.005297,-0.251589
2011,2,RS,0.866025,0.500000,455.3000,0,0,153959.4200,-0.084514,0.571426,-0.444322,-0.089473,0.650247,-0.165039,-0.068183,0.446866,0.108909,-0.146680,-0.496483
2011,3,RS,1.000000,6.123234e-17,455.3000,0,0,153959.4200,-0.211573,0.640045,-0.444322,-0.618698,0.026611,-0.838500,-0.601221,-0.116229,-0.410641,0.197556,-0.251589
2011,4,RS,0.866025,-0.500000,682.9500,0,0,230939.1300,0.089219,0.655293,-0.444322,-1.358445,-0.565843,-1.402751,-1.348061,-0.522908,-1.197390,-1.044151,0.972879
2011,5,RS,0.500000,-0.866025,1821.2000,0,0,615837.6800,-0.315942,0.752569,-0.444322,-2.457830,-1.532479,-1.693977,-2.434638,-1.680380,-0.841126,-0.902769,-0.643419
2011,6,RS,1.2246468e-16,-1.000000,3414.7500,1,0,1154695.6500,-0.118224,0.714710,-0.444322,-3.279445,-1.127115,-2.622262,-3.240053,-1.304984,-1.924761,-0.724504,0.434113
2011,7,RS,-0.500000,-0.866025,4553.0000,1,0,1539594.2000,0.277213,0.743893,-0.444322,-3.492890,-1.251842,-3.077303,-3.453854,-1.461399,-1.909916,-0.503210,-0.349547
2011,8,RS,-0.866025,-0.500000,4553.0000,1,0,1539594.2000,-0.000889,0.704720,-0.444322,-3.057229,-1.345388,-2.877085,-3.020394,-1.461399,-1.924761,0.406556,0.825943
2011,9,RS,-1.000000,-1.8369702e-16,3414.7500,1,0,1154695.6500,-0.303625,0.767818,-0.444322,-2.504612,-1.376570,-2.440245,-2.502000,-1.461399,-1.820850,-0.183562,0.140241
2011,10,RS,-0.866025,0.500000,1821.2000,0,0,615837.6800,-0.074142,0.614542,-0.444322,-1.577737,-0.877661,-1.621171,-1.564790,-0.960871,-1.405210,0.062320,-0.251589
2011,11,RS,-0.500000,0.866025,682.9500,0,0,230939.1300,-0.371044,0.627951,-0.444322,-0.992957,-0.347570,-1.220735,-1.008322,-0.210078,-1.657563,0.283615,0.091262
2011,12,RS,-2.4492936e-16,1.000000,455.3000,0,0,153959.4200,-0.331500,0.556440,-0.444322,-0.691796,-0.098116,-0.765693,-0.706657,-0.147512,-1.004414,0.160673,-0.251589
2012,1,RS,0.500000,0.866025,1116.0400,0,0,362635.1600,0.031524,0.573792,-0.444322,-0.174266,0.556702,-0.292450,-0.188263,0.384300,-0.722372,0.179115,-0.300568
2012,2,RS,0.866025,0.500000,1116.0400,0,0,362635.1600,0.067178,0.543820,-0.444322,0.387123,0.431975,-0.183241,0.385778,0.353017,-0.484863,-0.398710,-0.006696
2012,3,RS,1.000000,6.123234e-17,1116.0400,0,0,362635.1600,-0.186939,0.624796,-0.444322,-0.510514,0.088975,-1.584768,-0.510429,0.102752,-1.375521,-0.626151,-0.643419
2012,4,RS,0.866025,-0.500000,1674.0600,0,0,543952.7400,-0.223241,0.651350,-0.444322,-1.539726,-0.347570,-1.821389,-1.509143,-0.491625,-1.434899,-0.736798,0.091262
2012,5,RS,0.500000,-0.866025,4464.1600,1,0,1450540.6400,-0.358727,0.748363,-0.444322,-1.858431,-0.409934,-2.076212,-1.845953,-0.585474,-1.538809,-1.136357,-0.937291
2012,6,RS,1.2246468e-16,-1.000000,8370.3000,1,0,2719763.7000,-0.371044,0.731537,-0.444322,-2.995827,-1.127115,-3.186513,-2.979391,-1.211135,-1.924761,-1.173240,-0.447504
2012,7,RS,-0.500000,-0.866025,11160.4000,1,1,3626351.6000,0.049027,0.758353,-0.444322,-3.431488,-1.563660,-2.895286,-3.409922,-1.742946,-1.806006,-0.613857,-0.104653
2012,8,RS,-0.866025,-0.500000,11160.4000,1,1,3626351.6000,-0.231020,0.785696,-0.444322,-1.738551,-1.438933,-2.130817,-1.737588,-1.617814,-1.182545,-0.792122,-0.692398
2012,9,RS,-1.000000,-1.8369702e-16,8370.3000,1,0,2719763.7000,0.335556,0.723649,-0.444322,-2.068952,-1.064752,-2.094414,-2.050968,-1.273701,-1.909916,0.338938,0.385134
2012,10,RS,-0.866025,0.500000,4464.1600,1,0,1450540.6400,-0.083866,0.596402,-0.444322,-1.185935,-0.098116,-1.111525,-1.166476,-0.053663,-0.900504,0.099203,0.483092
2012,11,RS,-0.500000,0.866025,1674.0600,0,0,543952.7400,-0.387250,0.599031,-0.444322,-0.589459,-0.316388,-0.911307,-0.601221,-0.303927,-1.197390,0.068467,0.042283
2012,12,RS,-2.4492936e-16,1.000000,1116.0400,0,0,362635.1600,0.165713,0.504647,-0.444322,0.080113,0.307248,-0.547274,0.081185,0.321734,-0.662995,0.086909,1.217772
2013,1,RS,0.500000,0.866025,688.4000,0,0,300658.4600,-0.155823,0.611913,-0.444322,-0.308765,0.338429,-0.820298,-0.322987,0.196602,-0.870815,0.056173,-0.251589
2013,2,RS,0.866025,0.500000,688.4000,0,0,300658.4600,-0.289364,0.572740,-0.444322,-0.147951,0.338429,-0.729290,-0.144332,0.134035,-0.648150,0.074614,0.140241
2013,3,RS,1.000000,6.123234e-17,688.4000,0,0,300658.4600,-0.273805,0.658448,-0.444322,-0.957870,-0.191661,-0.711088,-0.938031,-0.178795,-0.573929,-0.288062,-0.055674
2013,4,RS,0.866025,-0.500000,1032.6000,0,0,450987.6900,-0.129892,0.682373,-0.444322,-1.317510,-0.285207,-1.584768,-1.318773,-0.241361,-1.256767,-0.515504,-0.006696
2013,5,RS,0.500000,-0.866025,2753.6000,1,0,1202633.8400,-0.266026,0.693678,-0.444322,-2.434439,-0.004570,-2.403842,-2.419994,-0.116229,-1.865383,-1.007269,-0.643419
2013,6,RS,1.2246468e-16,-1.000000,5163.0000,1,0,2254938.4500,-0.140264,0.725227,-0.444322,-3.027990,-1.937842,-2.149019,-2.991107,-1.930644,-1.271611,-0.970387,-0.104653
2013,7,RS,-0.500000,-0.866025,6884.0000,1,0,3006584.6000,-0.124058,0.795160,-0.444322,-3.294065,-1.002388,-3.186513,-3.289842,-1.211135,-1.924761,-1.056445,-0.545461
2013,8,RS,-0.866025,-0.500000,6884.0000,1,0,3006584.6000,0.330370,0.773076,-0.444322,-3.279445,-1.844297,-2.476648,-3.269341,-1.711663,-1.731785,-0.226592,-0.006696
2013,9,RS,-1.000000,-1.8369702e-16,5163.0000,1,0,2254938.4500,-0.032006,0.702880,-0.444322,-2.168364,-0.503479,-2.294632,-2.159333,-0.648040,-1.880228,-0.318798,0.091262
2013,10,RS,-0.866025,0.500000,2753.6000,1,0,1202633.8400,-0.049508,0.675800,-0.444322,-1.691769,-0.565843,-1.384549,-1.687799,-0.773172,-1.360677,-0.023739,-0.153632
2013,11,RS,-0.500000,0.866025,1032.6000,0,0,450987.6900,0.120335,0.593247,-0.444322,-0.767817,0.088975,-1.184331,-0.774019,-0.084946,-1.731785,0.277468,-0.398525
2013,12,RS,-2.4492936e-16,1.000000,688.4000,0,0,300658.4600,-0.218704,0.530149,-0.444322,-0.069006,0.494338,-0.583677,-0.082827,0.290451,-0.395797,0.136085,-0.104653
2014,1,RS,0.500000,0.866025,875.6000,0,0,390617.7800,-0.231020,0.571163,-0.444322,0.466068,0.650247,-0.183241,0.447282,0.759696,-0.455174,-0.306504,-0.006696
2014,2,RS,0.866025,0.500000,875.6000,0,0,390617.7800,0.008186,0.590618,-0.444322,0.404666,0.962065,-0.274249,0.391635,0.822262,-0.098911,0.129938,0.189219
2014,3,RS,1.000000,6.123234e-17,875.6000,0,0,390617.7800,-0.055343,0.617434,-0.444322,-0.551449,0.026611,-1.293541,-0.542646,0.071469,-0.915348,-0.398710,-0.300568
2014,4,RS,0.866025,-0.500000,1313.4000,0,0,585926.6700,-0.195366,0.698673,-0.444322,-1.130380,-0.004570,-1.439154,-1.107900,-0.053663,-1.197390,-0.417151,-0.006696
2014,5,RS,0.500000,-0.866025,3502.4000,1,0,1562471.1200,-0.214814,0.716551,-0.444322,-2.370113,-0.877661,-2.094414,-2.329202,-1.023437,-1.004414,-1.068740,-0.055674
2014,6,RS,1.2246468e-16,-1.000000,6567.0000,1,0,2929633.3500,0.275917,0.719969,-0.444322,-2.829165,-1.345388,-2.585858,-2.774377,-1.461399,-1.598186,-0.730651,-0.545461
2014,7,RS,-0.500000,-0.866025,8756.0000,1,0,3906177.8000,0.365376,0.805677,-0.444322,-2.761916,-0.659388,-2.422043,-2.736303,-0.804455,-1.791162,-0.779828,-0.496483
2014,8,RS,-0.866025,-0.500000,8756.0000,1,0,3906177.8000,-0.046915,0.747574,-0.444322,-2.642036,-1.095933,-2.804278,-2.633795,-1.054720,-1.895072,-0.798269,-0.398525
2014,9,RS,-1.000000,-1.8369702e-16,6567.0000,1,0,2929633.3500,0.054861,0.662655,-0.444322,-1.875974,-0.659388,-1.457356,-1.845953,-0.585474,-0.796593,-0.146680,-0.447504
2014,10,RS,-0.866025,0.500000,3502.4000,1,0,1562471.1200,0.130707,0.671068,-0.444322,-1.162543,-0.285207,-0.984113,-1.145975,-0.429059,-0.737216,-0.134386,-0.202610
2014,11,RS,-0.500000,0.866025,1313.4000,0,0,585926.6700,-0.130541,0.597191,-0.444322,-0.583612,0.057793,-0.874903,-0.583649,0.259168,-1.256767,-0.300356,-0.398525
2014,12,RS,-2.4492936e-16,1.000000,875.6000,0,0,390617.7800,0.119687,0.565116,-0.444322,-0.191809,0.400793,-0.765693,-0.185334,0.478149,-0.559084,-0.171268,-0.055674
2015,1,RS,0.500000,0.866025,590.9000,0,0,369659.8400,0.041896,0.597716,-0.444322,0.161982,0.837338,-0.128636,0.171977,0.728413,-0.380953,-0.367974,-0.594440
2015,2,RS,0.866025,0.500000,590.9000,0,0,369659.8400,-0.153878,0.592195,-0.444322,-0.069006,0.400793,-0.146837,-0.062326,0.446866,0.257352,-0.183562,-0.594440
2015,3,RS,1.000000,6.123234e-17,590.9000,0,0,369659.8400,-0.301032,0.635575,-0.444322,-0.308765,0.556702,-0.565475,-0.293699,0.540715,-0.351264,-0.238886,-0.790355
2015,4,RS,0.866025,-0.500000,886.3500,0,0,554489.7600,-0.229724,0.693941,-0.444322,-1.124533,-0.472297,-1.038718,-1.107900,-0.460342,-0.722372,-0.792122,-0.251589
2015,5,RS,0.500000,-0.866025,2363.6000,1,0,1478639.3600,-0.014503,0.736795,-0.444322,-1.925681,-0.597025,-1.839591,-1.889885,-0.773172,-1.271611,-0.810563,-0.153632
2015,6,RS,1.2246468e-16,-1.000000,4431.7500,1,0,2772448.8000,0.082736,0.773339,-0.444322,-2.764839,-0.877661,-2.349237,-2.742160,-1.023437,-1.761473,-1.216269,-0.839334
2015,7,RS,-0.500000,-0.866025,5909.0000,1,0,3696598.4000,0.539757,0.737321,-0.444322,-2.726829,-1.438933,-2.167220,-2.674798,-1.586531,-1.108324,-0.872034,-0.545461
2015,8,RS,-0.866025,-0.500000,5909.0000,1,0,3696598.4000,-0.114334,0.678955,-0.444322,-1.337977,-0.191661,-1.657574,-1.327559,-0.335210,-0.989569,-0.454033,-0.202610
2015,9,RS,-1.000000,-1.8369702e-16,4431.7500,1,0,2772448.8000,0.128762,0.640045,-0.444322,-2.270701,-0.597025,-2.221825,-2.232552,-0.804455,-1.909916,-0.177415,-0.545461
2015,10,RS,-0.866025,0.500000,2363.6000,1,0,1478639.3600,0.537164,0.660288,-0.444322,-1.864279,-0.659388,-2.094414,-1.819594,-0.585474,-1.123168,0.043879,-0.251589
2015,11,RS,-0.500000,0.866025,886.3500,0,0,554489.7600,-0.071549,0.592458,-0.444322,-1.212250,-0.004570,-0.874903,-1.175262,-0.084946,-1.138012,0.468027,0.042283
2015,12,RS,-2.4492936e-16,1.000000,590.9000,0,0,369659.8400,-0.151285,0.559595,-0.444322,-0.373091,0.743793,-1.038718,-0.355204,0.790979,-0.855971,-0.134386,-0.202610
2016,1,RS,0.500000,0.866025,969.1000,0,0,610396.9400,-0.109796,0.571163,-0.444322,0.229232,0.494338,-0.110434,0.227624,0.415583,-0.900504,0.160673,-0.202610
2016,2,RS,0.866025,0.500000,969.1000,0,0,610396.9400,-0.286122,0.581679,-0.444322,0.366655,0.930883,-0.219644,0.359419,0.759696,-0.306731,-0.392562,-0.251589
2016,3,RS,1.000000,6.123234e-17,969.1000,0,0,610396.9400,0.524847,0.656082,-0.444322,-0.647937,0.307248,-0.274249,-0.621723,0.102752,-0.692683,0.080762,0.091262
2016,4,RS,0.866025,-0.500000,1453.6500,0,0,915595.4100,0.227946,0.630843,-0.444322,-0.764893,0.619065,-2.167220,-0.715444,0.415583,-1.464587,-0.257327,-0.006696
2016,5,RS,0.500000,-0.866025,3876.4000,1,0,2441587.7600,-0.238800,0.782278,-0.444322,-2.867176,-1.314206,-2.149019,-2.815380,-1.461399,-1.108324,-0.810563,-0.496483
2016,6,RS,1.2246468e-16,-1.000000,7268.2500,1,0,4577977.0500,-0.452076,0.849319,-0.444322,-3.902236,-2.561478,-2.585858,-3.869741,-2.650154,-1.924761,-1.019563,-0.300568
2016,7,RS,-0.500000,-0.866025,9691.0000,1,1,6103969.4000,0.017586,0.744156,-0.444322,-3.112783,-1.563660,-2.440245,-3.096543,-1.617814,-1.835695,-0.484768,0.287177
2016,8,RS,-0.866025,-0.500000,9691.0000,1,1,6103969.4000,-0.132485,0.719180,-0.444322,-2.528004,-1.064752,-2.258229,-2.522502,-1.054720,-1.657563,-0.804416,-0.790355
2016,9,RS,-1.000000,-1.8369702e-16,7268.2500,1,0,4577977.0500,-0.179160,0.747837,-0.444322,-2.519232,-0.752934,-1.875994,-2.510787,-0.804455,-1.152857,0.062320,0.483092
2016,10,RS,-0.866025,0.500000,3876.4000,1,0,2441587.7600,0.160527,0.647143,-0.444322,-1.653758,-0.191661,-1.639373,-1.638010,-0.272644,-1.672407,0.394262,0.532070
2016,11,RS,-0.500000,0.866025,1453.6500,0,0,915595.4100,-0.129892,0.623218,-0.444322,-1.168391,0.276066,-1.657574,-1.181120,0.196602,-1.523964,-0.177415,0.042283
2016,12,RS,-2.4492936e-16,1.000000,969.1000,0,0,610396.9400,-0.054046,0.555125,-0.444322,-0.139179,0.774974,-0.711088,-0.158975,0.790979,-1.048947,-0.072915,-0.349547
2017,1,RS,0.500000,0.866025,1426.9000,0,0,739639.8800,0.155341,0.576684,-0.444322,0.138591,0.962065,-0.274249,0.139760,0.759696,-0.128600,-0.079062,-0.741376
2017,2,RS,0.866025,0.500000,1426.9000,0,0,739639.8800,-0.336686,0.558543,-0.444322,0.384199,0.930883,-0.165039,0.382849,0.916111,0.183131,-0.564680,-0.349547
2017,3,RS,1.000000,6.123234e-17,1426.9000,0,0,739639.8800,0.049675,0.648983,-0.444322,-0.460808,0.494338,-0.947710,-0.451854,0.446866,-0.455174,-0.208151,-0.643419
2017,4,RS,0.866025,-0.500000,2140.3500,0,0,1109459.8200,-0.109796,0.689997,-0.444322,-1.329206,0.057793,-1.912397,-1.301200,-0.022380,-1.197390,-0.343386,0.140241
2017,5,RS,0.500000,-0.866025,5707.6000,1,0,2958559.5200,0.106722,0.702617,-0.444322,-1.887670,-0.441116,-1.639373,-1.845953,-0.616757,-0.544240,-0.583121,-0.300568
2017,6,RS,1.2246468e-16,-1.000000,10701.7500,1,1,5547299.1000,0.162472,0.739687,-0.444322,-2.571862,-1.407751,-2.403842,-2.545932,-1.492682,-1.182545,-0.921210,-0.251589
2017,7,RS,-0.500000,-0.866025,14269.0000,1,1,7396398.8000,-0.414801,0.871141,-0.444322,-2.405200,-1.127115,-2.385640,-2.428781,-1.304984,-1.924761,-1.222416,-0.643419
2017,8,RS,-0.866025,-0.500000,14269.0000,1,1,7396398.8000,-0.137671,0.721809,-0.444322,-2.168364,-0.628206,-2.112615,-2.153475,-0.585474,-1.613030,-0.411004,-0.398525
2017,9,RS,-1.000000,-1.8369702e-16,10701.7500,1,1,5547299.1000,0.066205,0.724175,-0.444322,-1.340901,-0.098116,-0.856702,-1.321701,-0.116229,-0.351264,-0.361827,-0.349547
2017,10,RS,-0.866025,0.500000,5707.6000,1,0,2958559.5200,0.463263,0.599557,-0.444322,-1.428618,-0.285207,-1.311743,-1.412494,-0.460342,-1.835695,0.111497,-0.398525
2017,11,RS,-0.500000,0.866025,2140.3500,0,0,1109459.8200,-0.035247,0.587200,-0.444322,-1.221021,-0.534661,-1.220735,-1.230909,-0.554191,-1.494276,0.418850,0.532070
2017,12,RS,-2.4492936e-16,1.000000,1426.9000,0,0,739639.8800,0.020503,0.552759,-0.444322,-0.282450,0.743793,-0.620080,-0.290771,0.634564,-0.841126,0.314350,-0.055674
2018,1,RS,0.500000,0.866025,829.0600,0,0,498757.6000,0.009483,0.563013,-0.444322,-0.101168,0.525520,-0.438064,-0.103329,0.540715,-0.291887,0.240585,-0.300568
2018,2,RS,0.866025,0.500000,829.0600,0,0,498757.6000,-0.118224,0.605341,-0.444322,-0.326309,0.276066,-0.838500,-0.340560,0.384300,-0.648150,0.056173,-0.300568
2018,3,RS,1.000000,6.123234e-17,829.0600,0,0,498757.6000,-0.098128,0.579313,-0.444322,-0.557296,0.431975,-0.802097,-0.545575,0.321734,-0.677839,-0.447886,-0.790355
2018,4,RS,0.866025,-0.500000,1243.5900,0,0,748136.4000,-0.188236,0.696044,-0.444322,-0.513438,0.088975,-0.365257,-0.492856,-0.053663,0.153442,-0.853592,-0.496483
2018,5,RS,0.500000,-0.866025,3316.2400,1,0,1995030.4000,-0.178512,0.739950,-0.444322,-2.001702,-0.503479,-2.403842,-1.977748,-0.116229,-1.212234,-0.632298,-0.251589
2018,6,RS,1.2246468e-16,-1.000000,6217.9500,1,0,3740682.0000,-0.005427,0.767818,-0.444322,-3.399325,-0.347570,-2.949891,-3.374777,-0.460342,-1.924761,-0.798269,0.532070
2018,7,RS,-0.500000,-0.866025,8290.6000,1,0,4987576.0000,0.067178,0.767029,-0.444322,-3.033838,-0.597025,-2.458447,-2.991107,-0.741889,-1.479431,-0.085209,0.336155
2018,8,RS,-0.866025,-0.500000,8290.6000,1,0,4987576.0000,0.001056,0.784644,-0.444322,-3.162490,-1.283024,-2.767875,-3.152190,-1.336267,-1.909916,-0.134386,0.091262
2018,9,RS,-1.000000,-1.8369702e-16,6217.9500,1,0,3740682.0000,0.000407,0.666335,-0.444322,-1.691769,-0.129298,-1.639373,-1.667298,-0.116229,-0.722372,0.295909,0.140241
2018,10,RS,-0.866025,0.500000,3316.2400,1,0,1995030.4000,-0.179160,0.653979,-0.444322,-1.422770,-0.316388,-1.748582,-1.424209,-0.366493,-1.375521,0.203703,0.238198
2018,11,RS,-0.500000,0.866025,1243.5900,0,0,748136.4000,-0.057288,0.605341,-0.444322,-0.677176,0.307248,-0.965911,-0.686156,0.134035,-0.766905,0.166820,-0.251589
2018,12,RS,-2.4492936e-16,1.000000,829.0600,0,0,498757.6000,-0.277047,0.588252,-0.444322,-0.235668,0.619065,-1.220735,-0.258554,0.697130,-0.826282,0.136085,-0.251589
2019,1,RS,0.500000,0.866025,830.2000,0,0,393213.9600,-0.094886,0.587463,-0.444322,0.515774,1.336247,0.035179,0.517573,1.135092,0.643304,0.185262,0.532070
2019,2,RS,0.866025,0.500000,830.2000,0,0,393213.9600,-0.165547,0.594299,-0.444322,-0.092397,1.055611,-0.347055,-0.100400,0.978677,0.064376,-0.103650,-0.594440
2019,3,RS,1.000000,6.123234e-17,830.2000,0,0,393213.9600,-0.216111,0.662392,-0.444322,-0.557296,0.244884,-1.056920,-0.557290,0.290451,-0.484863,-0.183562,-0.006696
2019,4,RS,0.866025,-0.500000,1245.3000,0,0,589820.9400,0.295364,0.645566,-0.444322,-0.905240,0.463157,-0.911307,-0.873598,0.290451,0.094065,-0.484768,-0.496483
2019,5,RS,0.500000,-0.866025,3320.8000,1,0,1572855.8400,0.336205,0.686842,-0.444322,-1.706388,0.307248,-1.530163,-1.658511,0.290451,-0.410641,-0.546239,-0.104653
2019,6,RS,1.2246468e-16,-1.000000,6226.5000,1,0,2949104.7000,-0.256303,0.734691,-0.444322,-1.873051,-0.597025,-2.749673,-1.872312,-0.773172,-1.924761,-1.050298,-0.300568
2019,7,RS,-0.500000,-0.866025,8302.0000,1,0,3932139.6000,-0.041081,0.777020,-0.444322,-3.288217,-1.532479,-3.004496,-3.275198,-1.742946,-1.909916,-0.761386,-0.153632
2019,8,RS,-0.866025,-0.500000,8302.0000,1,0,3932139.6000,-0.218704,0.820662,-0.444322,-2.726829,-1.220661,-2.458447,-2.733374,-1.398833,-1.909916,-0.423298,-0.496483
2019,9,RS,-1.000000,-1.8369702e-16,6226.5000,1,0,2949104.7000,-0.181753,0.718128,-0.444322,-2.335026,-0.628206,-2.094414,-2.332131,-0.522908,-1.909916,-0.331092,-0.594440
2019,10,RS,-0.866025,0.500000,3320.8000,1,0,1572855.8400,0.421775,0.643988,-0.444322,-1.259032,-0.441116,-1.184331,-1.239696,-0.397776,-1.019258,0.160673,-0.202610
2019,11,RS,-0.500000,0.866025,1245.3000,0,0,589820.9400,-0.180456,0.594824,-0.444322,-0.776589,-0.222843,-1.093323,-0.782806,-0.116229,-1.256767,-0.005297,-0.594440
2019,12,RS,-2.4492936e-16,1.000000,830.2000,0,0,393213.9600,-0.410588,0.557754,-0.444322,0.009940,0.244884,-0.984113,-0.038895,0.384300,-1.613030,0.191409,-0.300568
2020,1,RS,0.500000,0.866025,910.8000,0,0,418146.9400,-0.211573,0.551707,-0.032204,0.123972,0.525520,-0.729290,0.092900,0.478149,-0.603617,0.203703,-0.104653
2020,2,RS,0.866025,0.500000,910.8000,0,0,418146.9400,-0.207035,0.613754,-0.019874,-0.025147,0.369611,-0.711088,-0.047682,0.321734,-0.752060,0.111497,-0.790355
2020,3,RS,1.000000,6.123234e-17,910.8000,0,0,418146.9400,-0.400216,0.649772,-0.088458,-0.121636,0.120157,-0.237845,-0.129688,0.290451,-0.380953,-0.195856,-0.839334
2020,4,RS,0.866025,-0.500000,1366.2000,0,0,627220.4100,-0.376230,0.701828,-0.183180,-1.302890,-0.347570,-1.202533,-1.301200,-0.491625,-1.227078,-0.103650,-0.496483
2020,5,RS,0.500000,-0.866025,3643.2000,1,0,1672587.7600,-0.047564,0.698936,-0.245616,-2.358418,-1.220661,-2.003406,-2.358490,-1.398833,-1.197390,-0.730651,-0.349547
2020,6,RS,1.2246468e-16,-1.000000,6831.0000,1,0,3136102.0500,0.286289,0.691049,-0.306408,-2.469526,-0.784115,-2.513052,-2.449282,-0.804455,-1.880228,-0.650739,-0.839334
2020,7,RS,-0.500000,-0.866025,9108.0000,1,1,4181469.4000,0.373155,0.727856,-0.278136,-3.264826,-0.908843,-2.931690,-3.254697,-0.898304,-1.909916,-0.509357,0.042283
2020,8,RS,-0.866025,-0.500000,9108.0000,1,1,4181469.4000,-0.221945,0.756250,-0.221507,-2.571862,-0.784115,-2.731472,-2.584006,-0.898304,-1.909916,-0.749092,-0.545461
2020,9,RS,-1.000000,-1.8369702e-16,6831.0000,1,0,3136102.0500,0.270082,0.703143,-0.216807,-2.346722,-0.409934,-2.403842,-2.323345,-0.303927,-1.895072,0.259026,-0.545461
2020,10,RS,-0.866025,0.500000,3643.2000,1,0,1672587.7600,-0.161657,0.644514,-0.133095,-1.615748,-0.503479,-1.493759,-1.611651,-0.522908,-1.509120,0.209850,-0.594440
2020,11,RS,-0.500000,0.866025,1366.2000,0,0,627220.4100,-0.306218,0.650561,-0.058550,-0.934479,-0.066934,-1.348146,-0.949746,-0.178795,-1.152857,0.234438,-0.839334
2020,12,RS,-2.4492936e-16,1.000000,910.8000,0,0,418146.9400,-0.090349,0.567219,-0.023645,-0.294146,0.494338,-0.547274,-0.314201,0.353017,-1.776318,0.271321,-0.496483
2021,1,RS,0.500000,0.866025,1136.0800,0,0,821309.6000,-0.057936,0.554074,-0.032021,0.068418,0.525520,-0.365257,0.078256,0.509432,-1.316144,0.074614,-0.251589
2021,2,RS,0.866025,0.500000,1136.0800,0,0,821309.6000,-0.378175,0.569059,-0.038539,-0.098244,0.369611,-0.183241,-0.112115,0.571998,-0.900504,-0.029886,-0.447504
2021,3,RS,1.000000,6.123234e-17,1136.0800,0,0,821309.6000,-0.219352,0.594824,-0.154277,-0.349700,0.276066,-0.365257,-0.343489,0.165319,-0.143444,-0.429445,-0.349547
2021,4,RS,0.866025,-0.500000,1704.1200,0,0,1231964.4000,-0.388547,0.713133,-0.165934,-0.914012,-0.752934,-1.311743,-0.914601,-0.835738,-0.796593,-0.386415,-0.888313
2021,5,RS,0.500000,-0.866025,4544.3200,1,0,3285238.4000,0.058102,0.723386,-0.243746,-2.744372,-1.002388,-2.585858,-2.733374,-1.148569,-1.880228,-0.755239,-0.398525
2021,6,RS,1.2246468e-16,-1.000000,8520.6000,1,0,6159822.0000,0.085329,0.765452,-0.322240,-3.074773,-1.407751,-2.185422,-3.032110,-1.367550,-1.895072,-0.367974,-0.496483
2021,7,RS,-0.500000,-0.866025,11360.8000,1,1,8213096.0000,-0.325018,0.802522,-0.251730,-3.305761,-1.750751,-2.986295,-3.316201,-1.680380,-1.895072,-0.792122,-0.349547
2021,8,RS,-0.866025,-0.500000,11360.8000,1,1,8213096.0000,-0.038488,0.769132,-0.237445,-2.443211,-1.283024,-2.713270,-2.437567,-1.398833,-1.479431,-0.429445,-0.643419
2021,9,RS,-1.000000,-1.8369702e-16,8520.6000,1,0,6159822.0000,0.181271,0.677115,-0.213893,-1.951996,-0.659388,-1.602969,-1.925030,-0.616757,-1.761473,0.056173,-0.447504
2021,10,RS,-0.866025,0.500000,4544.3200,1,0,3285238.4000,-0.280288,0.661340,-0.091394,-1.519259,-0.784115,-1.621171,-1.523787,-0.898304,-1.553653,0.086909,-0.398525
2021,11,RS,-0.500000,0.866025,1704.1200,0,0,1231964.4000,-0.197311,0.586411,-0.045582,-0.876001,-0.441116,-1.093323,-0.888242,-0.397776,-1.568497,0.105350,-0.153632
2021,12,RS,-2.4492936e-16,1.000000,1136.0800,0,0,821309.6000,-0.189532,0.584308,-0.015009,-0.481275,0.026611,-0.620080,-0.492856,0.040186,-0.737216,0.535644,-0.545461
2022,1,RS,0.500000,0.866025,943.5200,0,0,736258.9800,0.156637,0.541454,-0.035301,0.384199,1.180338,-0.237845,0.353561,1.260225,-0.143444,0.086909,-0.741376
2022,2,RS,0.866025,0.500000,943.5200,0,0,736258.9800,-0.381416,0.561435,-0.031403,0.085961,0.338429,-0.092232,0.078256,0.353017,-0.470019,-0.226592,-0.594440
2022,3,RS,1.000000,6.123234e-17,943.5200,0,0,736258.9800,0.122928,0.605867,-0.183414,-0.653785,0.525520,-1.220735,-0.642224,0.603281,-1.523964,-0.195856,0.091262
2022,4,RS,0.866025,-0.500000,1415.2800,0,0,1104388.4700,-0.099424,0.666335,-0.226227,-1.490020,-0.222843,-1.475558,-1.473998,-0.335210,-1.108324,-0.687622,-0.692398
2022,5,RS,0.500000,-0.866025,3774.0800,1,0,2945035.9200,0.022448,0.715236,-0.290644,-2.706361,-1.345388,-2.440245,-2.671869,-1.430116,-1.865383,-0.749092,-0.545461
2022,6,RS,1.2246468e-16,-1.000000,7076.4000,1,0,5521942.3500,-0.155174,0.743893,-0.312960,-3.449032,-1.470115,-2.731472,-3.412851,-1.649097,-1.924761,-0.915063,-0.986270
2022,7,RS,-0.500000,-0.866025,9435.2000,1,1,7362589.8000,0.010779,0.681058,-0.300580,-2.498765,-0.940024,-2.385640,-2.481499,-0.960871,-1.197390,-0.785975,-0.741376
2022,8,RS,-0.866025,-0.500000,9435.2000,1,1,7362589.8000,-0.140264,0.778071,-0.230824,-2.849632,-1.563660,-2.549455,-2.838810,-1.586531,-1.776318,-0.454033,-0.643419
2022,9,RS,-1.000000,-1.8369702e-16,7076.4000,1,0,5521942.3500,-0.238800,0.735217,-0.165759,-2.449058,-0.472297,-2.258229,-2.449282,-0.585474,-1.820850,-0.029886,-0.202610
2022,10,RS,-0.866025,0.500000,3774.0800,1,0,2945035.9200,-0.164250,0.647406,-0.137964,-1.712236,-0.784115,-1.621171,-1.708301,-0.867021,-1.286455,0.148379,-0.398525
2022,11,RS,-0.500000,0.866025,1415.2800,0,0,1104388.4700,-0.306867,0.689734,-0.028783,-1.147924,-0.222843,-1.712179,-1.163547,-0.272644,-1.627874,0.246732,-0.398525
2022,12,RS,-2.4492936e-16,1.000000,943.5200,0,0,736258.9800,-0.269916,0.553285,-0.001491,-0.241515,0.057793,-0.601878,-0.264412,0.040186,-0.989569,0.332791,-0.643419
2023,1,RS,0.500000,0.866025,799.2200,0,0,664884.3800,-0.303625,0.559069,-0.013075,0.346188,0.120157,-0.001224,0.312558,0.290451,-0.588773,0.074614,-0.545461
2023,2,RS,0.866025,0.500000,799.2200,0,0,664884.3800,-0.098776,0.568796,-0.063624,-0.048538,0.369611,-1.166130,-0.068183,0.227885,-1.345833,-0.343386,-0.888313
2023,3,RS,1.000000,6.123234e-17,799.2200,0,0,664884.3800,-0.184994,0.606392,-0.133346,0.161982,0.400793,-0.183241,0.151475,0.665847,-0.158288,-0.349533,-0.741376
2023,4,RS,0.866025,-0.500000,1198.8300,0,0,997326.5700,-0.361968,0.660551,-0.201316,-1.256108,-0.597025,-1.530163,-1.242624,-0.554191,-1.479431,-0.497063,-0.447504
2023,5,RS,0.500000,-0.866025,3196.8800,1,0,2659537.5200,0.002676,0.730748,-0.251342,-1.911061,0.120157,-1.566566,-1.892814,0.008903,-0.826282,-1.105622,-0.790355
2023,6,RS,1.2246468e-16,-1.000000,5994.1500,1,0,4986632.8500,0.326481,0.756776,-0.294726,-2.516308,-1.158297,-2.458447,-2.499071,-1.211135,-1.761473,-0.915063,0.042283
2023,7,RS,-0.500000,-0.866025,7992.2000,1,0,6648843.8000,0.207201,0.766766,-0.280628,-2.758992,-1.470115,-2.531253,-2.739231,-1.492682,-1.494276,-0.601563,-0.153632
2023,8,RS,-0.866025,-0.500000,7992.2000,1,0,6648843.8000,-0.226483,0.693152,-0.189886,-2.396428,-0.628206,-2.695068,-2.408279,-0.804455,-1.924761,-0.669180,-0.104653
2023,9,RS,-1.000000,-1.8369702e-16,5994.1500,1,0,4986632.8500,0.803598,0.629791,-0.263523,-1.925681,-0.254025,-1.912397,-1.898671,-0.210078,-1.583342,0.172967,-0.300568
2023,10,RS,-0.866025,0.500000,3196.8800,1,0,2659537.5200,-0.119196,0.619538,-0.174331,-1.735627,-0.597025,-1.784986,-1.717087,-0.616757,-0.989569,-0.011444,-0.545461
2023,11,RS,-0.500000,0.866025,1198.8300,0,0,997326.5700,0.640237,0.560383,-0.139106,-1.051435,-0.160479,-1.475558,-1.034681,-0.053663,-1.405210,0.215997,-0.398525
2023,12,RS,-2.4492936e-16,1.000000,799.2200,0,0,664884.3800,-0.180456,0.572477,-0.052615,-0.115788,1.149156,-0.565475,-0.117973,1.135092,-0.336420,0.142232,-0.692398
2007,7,RO,-0.500000,-0.866025,31872.2000,1,1,20576931.6000,-0.414477,0.474675,-0.126781,0.074265,0.494338,-0.620080,0.022609,0.415583,-0.707528,-1.025710,-0.104653
2007,8,RO,-0.866025,-0.500000,31872.2000,1,1,20576931.6000,-0.463097,0.445230,-0.107042,0.486535,0.213702,-0.274249,0.403350,0.634564,-0.885659,-1.013416,-0.594440
2007,9,RO,-1.000000,-1.8369702e-16,23904.1500,1,1,15432698.7000,-0.337983,0.444178,-0.126542,0.705827,0.338429,-0.019426,0.649368,0.227885,-0.187977,-1.031857,0.140241
2007,10,RO,-0.866025,0.500000,12748.8800,1,1,8230772.6400,0.111583,0.398958,-0.110220,0.425133,0.650247,0.326406,0.397493,0.509432,0.242508,-0.859739,1.560623
2007,11,RO,-0.500000,0.866025,4780.8300,1,0,3086539.7400,0.245773,0.370301,-0.139387,0.346188,0.837338,0.381011,0.344775,0.884828,0.732370,-0.890475,1.266751
2007,12,RO,-2.4492936e-16,1.000000,3187.2200,1,0,2057693.1600,0.451594,0.381869,-0.126444,0.290634,0.681429,0.399212,0.297914,0.603281,0.955035,-0.847445,1.021857
2008,1,RO,0.500000,0.866025,2522.1000,1,0,1523333.5200,0.852866,0.402376,-0.167642,0.126896,0.587884,0.472019,0.163190,0.415583,1.029256,-1.019563,0.042283
2008,2,RO,0.866025,0.500000,2522.1000,1,0,1523333.5200,0.360514,0.428141,-0.171076,0.088885,0.525520,0.399212,0.116330,0.603281,1.044101,0.314350,0.238198
2008,3,RO,1.000000,6.123234e-17,2522.1000,1,0,1523333.5200,0.552398,0.422357,-0.186154,0.065494,0.619065,0.490221,0.101686,0.603281,0.999568,2.189205,-1.926661
2008,4,RO,0.866025,-0.500000,3783.1500,1,0,2285000.2800,0.359542,0.400798,-0.152846,0.208765,0.806156,0.417414,0.221766,0.728413,0.984723,1.814234,-1.867887
2008,5,RO,0.500000,-0.866025,10088.4000,1,1,6093334.0800,0.142376,0.461793,-0.174902,-0.036843,0.681429,-0.365257,-0.024252,0.728413,0.123754,1.439263,-1.804215
2008,6,RO,1.2246468e-16,-1.000000,18915.7500,1,1,11425001.4000,-0.454345,0.488084,-0.150021,-0.136255,0.369611,-0.310652,-0.147260,0.384300,0.197975,1.070439,-1.740542
2008,7,RO,-0.500000,-0.866025,25221.0000,1,1,15233335.2000,-0.446890,0.469943,-0.110949,0.252623,0.338429,-0.638282,0.171977,0.165319,-0.603617,0.695468,-1.676870
2008,8,RO,-0.866025,-0.500000,25221.0000,1,1,15233335.2000,-0.369099,0.411577,-0.122124,0.667817,0.525520,-0.165039,0.579077,0.571998,-0.989569,0.179115,-0.398525
2008,9,RO,-1.000000,-1.8369702e-16,18915.7500,1,1,11425001.4000,-0.218704,0.440497,-0.126188,0.594719,0.307248,0.217196,0.546861,0.259168,0.034688,-0.884328,0.385134
2008,10,RO,-0.866025,0.500000,10088.4000,1,1,6093334.0800,-0.001862,0.418150,-0.099454,0.585948,0.494338,0.508422,0.564433,0.478149,0.346418,-0.798269,0.874921
2008,11,RO,-0.500000,0.866025,3783.1500,1,0,2285000.2800,0.537813,0.378977,-0.189532,0.346188,0.962065,0.453817,0.347704,1.041243,0.687837,-1.111769,0.727985
2008,12,RO,-2.4492936e-16,1.000000,2522.1000,1,0,1523333.5200,0.451918,0.385812,-0.202339,0.179526,0.743793,0.490221,0.204193,0.665847,0.925346,-1.013416,0.189219
2009,1,RO,0.500000,0.866025,1919.3400,0,0,1283864.7000,0.517068,0.418413,-0.191867,0.238004,0.837338,0.544825,0.259840,0.884828,1.014412,-1.025710,0.189219
2009,2,RO,0.866025,0.500000,1919.3400,0,0,1283864.7000,1.012337,0.405531,-0.217425,0.126896,0.681429,0.599430,0.154404,0.603281,1.058945,-1.099475,0.042283
2009,3,RO,1.000000,6.123234e-17,1919.3400,0,0,1283864.7000,0.603611,0.405531,-0.194504,0.208765,0.743793,0.490221,0.227624,0.759696,0.955035,-1.234710,1.021857
2009,4,RO,0.866025,-0.500000,2879.0100,1,0,1925797.0500,0.627920,0.436554,-0.206403,0.232156,0.681429,0.490221,0.253983,0.790979,0.984723,-1.216269,-0.594440
2009,5,RO,0.500000,-0.866025,7677.3600,1,0,5135458.8000,0.090515,0.447859,-0.198692,0.197069,0.587884,0.435616,0.201265,0.790979,1.044101,-1.339210,-0.104653
2009,6,RO,1.2246468e-16,-1.000000,14395.0500,1,1,9628985.2500,-0.183698,0.483877,-0.198845,0.030407,0.743793,-0.256047,0.037253,0.728413,0.465173,-0.693769,6.262580
2009,7,RO,-0.500000,-0.866025,19193.4000,1,1,12838647.0000,-0.365534,0.469154,-0.150924,0.144439,0.431975,-0.419862,0.107544,0.321734,0.287041,-0.497063,6.164623
2009,8,RO,-0.866025,-0.500000,19193.4000,1,1,12838647.0000,-0.232317,0.436291,-0.147431,0.442677,0.650247,-0.128636,0.382849,0.571998,0.094065,-0.859739,2.393262
2009,9,RO,-1.000000,-1.8369702e-16,14395.0500,1,1,9628985.2500,-0.040433,0.441286,-0.099978,0.562556,0.587884,-0.237845,0.508787,2.886942,0.183131,-0.466327,6.997261
2009,10,RO,-0.866025,0.500000,7677.3600,1,0,5135458.8000,0.259062,0.381343,-0.079068,0.667817,0.899702,0.381011,0.640582,0.884828,0.376107,-0.958092,0.091262
2009,11,RO,-0.500000,0.866025,2879.0100,1,0,1925797.0500,0.439926,0.353212,-0.135860,0.498231,0.868520,0.472019,0.526359,0.916111,1.014412,-0.964239,1.119815
2009,12,RO,-2.4492936e-16,1.000000,1919.3400,0,0,1283864.7000,0.456132,0.402113,-0.192480,0.276014,0.743793,0.635834,0.333060,0.540715,1.044101,-1.087181,0.091262
2010,1,RO,0.500000,0.866025,4114.9200,1,0,2607302.6400,-0.414477,0.408948,-0.174310,0.337416,1.055611,0.672237,0.391635,0.916111,1.014412,0.111497,0.140241
2010,2,RO,0.866025,0.500000,4114.9200,1,0,2607302.6400,0.003649,0.392122,-0.170710,0.489459,0.962065,0.654035,0.532217,0.853545,1.088634,1.457704,-2.357674
2010,3,RO,1.000000,6.123234e-17,4114.9200,1,0,2607302.6400,1.192552,0.407371,-0.159075,0.542089,0.962065,0.672237,0.576149,1.041243,1.014412,1.174939,-2.362572
2010,4,RO,0.866025,-0.500000,6172.3800,1,0,3910953.9600,-0.258247,0.425512,-0.145735,0.588872,1.211520,0.290002,0.611294,1.228942,0.509706,0.886027,-2.367470
2010,5,RO,0.500000,-0.866025,16459.6800,1,1,10429210.5600,-0.196663,0.447596,-0.167046,0.325721,0.993247,-0.601878,0.350632,0.978677,-0.440330,0.597115,-2.372368
2010,6,RO,1.2246468e-16,-1.000000,30861.9000,1,1,19554769.8000,-0.382713,0.484929,-0.144133,0.401742,0.681429,0.071583,0.394564,0.790979,-0.128600,0.308203,-2.377266
2010,7,RO,-0.500000,-0.866025,41149.2000,1,1,26073026.4000,-0.476062,0.479671,-0.141160,0.170754,0.307248,-1.038718,0.136831,0.134035,-0.544240,0.019291,-2.382163
2010,8,RO,-0.866025,-0.500000,41149.2000,1,1,26073026.4000,-0.404753,0.457323,-0.079972,0.808164,0.276066,-0.729290,0.681585,0.728413,-1.004414,-0.269621,-2.387061
2010,9,RO,-1.000000,-1.8369702e-16,30861.9000,1,1,19554769.8000,-0.417719,0.406319,0.165684,1.773050,0.151339,0.381011,1.569005,0.071469,0.004999,-0.558533,-2.391959
2010,10,RO,-0.866025,0.500000,16459.6800,1,1,10429210.5600,-0.475413,0.407634,0.401808,1.539138,0.244884,0.763245,1.293700,0.321734,0.613616,-0.847445,-2.396857
2010,11,RO,-0.500000,0.866025,6172.3800,1,0,3910953.9600,-0.416098,0.382395,0.390450,1.229205,0.650247,1.036270,1.085756,0.665847,0.857062,-1.136357,-2.401755
2010,12,RO,-2.4492936e-16,1.000000,4114.9200,1,0,2607302.6400,0.305736,0.358207,-0.125392,0.337416,1.336247,0.162591,0.321345,0.978677,0.865969,-0.994975,1.364709
2011,1,RO,0.500000,0.866025,3084.4800,1,0,1947423.5400,0.536516,0.380028,-0.168205,0.159059,0.587884,0.362809,0.180763,0.634564,0.910502,-0.589269,-0.790355
2011,2,RO,0.866025,0.500000,3084.4800,1,0,1947423.5400,0.570225,0.408948,-0.173070,0.085961,0.525520,0.326406,0.107544,0.634564,0.969879,-1.216269,-0.790355
2011,3,RO,1.000000,6.123234e-17,3084.4800,1,0,1947423.5400,0.607824,0.394226,-0.171941,0.238004,0.650247,0.381011,0.251054,0.540715,0.880813,-1.160946,-1.740542
2011,4,RO,0.866025,-0.500000,4626.7200,1,0,2921135.3100,0.212387,0.421042,-0.163267,0.299406,0.587884,0.490221,0.300843,0.603281,1.029256,-1.105622,-1.769929
2011,5,RO,0.500000,-0.866025,12337.9200,1,1,7789694.1600,-0.261489,0.439972,-0.147686,0.278938,0.650247,0.089784,0.280342,0.759696,0.465173,-1.050298,-1.799317
2011,6,RO,1.2246468e-16,-1.000000,23133.6000,1,1,14605676.5500,-0.476062,0.431296,-0.295953,-1.156696,-0.927552,0.098885,-1.154761,-1.098516,0.809561,-0.994975,-1.828704
2011,7,RO,-0.500000,-0.866025,30844.8000,1,1,19474235.4000,-0.476062,0.433925,-0.101512,-0.452036,-0.631325,0.535725,-0.519215,-0.763787,0.925346,-0.939651,-1.853193
2011,8,RO,-0.866025,-0.500000,30844.8000,1,1,19474235.4000,-0.476062,0.436817,0.096115,0.267243,-0.335098,0.985305,0.128045,-0.425931,1.044101,-0.884328,-1.882580
2011,9,RO,-1.000000,-1.8369702e-16,23133.6000,1,1,14605676.5500,-0.476062,0.439446,0.290552,0.971902,-0.051343,1.436706,0.766519,-0.103716,1.162855,-0.829004,-1.911968
2011,10,RO,-0.866025,0.500000,12337.9200,1,1,7789694.1600,-0.409291,0.431558,0.393296,1.585921,0.307248,1.618723,1.317130,0.227885,1.162855,-0.767533,-1.329121
2011,11,RO,-0.500000,0.866025,4626.7200,1,0,2921135.3100,-0.184022,0.371615,-0.144943,0.451448,0.681429,0.435616,0.456069,0.916111,0.984723,-0.976534,1.070836
2011,12,RO,-2.4492936e-16,1.000000,3084.4800,1,0,1947423.5400,0.950104,0.387916,-0.174608,0.255547,0.463157,0.544825,0.271555,0.665847,0.940190,-1.136357,-0.202610
2012,1,RO,0.500000,0.866025,3221.7600,1,0,2141524.8600,0.621438,0.412629,-0.179231,0.129820,0.587884,0.490221,0.142689,0.790979,1.014412,-0.896622,0.434113
2012,2,RO,0.866025,0.500000,3221.7600,1,0,2141524.8600,1.085590,0.410526,-0.186669,0.050874,0.556702,0.381011,0.078256,0.509432,0.851125,-1.038004,-2.029517
2012,3,RO,1.000000,6.123234e-17,3221.7600,1,0,2141524.8600,0.910560,0.436291,-0.145313,0.129820,0.556702,0.399212,0.136831,0.540715,0.821436,-1.154798,-2.054006
2012,4,RO,0.866025,-0.500000,4832.6400,1,0,3212287.2900,-0.021633,0.426826,-0.155743,0.264319,0.837338,0.453817,0.259840,0.634564,0.895658,-1.265446,-2.083393
2012,5,RO,0.500000,-0.866025,12887.0400,1,1,8566099.4400,-0.044971,0.453117,-0.146127,0.235080,0.525520,0.144389,0.212980,0.603281,0.658149,-1.382240,-2.107883
2012,6,RO,1.2246468e-16,-1.000000,24163.2000,1,1,16061436.4500,-0.195366,0.484140,-0.144683,0.115200,0.899702,-0.419862,0.084113,0.697130,0.257352,-1.499034,-1.671972
2012,7,RO,-0.500000,-0.866025,32217.6000,1,1,21415248.6000,-0.455966,0.481511,-0.106561,-0.007604,0.182520,-0.565475,-0.074041,0.071469,-0.217665,-1.357652,-0.398525
2012,8,RO,-0.866025,-0.500000,32217.6000,1,1,21415248.6000,-0.423553,0.468891,-0.100750,0.378351,0.244884,-0.474467,0.268627,0.227885,-0.603617,-1.173240,-0.692398
2012,9,RO,-1.000000,-1.8369702e-16,24163.2000,1,1,16061436.4500,-0.127948,0.446281,-0.103229,0.711675,0.307248,0.180792,0.628867,0.571998,0.257352,-0.878181,2.197347
2012,10,RO,-0.866025,0.500000,12887.0400,1,1,8566099.4400,0.027634,0.359522,-0.111891,0.559633,0.806156,0.399212,0.535146,0.759696,0.613616,-1.031857,-0.055674
2012,11,RO,-0.500000,0.866025,4832.6400,1,0,3212287.2900,0.564391,0.340066,-0.149625,0.515774,0.743793,0.526624,0.511715,0.665847,0.836280,-0.958092,-0.006696
2012,12,RO,-2.4492936e-16,1.000000,3221.7600,1,0,2141524.8600,1.776502,0.335597,-0.353247,0.065494,0.494338,0.581229,-0.091613,0.540715,0.955035,-1.345357,-0.741376
2013,1,RO,0.500000,0.866025,1578.4200,0,0,1017810.1200,0.434416,0.260405,-0.416442,0.556709,0.319720,0.843333,-0.261483,-0.169410,1.376613,-1.087181,-2.308695
2013,2,RO,0.866025,0.500000,1578.4200,0,0,1017810.1200,0.775204,0.083205,-0.202820,0.316949,1.024429,0.508422,0.145618,1.197658,1.014412,-1.013416,1.217772
2013,3,RO,1.000000,6.123234e-17,1578.4200,0,0,1017810.1200,0.330467,0.120801,-0.084083,0.527470,0.650247,0.544825,0.532217,0.603281,1.044101,-1.025710,0.189219
2013,4,RO,0.866025,-0.500000,2367.6300,1,0,1526715.1800,0.348748,0.216763,-0.096510,0.390046,0.806156,0.435616,0.397493,0.728413,0.910502,-0.994975,0.972879
2013,5,RO,0.500000,-0.866025,6313.6800,1,0,4071240.4800,0.044489,0.173646,-0.166632,0.258471,0.774974,0.381011,0.259840,0.634564,1.058945,-1.302328,-0.251589
2013,6,RO,1.2246468e-16,-1.000000,11838.1500,1,1,7633575.9000,-0.255006,0.131580,-0.151248,0.276014,0.619065,0.344607,0.251054,0.571998,0.717526,2.441234,2.246325
2013,7,RO,-0.500000,-0.866025,15784.2000,1,1,10178101.2000,-0.206387,0.172857,-0.134833,-0.101168,0.494338,-1.038718,-0.138474,0.603281,-0.395797,10.407830,-0.667908
2013,8,RO,-0.866025,-0.500000,15784.2000,1,1,10178101.2000,-0.362617,0.274339,-0.096587,0.085961,0.463157,-0.692887,0.016751,0.384300,-0.870815,8.207181,-0.986270
2013,9,RO,-1.000000,-1.8369702e-16,11838.1500,1,1,7633575.9000,-0.105259,0.013272,-0.095799,0.468992,0.525520,-0.074031,0.420923,0.446866,-0.039534,6.037267,-1.304632
2013,10,RO,-0.866025,0.500000,6313.6800,1,0,4071240.4800,0.603967,-0.657144,-0.213143,0.194145,0.587884,0.453817,0.201265,0.478149,0.791747,3.873500,-1.613198
2013,11,RO,-0.500000,0.866025,2367.6300,1,0,1526715.1800,6.724812,-1.424573,0.028456,1.047924,-0.035752,1.336597,1.126759,0.002647,1.287547,1.703587,-1.931559
2013,12,RO,-2.4492936e-16,1.000000,1578.4200,0,0,1017810.1200,1.378861,-0.898757,-0.117991,0.480687,0.743793,0.544825,0.476570,0.916111,0.895658,-0.361827,-0.055674
2014,1,RO,0.500000,0.866025,3841.9000,1,0,2483677.3200,0.858052,-0.646102,-0.149220,0.185374,0.650247,0.453817,0.201265,0.759696,0.984723,-0.976534,1.021857
2014,2,RO,0.866025,0.500000,3841.9000,1,0,2483677.3200,0.299254,-0.566967,-0.183840,0.150287,0.619065,0.453817,0.171977,0.665847,1.058945,-1.007269,-0.300568
2014,3,RO,1.000000,6.123234e-17,3841.9000,1,0,2483677.3200,0.289530,-0.479418,-0.171298,0.252623,0.712611,0.563027,0.271555,0.603281,0.910502,-0.982681,0.483092
2014,4,RO,0.866025,-0.500000,5762.8500,1,0,3725515.9800,-0.083866,-0.363739,-0.168848,0.240928,0.743793,0.490221,0.245196,0.665847,1.014412,-1.277740,0.581049
2014,5,RO,0.500000,-0.866025,15367.6000,1,1,9934709.2800,0.349170,-0.240960,-0.156706,0.194145,0.681429,-0.256047,0.198336,0.759696,0.494861,-1.160946,-0.349547
2014,6,RO,1.2246468e-16,-1.000000,28814.2500,1,1,18627579.9000,-0.362617,0.023262,-0.115461,0.214613,0.681429,-0.383459,0.192478,0.603281,0.212819,-1.320769,-0.692398
2014,7,RO,-0.500000,-0.866025,38419.0000,1,1,24836773.2000,-0.382713,0.285382,-0.153268,0.027483,0.587884,-0.201442,-0.018394,0.384300,0.450328,-1.203975,-0.251589
2014,8,RO,-0.866025,-0.500000,38419.0000,1,1,24836773.2000,-0.252413,0.362151,-0.109253,0.390046,0.525520,-0.383459,0.312558,0.446866,-0.677839,-1.210122,-0.349547
2014,9,RO,-1.000000,-1.8369702e-16,28814.2500,1,1,18627579.9000,-0.086459,0.349531,-0.095744,0.676588,0.400793,0.435616,0.617152,0.665847,0.197975,-1.019563,0.042283
2014,10,RO,-0.866025,0.500000,15367.6000,1,1,9934709.2800,0.721918,0.058229,-0.103272,0.398818,2.178155,0.271801,0.376991,2.448980,0.153442,-0.964239,0.727985
2014,11,RO,-0.500000,0.866025,5762.8500,1,0,3725515.9800,0.089867,-0.226238,-0.162530,0.401742,1.866337,0.635834,0.400422,1.917168,0.554238,-1.007269,-0.251589
2014,12,RO,-2.4492936e-16,1.000000,3841.9000,1,0,2483677.3200,-0.122762,-0.220979,0.213954,0.778925,1.741610,0.672237,0.599579,1.948451,0.717526,-0.552386,-0.594440
2015,1,RO,0.500000,0.866025,3266.4400,1,0,2184827.0400,-0.476062,0.123430,0.581866,1.451421,1.149156,1.871726,1.381563,1.316534,1.783347,0.191409,-1.853193
2015,2,RO,0.866025,0.500000,3266.4400,1,0,2184827.0400,0.033468,0.111599,0.102655,0.717523,1.554519,0.490221,0.769448,1.573055,0.865969,-0.423298,0.679006
2015,3,RO,1.000000,6.123234e-17,3266.4400,1,0,2184827.0400,0.828880,-0.128962,-0.197665,0.270167,1.741610,0.635834,0.312558,1.604338,0.732370,-1.001122,0.189219
2015,4,RO,0.866025,-0.500000,4899.6600,1,0,3277240.5600,0.498917,-0.105563,-0.192911,0.378351,1.616883,0.617632,0.417994,1.541772,0.865969,-1.326916,-0.006696
2015,5,RO,0.500000,-0.866025,13065.7600,1,1,8739308.1600,0.184512,0.022211,-0.201508,0.290634,1.616883,0.544825,0.324273,1.479206,0.880813,-1.271593,-0.496483
2015,6,RO,1.2246468e-16,-1.000000,24498.3000,1,1,16386202.8000,-0.458883,0.258565,-0.148100,0.316949,1.679247,-0.219644,0.294986,1.510489,0.183131,-1.333063,-0.986270
2015,7,RO,-0.500000,-0.866025,32664.4000,1,1,21848270.4000,-0.421608,0.405268,-0.140218,0.430981,1.554519,0.162591,0.382849,1.573055,-0.187977,-1.130210,-0.300568
2015,8,RO,-0.866025,-0.500000,32664.4000,1,1,21848270.4000,-0.469579,0.429981,-0.072631,1.302303,1.710428,0.290002,1.205836,1.666904,-0.544240,-0.620004,-0.055674
2015,9,RO,-1.000000,-1.8369702e-16,24498.3000,1,1,16386202.8000,-0.321777,0.400009,-0.084177,1.074239,1.585701,0.453817,0.968605,2.480263,-0.069222,-0.884328,-0.153632
2015,10,RO,-0.866025,0.500000,13065.7600,1,1,8739308.1600,0.005269,0.370827,-0.082758,0.825707,0.556702,0.381011,0.772377,0.478149,0.420640,-0.829004,1.707560
2015,11,RO,-0.500000,0.866025,4899.6600,1,0,3277240.5600,0.001056,0.305363,-0.096821,0.843251,0.993247,0.472019,0.813380,0.822262,0.672993,-0.896622,0.287177
2015,12,RO,-2.4492936e-16,1.000000,3266.4400,1,0,2184827.0400,0.527440,0.279598,-0.130338,0.565480,0.930883,0.599430,0.558576,0.759696,0.598771,-1.124063,0.140241
2016,1,RO,0.500000,0.866025,5294.7000,1,0,3511857.2200,0.286613,0.154190,-0.144253,0.626882,0.837338,0.726842,0.640582,0.790979,1.103478,-0.859739,0.238198
2016,2,RO,0.866025,0.500000,5294.7000,1,0,3511857.2200,0.212712,0.105289,-0.118635,0.661969,1.055611,0.726842,0.661083,0.947394,1.014412,-1.099475,-0.643419
2016,3,RO,1.000000,6.123234e-17,5294.7000,1,0,3511857.2200,0.891761,0.052708,-0.174987,0.483611,1.180338,0.654035,0.497071,1.072526,1.118322,-1.074887,-0.447504
2016,4,RO,0.866025,-0.500000,7942.0500,1,0,5267785.8300,0.352087,0.050342,-0.141862,0.492383,1.086792,-0.292450,0.491214,0.947394,0.168287,-1.068740,-0.251589
2016,5,RO,0.500000,-0.866025,21178.8000,1,1,14047428.8800,-0.059232,0.231748,-0.146468,0.311101,0.774974,-0.037627,0.300843,0.697130,0.405795,-1.326916,0.238198
2016,6,RO,1.2246468e-16,-1.000000,39710.2500,1,1,26338929.1500,-0.352245,0.346902,-0.135578,0.074265,0.712611,-0.274249,0.051897,0.697130,-0.217665,-1.302328,-0.888313
2016,7,RO,-0.500000,-0.866025,52947.0000,1,1,35118572.2000,-0.473469,0.461267,-0.091496,0.390046,0.213702,-0.183241,0.309630,0.165319,-0.885659,-1.283887,-0.741376
2016,8,RO,-0.866025,-0.500000,52947.0000,1,1,35118572.2000,-0.176567,0.449173,-0.133742,0.471916,0.837338,-0.529072,0.420923,0.697130,-0.930192,-0.994975,-0.349547
2016,9,RO,-1.000000,-1.8369702e-16,39710.2500,1,1,26338929.1500,-0.048212,0.435239,-0.099659,0.430981,0.806156,-0.638282,0.382849,0.634564,0.138598,-0.896622,1.168794
2016,10,RO,-0.866025,0.500000,21178.8000,1,1,14047428.8800,0.129735,0.328236,-0.090895,0.688284,0.587884,0.635834,0.655226,0.634564,0.554238,-1.013416,-0.496483
2016,11,RO,-0.500000,0.866025,7942.0500,1,0,5267785.8300,0.031200,0.234114,-0.131510,0.542089,0.868520,0.490221,0.538074,0.759696,0.925346,-0.939651,0.336155
2016,12,RO,-2.4492936e-16,1.000000,5294.7000,1,0,3511857.2200,0.282723,0.236744,-0.175430,0.340340,0.806156,0.453817,0.350632,0.697130,0.925346,-0.951945,-0.545461
2017,1,RO,0.500000,0.866025,5638.1000,1,0,3757370.9200,0.595507,0.238321,-0.154733,0.255547,0.681429,0.472019,0.259840,0.665847,0.747214,-1.019563,0.336155
2017,2,RO,0.866025,0.500000,5638.1000,1,0,3757370.9200,0.965986,0.185214,-0.176487,0.226308,0.587884,0.581229,0.245196,0.759696,0.910502,-1.001122,0.238198
2017,3,RO,1.000000,6.123234e-17,5638.1000,1,0,3757370.9200,0.632458,0.172594,-0.210532,0.334492,0.774974,0.508422,0.359419,0.728413,0.895658,-1.081034,-0.104653
2017,4,RO,0.866025,-0.500000,8457.1500,1,0,5636056.3800,-0.026171,0.223072,-0.146323,0.360807,0.681429,0.526624,0.362348,0.665847,0.969879,-1.074887,-0.447504
2017,5,RO,0.500000,-0.866025,22552.4000,1,1,15029483.6800,-0.075439,0.269344,-0.140337,0.515774,0.806156,0.635834,0.505858,0.665847,0.955035,-1.259299,-0.251589
2017,6,RO,1.2246468e-16,-1.000000,42285.7500,1,1,28180281.9000,-0.450131,0.374507,-0.099054,0.363731,0.525520,-0.146837,0.218837,0.540715,-0.247354,-1.234710,-0.839334
2017,7,RO,-0.500000,-0.866025,56381.0000,1,1,37573709.2000,-0.476062,0.505699,0.068721,1.319846,-0.409934,0.526624,1.161905,-0.429059,-0.811438,-0.331092,-0.741376
2017,8,RO,-0.866025,-0.500000,56381.0000,1,1,37573709.2000,-0.405402,0.425249,-0.054469,1.632703,0.650247,0.271801,1.554361,0.540715,-0.440330,-0.146680,-0.153632
2017,9,RO,-1.000000,-1.8369702e-16,42285.7500,1,1,28180281.9000,0.515448,0.402376,-0.132890,0.816936,0.494338,0.362809,0.766519,0.384300,-0.559084,-0.872034,1.168794
2017,10,RO,-0.866025,0.500000,22552.4000,1,1,15029483.6800,-0.198284,0.335597,-0.095075,0.632730,0.494338,0.326406,0.584935,0.540715,0.658149,-0.632298,2.050411
2017,11,RO,-0.500000,0.866025,8457.1500,1,0,5636056.3800,0.052592,0.250678,-0.135975,0.524546,0.587884,0.654035,0.497071,0.728413,0.851125,-1.007269,0.140241
2017,12,RO,-2.4492936e-16,1.000000,5638.1000,1,0,3757370.9200,0.440574,0.232274,-0.181305,0.325721,0.837338,0.654035,0.341846,0.634564,0.969879,-0.822857,0.385134
2018,1,RO,0.500000,0.866025,3810.8200,1,0,2588417.4000,0.959828,0.202303,-0.163263,0.293558,0.494338,0.544825,0.300843,0.571998,0.851125,-0.884328,-0.398525
2018,2,RO,0.866025,0.500000,3810.8200,1,0,2588417.4000,0.705063,0.192575,-0.206088,0.229232,0.556702,0.490221,0.262769,0.634564,0.836280,-0.644592,-0.153632
2018,3,RO,1.000000,6.123234e-17,3810.8200,1,0,2588417.4000,0.494379,0.207035,-0.154414,0.352036,0.806156,0.581229,0.365276,0.759696,0.969879,-0.970387,0.630028
2018,4,RO,0.866025,-0.500000,5716.2300,1,0,3882626.1000,0.295364,0.243316,-0.163799,0.319873,0.587884,0.635834,0.335989,0.540715,0.910502,-1.167093,-0.006696
2018,5,RO,0.500000,-0.866025,15243.2800,1,1,10353669.6000,-0.216759,0.327447,-0.151742,0.314025,0.681429,0.271801,0.309630,0.853545,0.806592,-1.253152,-0.055674
2018,6,RO,1.2246468e-16,-1.000000,28581.1500,1,1,19413130.5000,-0.468931,0.469154,-0.124263,-0.095321,0.338429,-0.401660,-0.115044,0.290451,-0.291887,-1.031857,-0.692398
2018,7,RO,-0.500000,-0.866025,38108.2000,1,1,25884174.0000,-0.441704,0.477567,0.014989,1.045000,0.213702,-0.201442,0.760662,0.165319,-0.232510,-0.589269,0.042283
2018,8,RO,-0.866025,-0.500000,38108.2000,1,1,25884174.0000,-0.227131,0.483088,-0.029226,0.764305,0.400793,-0.237845,0.625938,0.227885,-0.158288,-0.626151,1.217772
2018,9,RO,-1.000000,-1.8369702e-16,28581.1500,1,1,19413130.5000,0.035413,0.412366,-0.053791,0.913424,0.369611,0.290002,0.813380,0.321734,-0.662995,-0.755239,0.727985
2018,10,RO,-0.866025,0.500000,15243.2800,1,1,10353669.6000,-0.100073,0.396066,-0.127684,0.626882,0.743793,0.544825,0.614223,0.790979,0.509706,-0.988828,0.679006
2018,11,RO,-0.500000,0.866025,5716.2300,1,0,3882626.1000,0.182568,0.382920,-0.139298,0.565480,0.712611,0.672237,0.570291,0.759696,0.732370,-0.908916,0.434113
2018,12,RO,-2.4492936e-16,1.000000,3810.8200,1,0,2588417.4000,0.595507,0.441286,-0.170684,0.308177,0.556702,0.435616,0.324273,0.697130,0.955035,-0.878181,0.336155
2019,1,RO,0.500000,0.866025,3767.9000,1,0,2515120.4600,0.578004,0.451277,-0.178195,0.267243,0.525520,0.526624,0.286199,0.571998,0.984723,-0.933504,0.042283
2019,2,RO,0.866025,0.500000,3767.9000,1,0,2515120.4600,0.723214,0.434976,-0.179043,0.299406,0.681429,0.581229,0.318416,0.665847,0.910502,-1.947770,-1.720951
2019,3,RO,1.000000,6.123234e-17,3767.9000,1,0,2515120.4600,0.480766,0.435239,-0.157575,0.433905,0.681429,0.599430,0.447282,0.759696,0.999568,-1.923182,-2.377266
2019,4,RO,0.866025,-0.500000,5651.8500,1,0,3772680.6900,0.052268,0.433399,-0.178843,0.439753,0.650247,0.435616,0.453140,0.853545,0.969879,-1.892446,-2.357674
2019,5,RO,0.500000,-0.866025,15071.6000,1,1,10060481.8400,-0.196663,0.445755,-0.170211,0.401742,0.837338,0.198994,0.406279,0.728413,0.420640,-1.855564,-2.342980
2019,6,RO,1.2246468e-16,-1.000000,28259.2500,1,1,18863403.4500,-0.436518,0.482037,-0.148338,0.433905,0.587884,0.180792,0.417994,0.540715,0.331574,-1.818681,-2.323389
2019,7,RO,-0.500000,-0.866025,37679.0000,1,1,25151204.6000,-0.476062,0.488347,-0.130087,0.360807,0.057793,-0.456265,0.297914,-0.053663,-0.113755,-1.787946,-2.308695
2019,8,RO,-0.866025,-0.500000,37679.0000,1,1,25151204.6000,-0.475413,0.498337,-0.131957,0.527470,0.182520,-1.020516,0.456069,0.227885,-1.880228,-1.751064,-2.294002
2019,9,RO,-1.000000,-1.8369702e-16,28259.2500,1,1,18863403.4500,-0.474765,0.410526,-0.217506,0.825707,0.276066,0.435616,0.810451,0.227885,0.197975,-1.720328,-2.274410
2019,10,RO,-0.866025,0.500000,15071.6000,1,1,10060481.8400,-0.476062,0.376874,-0.453865,0.217536,-0.160479,1.258330,0.321345,-0.272644,1.373644,-1.683446,-2.259717
2019,11,RO,-0.500000,0.866025,5651.8500,1,0,3772680.6900,-0.476062,0.376085,-0.453865,0.232156,-0.138652,1.267431,0.335989,-0.250746,1.381066,-1.646564,-2.240125
2019,12,RO,-2.4492936e-16,1.000000,3767.9000,1,0,2515120.4600,-0.476062,0.375559,-0.453865,0.246775,-0.116825,1.276532,0.353561,-0.228848,1.389973,-1.615828,-2.225431
2020,1,RO,0.500000,0.866025,4070.0000,1,0,2742849.0600,-0.476062,0.374770,-0.453865,0.264319,-0.091879,1.285633,0.368205,-0.203821,1.397395,-1.578946,-2.205840
2020,2,RO,0.866025,0.500000,4070.0000,1,0,2742849.0600,-0.476062,0.374244,-0.453865,0.278938,-0.070052,1.294733,0.385778,-0.181923,1.406302,-1.548211,-2.191146
2020,3,RO,1.000000,6.123234e-17,4070.0000,1,0,2742849.0600,-0.476062,0.373456,-0.453865,0.293558,-0.048225,1.303834,0.400422,-0.160025,1.413724,-1.511328,-2.176453
2020,4,RO,0.866025,-0.500000,6105.0000,1,0,4114273.5900,-0.476062,0.372930,-0.453865,0.308177,-0.026398,1.312935,0.415066,-0.138127,1.422630,-1.480593,-2.156861
2020,5,RO,0.500000,-0.866025,16280.0000,1,1,10971396.2400,-0.476062,0.372141,-0.453865,0.322797,-0.001452,1.322036,0.432638,-0.113100,1.430053,-1.443711,-2.142168
2020,6,RO,1.2246468e-16,-1.000000,30525.0000,1,1,20571367.9500,-0.476062,0.371352,-0.453865,0.337416,0.020375,1.332957,0.447282,-0.091202,1.438959,-1.406828,-2.127474
2020,7,RO,-0.500000,-0.866025,40700.0000,1,1,27428490.6000,-0.476062,0.370827,-0.453865,0.352036,0.045320,1.342058,0.464855,-0.066176,1.446381,-1.376093,-2.107883
2020,8,RO,-0.866025,-0.500000,40700.0000,1,1,27428490.6000,-0.476062,0.370038,-0.453865,0.369579,0.067148,1.351159,0.479499,-0.044278,1.455288,-1.339210,-2.093189
2020,9,RO,-1.000000,-1.8369702e-16,30525.0000,1,1,20571367.9500,-0.476062,0.369512,-0.453865,0.384199,0.088975,1.360259,0.497071,-0.022380,1.462710,-1.308475,-2.073597
2020,10,RO,-0.866025,0.500000,16280.0000,1,1,10971396.2400,-0.476062,0.368723,-0.453865,0.398818,0.113920,1.369360,0.511715,0.002647,1.471617,-1.271593,-2.058904
2020,11,RO,-0.500000,0.866025,6105.0000,1,0,4114273.5900,-0.476062,0.368198,-0.453865,0.413438,0.135748,1.378461,0.529288,0.024545,1.479039,-1.234710,-2.044210
2020,12,RO,-2.4492936e-16,1.000000,4070.0000,1,0,2742849.0600,-0.476062,0.367409,-0.453865,0.428057,0.157575,1.387562,0.543932,0.046443,1.487945,-1.203975,-2.024619
2021,1,RO,0.500000,0.866025,4860.6200,1,0,3390682.8600,-0.476062,0.366620,-0.453865,0.442677,0.182520,1.398483,0.561505,0.071469,1.495367,-1.167093,-2.009925
2021,2,RO,0.866025,0.500000,4860.6200,1,0,3390682.8600,-0.476062,0.366094,-0.453865,0.457296,0.201229,1.407584,0.576149,0.090239,1.504274,-1.136357,-1.995232
2021,3,RO,1.000000,6.123234e-17,4860.6200,1,0,3390682.8600,-0.476062,0.365306,-0.453865,0.471916,0.226175,1.416685,0.593721,0.115266,1.511696,-1.099475,-1.975640
2021,4,RO,0.866025,-0.500000,7290.9300,1,0,5086024.2900,-0.476062,0.364780,-0.453865,0.486535,0.248002,1.425785,0.608365,0.137164,1.519118,-1.068740,-1.960946
2021,5,RO,0.500000,-0.866025,19442.4800,1,1,13562731.4400,-0.476062,0.363991,-0.453865,0.501155,0.272948,1.434886,0.625938,0.162190,1.528025,-1.031857,-1.941355
2021,6,RO,1.2246468e-16,-1.000000,36454.6500,1,1,25430121.4500,-0.476062,0.363465,-0.453865,0.518698,0.294775,1.443987,0.640582,0.184088,1.535447,-1.001122,-1.926661
2021,7,RO,-0.500000,-0.866025,48606.2000,1,1,33906828.6000,-0.476062,0.362677,-0.453865,0.533317,0.316602,1.453088,0.658154,0.205986,1.544354,-0.964239,-1.907070
2021,8,RO,-0.866025,-0.500000,48606.2000,1,1,33906828.6000,-0.476062,0.362151,-0.453865,0.547937,0.341547,1.462189,0.672798,0.231013,1.551776,-0.927357,-1.892376
2021,9,RO,-1.000000,-1.8369702e-16,36454.6500,1,1,25430121.4500,-0.476062,0.361362,-0.453865,0.562556,0.363375,1.471289,0.690371,0.252911,1.560682,-0.896622,-1.877683
2021,10,RO,-0.866025,0.500000,19442.4800,1,1,13562731.4400,-0.476062,0.360573,-0.453865,0.577176,0.385202,1.482210,0.705015,0.274809,1.568105,-0.859739,-1.858091
2021,11,RO,-0.500000,0.866025,7290.9300,1,0,5086024.2900,-0.476062,0.360047,-0.453865,0.591795,0.410147,1.491311,0.722588,0.299836,1.577011,-0.829004,-1.843397
2021,12,RO,-2.4492936e-16,1.000000,4860.6200,1,0,3390682.8600,-0.476062,0.359259,-0.453865,0.606415,0.431975,1.500412,0.737232,0.321734,1.584433,-0.792122,-1.823806
2022,1,RO,0.500000,0.866025,4392.5400,1,0,3082534.1600,0.419830,0.411840,-0.453865,0.346188,0.619065,0.563027,0.374063,0.759696,0.821436,-0.755239,-1.809112
2022,2,RO,0.866025,0.500000,4392.5400,1,0,3082534.1600,1.414256,0.412892,-0.453865,0.188298,0.962065,0.526624,0.230552,0.978677,0.955035,-0.724504,-1.794419
2022,3,RO,1.000000,6.123234e-17,4392.5400,1,0,3082534.1600,0.805543,0.408948,-0.453865,0.273091,2.427610,0.617632,0.306701,2.480263,0.955035,-0.687622,-1.774827
2022,4,RO,0.866025,-0.500000,6588.8100,1,0,4623801.2400,0.170899,0.419990,-0.453865,0.413438,1.835156,-0.001224,0.435567,1.885885,0.613616,-0.656886,-1.760134
2022,5,RO,0.500000,-0.866025,17570.1600,1,1,12330136.6400,-0.285474,0.474675,-0.453865,0.211689,1.772792,-0.765693,0.207122,1.729470,-0.796593,-0.620004,-1.745440
2022,6,RO,1.2246468e-16,-1.000000,32944.0500,1,1,23119006.2000,-0.440408,0.465474,-0.453865,0.302330,1.086792,0.635834,0.251054,1.041243,0.880813,-0.589269,-1.725849
2022,7,RO,-0.500000,-0.866025,43925.4000,1,1,30825341.6000,-0.471524,0.451802,-0.453865,0.694132,-0.444234,-0.165039,0.514644,-0.626142,1.177699,-1.025710,-0.643419
2022,8,RO,-0.866025,-0.500000,43925.4000,1,1,30825341.6000,-0.350948,0.462319,-0.453865,0.486535,-0.394343,-0.565475,0.432638,-0.563576,1.195513,-0.878181,0.776964
2022,9,RO,-1.000000,-1.8369702e-16,32944.0500,1,1,23119006.2000,-0.273157,0.420516,-0.453865,0.948511,-0.347570,0.253599,0.886599,-0.501010,1.214810,-0.730651,0.287177
2022,10,RO,-0.866025,0.500000,17570.1600,1,1,12330136.6400,0.395844,0.405531,-0.453865,0.621034,-0.297679,0.544825,0.596650,-0.438444,1.232623,-0.878181,0.727985
2022,11,RO,-0.500000,0.866025,6588.8100,1,0,4623801.2400,0.028931,0.403164,-0.453865,0.445601,-0.250907,-0.838500,0.429710,-0.379006,1.250436,-0.816710,0.776964
2022,12,RO,-2.4492936e-16,1.000000,4392.5400,1,0,3082534.1600,0.208498,0.388967,-0.453865,0.346188,-0.201016,0.472019,0.350632,-0.316440,1.268250,-0.878181,-0.349547
2023,1,RO,0.500000,0.866025,2023.4400,0,0,1342376.4400,-0.378175,0.427878,-0.453865,-0.069006,-0.151125,0.672237,-0.320058,-0.250746,1.286063,-1.333063,-0.055674
2023,2,RO,0.866025,0.500000,2023.4400,0,0,1342376.4400,-0.476062,0.443126,-0.453865,-0.320461,-0.107470,0.805109,-0.425495,-0.194436,1.303876,-1.726475,-2.294002
2023,3,RO,1.000000,6.123234e-17,2023.4400,0,0,1342376.4400,-0.464393,0.453906,-0.453865,-0.405254,-0.057580,0.690439,-0.343489,-0.131870,1.320205,-1.972358,-0.692398
2023,4,RO,0.866025,-0.500000,3035.1600,1,0,2013564.6600,1.380223,0.440234,-0.453865,0.045027,-0.010807,0.726842,0.119259,-0.072432,1.339502,-1.523622,-1.035249
2023,5,RO,0.500000,-0.866025,8093.7600,1,0,5369505.7600,-0.364561,0.450488,-0.453865,0.977750,0.587884,0.617632,0.980320,0.478149,1.073789,-1.056445,-0.643419
2023,6,RO,1.2246468e-16,-1.000000,15175.8000,1,1,10067823.3000,-0.166843,0.499915,-0.453865,0.080113,0.494338,-0.256047,0.075327,0.853545,-0.291887,-1.449858,-0.202610
2023,7,RO,-0.500000,-0.866025,20234.4000,1,1,13423764.4000,-0.426146,0.478882,-0.453865,0.284786,0.587884,-0.165039,0.198336,0.384300,-0.588773,-1.591240,-1.035249
2023,8,RO,-0.866025,-0.500000,20234.4000,1,1,13423764.4000,-0.029413,0.437868,-0.453865,0.603491,0.587884,0.308204,0.514644,0.634564,0.123754,-1.425269,-0.251589
2023,9,RO,-1.000000,-1.8369702e-16,15175.8000,1,1,10067823.3000,-0.257599,0.408423,-0.453865,0.854946,0.806156,0.435616,0.787021,0.947394,0.079221,-1.130210,0.727985
2023,10,RO,-0.866025,0.500000,8093.7600,1,0,5369505.7600,0.090515,0.375559,-0.453865,0.866642,1.273883,0.708640,0.804593,1.135092,0.465173,-0.970387,0.727985
2023,11,RO,-0.500000,0.866025,3035.1600,1,0,2013564.6600,0.199422,0.376611,-0.453865,0.770153,1.117974,0.708640,0.754804,1.072526,0.658149,-1.038004,0.336155
2023,12,RO,-2.4492936e-16,1.000000,2023.4400,0,0,1342376.4400,0.598749,0.397117,-0.453865,0.623958,0.962065,0.708640,0.620080,0.978677,0.969879,-1.038004,0.287177
2004,12,PE,-2.4492936e-16,1.000000,129.4200,0,0,28787.9600,-0.476062,0.699462,-0.369040,0.685360,-0.222843,0.198994,0.661083,-0.178795,0.405795,0.388115,-0.349547
2005,1,PE,0.500000,0.866025,243.1200,0,0,69050.6000,-0.418367,0.681058,0.044709,0.758458,0.151339,0.217196,0.769448,0.134035,0.435484,0.136085,-0.300568
2005,2,PE,0.866025,0.500000,243.1200,0,0,69050.6000,-0.196015,0.673960,0.009834,0.761382,0.619065,0.453817,0.781163,0.415583,0.702682,0.000850,-0.006696
2005,3,PE,1.000000,6.123234e-17,243.1200,0,0,69050.6000,-0.212869,0.693152,-0.001320,0.884185,0.463157,0.508422,0.898314,0.415583,0.732370,-0.189709,-0.496483
2005,4,PE,0.866025,-0.500000,364.6800,0,0,103575.9000,0.088570,0.701565,-0.031880,0.606415,0.431975,0.508422,0.625938,0.446866,0.509706,-0.367974,-0.202610
2005,5,PE,0.500000,-0.866025,972.4800,0,0,276202.4000,1.228206,0.720232,-0.114626,0.185374,0.494338,0.526624,0.204193,0.446866,0.955035,-0.570827,-0.300568
2005,6,PE,1.2246468e-16,-1.000000,1823.4000,0,0,517879.5000,1.895911,0.760456,-0.181301,-0.069006,0.307248,0.399212,-0.030109,0.321734,0.821436,-0.355680,0.287177
2005,7,PE,-0.500000,-0.866025,2431.2000,1,0,690506.0000,0.117094,0.818559,-0.088867,-0.250287,-0.066934,-0.019426,-0.226337,-0.084946,0.420640,-0.189709,-0.104653
2005,8,PE,-0.866025,-0.500000,2431.2000,1,0,690506.0000,0.478173,0.807517,-0.093596,-0.305841,-0.098116,0.016978,-0.290771,-0.178795,0.539394,-0.023739,-0.202610
2005,9,PE,-1.000000,-1.8369702e-16,1823.4000,0,0,517879.5000,-0.326314,0.792531,-0.001256,-0.004680,-0.254025,-0.019426,0.019680,-0.241361,-0.009845,0.129938,-0.300568
2005,10,PE,-0.866025,0.500000,972.4800,0,0,276202.4000,-0.284178,0.760194,0.054772,0.249699,-0.035752,0.271801,0.262769,-0.116229,0.346418,0.332791,-0.496483
2005,11,PE,-0.500000,0.866025,364.6800,0,0,103575.9000,-0.440408,0.707086,0.053413,0.518698,-0.004570,0.217196,0.532217,-0.147512,0.272197,0.412703,-0.349547
2005,12,PE,-2.4492936e-16,1.000000,243.1200,0,0,69050.6000,0.060047,0.680532,0.019658,0.466068,0.088975,0.235397,0.488285,0.165319,0.554238,0.215997,-0.398525
2006,1,PE,0.500000,0.866025,195.4200,0,0,58241.1800,-0.433277,0.693941,0.035988,0.550861,0.026611,0.253599,0.576149,0.102752,0.390951,0.302056,-0.398525
2006,2,PE,0.866025,0.500000,195.4200,0,0,58241.1800,-0.367803,0.681584,0.077114,0.749686,0.369611,0.508422,0.760662,0.227885,0.301885,-0.146680,-0.545461
2006,3,PE,1.000000,6.123234e-17,195.4200,0,0,58241.1800,0.032626,0.690786,0.122602,0.846175,0.556702,0.544825,0.842668,0.540715,0.865969,-0.177415,-0.790355
2006,4,PE,0.866025,-0.500000,293.1300,0,0,87361.7700,0.580144,0.658185,-0.063974,0.416362,0.494338,0.544825,0.417994,0.509432,0.940190,0.000850,-1.456466
2006,5,PE,0.500000,-0.866025,781.6800,0,0,232964.7200,1.923786,0.721546,-0.122052,0.226308,0.525520,0.344607,0.242268,0.478149,0.925346,0.136085,-1.417283
2006,6,PE,1.2246468e-16,-1.000000,1465.6500,0,0,436808.8500,0.932601,0.775442,-0.147490,-0.107016,0.057793,0.180792,-0.068183,0.071469,0.806592,0.271321,-1.382998
2006,7,PE,-0.500000,-0.866025,1954.2000,0,0,582411.8000,0.267813,0.807517,-0.096076,-0.279526,0.151339,0.071583,-0.243910,0.071469,0.628460,0.406556,-1.343815
2006,8,PE,-0.866025,-0.500000,1954.2000,0,0,582411.8000,0.213036,0.797527,-0.069904,-0.226896,-0.222843,-0.074031,-0.205836,-0.210078,-0.054378,0.547938,-1.304632
2006,9,PE,-1.000000,-1.8369702e-16,1465.6500,0,0,436808.8500,-0.278343,0.792268,0.005373,-0.016375,-0.222843,0.144389,0.007965,-0.241361,-0.009845,0.683174,-1.270347
2006,10,PE,-0.866025,0.500000,781.6800,0,0,232964.7200,-0.443649,0.734166,0.061495,0.430981,-0.191661,0.253599,0.438496,-0.303927,0.435484,0.818409,-1.231164
2006,11,PE,-0.500000,0.866025,293.1300,0,0,87361.7700,-0.201525,0.699199,0.045868,0.501155,-0.004570,0.107986,0.511715,0.165319,0.405795,0.953645,-1.196878
2006,12,PE,-2.4492936e-16,1.000000,195.4200,0,0,58241.1800,-0.120169,0.723386,0.069347,0.492383,0.151339,0.253599,0.514644,0.321734,0.672993,1.088880,-1.157695
2007,1,PE,0.500000,0.866025,227.9200,0,0,62884.5000,-0.200552,0.712081,0.042426,0.585948,0.338429,0.417414,0.605436,0.384300,0.494861,1.230263,-1.118512
2007,2,PE,0.866025,0.500000,227.9200,0,0,62884.5000,0.361811,0.697884,0.060937,0.638578,0.338429,0.563027,0.669870,0.259168,0.465173,1.359351,-1.084227
2007,3,PE,1.000000,6.123234e-17,227.9200,0,0,62884.5000,-0.067336,0.694992,0.014980,0.463144,0.494338,0.435616,0.476570,0.540715,0.806592,1.494586,-1.049942
2007,4,PE,0.866025,-0.500000,341.8800,0,0,94326.7500,0.633106,0.706297,-0.056680,0.308177,0.400793,0.308204,0.333060,0.478149,0.554238,1.629822,-1.010759
2007,5,PE,0.500000,-0.866025,911.6800,0,0,251538.0000,0.246745,0.727593,-0.086822,0.059646,0.338429,0.253599,0.089971,0.259168,0.880813,1.765057,-0.971576
2007,6,PE,1.2246468e-16,-1.000000,1709.4000,0,0,471633.7500,0.798088,0.783592,-0.164238,-0.171342,0.213702,0.126188,-0.141403,0.102752,0.732370,1.900293,-0.937291
2007,7,PE,-0.500000,-0.866025,2279.2000,0,0,628845.0000,0.614307,0.801207,-0.103267,-0.387710,-0.066934,-0.237845,-0.355204,0.040186,0.524550,2.041675,-0.898108
2007,8,PE,-0.866025,-0.500000,2279.2000,0,0,628845.0000,0.238642,0.804888,-0.076994,-0.340928,-0.254025,-0.128636,-0.317130,-0.429059,0.361263,2.176911,-0.863823
2007,9,PE,-1.000000,-1.8369702e-16,1709.4000,0,0,471633.7500,-0.079977,0.814878,-0.040064,-0.223972,-0.191661,0.016978,-0.197050,-0.084946,0.331574,1.838822,-0.251589
2007,10,PE,-0.866025,0.500000,911.6800,0,0,251538.0000,-0.389195,0.753884,0.027953,0.100581,-0.098116,0.035179,0.128045,-0.303927,0.524550,0.707762,0.042283
2007,11,PE,-0.500000,0.866025,341.8800,0,0,94326.7500,-0.350300,0.706297,0.050904,0.346188,0.057793,0.162591,0.359419,0.008903,0.257352,0.689321,-0.153632
2007,12,PE,-2.4492936e-16,1.000000,227.9200,0,0,62884.5000,-0.374285,0.697884,0.054018,0.492383,-0.066934,0.180792,0.508787,-0.147512,0.346418,0.664733,-0.055674
2008,1,PE,0.500000,0.866025,435.4800,0,0,123293.7800,-0.198608,0.682636,0.006643,0.454372,0.338429,0.362809,0.476570,0.134035,0.435484,0.252879,-0.055674
2008,2,PE,0.866025,0.500000,435.4800,0,0,123293.7800,-0.373637,0.698410,0.076394,0.656121,0.151339,0.344607,0.664012,0.196602,0.598771,0.105350,-0.349547
2008,3,PE,1.000000,6.123234e-17,435.4800,0,0,123293.7800,0.801005,0.670016,-0.005329,0.375427,0.400793,0.399212,0.400422,0.321734,0.658149,-0.601563,-0.594440
2008,4,PE,0.866025,-0.500000,653.2200,0,0,184940.6700,0.179326,0.658185,-0.006543,0.129820,0.431975,0.344607,0.151475,0.290451,0.806592,-0.749092,-0.545461
2008,5,PE,0.500000,-0.866025,1741.9200,0,0,493175.1200,0.929360,0.710241,-0.039706,0.004092,0.463157,0.253599,0.025538,0.384300,0.821436,-0.497063,-0.251589
2008,6,PE,1.2246468e-16,-1.000000,3266.1000,1,0,924703.3500,0.475256,0.768081,-0.002896,-0.200581,-0.035752,-0.274249,-0.173619,-0.084946,0.539394,0.228291,-0.006696
2008,7,PE,-0.500000,-0.866025,4354.8000,1,0,1232937.8000,0.714787,0.804888,-0.087159,-0.601155,1.086792,-0.019426,-0.615865,2.542829,-1.702096,0.603262,-0.153632
2008,8,PE,-0.866025,-0.500000,4354.8000,1,0,1232937.8000,-0.476062,0.808043,-0.025396,-0.583612,-0.640679,0.512063,-0.651011,-0.841995,1.099025,1.887998,-1.040147
2008,9,PE,-1.000000,-1.8369702e-16,3266.1000,1,0,924703.3500,-0.476062,0.766766,-0.116585,-0.080701,-0.715515,0.725022,-0.343489,-0.867021,1.072305,0.640144,-1.417283
2008,10,PE,-0.866025,0.500000,1741.9200,0,0,493175.1200,-0.476062,0.725753,-0.207775,0.422209,-0.787234,0.930700,-0.035967,-0.892048,1.044101,-0.607710,-1.784623
2008,11,PE,-0.500000,0.866025,653.2200,0,0,184940.6700,-0.476062,0.684476,-0.298965,0.925120,-0.858952,1.143660,0.268627,-0.920203,1.015896,-1.855564,-2.166657
2008,12,PE,-2.4492936e-16,1.000000,435.4800,0,0,123293.7800,-0.476062,0.660288,-0.229993,1.059619,-0.222843,0.381011,0.602508,-0.272644,0.598771,-2.992771,-2.533997
2009,1,PE,0.500000,0.866025,103.5200,0,0,33727.3000,-0.319183,0.701302,-0.163037,0.732143,0.369611,0.508422,0.792878,0.415583,0.494861,-3.201771,-2.749504
2009,2,PE,0.866025,0.500000,103.5200,0,0,33727.3000,-0.054695,0.685791,0.010370,0.887109,0.431975,0.526624,0.857312,0.384300,1.029256,-3.201771,-2.749504
2009,3,PE,1.000000,6.123234e-17,103.5200,0,0,33727.3000,-0.305894,0.694467,-0.422415,-0.083625,0.463157,0.544825,0.019680,0.384300,1.192544,-2.660829,-2.352776
2009,4,PE,0.866025,-0.500000,155.2800,0,0,50590.9500,-0.476062,0.725227,-0.397240,0.173678,0.042202,1.109077,0.251054,-0.109972,1.318720,-1.456005,-1.946253
2009,5,PE,0.500000,-0.866025,414.0800,0,0,134909.2000,-0.476062,0.756513,-0.365683,0.436829,-0.104352,1.294733,0.476570,-0.231976,1.220748,-0.251180,-1.525036
2009,6,PE,1.2246468e-16,-1.000000,776.4000,0,0,252954.7500,-0.476062,0.787799,-0.334126,0.697056,-0.254025,1.487671,0.702086,-0.357108,1.127229,0.953645,-1.118512
2009,7,PE,-0.500000,-0.866025,1035.2000,0,0,337273.0000,0.572170,0.787536,-0.194057,-0.095321,0.369611,0.126188,-0.085756,0.446866,0.836280,-0.288062,-0.447504
2009,8,PE,-0.866025,-0.500000,1035.2000,0,0,337273.0000,0.430526,0.782278,-0.122563,-0.127483,0.400793,-0.001224,-0.117973,0.415583,0.405795,-0.091356,-0.398525
2009,9,PE,-1.000000,-1.8369702e-16,776.4000,0,0,252954.7500,-0.223241,0.790165,-0.099390,0.144439,0.307248,-0.001224,0.151475,0.321734,0.539394,0.043879,-0.496483
2009,10,PE,-0.866025,0.500000,414.0800,0,0,134909.2000,-0.429387,0.718654,-0.040064,0.314025,0.120157,0.126188,0.294986,0.259168,0.346418,-0.097503,-0.643419
2009,11,PE,-0.500000,0.866025,155.2800,0,0,50590.9500,-0.332149,0.710767,-0.060510,0.547937,0.369611,0.162591,0.538074,0.290451,0.346418,0.474174,-0.545461
2009,12,PE,-2.4492936e-16,1.000000,103.5200,0,0,33727.3000,-0.327611,0.706035,-0.063471,0.682436,0.650247,0.399212,0.678656,0.603281,0.717526,0.172967,-0.398525
2010,1,PE,0.500000,0.866025,351.7800,0,0,106869.7800,0.086626,0.703143,-0.125362,0.425133,0.712611,0.399212,0.441425,0.728413,0.791747,-0.417151,-0.692398
2010,2,PE,0.866025,0.500000,351.7800,0,0,106869.7800,-0.328259,0.689208,-0.076427,0.767229,0.837338,0.599430,0.775306,0.790979,0.821436,-0.048327,-0.398525
2010,3,PE,1.000000,6.123234e-17,351.7800,0,0,106869.7800,-0.203145,0.684739,-0.067433,0.793544,0.899702,0.490221,0.784092,0.853545,0.806592,-0.441739,-0.692398
2010,4,PE,0.866025,-0.500000,527.6700,0,0,160304.6700,0.362783,0.683424,-0.119108,0.594719,0.962065,0.617632,0.611294,1.260225,0.776903,-0.570827,-0.692398
2010,5,PE,0.500000,-0.866025,1407.1200,0,0,427479.1200,-0.104610,0.706297,-0.138412,0.354960,0.962065,0.308204,0.362348,0.916111,0.969879,-0.761386,-0.888313
2010,6,PE,1.2246468e-16,-1.000000,2638.3500,1,0,801523.3500,1.148471,0.770447,-0.183478,0.059646,0.681429,0.235397,0.084113,0.634564,0.732370,-0.423298,-0.398525
2010,7,PE,-0.500000,-0.866025,3517.8000,1,0,1068697.8000,0.402651,0.784907,-0.177641,-0.171342,0.650247,0.107986,-0.161904,0.446866,0.643304,0.031585,-0.447504
2010,8,PE,-0.866025,-0.500000,3517.8000,1,0,1068697.8000,0.109963,0.811986,-0.161980,-0.402330,-0.035752,-0.092232,-0.387420,0.040186,0.197975,0.148379,-0.496483
2010,9,PE,-1.000000,-1.8369702e-16,2638.3500,1,0,801523.3500,-0.343169,0.779912,-0.094921,-0.054386,0.120157,-0.128636,-0.065254,0.478149,0.064376,0.640144,-0.447504
2010,10,PE,-0.866025,0.500000,1407.1200,0,0,427479.1200,-0.476062,0.724701,-0.095428,0.322797,0.151339,0.035179,0.330131,0.196602,0.539394,0.050026,-0.349547
2010,11,PE,-0.500000,0.866025,527.6700,0,0,160304.6700,-0.476062,0.689471,-0.051461,0.545013,0.619065,0.162591,0.532217,0.415583,0.509706,0.486468,-0.692398
2010,12,PE,-2.4492936e-16,1.000000,351.7800,0,0,106869.7800,-0.222593,0.651350,-0.084637,0.562556,0.494338,0.399212,0.558576,0.571998,0.628460,0.166820,-0.447504
2011,1,PE,0.500000,0.866025,141.9000,0,0,43324.2000,-0.038488,0.657659,-0.087568,0.460220,0.650247,0.453817,0.461926,0.478149,0.658149,-0.171268,-0.643419
2011,2,PE,0.866025,0.500000,141.9000,0,0,43324.2000,0.475580,0.675537,-0.082370,0.521622,1.086792,0.490221,0.532217,1.197658,0.851125,-0.220445,-0.790355
2011,3,PE,1.000000,6.123234e-17,141.9000,0,0,43324.2000,-0.080625,0.661603,-0.058150,0.568404,1.117974,0.417414,0.561505,1.197658,0.598771,-0.706063,-1.133206
2011,4,PE,0.866025,-0.500000,212.8500,0,0,64986.3000,1.441483,0.674748,-0.182520,0.246775,0.962065,0.472019,0.268627,1.354074,1.029256,-0.742945,-0.447504
2011,5,PE,0.500000,-0.866025,567.6000,0,0,173296.8000,1.721530,0.707875,-0.210391,0.094733,1.211520,0.290002,0.130974,1.291508,0.999568,-0.380268,-0.594440
2011,6,PE,1.2246468e-16,-1.000000,1064.2500,0,0,324931.5000,0.444464,0.757302,-0.190423,-0.083625,0.743793,-0.037627,-0.053539,0.759696,0.821436,-0.355680,-0.692398
2011,7,PE,-0.500000,-0.866025,1419.0000,0,0,433242.0000,1.004558,0.775442,-0.210621,-0.317537,0.494338,0.126188,-0.299557,0.603281,0.791747,0.056173,-0.643419
2011,8,PE,-0.866025,-0.500000,1419.0000,0,0,433242.0000,0.052268,0.797527,-0.151048,-0.288298,0.774974,-0.055829,-0.279055,0.634564,0.806592,-0.177415,-0.692398
2011,9,PE,-1.000000,-1.8369702e-16,1064.2500,0,0,324931.5000,-0.357755,0.809357,-0.112121,-0.077777,0.868520,0.016978,-0.076970,0.790979,0.821436,0.609409,-0.202610
2011,10,PE,-0.866025,0.500000,567.6000,0,0,173296.8000,-0.369099,0.711556,-0.055040,0.276014,2.178155,0.217196,0.274484,2.011017,0.836280,0.142232,-0.398525
2011,11,PE,-0.500000,0.866025,212.8500,0,0,64986.3000,-0.226807,0.708664,-0.065933,0.398818,2.240519,0.035179,0.388707,2.355131,1.044101,0.277468,-0.692398
2011,12,PE,-2.4492936e-16,1.000000,141.9000,0,0,43324.2000,-0.329556,0.707349,-0.067148,0.574252,2.645882,0.162591,0.555647,2.511546,0.925346,0.394262,-0.692398
2012,1,PE,0.500000,0.866025,449.5600,0,0,145301.8400,0.168306,0.711293,-0.113041,0.363731,2.146974,0.435616,0.353561,2.167432,1.103478,0.031585,-0.300568
2012,2,PE,0.866025,0.500000,449.5600,0,0,145301.8400,0.094405,0.697884,-0.082639,0.425133,0.494338,0.435616,0.429710,0.509432,0.762059,0.228291,-0.643419
2012,3,PE,1.000000,6.123234e-17,449.5600,0,0,145301.8400,-0.122113,0.710504,-0.041866,0.568404,0.619065,0.308204,0.549790,0.665847,0.583927,0.142232,-0.790355
2012,4,PE,0.866025,-0.500000,674.3400,0,0,217952.7600,-0.279640,0.709452,-0.092748,0.352036,0.400793,-0.183241,0.347704,0.478149,0.480017,-0.380268,-0.986270
2012,5,PE,0.500000,-0.866025,1798.2400,0,0,581207.3600,0.174789,0.750992,-0.144517,0.205841,0.619065,0.235397,0.204193,0.478149,0.643304,-0.386415,-0.888313
2012,6,PE,1.2246468e-16,-1.000000,3371.7000,1,0,1089763.8000,0.489842,0.787799,-0.189579,-0.130407,0.431975,0.126188,-0.106257,0.446866,0.687837,-0.558533,-0.790355
2012,7,PE,-0.500000,-0.866025,4495.6000,1,0,1453018.4000,0.388713,0.798578,-0.167203,-0.229820,0.276066,0.053381,-0.208765,0.165319,0.480017,-0.152827,-0.643419
2012,8,PE,-0.866025,-0.500000,4495.6000,1,0,1453018.4000,0.095053,0.836174,-0.140904,-0.411102,-0.035752,-0.092232,-0.399135,0.102752,0.405795,0.117644,-0.496483
2012,9,PE,-1.000000,-1.8369702e-16,3371.7000,1,0,1089763.8000,-0.403133,0.824606,-0.092651,-0.033919,-0.254025,-0.074031,-0.018394,-0.210078,0.138598,0.381968,-0.643419
2012,10,PE,-0.866025,0.500000,1798.2400,0,0,581207.3600,-0.288715,0.757564,-0.085838,0.191221,0.057793,0.107986,0.195407,0.134035,0.153442,0.609409,-0.447504
2012,11,PE,-0.500000,0.866025,674.3400,0,0,217952.7600,-0.437166,0.706560,-0.065260,0.509926,0.088975,0.253599,0.494143,0.165319,0.450328,0.197556,-0.790355
2012,12,PE,-2.4492936e-16,1.000000,449.5600,0,0,145301.8400,-0.384657,0.697621,-0.063923,0.618111,0.151339,0.290002,0.596650,0.259168,0.494861,0.246732,-0.741376
2013,1,PE,0.500000,0.866025,129.8800,0,0,41029.3600,-0.167491,0.716288,-0.061814,0.588872,0.743793,0.271801,0.582006,0.634564,0.569083,0.013144,-0.545461
2013,2,PE,0.866025,0.500000,129.8800,0,0,41029.3600,-0.315942,0.698673,-0.067454,0.784773,0.556702,0.563027,0.766519,0.571998,0.658149,0.424997,-0.643419
2013,3,PE,1.000000,6.123234e-17,129.8800,0,0,41029.3600,-0.157767,0.704457,-0.083725,0.790620,0.868520,0.599430,0.789950,0.822262,0.613616,0.031585,-0.545461
2013,4,PE,0.866025,-0.500000,194.8200,0,0,61544.0400,0.299902,0.708138,-0.111520,0.547937,0.899702,0.490221,0.535146,0.916111,0.732370,-0.484768,-0.790355
2013,5,PE,0.500000,-0.866025,519.5200,0,0,164117.4400,0.555315,0.735480,-0.133542,0.194145,0.868520,0.326406,0.204193,0.853545,0.791747,-0.798269,-0.839334
2013,6,PE,1.2246468e-16,-1.000000,974.1000,0,0,307720.2000,1.064846,0.763086,-0.172469,-0.109940,0.619065,0.162591,-0.094542,0.697130,0.747214,-0.767533,-1.035249
2013,7,PE,-0.500000,-0.866025,1298.8000,0,0,410293.6000,0.859996,0.799630,-0.196839,-0.282450,0.400793,0.107986,-0.261483,0.384300,0.079221,-0.552386,-0.643419
2013,8,PE,-0.866025,-0.500000,1298.8000,0,0,410293.6000,0.257765,0.791743,-0.154384,-0.194733,0.120157,-0.037627,-0.185334,0.134035,0.390951,-0.066768,-0.790355
2013,9,PE,-1.000000,-1.8369702e-16,974.1000,0,0,307720.2000,0.017262,0.792794,-0.131263,-0.066082,0.213702,0.071583,-0.068183,0.353017,0.435484,0.105350,-0.741376
2013,10,PE,-0.866025,0.500000,519.5200,0,0,164117.4400,-0.042378,0.762560,-0.088654,0.191221,0.026611,0.271801,0.171977,0.790979,0.227664,0.043879,-0.839334
2013,11,PE,-0.500000,0.866025,194.8200,0,0,61544.0400,-0.216759,0.709978,-0.095462,0.360807,-0.222843,0.271801,0.353561,-0.303927,0.123754,0.252879,-0.888313
2013,12,PE,-2.4492936e-16,1.000000,129.8800,0,0,41029.3600,0.087274,0.707875,-0.077790,0.533317,-0.066934,0.381011,0.523431,-0.116229,0.034688,0.093056,-0.692398
2014,1,PE,0.500000,0.866025,112.9200,0,0,36770.4400,-0.126003,0.726278,-0.072810,0.366655,0.057793,0.253599,0.353561,-0.022380,0.034688,-0.085209,-0.496483
2014,2,PE,0.866025,0.500000,112.9200,0,0,36770.4400,-0.006075,0.695781,-0.107724,0.346188,-0.160479,0.308204,0.333060,-0.053663,-0.143444,-0.484768,-1.084227
2014,3,PE,1.000000,6.123234e-17,112.9200,0,0,36770.4400,0.287585,0.709189,-0.096523,0.442677,0.338429,0.453817,0.432638,0.196602,0.064376,-0.527798,-1.035249
2014,4,PE,0.866025,-0.500000,169.3800,0,0,55155.6600,0.397789,0.708664,-0.109726,0.483611,0.400793,0.435616,0.479499,0.196602,0.183131,-0.816710,-1.035249
2014,5,PE,0.500000,-0.866025,451.6800,0,0,147081.7600,0.452243,0.726016,-0.154354,0.053798,0.151339,0.180792,0.078256,0.196602,0.480017,-0.878181,-0.741376
2014,6,PE,1.2246468e-16,-1.000000,846.9000,0,0,275778.3000,0.509289,0.774128,-0.184944,-0.074853,-0.066934,0.089784,-0.065254,-0.053663,0.242508,-0.300356,-0.839334
2014,7,PE,-0.500000,-0.866025,1129.2000,0,0,367704.4000,0.400382,0.837226,-0.179482,-0.264907,-0.129298,0.016978,-0.258554,-0.303927,0.227664,-0.312651,-0.790355
2014,8,PE,-0.866025,-0.500000,1129.2000,0,0,367704.4000,0.019855,0.821977,-0.092936,-0.250287,-0.129298,-0.074031,-0.264412,-0.241361,0.183131,-0.091356,-0.790355
2014,9,PE,-1.000000,-1.8369702e-16,846.9000,0,0,275778.3000,0.245124,0.797527,0.045979,0.012864,-0.004570,0.053381,-0.003750,-0.022380,0.405795,0.246732,-0.692398
2014,10,PE,-0.866025,0.500000,451.6800,0,0,147081.7600,0.005593,0.772550,-0.019452,0.150287,0.712611,0.271801,0.148547,1.041243,0.598771,0.302056,-0.790355
2014,11,PE,-0.500000,0.866025,169.3800,0,0,55155.6600,-0.300384,0.725753,0.024728,0.322797,0.619065,0.217196,0.297914,0.603281,0.346418,-0.195856,-1.084227
2014,12,PE,-2.4492936e-16,1.000000,112.9200,0,0,36770.4400,-0.234910,0.734429,0.022606,0.425133,0.525520,0.253599,0.406279,0.822262,0.583927,-1.523622,-0.937291
2015,1,PE,0.500000,0.866025,62.0800,0,0,20132.1400,-0.262785,0.750992,0.070195,0.530394,0.930883,0.271801,0.511715,0.978677,0.346418,-3.201771,-2.749504
2015,2,PE,0.866025,0.500000,62.0800,0,0,20132.1400,-0.317239,0.722598,0.019892,0.761382,1.273883,0.399212,0.740160,1.166375,0.331574,-0.349533,-0.741376
2015,3,PE,1.000000,6.123234e-17,62.0800,0,0,20132.1400,0.494379,0.709715,-0.032148,0.483611,1.866337,0.435616,0.482428,2.073583,0.687837,-0.478621,-0.839334
2015,4,PE,0.866025,-0.500000,93.1200,0,0,30198.2100,-0.253710,0.712870,-0.034083,0.518698,2.022246,0.344607,0.508787,2.167432,0.019843,-0.865886,-1.231164
2015,5,PE,0.500000,-0.866025,248.3200,0,0,80528.5600,0.083384,0.744945,0.024042,0.363731,1.835156,0.271801,0.371134,1.948451,-0.069222,-0.773680,-0.888313
2015,6,PE,1.2246468e-16,-1.000000,465.6000,0,0,150991.0500,0.990944,0.795949,-0.013756,-0.066082,1.803974,0.162591,-0.050611,1.698187,0.272197,-0.693769,-0.839334
2015,7,PE,-0.500000,-0.866025,620.8000,0,0,201321.4000,0.946215,0.810146,-0.056373,-0.226896,-0.004570,0.053381,-0.191192,-0.022380,0.316730,-0.361827,-0.594440
2015,8,PE,-0.866025,-0.500000,620.8000,0,0,201321.4000,-0.096831,0.815404,-0.028263,-0.197657,-0.409934,-0.055829,-0.179477,-0.272644,0.138598,-0.048327,-0.741376
2015,9,PE,-1.000000,-1.8369702e-16,465.6000,0,0,150991.0500,-0.369748,0.793846,0.003413,0.147363,-0.378752,0.126188,0.154404,-0.303927,-0.143444,-0.066768,-0.888313
2015,10,PE,-0.866025,0.500000,248.3200,0,0,80528.5600,-0.418367,0.781752,-0.010186,0.375427,-0.066934,0.308204,0.376991,-0.147512,-0.380953,0.345085,-0.839334
2015,11,PE,-0.500000,0.866025,93.1200,0,0,30198.2100,-0.376230,0.724701,-0.013795,0.515774,0.026611,0.162591,0.482428,0.196602,0.108909,0.086909,-0.839334
2015,12,PE,-2.4492936e-16,1.000000,62.0800,0,0,20132.1400,-0.193422,0.753358,0.001151,0.577176,0.307248,0.290002,0.567362,0.509432,0.197975,0.056173,-1.035249
2016,1,PE,0.500000,0.866025,99.9000,0,0,33774.0400,-0.096183,0.715762,-0.018639,0.594719,0.525520,0.217196,0.608365,0.665847,0.554238,-0.552386,-0.790355
2016,2,PE,0.866025,0.500000,99.9000,0,0,33774.0400,-0.300384,0.727593,0.020749,0.691208,0.650247,0.308204,0.643511,0.509432,0.405795,-0.091356,-0.643419
2016,3,PE,1.000000,6.123234e-17,99.9000,0,0,33774.0400,0.340742,0.731274,-0.027317,0.615187,0.681429,0.563027,0.611294,0.571998,0.672993,-0.460180,-0.692398
2016,4,PE,0.866025,-0.500000,149.8500,0,0,50661.0600,0.452243,0.715762,-0.022256,0.471916,0.650247,0.508422,0.470712,0.665847,0.687837,-0.337239,-0.888313
2016,5,PE,0.500000,-0.866025,399.6000,0,0,135096.1600,0.827584,0.768344,-0.037955,0.141515,0.587884,0.362809,0.160262,0.603281,0.598771,-0.853592,-0.937291
2016,6,PE,1.2246468e-16,-1.000000,749.2500,0,0,253305.3000,-0.118872,0.810409,-0.000826,-0.057310,0.494338,-0.019426,-0.056468,0.571998,0.197975,-0.699916,-0.643419
2016,7,PE,-0.500000,-0.866025,999.0000,0,0,337740.4000,-0.178512,0.813827,-0.024573,-0.253211,0.244884,-0.146837,-0.255625,0.415583,0.628460,-0.324945,-0.594440
2016,8,PE,-0.866025,-0.500000,999.0000,0,0,337740.4000,-0.290012,0.815404,-0.017096,-0.150875,0.556702,-0.128636,-0.161904,0.540715,0.257352,-0.140533,-0.839334
2016,9,PE,-1.000000,-1.8369702e-16,749.2500,0,0,253305.3000,-0.301681,0.804099,-0.010898,0.141515,0.338429,-0.055829,0.125116,0.353017,0.361263,0.203703,-0.839334
2016,10,PE,-0.866025,0.500000,399.6000,0,0,135096.1600,-0.448835,0.750729,0.006242,0.542089,0.494338,0.271801,0.508787,0.384300,0.702682,0.701615,-0.741376
2016,11,PE,-0.500000,0.866025,149.8500,0,0,50661.0600,-0.416422,0.721809,-0.000643,0.644426,0.494338,0.308204,0.620080,0.540715,0.895658,0.474174,-0.741376
2016,12,PE,-2.4492936e-16,1.000000,99.9000,0,0,33774.0400,-0.245930,0.709452,0.010583,0.664893,0.681429,0.253599,0.643511,0.697130,0.851125,0.388115,-0.594440
2017,1,PE,0.500000,0.866025,80.0600,0,0,28176.9200,-0.376878,0.714973,0.020174,0.726295,0.806156,0.435616,0.722588,0.790979,0.613616,0.326644,-0.790355
2017,2,PE,0.866025,0.500000,80.0600,0,0,28176.9200,-0.406698,0.699988,-0.008158,0.825707,0.681429,0.381011,0.816309,0.884828,0.539394,0.160673,-0.692398
2017,3,PE,1.000000,6.123234e-17,80.0600,0,0,28176.9200,0.135893,0.695255,0.000580,0.697056,1.336247,0.399212,0.661083,1.291508,-0.945036,-0.349533,-0.888313
2017,4,PE,0.866025,-0.500000,120.0900,0,0,42265.3800,1.026923,0.707875,0.018815,0.556709,1.180338,0.472019,0.529288,1.291508,1.088634,-0.466327,-1.035249
2017,5,PE,0.500000,-0.866025,320.2400,0,0,112707.6800,0.894354,0.736006,-0.054908,0.208765,1.242701,0.308204,0.221766,1.260225,1.118322,-0.915063,-1.035249
2017,6,PE,1.2246468e-16,-1.000000,600.4500,0,0,211326.9000,0.901485,0.772813,-0.088152,-0.016375,1.149156,0.362809,0.013823,1.166375,0.984723,-0.054474,-0.888313
2017,7,PE,-0.500000,-0.866025,800.6000,0,0,281769.2000,1.045074,0.839329,-0.066453,-0.378939,0.463157,0.107986,-0.369848,0.759696,0.465173,0.480321,-0.692398
2017,8,PE,-0.866025,-0.500000,800.6000,0,0,281769.2000,-0.096831,0.809620,-0.036788,-0.291222,0.463157,-0.183241,-0.293699,0.509432,0.168287,-0.423298,-0.692398
2017,9,PE,-1.000000,-1.8369702e-16,600.4500,0,0,211326.9000,-0.202497,0.818296,0.015070,-0.101168,-0.098116,-0.037627,-0.129688,0.227885,0.212819,0.689321,-0.692398
2017,10,PE,-0.866025,0.500000,320.2400,0,0,112707.6800,-0.267323,0.758879,-0.002040,0.255547,0.276066,0.362809,0.245196,0.353017,0.376107,0.461880,-0.790355
2017,11,PE,-0.500000,0.866025,120.0900,0,0,42265.3800,-0.426146,0.713659,-0.021272,0.533317,0.244884,0.235397,0.491214,0.290451,0.064376,0.197556,-0.790355
2017,12,PE,-2.4492936e-16,1.000000,80.0600,0,0,28176.9200,-0.469579,0.698936,-0.132366,0.659045,0.244884,0.381011,0.631795,0.321734,0.583927,-0.146680,-0.741376
2018,1,PE,0.500000,0.866025,103.0000,0,0,38378.9000,-0.450780,0.707349,0.133679,0.869566,0.494338,0.526624,0.883671,0.509432,0.583927,0.166820,-0.986270
2018,2,PE,0.866025,0.500000,103.0000,0,0,38378.9000,0.100887,0.686842,0.015385,0.603491,0.712611,0.490221,0.584935,0.947394,0.791747,-0.306504,-1.035249
2018,3,PE,1.000000,6.123234e-17,103.0000,0,0,38378.9000,-0.045619,0.694204,-0.022601,0.533317,0.868520,0.508422,0.523431,1.135092,0.672993,-0.712210,-1.035249
2018,4,PE,0.866025,-0.500000,154.5000,0,0,57568.3500,1.175698,0.717865,-0.047938,0.164906,1.086792,0.526624,0.186621,1.103809,0.836280,-0.982681,-1.280142
2018,5,PE,0.500000,-0.866025,412.0000,0,0,153515.6000,0.154693,0.747574,0.009007,0.144439,0.962065,0.326406,0.142689,0.853545,0.747214,-0.558533,-1.035249
2018,6,PE,1.2246468e-16,-1.000000,772.5000,0,0,287841.7500,-0.010289,0.802259,0.003571,-0.153799,0.743793,-0.074031,-0.150189,0.728413,0.539394,-0.558533,-0.839334
2018,7,PE,-0.500000,-0.866025,1030.0000,0,0,383789.0000,-0.032654,0.814353,-0.024706,-0.305841,0.525520,-0.074031,-0.296628,0.384300,0.153442,-0.294209,-0.839334
2018,8,PE,-0.866025,-0.500000,1030.0000,0,0,383789.0000,-0.146747,0.826972,-0.010288,-0.206429,0.463157,-0.055829,-0.214622,0.446866,0.494861,-0.158974,-0.888313
2018,9,PE,-1.000000,-1.8369702e-16,772.5000,0,0,287841.7500,-0.283205,0.772287,0.022338,0.009940,0.276066,0.016978,0.007965,0.165319,0.316730,0.086909,-0.888313
2018,10,PE,-0.866025,0.500000,412.0000,0,0,153515.6000,-0.398271,0.738635,0.007056,0.413438,0.338429,0.198994,0.400422,0.259168,0.316730,0.136085,-0.888313
2018,11,PE,-0.500000,0.866025,154.5000,0,0,57568.3500,-0.345114,0.715762,-0.000016,0.612263,0.338429,0.490221,0.608365,0.603281,0.331574,0.424997,-0.643419
2018,12,PE,-2.4492936e-16,1.000000,103.0000,0,0,38378.9000,-0.231669,0.729170,-0.006096,0.644426,0.650247,0.089784,0.634724,0.759696,0.420640,0.074614,-0.839334
2019,1,PE,0.500000,0.866025,51.1000,0,0,19416.2600,-0.127299,0.740213,0.000192,0.539165,0.743793,0.508422,0.538074,1.103809,0.480017,-0.171268,-0.839334
2019,2,PE,0.866025,0.500000,51.1000,0,0,19416.2600,-0.088404,0.699988,-0.013381,0.647349,1.273883,0.362809,0.658154,1.103809,0.732370,-0.687622,-0.986270
2019,3,PE,1.000000,6.123234e-17,51.1000,0,0,19416.2600,0.159230,0.704720,-0.026981,0.653197,1.149156,0.472019,0.649368,1.322791,0.836280,-0.712210,-1.133206
2019,4,PE,0.866025,-0.500000,76.6500,0,0,29124.3900,0.300550,0.703668,-0.009696,0.468992,1.211520,0.362809,0.467784,1.291508,0.984723,-1.099475,-1.280142
2019,5,PE,0.500000,-0.866025,204.4000,0,0,77665.0400,0.226649,0.719443,-0.137687,0.331569,1.180338,0.362809,0.330131,1.260225,0.836280,-1.290034,-1.182185
2019,6,PE,1.2246468e-16,-1.000000,383.2500,0,0,145621.9500,0.800357,0.790954,-0.164920,-0.025147,0.806156,0.126188,-0.027180,0.759696,0.747214,-0.503210,-0.937291
2019,7,PE,-0.500000,-0.866025,511.0000,0,0,194162.6000,0.937463,0.796475,-0.176035,-0.282450,0.806156,-0.092232,-0.279055,0.697130,0.405795,-0.509357,-0.986270
2019,8,PE,-0.866025,-0.500000,511.0000,0,0,194162.6000,0.122928,0.843273,-0.166326,-0.264907,0.307248,-0.110434,-0.270269,0.446866,0.153442,-0.036033,-0.741376
2019,9,PE,-1.000000,-1.8369702e-16,383.2500,0,0,145621.9500,-0.107852,0.796738,-0.129661,0.033331,0.338429,0.253599,0.031395,0.446866,0.465173,1.660557,-1.314427
2019,10,PE,-0.866025,0.500000,204.4000,0,0,77665.0400,-0.277695,0.747574,-0.103255,0.267243,0.556702,0.235397,0.253983,0.446866,0.539394,1.666704,-1.299734
2019,11,PE,-0.500000,0.866025,76.6500,0,0,29124.3900,-0.462448,0.701302,-0.067212,0.632730,0.431975,0.290002,0.611294,0.509432,0.301885,1.672851,-1.289938
2019,12,PE,-2.4492936e-16,1.000000,51.1000,0,0,19416.2600,-0.447538,0.703668,-0.044580,0.743838,0.525520,0.417414,0.713801,0.540715,0.465173,1.685145,-1.275244
2020,1,PE,0.500000,0.866025,79.6200,0,0,30388.1400,-0.286122,0.706560,-0.430774,0.884185,0.899702,0.563027,0.874884,0.947394,0.524550,1.691292,-1.260551
2020,2,PE,0.866025,0.500000,79.6200,0,0,30388.1400,-0.188884,0.701828,-0.430774,0.884185,0.993247,0.654035,0.886599,1.197658,0.821436,1.697439,-1.250755
2020,3,PE,1.000000,6.123234e-17,79.6200,0,0,30388.1400,0.040599,0.685791,-0.430774,0.799392,1.149156,0.490221,0.795807,1.197658,0.836280,1.709734,-1.236061
2020,4,PE,0.866025,-0.500000,119.4300,0,0,45582.2100,0.321295,0.710767,-0.430774,0.545013,1.211520,0.563027,0.555647,1.479206,0.880813,1.715881,-1.221368
2020,5,PE,0.500000,-0.866025,318.4800,0,0,121552.5600,0.343984,0.745471,-0.430774,0.322797,1.180338,0.508422,0.338917,1.166375,1.044101,1.722028,-1.211572
2020,6,PE,1.2246468e-16,-1.000000,597.1500,0,0,227911.0500,0.485304,0.767818,-0.430774,0.074265,1.117974,0.253599,0.081185,1.009960,0.435484,1.734322,-1.196878
2020,7,PE,-0.500000,-0.866025,796.2000,0,0,303881.4000,0.181919,0.779649,-0.430774,-0.185961,0.525520,0.107986,-0.150189,0.509432,0.108909,1.740469,-1.182185
2020,8,PE,-0.866025,-0.500000,796.2000,0,0,303881.4000,-0.089052,0.796212,-0.430774,-0.185961,0.213702,-0.165039,-0.156047,0.196602,0.212819,1.752763,-1.172389
2020,9,PE,-1.000000,-1.8369702e-16,597.1500,0,0,227911.0500,-0.246579,0.787010,-0.430774,0.059646,0.151339,0.126188,0.087042,0.196602,0.361263,1.758910,-1.157695
2020,10,PE,-0.866025,0.500000,318.4800,0,0,121552.5600,-0.394381,0.738898,-0.430774,0.442677,0.400793,0.253599,0.458997,0.321734,0.613616,1.765057,-1.143002
2020,11,PE,-0.500000,0.866025,119.4300,0,0,45582.2100,-0.276399,0.714185,-0.430774,0.694132,0.556702,0.472019,0.713801,0.571998,0.539394,1.599086,-0.986270
2020,12,PE,-2.4492936e-16,1.000000,79.6200,0,0,30388.1400,-0.234262,0.717865,-0.430774,0.699980,0.463157,0.435616,0.719659,0.540715,0.524550,0.394262,-0.937291
2021,1,PE,0.500000,0.866025,82.6400,0,0,34178.4200,-0.303625,0.699988,-0.430774,0.661969,0.525520,0.635834,0.684513,0.478149,0.702682,0.013144,-0.937291
2021,2,PE,0.866025,0.500000,82.6400,0,0,34178.4200,-0.087756,0.690523,-0.430774,0.711675,0.930883,0.435616,0.725516,0.947394,0.361263,-0.245033,-1.035249
2021,3,PE,1.000000,6.123234e-17,82.6400,0,0,34178.4200,0.244152,0.691312,-0.430774,0.521622,1.336247,0.381011,0.552718,1.260225,0.509706,-0.601563,-1.133206
2021,4,PE,0.866025,-0.500000,123.9600,0,0,51267.6300,1.247006,0.698410,-0.430774,0.331569,1.055611,0.490221,0.356490,1.009960,1.088634,-0.939651,-1.035249
2021,5,PE,0.500000,-0.866025,330.5600,0,0,136713.6800,1.253488,0.742842,-0.430774,0.062570,0.962065,0.235397,0.104615,0.978677,0.880813,-0.902769,-1.231164
2021,6,PE,1.2246468e-16,-1.000000,619.8000,0,0,256338.1500,0.172844,0.769658,-0.430774,-0.197657,0.774974,0.126188,-0.164833,0.947394,0.776903,-0.896622,-0.986270
2021,7,PE,-0.500000,-0.866025,826.4000,0,0,341784.2000,0.349818,0.811724,-0.430774,-0.232744,0.993247,0.180792,-0.199978,1.197658,0.539394,-0.663033,-0.986270
2021,8,PE,-0.866025,-0.500000,826.4000,0,0,341784.2000,0.533923,0.806465,-0.430774,-0.256135,0.806156,-0.037627,-0.220480,0.853545,0.791747,0.068467,-0.888313
2021,9,PE,-1.000000,-1.8369702e-16,619.8000,0,0,256338.1500,-0.312053,0.779386,-0.430774,0.164906,1.055611,0.107986,0.195407,1.009960,0.272197,-0.122092,-0.986270
2021,10,PE,-0.866025,0.500000,330.5600,0,0,136713.6800,-0.326314,0.732062,-0.430774,0.480687,0.837338,0.235397,0.491214,1.072526,0.687837,-0.109797,-1.084227
2021,11,PE,-0.500000,0.866025,123.9600,0,0,51267.6300,-0.158416,0.680795,-0.430774,0.208765,0.650247,0.654035,0.233481,0.634564,0.821436,-1.412975,-1.182185
2021,12,PE,-2.4492936e-16,1.000000,82.6400,0,0,34178.4200,0.006242,0.671856,-0.430774,-0.174266,0.400793,0.927060,-0.132616,0.196602,1.578496,-2.279711,-2.406653
2022,1,PE,0.500000,0.866025,102.8200,0,0,43664.6200,0.006242,0.671856,-0.430774,-0.174266,0.400793,0.927060,-0.132616,0.196602,1.578496,-2.279711,-2.406653
2022,2,PE,0.866025,0.500000,102.8200,0,0,43664.6200,-0.040433,0.671856,-0.430774,-0.174266,0.400793,0.927060,-0.132616,0.196602,1.578496,-2.279711,-2.406653
2022,3,PE,1.000000,6.123234e-17,102.8200,0,0,43664.6200,0.006242,0.671856,-0.430774,-0.174266,0.400793,0.927060,-0.132616,0.196602,1.578496,-2.279711,-2.406653
2022,4,PE,0.866025,-0.500000,154.2300,0,0,65496.9300,-0.009317,0.671856,-0.430774,-0.174266,0.400793,0.927060,-0.132616,0.196602,1.578496,-2.279711,-2.406653
2022,5,PE,0.500000,-0.866025,411.2800,0,0,174658.4800,0.006242,0.671856,-0.430774,-0.174266,0.400793,0.927060,-0.132616,0.196602,1.578496,-2.279711,-2.406653
2022,6,PE,1.2246468e-16,-1.000000,771.1500,0,0,327484.6500,-0.009317,0.671856,-0.430774,-0.174266,0.400793,0.927060,-0.132616,0.196602,1.578496,-2.279711,-2.406653
2022,7,PE,-0.500000,-0.866025,1028.2000,0,0,436646.2000,0.006242,0.671856,-0.430774,-0.174266,0.400793,0.927060,-0.132616,0.196602,1.578496,-2.279711,-2.406653
2022,8,PE,-0.866025,-0.500000,1028.2000,0,0,436646.2000,0.006242,0.671856,-0.430774,-0.174266,0.400793,0.927060,-0.132616,0.196602,1.578496,-2.279711,-2.406653
2022,9,PE,-1.000000,-1.8369702e-16,771.1500,0,0,327484.6500,-0.009317,0.671856,-0.430774,-0.174266,0.400793,0.927060,-0.132616,0.196602,1.578496,-2.279711,-2.406653
2022,10,PE,-0.866025,0.500000,411.2800,0,0,174658.4800,0.006242,0.671856,-0.430774,-0.174266,0.400793,0.927060,-0.132616,0.196602,1.578496,-2.279711,-2.406653
2022,11,PE,-0.500000,0.866025,154.2300,0,0,65496.9300,-0.009317,0.671856,-0.430774,-0.174266,0.400793,0.927060,-0.132616,0.196602,1.578496,-2.279711,-2.406653
2022,12,PE,-2.4492936e-16,1.000000,102.8200,0,0,43664.6200,0.006242,0.671856,-0.430774,-0.174266,0.400793,0.927060,-0.132616,0.196602,1.578496,-2.279711,-2.406653
2023,1,PE,0.500000,0.866025,82.9400,0,0,34959.5200,0.006242,0.671856,-0.430774,-0.174266,0.400793,0.927060,-0.132616,0.196602,1.578496,-2.279711,-2.406653
2023,2,PE,0.866025,0.500000,82.9400,0,0,34959.5200,-0.040433,0.671856,-0.430774,-0.174266,0.400793,0.927060,-0.132616,0.196602,1.578496,-2.279711,-2.406653
2023,3,PE,1.000000,6.123234e-17,82.9400,0,0,34959.5200,0.006242,0.671856,-0.430774,-0.174266,0.400793,0.927060,-0.132616,0.196602,1.578496,-2.279711,-2.406653
2023,4,PE,0.866025,-0.500000,124.4100,0,0,52439.2800,-0.009317,0.671856,-0.430774,-0.174266,0.400793,0.927060,-0.132616,0.196602,1.578496,-2.279711,-2.406653
2023,5,PE,0.500000,-0.866025,331.7600,0,0,139838.0800,0.006242,0.671856,-0.430774,-0.174266,0.400793,0.927060,-0.132616,0.196602,1.578496,-2.279711,-2.406653
2023,6,PE,1.2246468e-16,-1.000000,622.0500,0,0,262196.4000,-0.009317,0.671856,-0.430774,-0.174266,0.400793,0.927060,-0.132616,0.196602,1.578496,-2.279711,-2.406653
2023,7,PE,-0.500000,-0.866025,829.4000,0,0,349595.2000,0.006242,0.671856,-0.430774,-0.174266,0.400793,0.927060,-0.132616,0.196602,1.578496,-2.279711,-2.406653
2023,8,PE,-0.866025,-0.500000,829.4000,0,0,349595.2000,0.006242,0.671856,-0.430774,-0.174266,0.400793,0.927060,-0.132616,0.196602,1.578496,-2.279711,-2.406653
2023,9,PE,-1.000000,-1.8369702e-16,622.0500,0,0,262196.4000,-0.009317,0.671856,-0.430774,-0.174266,0.400793,0.927060,-0.132616,0.196602,1.578496,-2.279711,-2.406653
2023,10,PE,-0.866025,0.500000,331.7600,0,0,139838.0800,0.006242,0.671856,-0.430774,-0.174266,0.400793,0.927060,-0.132616,0.196602,1.578496,-2.279711,-2.406653
2023,11,PE,-0.500000,0.866025,124.4100,0,0,52439.2800,-0.009317,0.671856,-0.430774,-0.174266,0.400793,0.927060,-0.132616,0.196602,1.578496,-2.279711,-2.406653
2023,12,PE,-2.4492936e-16,1.000000,82.9400,0,0,34959.5200,0.006242,0.671856,-0.430774,-0.174266,0.400793,0.927060,-0.132616,0.196602,1.578496,-2.279711,-2.406653
2008,7,AC,-0.500000,-0.866025,11029.8000,1,1,8035509.8000,-0.410588,0.084520,-0.151823,0.132743,-0.098116,0.308204,0.116330,-0.116229,-0.158288,-0.810563,0.287177
2008,8,AC,-0.866025,-0.500000,11029.8000,1,1,8035509.8000,-0.463745,0.019581,-0.077164,0.694132,0.026611,-0.110434,0.640582,0.196602,-0.930192,-0.300356,2.932027
2008,9,AC,-1.000000,-1.8369702e-16,8272.3500,1,0,6026632.3500,0.015965,0.041140,-0.121498,0.325721,0.213702,-0.547274,0.286199,0.196602,-0.588773,-0.318798,1.903474
2008,10,AC,-0.866025,0.500000,4411.9200,1,0,3214203.9200,-0.043674,0.011431,-0.096361,0.302330,0.307248,0.016978,0.292057,0.384300,0.331574,-0.232739,1.658581
2008,11,AC,-0.500000,0.866025,1654.4700,0,0,1205326.4700,0.161175,-0.035892,-0.106007,0.278938,1.616883,0.290002,0.277413,1.479206,0.895658,-0.398710,0.727985
2008,12,AC,-2.4492936e-16,1.000000,1102.9800,0,0,803550.9800,0.807488,-0.032211,-0.162189,0.024559,1.367429,0.344607,0.043110,1.510489,0.569083,-0.552386,0.727985
2009,1,AC,0.500000,0.866025,709.0600,0,0,525411.4000,0.264572,0.004596,-0.135101,0.042103,1.585701,0.217196,0.054826,1.385357,0.613616,-0.546239,1.119815
2009,2,AC,0.866025,0.500000,709.0600,0,0,525411.4000,0.151451,-0.012756,-0.174161,-0.089473,1.616883,0.381011,-0.062326,1.635621,0.791747,-0.620004,0.874921
2009,3,AC,1.000000,6.123234e-17,709.0600,0,0,525411.4000,0.457429,-0.010127,-0.147265,0.012864,1.648065,0.362809,0.028467,1.604338,0.717526,-1.001122,0.189219
2009,4,AC,0.866025,-0.500000,1063.5900,0,0,788117.1000,0.600045,0.028783,-0.194278,-0.069006,1.648065,0.435616,-0.038895,1.635621,0.762059,-1.800240,-0.300568
2009,5,AC,0.500000,-0.866025,2836.2400,1,0,2101645.6000,-0.172677,0.037459,-0.186861,-0.004680,1.679247,0.126188,-0.003750,1.541772,0.836280,-1.658858,-0.055674
2009,6,AC,1.2246468e-16,-1.000000,5317.9500,1,0,3940585.5000,-0.244634,0.091355,-0.196430,-0.566068,1.367429,-0.692887,-0.563147,1.447923,0.079221,-1.677299,0.385134
2009,7,AC,-0.500000,-0.866025,7090.6000,1,0,5254114.0000,-0.436518,0.072689,-0.137479,-0.218124,1.211520,-1.439154,-0.267340,1.260225,-0.484863,-1.849417,1.021857
2009,8,AC,-0.866025,-0.500000,7090.6000,1,0,5254114.0000,-0.360024,0.037459,-0.098355,0.322797,1.367429,-0.638282,0.248125,1.479206,-0.187977,-0.933504,1.560623
2009,9,AC,-1.000000,-1.8369702e-16,5317.9500,1,0,3940585.5000,-0.124706,0.037722,-0.085429,0.433905,1.180338,-0.893105,0.385778,1.103809,-0.351264,-0.226592,0.825943
2009,10,AC,-0.866025,0.500000,2836.2400,1,0,2101645.6000,-0.216111,-0.030108,-0.062346,0.542089,1.679247,-0.201442,0.500000,1.666904,-0.113755,-0.497063,0.679006
2009,11,AC,-0.500000,0.866025,1063.5900,0,0,788117.1000,0.094405,-0.064812,-0.100592,0.369579,1.554519,0.362809,0.385778,1.416640,0.747214,-0.515504,0.189219
2009,12,AC,-2.4492936e-16,1.000000,709.0600,0,0,525411.4000,1.040860,-0.017751,-0.184241,-0.010528,1.648065,0.399212,0.022609,1.573055,0.895658,-0.650739,1.266751
2010,1,AC,0.500000,0.866025,850.3800,0,0,619879.9000,0.330370,-0.012756,-0.140401,0.164906,1.585701,0.508422,0.192478,1.541772,0.984723,-0.564680,0.923900
2010,2,AC,0.866025,0.500000,850.3800,0,0,619879.9000,0.141079,-0.022484,-0.155236,0.281862,1.803974,0.526624,0.306701,1.854602,0.984723,-0.951945,0.776964
2010,3,AC,1.000000,6.123234e-17,850.3800,0,0,619879.9000,0.149506,-0.004606,-0.163825,0.243852,1.803974,0.508422,0.271555,1.729470,0.880813,-1.130210,1.217772
2010,4,AC,0.866025,-0.500000,1275.5700,0,0,929819.8500,-0.220648,0.024314,-0.136933,0.290634,1.803974,-0.019426,0.303772,1.885885,0.450328,-1.203975,0.434113
2010,5,AC,0.500000,-0.866025,3401.5200,1,0,2479519.6000,-0.384009,0.053234,-0.168486,-0.177190,1.585701,-0.874903,-0.153118,1.573055,-0.291887,-1.173240,1.070836
2010,6,AC,1.2246468e-16,-1.000000,6377.8500,1,0,4649099.2500,-0.455966,0.088726,-0.144640,0.077189,1.305065,-0.419862,0.075327,1.197658,0.049532,-1.339210,0.483092
2010,7,AC,-0.500000,-0.866025,8503.8000,1,0,6198799.0000,-0.442352,0.087412,-0.150975,-0.297070,1.242701,-1.657574,-0.331774,1.322791,-0.885659,-0.829004,0.679006
2010,8,AC,-0.866025,-0.500000,8503.8000,1,0,6198799.0000,-0.455317,0.061910,-0.140252,0.378351,0.993247,-1.093323,0.315487,1.009960,-1.820850,-0.779828,1.021857
2010,9,AC,-1.000000,-1.8369702e-16,6377.8500,1,0,4649099.2500,-0.452724,-0.001188,-0.146932,0.808164,1.024429,-0.347055,0.769448,1.135092,-0.529396,-0.306504,1.119815
2010,10,AC,-0.866025,0.500000,3401.5200,1,0,2479519.6000,-0.138320,-0.010127,-0.137905,0.474840,1.398610,-0.674685,0.470712,1.228942,0.197975,-0.435592,1.315730
2010,11,AC,-0.500000,0.866025,1275.5700,0,0,929819.8500,-0.055343,-0.042728,-0.112261,0.191221,1.305065,-0.074031,0.207122,1.447923,0.509706,-0.589269,1.805517
2010,12,AC,-2.4492936e-16,1.000000,850.3800,0,0,619879.9000,-0.025523,-0.059291,-0.122350,0.088885,1.367429,-0.237845,0.113401,1.385357,0.390951,-0.417151,0.679006
2011,1,AC,0.500000,0.866025,801.9600,0,0,590824.2200,0.095053,-0.044568,-0.145173,0.004092,1.336247,0.453817,0.037253,1.479206,0.643304,-0.638445,0.434113
2011,2,AC,0.866025,0.500000,801.9600,0,0,590824.2200,0.424368,-0.010653,-0.168115,-0.095321,1.460974,0.362809,-0.059397,1.573055,0.865969,-0.902769,0.532070
2011,3,AC,1.000000,6.123234e-17,801.9600,0,0,590824.2200,0.180623,-0.017226,-0.171932,-0.063158,1.554519,0.326406,-0.033038,1.447923,0.895658,-1.142504,-0.006696
2011,4,AC,0.866025,-0.500000,1202.9400,0,0,886236.3300,0.257117,0.009591,-0.176564,0.033331,1.710428,0.271801,0.048968,1.541772,0.717526,-1.339210,0.385134
2011,5,AC,0.500000,-0.866025,3207.8400,1,0,2363296.8800,-0.342521,0.047450,-0.147695,-0.133331,1.460974,-0.510870,-0.120901,1.447923,0.212819,-1.271593,0.825943
2011,6,AC,1.2246468e-16,-1.000000,6014.7000,1,0,4431181.6500,-0.382713,0.058492,-0.157903,-0.036843,1.398610,-1.238936,-0.041824,1.385357,-0.455174,-1.339210,0.630028
2011,7,AC,-0.500000,-0.866025,8019.6000,1,0,5908242.2000,-0.463097,0.052708,-0.135804,0.100581,1.086792,-1.056920,0.075327,0.947394,-0.455174,-0.884328,1.266751
2011,8,AC,-0.866025,-0.500000,8019.6000,1,0,5908242.2000,-0.370396,0.057966,-0.123760,0.191221,1.180338,-1.275340,0.125116,1.197658,-1.108324,-0.706063,2.589176
2011,9,AC,-1.000000,-1.8369702e-16,6014.7000,1,0,4431181.6500,-0.039136,0.049553,-0.103434,0.468992,1.242701,0.144389,0.438496,1.166375,-0.366108,-1.142504,0.532070
2011,10,AC,-0.866025,0.500000,3207.8400,1,0,2363296.8800,0.035413,-0.031949,-0.115721,0.156135,1.991065,0.417414,0.189549,1.885885,0.613616,-1.130210,0.874921
2011,11,AC,-0.500000,0.866025,1202.9400,0,0,886236.3300,0.272027,-0.040887,-0.068426,0.352036,2.146974,-0.019426,0.382849,2.042300,0.569083,-1.148651,0.776964
2011,12,AC,-2.4492936e-16,1.000000,801.9600,0,0,590824.2200,0.249986,-0.025639,-0.128404,0.088885,1.835156,0.417414,0.136831,1.979734,-1.909916,-1.259299,1.756538
2012,1,AC,0.500000,0.866025,1253.5200,0,0,943348.4200,1.217186,-0.007235,-0.190359,-0.124560,0.619065,0.435616,-0.068183,0.634564,-1.924761,-1.296181,0.776964
2012,2,AC,0.866025,0.500000,1253.5200,0,0,943348.4200,1.232096,-0.008550,-0.167429,-0.177190,-0.472297,0.290002,-0.126759,-0.084946,-1.924761,-1.683446,-0.202610
2012,3,AC,1.000000,6.123234e-17,1253.5200,0,0,943348.4200,0.384824,0.024840,-0.143060,-0.045614,-7.924747,0.035179,0.002108,-5.468755,-1.590764,-2.052270,0.091262
2012,4,AC,0.866025,-0.500000,1880.2800,0,0,1415022.6300,-0.237503,0.016164,-0.153979,0.097657,-8.626338,-0.219644,0.142689,-5.984925,-1.669439,-2.076858,0.825943
2012,5,AC,0.500000,-0.866025,5014.0800,1,0,3773393.6800,-0.409939,0.050868,-0.143392,-0.019299,-9.306101,-0.492669,0.010894,-6.482325,-1.751082,-2.494859,0.336155
2012,6,AC,1.2246468e-16,-1.000000,9401.4000,1,1,7075113.1500,-0.125355,0.086886,-0.172589,-0.188885,-3.746386,-1.002315,-0.150189,-3.838909,-1.924761,-2.150623,1.168794
2012,7,AC,-0.500000,-0.866025,12535.2000,1,1,9433484.2000,-0.370396,0.092407,-0.111026,-0.197657,-0.254025,-1.056920,-0.211693,-0.147512,-1.924761,-2.046123,0.287177
2012,8,AC,-0.866025,-0.500000,12535.2000,1,1,9433484.2000,-0.423553,0.082154,-0.099744,0.179526,0.151339,-0.965911,0.104615,0.353017,-0.915348,-0.736798,1.070836
2012,9,AC,-1.000000,-1.8369702e-16,9401.4000,1,1,7075113.1500,-0.284178,0.052708,-0.123905,0.530394,0.307248,-0.347055,0.467784,0.321734,-0.484863,-0.435592,2.197347
2012,10,AC,-0.866025,0.500000,5014.0800,1,0,3773393.6800,0.426961,-0.004606,-0.096510,0.319873,0.463157,-0.256047,0.306701,0.634564,-0.217665,-0.681475,1.364709
2012,11,AC,-0.500000,0.866025,1880.2800,0,0,1415022.6300,0.436036,-0.030371,-0.109586,0.264319,0.712611,0.399212,0.277413,0.665847,0.910502,-0.576974,0.874921
2012,12,AC,-2.4492936e-16,1.000000,1253.5200,0,0,943348.4200,0.272675,-0.024061,-0.131684,0.059646,0.587884,0.308204,0.072398,0.603281,0.732370,-0.570827,0.287177
2013,1,AC,0.500000,0.866025,989.6600,0,0,737760.7000,0.723862,0.013272,-0.135203,0.132743,0.868520,0.417414,0.145618,0.853545,1.044101,-0.589269,0.972879
2013,2,AC,0.866025,0.500000,989.6600,0,0,737760.7000,0.438629,-0.001714,-0.152548,0.103504,0.650247,0.362809,0.122188,0.978677,1.014412,-0.699916,-0.006696
2013,3,AC,1.000000,6.123234e-17,989.6600,0,0,737760.7000,0.435388,0.018793,-0.157140,0.077189,0.774974,0.381011,0.107544,0.822262,0.969879,-0.785975,0.140241
2013,4,AC,0.866025,-0.500000,1484.4900,0,0,1106641.0500,-0.254358,0.040351,-0.103642,0.147363,0.743793,-0.256047,0.160262,0.822262,-0.143444,-0.724504,0.679006
2013,5,AC,0.500000,-0.866025,3958.6400,1,0,2951042.8000,-0.229076,0.059806,-0.201116,-0.066082,0.743793,-0.237845,-0.030109,0.884828,0.598771,-1.099475,0.042283
2013,6,AC,1.2246468e-16,-1.000000,7422.4500,1,0,5533205.2500,-0.367155,0.066116,-0.173206,0.077189,0.494338,0.290002,0.084113,0.478149,0.895658,-1.394534,0.091262
2013,7,AC,-0.500000,-0.866025,9896.6000,1,1,7377607.0000,-0.476062,0.110548,-0.157034,-0.256135,0.307248,-1.803187,-0.264412,0.728413,-1.078635,-1.068740,0.385134
2013,8,AC,-0.866025,-0.500000,9896.6000,1,1,7377607.0000,-0.243337,0.076107,-0.108584,-0.147951,0.338429,-1.348146,-0.167762,0.290451,-1.360677,-0.472474,0.923900
2013,9,AC,-1.000000,-1.8369702e-16,7422.4500,1,0,5533205.2500,-0.159712,0.042717,-0.098866,0.305253,0.681429,-0.783895,0.312558,0.759696,-0.336420,-0.484768,1.462666
2013,10,AC,-0.866025,0.500000,3958.6400,1,0,2951042.8000,-0.002186,0.012483,-0.123147,0.138591,0.431975,0.053381,0.160262,0.540715,0.672993,-0.982681,1.119815
2013,11,AC,-0.500000,0.866025,1484.4900,0,0,1106641.0500,0.258414,-0.037207,-0.127939,0.132743,0.930883,0.271801,0.171977,0.947394,0.361263,-0.656886,0.874921
2013,12,AC,-2.4492936e-16,1.000000,989.6600,0,0,737760.7000,0.316109,-0.020643,-0.123002,0.185374,0.743793,0.271801,0.233481,0.571998,0.865969,-0.429445,0.336155
2014,1,AC,0.500000,0.866025,1268.8400,0,0,945015.1200,0.793874,0.008539,-0.153344,-0.007604,0.806156,0.326406,0.043110,0.697130,0.865969,-0.576974,-0.055674
2014,2,AC,0.866025,0.500000,1268.8400,0,0,945015.1200,0.487897,0.000652,-0.158717,-0.010528,0.587884,0.417414,0.028467,0.603281,0.940190,-0.706063,0.434113
2014,3,AC,1.000000,6.123234e-17,1268.8400,0,0,945015.1200,0.383527,0.025103,-0.176035,-0.016375,0.712611,0.308204,0.005036,0.947394,1.014412,-0.988828,0.532070
2014,4,AC,0.866025,-0.500000,1903.2600,0,0,1417522.6800,0.029579,0.093196,-0.158210,0.042103,0.743793,-0.037627,0.040182,0.665847,0.658149,-1.787946,-0.202610
2014,5,AC,0.500000,-0.866025,5075.3600,1,0,3780060.4800,-0.140200,0.117120,0.077199,0.565480,1.211520,0.344607,0.561505,1.823319,1.014412,-1.548211,-0.300568
2014,6,AC,1.2246468e-16,-1.000000,9516.3000,1,1,7087613.4000,-0.364173,0.086360,0.562732,1.588845,0.453802,2.152031,1.533860,0.700258,1.530994,0.990527,-1.138104
2014,7,AC,-0.500000,-0.866025,12688.4000,1,1,9450151.2000,-0.214944,0.051130,0.410282,1.527443,0.325957,2.086505,1.384492,0.509432,1.447866,1.008968,-1.162593
2014,8,AC,-0.866025,-0.500000,12688.4000,1,1,9450151.2000,-0.067011,0.015375,0.255335,1.466041,0.191875,2.019159,1.232196,0.315477,1.363253,1.027409,-1.182185
2014,9,AC,-1.000000,-1.8369702e-16,9516.3000,1,1,7087613.4000,0.060630,-0.020118,0.102889,1.404639,0.057793,1.953633,1.082828,0.118394,1.281609,1.045851,-1.206674
2014,10,AC,-0.866025,0.500000,5075.3600,1,0,3780060.4800,0.224024,-0.055347,-0.049556,1.340313,-0.073170,1.886287,0.930531,-0.072432,1.196997,1.070439,-1.226266
2014,11,AC,-0.500000,0.866025,1903.2600,0,0,1417522.6800,0.342266,-0.090577,-0.202007,1.278911,-0.207252,1.822581,0.781163,-0.269516,1.115353,1.088880,-1.250755
2014,12,AC,-2.4492936e-16,1.000000,1268.8400,0,0,945015.1200,0.187300,-0.034578,-0.200400,0.416362,0.962065,0.144389,0.265698,0.947394,0.865969,-0.152827,0.385134
2015,1,AC,0.500000,0.866025,994.6600,0,0,733437.6200,0.479794,0.041140,-0.180973,-0.150875,0.587884,0.271801,-0.106257,0.665847,0.969879,-1.013416,0.679006
2015,2,AC,0.866025,0.500000,994.6600,0,0,733437.6200,0.579949,0.014586,-0.182873,0.007016,0.930883,0.362809,0.051897,1.072526,0.940190,-0.810563,0.923900
2015,3,AC,1.000000,6.123234e-17,994.6600,0,0,733437.6200,0.006890,0.002230,-0.319658,-0.156722,0.619065,0.490221,-0.079898,0.728413,1.118322,-1.185534,0.336155
2015,4,AC,0.866025,-0.500000,1491.9900,0,0,1100156.4300,-0.476062,0.040088,-0.416949,0.343264,0.182520,0.654035,0.092900,0.134035,1.222232,-1.148651,-1.329121
2015,5,AC,0.500000,-0.866025,3978.6400,1,0,2933750.4800,-0.144219,0.077158,-0.206612,0.077189,0.619065,0.490221,0.863169,0.571998,1.073789,-1.628122,-0.496483
2015,6,AC,1.2246468e-16,-1.000000,7459.9500,1,0,5500782.1500,0.439958,0.080576,-3.6604959e-06,0.545013,-0.275852,1.811660,1.276127,0.140292,1.324658,-1.591240,-2.436040
2015,7,AC,-0.500000,-0.866025,9946.6000,1,1,7334376.2000,1.194141,0.072689,0.224149,1.027456,-0.269616,2.044641,1.501643,0.037058,1.238561,-1.394534,-2.259717
2015,8,AC,-0.866025,-0.500000,9946.6000,1,1,7334376.2000,1.929653,0.064539,0.451979,1.518671,-0.263379,2.283083,1.730088,-0.069304,1.153948,-1.197828,-2.078495
2015,9,AC,-1.000000,-1.8369702e-16,7459.9500,1,0,5500782.1500,2.552337,0.056652,0.676132,2.001114,-0.257143,2.521525,1.955604,-0.175666,1.072305,-1.001122,-1.907070
2015,10,AC,-0.866025,0.500000,3978.6400,1,0,2933750.4800,1.425892,0.034567,0.387297,1.571301,0.338429,0.417414,1.431353,0.603281,0.598771,-0.687622,0.727985
2015,11,AC,-0.500000,0.866025,1491.9900,0,0,1100156.4300,0.566336,-0.024324,-0.100221,0.504078,0.837338,0.381011,0.497071,0.665847,0.687837,-0.589269,0.581049
2015,12,AC,-2.4492936e-16,1.000000,994.6600,0,0,733437.6200,0.556612,0.020107,-0.102552,0.252623,0.619065,0.235397,0.251054,0.728413,0.969879,-0.773680,0.874921
2016,1,AC,0.500000,0.866025,1732.2600,0,0,1263746.1000,0.011428,-0.006709,-0.130351,0.413438,0.930883,0.526624,0.426781,0.916111,0.955035,-0.687622,1.413687
2016,2,AC,0.866025,0.500000,1732.2600,0,0,1263746.1000,0.441870,0.012483,-0.136030,0.252623,0.806156,0.417414,0.265698,0.884828,1.118322,-0.915063,0.972879
2016,3,AC,1.000000,6.123234e-17,1732.2600,0,0,1263746.1000,-0.221945,0.047450,-0.225294,0.144439,0.837338,0.563027,0.195407,0.853545,0.821436,-0.878181,0.483092
2016,4,AC,0.866025,-0.500000,2598.3900,1,0,1895619.1500,-0.476062,0.075844,-0.420097,-0.250287,0.117039,0.890657,-0.100400,-0.078689,1.456772,-0.484768,-2.357674
2016,5,AC,0.500000,-0.866025,6929.0400,1,0,5054984.4000,-0.476062,0.093984,-0.376496,-0.276602,0.001666,0.874275,-0.132616,-0.163153,1.395911,-0.398710,-2.161759
2016,6,AC,1.2246468e-16,-1.000000,12991.9500,1,1,9478095.7500,-0.476062,0.112125,-0.332895,-0.299993,-0.116825,0.859714,-0.167762,-0.253874,1.335049,-0.306504,-1.975640
2016,7,AC,-0.500000,-0.866025,17322.6000,1,1,12637461.0000,-0.476062,0.130266,-0.289294,-0.323385,-0.232198,0.845153,-0.199978,-0.338338,1.274187,-0.214298,-1.779725
2016,8,AC,-0.866025,-0.500000,17322.6000,1,1,12637461.0000,-0.476062,0.148406,-0.244977,-0.346776,-0.350688,0.830591,-0.235124,-0.425931,1.211841,-0.122092,-1.583810
2016,9,AC,-1.000000,-1.8369702e-16,12991.9500,1,1,9478095.7500,-0.468931,0.138942,-0.179495,-0.215200,-0.004570,0.472019,-0.138474,0.008903,0.776903,-0.183562,0.825943
2016,10,AC,-0.866025,0.500000,6929.0400,1,0,5054984.4000,0.292771,-0.004869,-0.099650,0.314025,0.400793,0.035179,0.303772,0.728413,-0.158288,-0.853592,1.903474
2016,11,AC,-0.500000,0.866025,2598.3900,1,0,1895619.1500,-0.050805,-0.035103,0.008602,0.460220,0.650247,-0.037627,0.456069,0.697130,0.717526,-0.275768,1.805517
2016,12,AC,-2.4492936e-16,1.000000,1732.2600,0,0,1263746.1000,0.324860,-0.015385,-0.103042,0.159059,0.525520,0.235397,0.169048,0.509432,0.836280,-0.361827,0.483092
2017,1,AC,0.500000,0.866025,1722.4800,0,0,1273882.9600,0.516744,0.017741,-0.192753,-0.127483,0.743793,0.399212,-0.065254,0.571998,1.073789,-0.650739,0.679006
2017,2,AC,0.866025,0.500000,1722.4800,0,0,1273882.9600,0.235725,0.002492,-0.153408,-0.013451,0.619065,0.417414,-0.000821,0.853545,0.955035,-0.576974,0.434113
2017,3,AC,1.000000,6.123234e-17,1722.4800,0,0,1273882.9600,0.449325,0.011168,-0.168456,-0.001756,0.837338,0.344607,0.025538,0.884828,0.851125,-0.970387,0.727985
2017,4,AC,0.866025,-0.500000,2583.7200,1,0,1910824.4400,0.226001,0.032201,-0.171442,-0.025147,0.587884,-0.510870,-0.009608,0.634564,0.346418,-0.730651,0.825943
2017,5,AC,0.500000,-0.866025,6889.9200,1,0,5095531.8400,0.279482,0.040088,-0.184117,0.188298,0.743793,0.217196,0.215909,0.728413,0.955035,-1.074887,0.532070
2017,6,AC,1.2246468e-16,-1.000000,12918.6000,1,1,9554122.2000,-0.318535,0.078210,-0.159083,-0.197657,0.556702,-0.783895,-0.194121,0.571998,-0.351264,-1.148651,1.070836
2017,7,AC,-0.500000,-0.866025,17224.8000,1,1,12738829.6000,-0.364561,0.126848,0.001360,0.223384,0.057793,-1.038718,0.142689,0.040186,-1.553653,-0.792122,1.756538
2017,8,AC,-0.866025,-0.500000,17224.8000,1,1,12738829.6000,-0.326963,0.045872,0.077540,1.115173,0.120157,0.053381,0.980320,0.290451,-0.232510,-0.171268,1.511645
2017,9,AC,-1.000000,-1.8369702e-16,12918.6000,1,1,9554122.2000,-0.231020,0.042980,-0.116027,0.404666,0.182520,-0.347055,0.356490,0.227885,0.049532,-0.742945,1.168794
2017,10,AC,-0.866025,0.500000,6889.9200,1,0,5095531.8400,-0.413829,-0.005132,-0.340376,0.840327,0.338429,0.526624,0.948104,0.290451,0.762059,-1.253152,0.140241
2017,11,AC,-0.500000,0.866025,2583.7200,1,0,1910824.4400,-0.476062,-0.000137,-0.438745,0.840327,-0.802824,1.655126,0.986178,-0.901433,1.009959,-1.425269,-1.956049
2017,12,AC,-2.4492936e-16,1.000000,1722.4800,0,0,1273882.9600,-0.476062,0.003018,-0.434953,0.787697,-0.743579,1.622363,0.921745,-0.851380,1.021834,-1.136357,-2.009925
2018,1,AC,0.500000,0.866025,1689.7800,0,0,1276906.8800,-0.476062,0.006173,-0.431097,0.732143,-0.681215,1.589600,0.854383,-0.798199,1.035194,-0.835151,-2.058904
2018,2,AC,0.866025,0.500000,1689.7800,0,0,1276906.8800,-0.476062,0.009065,-0.427429,0.679512,-0.625088,1.560478,0.792878,-0.751274,1.048554,-0.552386,-2.112780
2018,3,AC,1.000000,6.123234e-17,1689.7800,0,0,1276906.8800,-0.476062,0.011957,-0.423765,0.626882,-0.565843,1.529535,0.728445,-0.698093,1.060429,-0.275768,-2.161759
2018,4,AC,0.866025,-0.500000,2534.6700,1,0,1915360.3200,-0.476062,0.015112,-0.419973,0.574252,-0.503479,1.496772,0.664012,-0.648040,1.073789,0.019291,-2.215636
2018,5,AC,0.500000,-0.866025,6759.1200,1,0,5107627.5200,-0.476062,0.018267,-0.416182,0.521622,-0.444234,1.465829,0.599579,-0.594859,1.085665,0.308203,-2.264614
2018,6,AC,1.2246468e-16,-1.000000,12673.3500,1,1,9576801.6000,-0.476062,0.021159,-0.412390,0.466068,-0.384988,1.434886,0.532217,-0.544806,1.099025,0.603262,-2.318491
2018,7,AC,-0.500000,-0.866025,16897.8000,1,1,12769068.8000,-0.476062,0.024314,-0.408598,0.413438,-0.322625,1.402123,0.467784,-0.491625,1.112384,0.892174,-2.372368
2018,8,AC,-0.866025,-0.500000,16897.8000,1,1,12769068.8000,-0.289364,0.062173,-0.292596,0.071342,-0.160479,-1.202533,0.084113,-0.178795,-0.529396,0.572527,0.825943
2018,9,AC,-1.000000,-1.8369702e-16,12673.3500,1,1,9576801.6000,-0.159064,0.017215,-0.071996,0.410514,0.338429,-0.474467,0.350632,0.415583,-0.870815,-0.460180,1.805517
2018,10,AC,-0.866025,0.500000,6759.1200,1,0,5107627.5200,0.069771,-0.002240,-0.122231,0.325721,0.619065,0.344607,0.312558,0.540715,0.598771,-0.675327,0.287177
2018,11,AC,-0.500000,0.866025,2534.6700,1,0,1915360.3200,-0.249658,0.022211,-0.019261,0.530394,0.400793,0.635834,0.655226,0.384300,1.088634,0.910615,0.042283
2018,12,AC,-2.4492936e-16,1.000000,1689.7800,0,0,1276906.8800,0.395650,0.072426,0.075363,0.670741,0.051557,1.595061,0.792878,0.040186,1.392942,0.879880,-0.854027
2019,1,AC,0.500000,0.866025,1694.9000,0,0,1298463.6000,1.057099,0.118172,0.161998,0.822783,-0.035752,1.676968,0.918816,0.002647,1.340987,0.615556,-1.108717
2019,2,AC,0.866025,0.500000,1694.9000,0,0,1298463.6000,1.477234,0.161552,0.244446,0.966054,-0.119943,1.760696,1.035967,-0.038021,1.292000,0.369674,-1.363406
2019,3,AC,1.000000,6.123234e-17,1694.9000,0,0,1298463.6000,2.315950,0.205195,0.326889,1.112249,-0.197898,1.833502,1.153118,-0.072432,1.240045,0.123791,-1.593606
2019,4,AC,0.866025,-0.500000,2542.3500,1,0,1947695.4000,2.855689,0.250415,0.412131,1.261368,-0.285207,1.917230,1.276127,-0.109972,1.188090,-0.134386,-1.848295
2019,5,AC,0.500000,-0.866025,6779.6000,1,0,5193854.4000,3.617520,0.295372,0.497373,1.413411,-0.366279,1.995497,1.399136,-0.147512,1.136135,-0.392562,-2.098087
2019,6,AC,1.2246468e-16,-1.000000,12711.7500,1,1,9738477.0000,2.390272,0.313513,0.293121,1.012837,0.619065,-0.037627,0.980320,0.478149,0.732370,-1.062593,-0.839334
2019,7,AC,-0.500000,-0.866025,16949.0000,1,1,12984636.0000,-0.176567,0.317982,-0.146477,-0.320461,0.369611,-0.911307,-0.346417,0.822262,-0.366108,-1.757211,-0.741376
2019,8,AC,-0.866025,-0.500000,16949.0000,1,1,12984636.0000,-0.442352,0.341381,-0.118809,-0.022223,0.057793,-1.748582,-0.074041,0.321734,-1.895072,-1.572799,-0.937291
2019,9,AC,-1.000000,-1.8369702e-16,12711.7500,1,1,9738477.0000,-0.120169,0.296161,-0.127032,0.606415,1.055611,0.071583,0.561505,0.916111,0.257352,-1.412975,-0.741376
2019,10,AC,-0.866025,0.500000,6779.6000,1,0,5193854.4000,0.268138,0.307466,-0.139630,0.223384,0.650247,-0.055829,0.221766,0.822262,0.628460,-1.474446,-0.398525
2019,11,AC,-0.500000,0.866025,2542.3500,1,0,1947695.4000,0.769889,0.264612,-0.168971,0.278938,0.899702,0.472019,0.294986,1.041243,1.073789,-1.492887,-0.790355
2019,12,AC,-2.4492936e-16,1.000000,1694.9000,0,0,1298463.6000,0.993537,0.286170,-0.169628,0.255547,0.774974,0.563027,0.271555,1.041243,0.940190,-1.511328,-0.153632
2020,1,AC,0.500000,0.866025,1800.7800,0,0,1382063.7600,-0.081921,0.294846,-0.408492,0.498231,0.837338,0.581229,0.508787,0.822262,0.969879,-1.333063,-1.182185
2020,2,AC,0.866025,0.500000,1800.7800,0,0,1382063.7600,0.507344,0.310095,-0.408492,0.261395,0.837338,0.035179,0.283270,0.822262,0.702682,-1.406828,-0.300568
2020,3,AC,1.000000,6.123234e-17,1800.7800,0,0,1382063.7600,-0.187263,0.242528,-0.408492,1.278911,1.336247,0.617632,1.375706,1.197658,1.177699,-1.431416,-1.084227
2020,4,AC,0.866025,-0.500000,2701.1700,1,0,2073095.6400,-0.476062,0.192049,-0.408492,1.857843,0.537993,2.696261,2.020038,0.337375,1.317236,-1.320769,-2.411551
2020,5,AC,0.500000,-0.866025,7203.1200,1,0,5528255.0400,-0.476062,0.188368,-0.408492,1.869539,0.513047,2.699901,2.031753,0.312349,1.293485,-1.339210,-2.421346
2020,6,AC,1.2246468e-16,-1.000000,13505.8500,1,1,10365478.2000,-0.476062,0.184951,-0.408492,1.881234,0.481866,2.705361,2.043468,0.287322,1.271218,-1.357652,-2.431142
2020,7,AC,-0.500000,-0.866025,18007.8000,1,1,13820637.6000,-0.476062,0.181270,-0.408492,1.895854,0.456920,2.710822,2.058112,0.262296,1.245983,-1.382240,-2.440938
2020,8,AC,-0.866025,-0.500000,18007.8000,1,1,13820637.6000,-0.476062,0.177589,-0.408492,1.907550,0.428857,2.714462,2.069827,0.237269,1.222232,-1.400681,-2.450734
2020,9,AC,-1.000000,-1.8369702e-16,13505.8500,1,1,10365478.2000,-0.476062,0.174171,-0.408492,1.919245,0.400793,2.719923,2.081542,0.212243,1.199966,-1.419122,-2.460529
2020,10,AC,-0.866025,0.500000,7203.1200,1,0,5528255.0400,-0.476062,0.170491,-0.408492,1.933865,0.372729,2.725383,2.096186,0.187217,1.174730,-1.443711,-2.470325
2020,11,AC,-0.500000,0.866025,2701.1700,1,0,2073095.6400,-0.476062,0.167073,-0.408492,1.945560,0.344666,2.729024,2.107901,0.162190,1.152464,-1.462152,-2.480121
2020,12,AC,-2.4492936e-16,1.000000,1800.7800,0,0,1382063.7600,-0.476062,0.163392,-0.408492,1.957256,0.316602,2.734484,2.119616,0.137164,1.128713,-1.480593,-2.489917
2021,1,AC,0.500000,0.866025,2357.3200,1,0,1833591.9000,-0.476062,0.159711,-0.408492,1.971875,0.288538,2.739945,2.134260,0.112137,1.104962,-1.505181,-2.499712
2021,2,AC,0.866025,0.500000,2357.3200,1,0,1833591.9000,-0.476062,0.156294,-0.408492,1.983571,0.260475,2.743585,2.145975,0.087111,1.082696,-1.523622,-2.509508
2021,3,AC,1.000000,6.123234e-17,2357.3200,1,0,1833591.9000,-0.476062,0.152876,-0.408492,1.995266,0.232411,2.749045,2.157690,0.065213,1.058945,-1.542064,-2.519304
2021,4,AC,0.866025,-0.500000,3535.9800,1,0,2750387.8500,-0.476062,0.149195,-0.408492,2.006962,0.204348,2.752686,2.169405,0.040186,1.035194,-1.560505,-2.529100
2021,5,AC,0.500000,-0.866025,9429.2800,1,1,7334367.6000,-0.476062,0.145777,-0.408492,2.021582,0.179402,2.758146,2.184049,0.015160,1.011443,-1.585093,-2.538895
2021,6,AC,1.2246468e-16,-1.000000,17679.9000,1,1,13751939.2500,-0.476062,0.142097,-0.408492,2.033277,0.151339,2.763607,2.195764,-0.009866,0.987692,-1.603534,-2.548691
2021,7,AC,-0.500000,-0.866025,23573.2000,1,1,18335919.0000,-0.476062,0.138679,-0.408492,2.044973,0.123275,2.767247,2.207480,-0.034893,0.963941,-1.621975,-2.558487
2021,8,AC,-0.866025,-0.500000,23573.2000,1,1,18335919.0000,-0.476062,0.134998,-0.408492,2.059592,0.095211,2.772707,2.222123,-0.059919,0.940190,-1.646564,-2.568283
2021,9,AC,-1.000000,-1.8369702e-16,17679.9000,1,1,13751939.2500,-0.476062,0.131317,-0.408492,2.071288,0.067148,2.778168,2.233839,-0.084946,0.916440,-1.665005,-2.578078
2021,10,AC,-0.866025,0.500000,9429.2800,1,1,7334367.6000,-0.476062,0.127900,-0.408492,2.082983,0.039084,2.781808,2.245554,-0.109972,0.892689,-1.683446,-2.587874
2021,11,AC,-0.500000,0.866025,3535.9800,1,0,2750387.8500,-0.476062,0.124219,-0.408492,2.097603,0.011020,2.787269,2.260198,-0.134999,0.870422,-1.708034,-2.597670
2021,12,AC,-2.4492936e-16,1.000000,2357.3200,1,0,1833591.9000,-0.476062,0.120538,-0.408492,2.109298,-0.017043,2.792729,2.271913,-0.160025,0.846671,-1.726475,-2.607465
2022,1,AC,0.500000,0.866025,2822.0600,1,0,2213458.7400,-0.476062,0.117120,-0.408492,2.120994,-0.045107,2.796370,2.283628,-0.185051,0.821436,-1.744917,-2.617261
2022,2,AC,0.866025,0.500000,2822.0600,1,0,2213458.7400,-0.476062,0.113703,-0.408492,2.132690,-0.073170,2.801830,2.295343,-0.210078,0.800654,-1.763358,-2.627057
2022,3,AC,1.000000,6.123234e-17,2822.0600,1,0,2213458.7400,-0.476062,0.110022,-0.408492,2.147309,-0.101234,2.805470,2.309987,-0.231976,0.776903,-1.787946,-2.636853
2022,4,AC,0.866025,-0.500000,4233.0900,1,0,3320188.1100,-0.476062,0.106604,-0.408492,2.159005,-0.129298,2.810931,2.321702,-0.257002,0.753152,-1.806387,-2.646648
2022,5,AC,0.500000,-0.866025,11288.2400,1,1,8853834.9600,-0.476062,0.102923,-0.408492,2.170700,-0.154243,2.816391,2.333417,-0.282029,0.729401,-1.824829,-2.656444
2022,6,AC,1.2246468e-16,-1.000000,21165.4500,1,1,16600940.5500,-0.476062,0.099506,-0.408492,2.182396,-0.182307,2.820032,2.345132,-0.307055,0.705650,-1.849417,-2.666240
2022,7,AC,-0.500000,-0.866025,28220.6000,1,1,22134587.4000,-0.476062,0.095825,-0.408492,2.197015,-0.210370,2.825492,2.359776,-0.332082,0.681900,-1.867858,-2.676036
2022,8,AC,-0.866025,-0.500000,28220.6000,1,1,22134587.4000,-0.476062,0.092144,-0.408492,2.208711,-0.238434,2.830953,2.371491,-0.357108,0.658149,-1.886299,-2.685831
2022,9,AC,-1.000000,-1.8369702e-16,21165.4500,1,1,16600940.5500,-0.453373,0.125533,-0.408492,1.664866,-0.004570,-0.019426,1.756447,0.040186,0.168287,-1.591240,-1.084227
2022,10,AC,-0.866025,0.500000,11288.2400,1,1,8853834.9600,0.270082,0.187843,-0.408492,0.448524,0.619065,0.053381,0.423852,0.884828,0.376107,-1.363799,-0.741376
2022,11,AC,-0.500000,0.866025,4233.0900,1,0,3320188.1100,0.079495,0.190998,-0.408492,0.270167,0.930883,-0.856702,0.242268,0.790979,-1.093479,-1.468299,-1.182185
2022,12,AC,-2.4492936e-16,1.000000,2822.0600,1,0,2213458.7400,0.996779,0.166810,-0.408492,0.267243,0.650247,0.290002,0.280342,0.509432,0.672993,-1.406828,-0.888313
2023,1,AC,0.500000,0.866025,1204.6000,0,0,947044.7800,0.107370,0.206509,-0.408492,0.153211,0.525520,0.290002,0.171977,0.603281,0.836280,-1.228563,-0.888313
2023,2,AC,0.866025,0.500000,1204.6000,0,0,947044.7800,0.436684,0.212293,-0.408492,0.109352,0.556702,-0.201442,0.136831,0.665847,0.539394,-1.628122,-1.035249
2023,3,AC,1.000000,6.123234e-17,1204.6000,0,0,947044.7800,1.211352,0.208875,-0.408492,0.112276,0.774974,0.326406,0.133903,1.041243,0.925346,-1.585093,-1.280142
2023,4,AC,0.866025,-0.500000,1806.9000,0,0,1420567.1700,0.073660,0.207298,-0.408492,0.208765,0.837338,0.435616,0.224695,0.728413,0.865969,-1.806387,-1.035249
2023,5,AC,0.500000,-0.866025,4818.4000,1,0,3788179.1200,0.205257,0.253570,-0.408492,0.129820,0.774974,0.326406,0.157333,0.916111,0.925346,-1.812534,-1.476057
2023,6,AC,1.2246468e-16,-1.000000,9034.5000,1,1,7102835.8500,-0.321777,0.303785,-0.408492,-0.314613,0.681429,-1.457356,-0.322987,0.665847,-0.618462,-1.947770,-1.476057
2023,7,AC,-0.500000,-0.866025,12046.0000,1,1,9470447.8000,-0.444945,0.277757,-0.408492,0.188298,0.774974,-0.638282,0.157333,0.884828,-0.232510,-1.917034,-1.329121
2023,8,AC,-0.866025,-0.500000,12046.0000,1,1,9470447.8000,-0.336038,0.231748,-0.408492,0.682436,0.338429,-0.165039,0.646439,0.415583,0.004999,-1.744917,-0.692398
2023,9,AC,-1.000000,-1.8369702e-16,9034.5000,1,1,7102835.8500,-0.218055,0.200725,-0.408492,0.857870,0.868520,0.417414,0.822166,1.041243,0.212819,-1.412975,-0.349547
2023,10,AC,-0.866025,0.500000,4818.4000,1,0,3788179.1200,-0.225186,0.165495,-0.408492,1.047924,0.681429,0.672237,1.018394,0.634564,0.539394,-1.203975,-0.300568
2023,11,AC,-0.500000,0.866025,1806.9000,0,0,1420567.1700,-0.146747,0.167599,-0.408492,0.799392,0.494338,0.344607,0.784092,0.603281,0.509706,-1.314622,-0.496483
2023,12,AC,-2.4492936e-16,1.000000,1204.6000,0,0,947044.7800,0.426961,0.187317,-0.408492,0.413438,0.774974,0.544825,0.435567,0.697130,0.925346,-1.578946,-1.084227
2001,1,BA,0.500000,0.866025,2916.4400,1,0,751105.8000,-0.155823,0.621904,-0.014821,0.404666,0.431975,0.654035,0.444353,0.415583,0.791747,0.142232,-0.692398
2001,2,BA,0.866025,0.500000,2916.4400,1,0,751105.8000,-0.377527,0.574580,-0.014054,0.673665,0.556702,0.726842,0.702086,0.697130,0.925346,0.197556,-0.398525
2001,3,BA,1.000000,6.123234e-17,2916.4400,1,0,751105.8000,0.387093,0.594561,-0.097639,0.515774,0.650247,0.635834,0.558576,0.665847,1.014412,-0.183562,-0.790355
2001,4,BA,0.866025,-0.500000,4374.6600,1,0,1126658.7000,-0.120169,0.622430,-0.109181,0.445601,0.556702,0.708640,0.461926,0.478149,0.776903,0.000850,-0.839334
2001,5,BA,0.500000,-0.866025,11665.7600,1,1,3004423.2000,0.198126,0.619275,-0.179997,0.273091,0.556702,0.708640,0.306701,0.509432,0.687837,-0.109797,-0.349547
2001,6,BA,1.2246468e-16,-1.000000,21873.3000,1,1,5633293.5000,0.211091,0.704983,-0.190410,-0.118712,0.307248,0.362809,-0.088685,0.415583,0.168287,0.597115,0.287177
2001,7,BA,-0.500000,-0.866025,29164.4000,1,1,7511058.0000,0.244800,0.723649,-0.170599,-0.285374,0.057793,0.344607,-0.243910,0.071469,0.420640,0.523350,0.385134
2001,8,BA,-0.866025,-0.500000,29164.4000,1,1,7511058.0000,0.024393,0.781226,-0.174063,-0.405254,-0.160479,0.162591,-0.381563,-0.178795,0.212819,1.236410,-0.055674
2001,9,BA,-1.000000,-1.8369702e-16,21873.3000,1,1,5633293.5000,0.141079,0.678429,-0.121962,-0.282450,0.057793,0.235397,-0.243910,-0.053663,0.628460,0.627850,0.972879
2001,10,BA,-0.866025,0.500000,11665.7600,1,1,3004423.2000,0.206553,0.638993,-0.111447,-0.028071,0.244884,0.417414,0.010894,0.290451,0.554238,0.683174,0.189219
2001,11,BA,-0.500000,0.866025,4374.6600,1,0,1126658.7000,-0.328259,0.587726,-0.086371,0.360807,0.525520,0.690439,0.394564,0.759696,0.836280,0.252879,-0.349547
2001,12,BA,-2.4492936e-16,1.000000,2916.4400,1,0,751105.8000,-0.105259,0.586674,-0.035804,0.401742,0.525520,0.581229,0.447282,0.478149,0.895658,0.455732,-0.153632
2002,1,BA,0.500000,0.866025,2405.3600,1,0,667661.9400,0.271703,0.582994,-0.042365,0.357884,0.619065,0.563027,0.400422,0.603281,0.242508,0.160673,-0.251589
2002,2,BA,0.866025,0.500000,2405.3600,1,0,667661.9400,-0.136375,0.602712,-0.026870,0.480687,0.525520,0.508422,0.526359,0.571998,0.776903,-0.097503,-0.545461
2002,3,BA,1.000000,6.123234e-17,2405.3600,1,0,667661.9400,-0.127623,0.604815,-0.043345,0.588872,0.556702,0.745044,0.602508,0.571998,1.014412,0.043879,-0.937291
2002,4,BA,0.866025,-0.500000,3608.0400,1,0,1001492.9100,-0.243337,0.596665,-0.101056,0.477763,0.525520,0.690439,0.497071,0.446866,0.910502,-0.109797,-0.692398
2002,5,BA,0.500000,-0.866025,9621.4400,1,1,2670647.7600,0.703766,0.642674,-0.192169,0.106428,0.431975,0.217196,0.145618,0.353017,0.569083,0.203703,0.679006
2002,6,BA,1.2246468e-16,-1.000000,18040.2000,1,1,5007464.5500,0.195857,0.722072,-0.203114,-0.127483,0.244884,0.399212,-0.117973,0.040186,0.494861,0.338938,-0.104653
2002,7,BA,-0.500000,-0.866025,24053.6000,1,1,6676619.4000,0.388065,0.730222,-0.191743,-0.358471,-0.004570,0.162591,-0.325916,-0.053663,0.569083,0.357379,3.274878
2002,8,BA,-0.866025,-0.500000,24053.6000,1,1,6676619.4000,0.027958,0.741001,-0.133418,-0.317537,-0.129298,0.271801,-0.293699,0.040186,0.494861,5.287325,4.597304
2002,9,BA,-1.000000,-1.8369702e-16,18040.2000,1,1,5007464.5500,0.401030,0.681584,-0.126470,-0.159646,0.307248,0.271801,-0.117973,0.196602,0.465173,0.381968,-1.182185
2002,10,BA,-0.866025,0.500000,9621.4400,1,1,2670647.7600,-0.422905,0.647932,-0.014911,0.118124,0.213702,0.453817,0.169048,0.290451,0.405795,1.070439,-1.525036
2002,11,BA,-0.500000,0.866025,3608.0400,1,0,1001492.9100,-0.388871,0.630580,-0.017625,0.334492,0.494338,0.617632,0.371134,0.353017,0.658149,1.586792,-1.314427
2002,12,BA,-2.4492936e-16,1.000000,2405.3600,1,0,667661.9400,-0.463745,0.600083,0.296896,0.913424,0.556702,0.745044,0.974463,0.478149,0.910502,1.525322,-0.545461
2003,1,BA,0.500000,0.866025,3271.5400,1,0,813293.8000,-0.475413,0.582468,0.038191,0.928044,0.276066,0.836052,0.989107,0.196602,0.999568,0.953645,-0.545461
2003,2,BA,0.866025,0.500000,3271.5400,1,0,813293.8000,-0.243986,0.595087,0.019539,0.802316,0.650247,0.526624,0.807522,0.446866,0.836280,0.259026,-0.888313
2003,3,BA,1.000000,6.123234e-17,3271.5400,1,0,813293.8000,0.208822,0.592458,-0.076729,0.580100,0.774974,0.708640,0.614223,0.603281,0.821436,-0.146680,-0.888313
2003,4,BA,0.866025,-0.500000,4907.3100,1,0,1219940.7000,0.161823,0.609547,-0.116108,0.524546,0.650247,0.763245,0.564433,0.665847,1.014412,-0.620004,-1.084227
2003,5,BA,0.500000,-0.866025,13086.1600,1,1,3253175.2000,1.421387,0.642148,-0.196191,0.150287,0.712611,0.490221,0.177834,0.540715,0.643304,-0.693769,-2.328287
2003,6,BA,1.2246468e-16,-1.000000,24536.5500,1,1,6099703.5000,0.295688,0.684739,-0.200575,-0.109940,0.338429,0.472019,-0.071112,0.227885,0.539394,-0.478621,-2.367470
2003,7,BA,-0.500000,-0.866025,32715.4000,1,1,8132938.0000,0.159230,0.745471,-0.180824,-0.291222,-0.098116,0.344607,-0.267340,-0.178795,0.094065,-0.257327,-2.401755
2003,8,BA,-0.866025,-0.500000,32715.4000,1,1,8132938.0000,0.033793,0.730222,-0.162449,-0.355548,0.026611,0.290002,-0.317130,0.040186,0.569083,-0.036033,-2.440938
2003,9,BA,-1.000000,-1.8369702e-16,24536.5500,1,1,6099703.5000,0.012724,0.706035,-0.110003,-0.191809,0.182520,0.271801,-0.150189,0.196602,0.539394,0.179115,-2.480121
2003,10,BA,-0.866025,0.500000,13086.1600,1,1,3253175.2000,-0.297143,0.653716,-0.018545,0.132743,0.276066,0.544825,0.186621,0.353017,0.272197,0.394262,-2.514406
2003,11,BA,-0.500000,0.866025,4907.3100,1,0,1219940.7000,-0.009965,0.601660,-0.054307,0.267243,0.525520,0.581229,0.309630,0.478149,0.732370,0.609409,-2.553589
2003,12,BA,-2.4492936e-16,1.000000,3271.5400,1,0,813293.8000,-0.378823,0.590618,-0.026065,1.030380,1.180338,0.763245,1.041825,1.009960,0.747214,0.443438,-0.398525
2004,1,BA,0.500000,0.866025,3045.5800,1,0,903790.6600,0.520958,0.544083,-0.087802,0.933891,0.868520,0.708640,0.945175,0.759696,0.880813,0.129938,-0.104653
2004,2,BA,0.866025,0.500000,3045.5800,1,0,903790.6600,0.063937,0.581153,-0.042650,1.118097,0.525520,0.854254,1.147261,0.446866,1.029256,-0.202003,-0.888313
2004,3,BA,1.000000,6.123234e-17,3045.5800,1,0,903790.6600,-0.053398,0.575106,-0.107085,1.112249,0.806156,1.090875,1.141403,0.759696,0.955035,-0.337239,-0.741376
2004,4,BA,0.866025,-0.500000,4568.3700,1,0,1355685.9900,0.559853,0.600345,-0.146263,0.977750,0.899702,0.872455,1.006679,0.822262,0.969879,-0.146680,-0.251589
2004,5,BA,0.500000,-0.866025,12182.3200,1,1,3615162.6400,-0.046915,0.641885,-0.179260,0.773077,0.494338,0.817850,0.807522,0.509432,0.747214,-0.392562,-0.447504
2004,6,BA,1.2246468e-16,-1.000000,22841.8500,1,1,6778429.9500,0.549481,0.726278,-0.207025,0.460220,0.151339,0.745044,0.479499,0.227885,0.361263,0.136085,-0.447504
2004,7,BA,-0.500000,-0.866025,30455.8000,1,1,9037906.6000,0.266841,0.709452,-0.199582,0.191221,-0.035752,0.417414,0.221766,-0.022380,-0.173133,0.836850,1.168794
2004,8,BA,-0.866025,-0.500000,30455.8000,1,1,9037906.6000,-0.046591,0.737846,-0.161124,0.156135,-0.035752,0.544825,0.189549,-0.084946,-0.128600,0.400409,0.336155
2004,9,BA,-1.000000,-1.8369702e-16,22841.8500,1,1,6778429.9500,-0.334093,0.703931,-0.064038,0.477763,-0.191661,0.708640,0.520502,-0.210078,0.064376,0.517203,-0.594440
2004,10,BA,-0.866025,0.500000,12182.3200,1,1,3615162.6400,-0.189532,0.623481,-0.077117,0.699980,0.276066,0.890657,0.740160,0.321734,0.435484,0.283615,-0.447504
2004,11,BA,-0.500000,0.866025,4568.3700,1,0,1355685.9900,0.067178,0.589829,-0.071331,0.866642,0.338429,0.763245,0.912958,0.321734,0.717526,0.320497,-0.300568
2004,12,BA,-2.4492936e-16,1.000000,3045.5800,1,0,903790.6600,-0.433277,0.575895,0.016335,1.138564,0.400793,1.109077,1.182406,0.540715,0.123754,0.345085,-0.496483
2005,1,BA,0.500000,0.866025,2913.8600,1,0,851015.4800,-0.327611,0.549341,-0.008972,1.232129,0.712611,0.945262,1.270270,0.540715,0.569083,0.228291,-0.447504
2005,2,BA,0.866025,0.500000,2913.8600,1,0,851015.4800,0.649313,0.550393,-0.123960,1.112249,0.806156,1.145480,1.153118,0.978677,0.791747,0.037732,0.238198
2005,3,BA,1.000000,6.123234e-17,2913.8600,1,0,851015.4800,0.630513,0.574055,-0.074463,1.258444,0.743793,1.054472,1.296629,0.884828,0.999568,-0.355680,-1.084227
2005,4,BA,0.866025,-0.500000,4370.7900,1,0,1276523.2200,0.533923,0.605341,-0.123581,0.951435,0.587884,1.054472,0.971534,0.822262,0.969879,-0.497063,-0.594440
2005,5,BA,0.500000,-0.866025,11655.4400,1,1,3404061.9200,0.202664,0.631369,-0.186980,0.816936,0.681429,0.927060,0.848525,0.634564,0.776903,0.498762,0.825943
2005,6,BA,1.2246468e-16,-1.000000,21853.9500,1,1,6382616.1000,0.802626,0.683162,-0.202403,0.442677,0.556702,0.836052,0.467784,0.478149,0.687837,0.621703,0.336155
2005,7,BA,-0.500000,-0.866025,29138.6000,1,1,8510154.8000,0.193588,0.741790,-0.180926,0.243852,0.057793,0.654035,0.268627,0.040186,0.049532,0.775380,1.217772
2005,8,BA,-0.866025,-0.500000,29138.6000,1,1,8510154.8000,-0.083218,0.728382,-0.123517,0.346188,0.057793,0.617632,0.371134,-0.053663,0.376107,0.443438,-0.839334
2005,9,BA,-1.000000,-1.8369702e-16,21853.9500,1,1,6382616.1000,-0.360348,0.687631,-0.082511,0.594719,0.151339,0.708640,0.631795,0.102752,0.480017,0.271321,-0.888313
2005,10,BA,-0.866025,0.500000,11655.4400,1,1,3404061.9200,-0.465690,0.644251,-0.023934,0.881261,0.587884,0.963463,0.904172,0.540715,0.643304,0.664733,-0.790355
2005,11,BA,-0.500000,0.866025,4370.7900,1,0,1276523.2200,-0.430035,0.579576,-0.067267,0.942663,0.276066,0.945262,0.989107,0.384300,0.272197,0.529497,-1.769929
2005,12,BA,-2.4492936e-16,1.000000,2913.8600,1,0,851015.4800,-0.294874,0.568008,-0.080645,0.585948,0.587884,1.036270,0.541003,0.728413,0.925346,0.277468,-1.769929
2006,1,BA,0.500000,0.866025,3541.0400,1,0,1061058.5800,-0.346475,0.657397,-0.363889,0.027483,-0.123061,1.158221,0.005036,-0.178795,1.237077,0.019291,-1.769929
2006,2,BA,0.866025,0.500000,3541.0400,1,0,1061058.5800,-0.138352,0.674748,-0.325976,0.185374,-0.163598,1.236488,0.087042,-0.178795,1.237077,-0.226592,-1.838500
2006,3,BA,1.000000,6.123234e-17,3541.0400,1,0,1061058.5800,0.142149,0.692100,-0.288063,0.343264,-0.197898,1.307475,0.169048,-0.178795,1.237077,-0.466327,-1.902172
2006,4,BA,0.866025,-0.500000,5311.5600,1,0,1591587.8700,0.366640,0.709978,-0.248867,0.507002,-0.238434,1.385742,0.256911,-0.178795,1.237077,-0.718357,-1.970742
2006,5,BA,0.500000,-0.866025,14164.1600,1,1,4244234.3200,0.647336,0.727856,-0.209671,0.667817,-0.275852,1.462189,0.341846,-0.178795,1.237077,-0.970387,-2.039312
2006,6,BA,1.2246468e-16,-1.000000,26557.8000,1,1,7957939.3500,0.690542,0.745734,-0.168430,0.770153,0.026611,0.963463,0.429710,-0.022380,0.643304,-0.884328,0.042283
2006,7,BA,-0.500000,-0.866025,35410.4000,1,1,10610585.8000,-0.476062,0.737321,-0.147035,0.191221,0.026611,0.654035,0.215909,0.008903,0.227664,0.855292,-0.006696
2006,8,BA,-0.866025,-0.500000,35410.4000,1,1,10610585.8000,-0.476062,0.715762,-0.102948,0.346188,-0.129298,0.672237,0.365276,-0.022380,0.368685,0.590968,0.385134
2006,9,BA,-1.000000,-1.8369702e-16,26557.8000,1,1,7957939.3500,-0.476062,0.692889,-0.054081,0.471916,0.057793,0.472019,0.479499,0.196602,-0.514552,0.935203,0.140241
2006,10,BA,-0.866025,0.500000,14164.1600,1,1,4244234.3200,-0.317239,0.617960,-0.056309,0.770153,0.244884,0.854254,0.769448,0.165319,0.613616,0.879880,0.140241
2006,11,BA,-0.500000,0.866025,5311.5600,1,0,1591587.8700,-0.054695,0.574055,-0.032472,0.945587,0.400793,1.018068,0.942246,0.415583,0.791747,0.498762,-0.790355
2006,12,BA,-2.4492936e-16,1.000000,3541.0400,1,0,1061058.5800,-0.382389,0.600871,0.027966,1.287683,0.525520,1.145480,1.293700,0.603281,0.851125,0.609409,-0.398525
2007,1,BA,0.500000,0.866025,3675.9800,1,0,1088593.5400,-0.386278,0.591669,0.092349,1.504052,0.587884,1.473110,1.466498,0.571998,0.569083,0.855292,-0.398525
2007,2,BA,0.866025,0.500000,3675.9800,1,0,1088593.5400,0.464235,0.581942,-0.010297,1.138564,0.743793,0.908858,1.138475,0.853545,0.895658,0.295909,-0.643419
2007,3,BA,1.000000,6.123234e-17,3675.9800,1,0,1088593.5400,-0.170084,0.596402,-0.065473,1.097630,0.774974,0.999867,1.123831,0.728413,0.762059,0.172967,-0.741376
2007,4,BA,0.866025,-0.500000,5513.9700,1,0,1632890.3100,0.031848,0.603763,-0.135621,1.006989,0.962065,1.145480,1.033038,0.759696,0.762059,-0.085209,-0.888313
2007,5,BA,0.500000,-0.866025,14703.9200,1,1,4354374.1600,0.086301,0.639256,-0.142676,0.819859,0.525520,0.963463,0.836810,0.446866,0.494861,0.615556,0.923900
2007,6,BA,1.2246468e-16,-1.000000,27569.8500,1,1,8164451.5500,-0.018392,0.685002,-0.258921,4.109245,6.917789,1.212826,4.210766,6.734755,1.354347,0.738497,-0.398525
2007,7,BA,-0.500000,-0.866025,36759.8000,1,1,10885935.4000,-0.041729,0.712081,-0.166032,0.907576,5.857608,0.326406,0.951033,5.702415,3.285591,0.424997,1.511645
2007,8,BA,-0.866025,-0.500000,36759.8000,1,1,10885935.4000,0.192616,0.742842,-0.017540,-0.305841,5.037526,0.271801,-0.293699,4.870286,3.554273,1.144204,0.189219
2007,9,BA,-1.000000,-1.8369702e-16,27569.8500,1,1,8164451.5500,-0.289040,0.744682,0.144322,-0.159646,4.547972,0.326406,-0.158975,4.363501,3.321217,1.107321,-0.545461
2007,10,BA,-0.866025,0.500000,14703.9200,1,1,4354374.1600,-0.214166,0.657134,0.129773,0.109352,4.074009,0.308204,0.125116,3.875486,3.079255,0.787674,-0.790355
2007,11,BA,-0.500000,0.866025,5513.9700,1,0,1632890.3100,-0.452076,0.595087,0.143146,0.533317,3.584454,0.890657,0.526359,3.371829,2.846199,1.088880,-0.398525
2007,12,BA,-2.4492936e-16,1.000000,3675.9800,1,0,1088593.5400,-0.470227,0.553022,-0.137790,0.372503,3.110491,0.745044,0.426781,2.883814,2.605722,0.806115,-0.349547
2008,1,BA,0.500000,0.866025,3433.3400,1,0,1156804.7800,-0.476062,0.497023,-0.289924,0.390046,2.620937,1.211006,0.362348,2.380157,2.363759,0.412703,-1.755236
2008,2,BA,0.866025,0.500000,3433.3400,1,0,1156804.7800,-0.476062,0.466262,-0.177884,0.644426,2.128265,1.331137,0.470712,1.873372,2.138126,0.062320,-1.823806
2008,3,BA,1.000000,6.123234e-17,3433.3400,1,0,1156804.7800,-0.476062,0.435765,-0.065844,0.898805,1.669892,1.442167,0.576149,1.400998,1.897648,-0.288062,-1.887478
2008,4,BA,0.866025,-0.500000,5150.0100,1,0,1735207.1700,-0.457911,0.433399,0.065479,1.015761,1.180338,0.981665,0.655226,0.897341,1.355831,-0.638445,-1.951151
2008,5,BA,0.500000,-0.866025,13733.3600,1,1,4627219.1200,-0.145775,0.649509,-0.068596,0.091809,0.868520,0.617632,0.128045,0.822262,0.940190,0.431144,-0.055674
2008,6,BA,1.2246468e-16,-1.000000,25750.0500,1,1,8676035.8500,0.025041,0.706560,-0.144342,-0.133331,0.431975,0.362809,-0.100400,0.415583,0.420640,0.535644,-0.741376
2008,7,BA,-0.500000,-0.866025,34333.4000,1,1,11568047.8000,0.085005,0.744945,-0.183205,-0.416949,-0.378752,0.162591,-0.393278,-0.366493,0.168287,1.156498,0.189219
2008,8,BA,-0.866025,-0.500000,34333.4000,1,1,11568047.8000,-0.263433,0.697096,-0.151299,-0.346776,-0.160479,0.235397,-0.317130,-0.241361,0.153442,0.554085,-1.084227
2008,9,BA,-1.000000,-1.8369702e-16,25750.0500,1,1,8676035.8500,-0.341224,0.696044,-0.273552,-0.069006,0.088975,0.326406,-0.021323,0.040186,0.153442,0.369674,-0.398525
2008,10,BA,-0.866025,0.500000,13733.3600,1,1,4627219.1200,-0.363265,0.667124,-0.372410,0.261395,0.213702,0.526624,0.292057,0.134035,0.643304,0.965939,-0.692398
2008,11,BA,-0.500000,0.866025,5150.0100,1,0,1735207.1700,-0.186939,0.581153,-0.316982,0.425133,0.619065,0.672237,0.464855,0.446866,0.643304,0.855292,-0.349547
2008,12,BA,-2.4492936e-16,1.000000,3433.3400,1,0,1156804.7800,-0.135078,0.560383,-0.318150,0.322797,0.400793,0.635834,0.368205,0.353017,0.717526,0.105350,-0.545461
2009,1,BA,0.500000,0.866025,3327.2000,1,0,1047535.0000,-0.371044,0.582468,-0.264298,0.673665,0.463157,0.726842,0.705015,0.478149,0.762059,0.283615,-0.839334
2009,2,BA,0.866025,0.500000,3327.2000,1,0,1047535.0000,-0.055991,0.570900,-0.346554,0.597643,0.712611,0.599430,0.625938,0.728413,0.865969,0.068467,-0.839334
2009,3,BA,1.000000,6.123234e-17,3327.2000,1,0,1047535.0000,-0.394381,0.541980,-0.398509,0.773077,0.650247,0.763245,0.801665,0.540715,1.073789,-0.079062,-0.790355
2009,4,BA,0.866025,-0.500000,4990.8000,1,0,1571302.5000,-0.118872,0.582994,0.091753,0.416362,0.743793,0.563027,0.450211,0.790979,0.999568,-0.251180,-0.741376
2009,5,BA,0.500000,-0.866025,13308.8000,1,1,4190140.0000,-0.465365,0.627162,0.093755,0.042103,0.681429,0.526624,0.089971,0.697130,0.702682,1.002821,0.189219
2009,6,BA,1.2246468e-16,-1.000000,24954.0000,1,1,7856512.5000,0.043192,0.681584,-0.068379,-0.013451,0.276066,0.654035,0.025538,0.446866,0.851125,0.111497,-0.545461
2009,7,BA,-0.500000,-0.866025,33272.0000,1,1,10475350.0000,0.045785,0.706035,-0.154669,-0.191809,0.151339,0.362809,-0.150189,-0.022380,0.687837,-0.017592,-1.133206
2009,8,BA,-0.866025,-0.500000,33272.0000,1,1,10475350.0000,-0.146099,0.705772,-0.132984,-0.215200,0.026611,0.308204,-0.191192,-0.022380,0.331574,0.388115,-0.643419
2009,9,BA,-1.000000,-1.8369702e-16,24954.0000,1,1,7856512.5000,-0.288715,0.683162,-0.072512,0.015788,0.369611,0.344607,0.046039,0.196602,0.628460,0.222144,-1.084227
2009,10,BA,-0.866025,0.500000,13308.8000,1,1,4190140.0000,0.030551,0.584834,-0.097989,0.235080,0.712611,0.526624,0.271555,0.603281,0.702682,0.517203,-0.790355
2009,11,BA,-0.500000,0.866025,4990.8000,1,0,1571302.5000,-0.378175,0.587200,0.024622,0.401742,0.307248,0.544825,0.435567,0.259168,0.658149,0.670880,-0.594440
2009,12,BA,-2.4492936e-16,1.000000,3327.2000,1,0,1047535.0000,-0.450780,0.583782,-0.005938,0.691208,0.681429,0.799649,0.725516,0.665847,0.776903,0.658586,-0.790355
2010,1,BA,0.500000,0.866025,3908.2400,1,0,1331550.4000,-0.196015,0.596402,-0.005951,0.682436,0.525520,0.672237,0.699157,0.697130,0.969879,0.117644,-0.937291
2010,2,BA,0.866025,0.500000,3908.2400,1,0,1331550.4000,-0.433277,0.587463,-0.018242,0.954359,0.619065,0.836052,0.980320,0.665847,0.836280,0.302056,-0.986270
2010,3,BA,1.000000,6.123234e-17,3908.2400,1,0,1331550.4000,-0.294550,0.566430,-0.088275,0.776001,0.868520,0.654035,0.810451,0.728413,0.865969,-0.177415,-0.839334
2010,4,BA,0.866025,-0.500000,5862.3600,1,0,1997325.6000,-0.402160,0.583256,-0.169738,0.314025,0.899702,0.599430,0.356490,0.790979,0.925346,0.240585,0.189219
2010,5,BA,0.500000,-0.866025,15632.9600,1,1,5326201.6000,0.319998,0.596402,-0.179150,0.214613,0.712611,0.581229,0.262769,0.697130,0.821436,-0.189709,-0.594440
2010,6,BA,1.2246468e-16,-1.000000,29311.8000,1,1,9986628.0000,-0.032654,0.681847,-0.207481,-0.092397,0.400793,0.399212,-0.047682,0.353017,0.405795,1.525322,0.238198
2010,7,BA,-0.500000,-0.866025,39082.4000,1,1,13315504.0000,1.153009,0.714973,-0.194150,-0.533905,0.057793,0.053381,-0.519215,0.134035,0.420640,0.990527,0.042283
2010,8,BA,-0.866025,-0.500000,39082.4000,1,1,13315504.0000,0.130707,0.721020,-0.133951,-0.601155,-0.316388,0.071583,-0.583649,-0.335210,0.197975,0.683174,0.238198
2010,9,BA,-1.000000,-1.8369702e-16,29311.8000,1,1,9986628.0000,-0.272509,0.681321,-0.100247,-0.332156,-0.160479,0.180792,-0.314201,-0.303927,0.257352,0.916762,-0.104653
2010,10,BA,-0.866025,0.500000,15632.9600,1,1,5326201.6000,-0.280936,0.586674,-0.071783,0.179526,0.431975,0.399212,0.212980,0.446866,0.851125,0.535644,-0.692398
2010,11,BA,-0.500000,0.866025,5862.3600,1,0,1997325.6000,-0.374934,0.539614,-0.053672,0.366655,0.182520,0.362809,0.397493,0.353017,0.450328,0.695468,-0.888313
2010,12,BA,-2.4492936e-16,1.000000,3908.2400,1,0,1331550.4000,-0.239448,0.500703,-0.060442,0.387123,0.494338,0.563027,0.423852,0.446866,0.806592,0.320497,-0.937291
2011,1,BA,0.500000,0.866025,2956.6200,1,0,1131597.0800,-0.308811,0.528046,-0.019908,0.346188,0.619065,0.508422,0.368205,0.759696,0.732370,0.074614,-1.084227
2011,2,BA,0.866025,0.500000,2956.6200,1,0,1131597.0800,-0.461800,0.544609,0.003251,0.673665,0.650247,0.745044,0.702086,0.634564,0.895658,0.345085,-1.231164
2011,3,BA,1.000000,6.123234e-17,2956.6200,1,0,1131597.0800,0.139783,0.518055,-0.109292,0.512850,0.806156,0.726842,0.546861,0.665847,1.044101,0.191409,-0.104653
2011,4,BA,0.866025,-0.500000,4434.9300,1,0,1697395.6200,0.688856,0.555125,-0.128374,0.252623,0.743793,0.581229,0.259840,0.603281,0.999568,0.031585,-1.231164
2011,5,BA,0.500000,-0.866025,11826.4800,1,1,4526388.3200,0.533275,0.616383,-0.205355,-0.124560,0.525520,0.107986,-0.103329,0.540715,0.747214,0.431144,-0.692398
2011,6,BA,1.2246468e-16,-1.000000,22174.6500,1,1,8486978.1000,0.130059,0.656608,-0.213348,-0.422797,0.151339,0.271801,-0.404993,0.134035,0.539394,0.142232,0.189219
2011,7,BA,-0.500000,-0.866025,29566.2000,1,1,11315970.8000,-0.398271,0.687105,-0.142736,-0.390634,-0.191661,0.126188,-0.361061,-0.084946,0.316730,0.406556,-1.035249
2011,8,BA,-0.866025,-0.500000,29566.2000,1,1,11315970.8000,-0.463745,0.684213,-0.137862,-0.396482,0.026611,0.198994,-0.366919,-0.053663,0.138598,0.111497,-1.182185
2011,9,BA,-1.000000,-1.8369702e-16,22174.6500,1,1,8486978.1000,-0.267971,0.737321,-0.101764,-0.253211,0.026611,0.217196,-0.238053,0.040186,-0.098911,0.775380,-0.202610
2011,10,BA,-0.866025,0.500000,11826.4800,1,1,4526388.3200,0.217573,0.601923,-0.106156,0.033331,0.431975,0.381011,0.057754,0.446866,0.762059,0.898321,0.532070
2011,11,BA,-0.500000,0.866025,4434.9300,1,0,1697395.6200,0.867127,0.601660,-0.122375,0.053798,0.463157,0.453817,0.087042,0.665847,0.376107,0.806115,0.189219
2011,12,BA,-2.4492936e-16,1.000000,2956.6200,1,0,1131597.0800,-0.157119,0.580364,-0.063573,0.343264,0.494338,0.581229,0.368205,0.571998,0.821436,0.271321,-0.888313
2012,1,BA,0.500000,0.866025,5499.9800,1,0,2064932.0200,-0.423553,0.599031,-0.014988,0.495307,0.650247,0.563027,0.502929,0.665847,0.509706,0.381968,-0.741376
2012,2,BA,0.866025,0.500000,5499.9800,1,0,2064932.0200,-0.476062,0.596402,-0.025719,0.448524,0.463157,0.563027,0.447282,0.540715,0.583927,0.117644,-1.084227
2012,3,BA,1.000000,6.123234e-17,5499.9800,1,0,2064932.0200,-0.476062,0.605867,-0.047452,0.483611,0.774974,0.599430,0.485356,0.697130,0.732370,0.013144,-1.035249
2012,4,BA,0.866025,-0.500000,8249.9700,1,0,3097398.0300,-0.378175,0.605867,-0.103186,0.468992,0.431975,0.654035,0.461926,0.509432,0.583927,-0.091356,-0.692398
2012,5,BA,0.500000,-0.866025,21999.9200,1,1,8259728.0800,0.876851,0.657134,-0.206395,0.085961,0.619065,0.508422,0.101686,0.697130,0.702682,0.381968,-0.006696
2012,6,BA,1.2246468e-16,-1.000000,41249.8500,1,1,15486990.1500,0.075605,0.699988,-0.195126,-0.109940,0.276066,0.126188,-0.097471,0.321734,0.732370,-0.269621,-1.084227
2012,7,BA,-0.500000,-0.866025,54999.8000,1,1,20649320.2000,0.052916,0.719443,-0.173960,-0.308765,0.276066,0.198994,-0.305414,0.165319,0.301885,0.074614,-1.084227
2012,8,BA,-0.866025,-0.500000,54999.8000,1,1,20649320.2000,-0.030061,0.766503,-0.131058,-0.393558,-0.222843,0.198994,-0.404993,-0.116229,0.450328,0.904468,-0.594440
2012,9,BA,-1.000000,-1.8369702e-16,41249.8500,1,1,15486990.1500,-0.367803,0.730748,-0.114681,-0.127483,0.213702,0.326406,-0.115044,0.071469,0.212819,0.541791,0.140241
2012,10,BA,-0.866025,0.500000,21999.9200,1,1,8259728.0800,-0.265054,0.654767,-0.064144,-0.019299,0.213702,0.290002,-0.006679,0.384300,0.569083,0.388115,-1.084227
2012,11,BA,-0.500000,0.866025,8249.9700,1,0,3097398.0300,-0.435870,0.569059,-0.092804,0.328645,0.400793,0.472019,0.353561,0.665847,0.598771,0.424997,-0.888313
2012,12,BA,-2.4492936e-16,1.000000,5499.9800,1,0,2064932.0200,-0.434573,0.577472,-0.018277,0.583024,0.400793,0.599430,0.579077,0.415583,0.480017,0.271321,-0.937291
2013,1,BA,0.500000,0.866025,3076.0200,1,0,1205059.3800,-0.355486,0.591669,-0.043008,0.705827,0.774974,0.763245,0.707944,0.634564,0.687837,0.381968,-0.839334
2013,2,BA,0.866025,0.500000,3076.0200,1,0,1205059.3800,-0.378175,0.593510,-0.001303,0.811088,0.993247,0.781447,0.804593,0.884828,0.791747,0.388115,-0.986270
2013,3,BA,1.000000,6.123234e-17,3076.0200,1,0,1205059.3800,-0.349652,0.591932,-0.023862,0.884185,0.712611,0.745044,0.871955,0.853545,0.940190,0.209850,-0.986270
2013,4,BA,0.866025,-0.500000,4614.0300,1,0,1807589.0700,0.299902,0.609284,-0.173428,0.533317,0.868520,0.654035,0.532217,1.041243,0.940190,0.812262,-0.006696
2013,5,BA,0.500000,-0.866025,12304.0800,1,1,4820237.5200,0.285640,0.645303,-0.202403,0.144439,0.556702,0.453817,0.171977,0.634564,0.865969,0.086909,-0.251589
2013,6,BA,1.2246468e-16,-1.000000,23070.1500,1,1,9037945.3500,0.512855,0.678955,-0.218989,-0.118712,0.774974,0.472019,-0.100400,0.728413,0.836280,-0.232739,-0.643419
2013,7,BA,-0.500000,-0.866025,30760.2000,1,1,12050593.8000,-0.471524,0.651875,-0.431506,-0.314613,0.619065,0.635834,-0.199978,0.446866,0.984723,-0.533945,-1.622993
2013,8,BA,-0.866025,-0.500000,30760.2000,1,1,12050593.8000,0.096349,0.687894,-0.265627,-0.329232,0.120157,0.162591,-0.287842,0.040186,0.672993,0.529497,-0.496483
2013,9,BA,-1.000000,-1.8369702e-16,23070.1500,1,1,9037945.3500,-0.131189,0.696044,-0.113518,-0.124560,0.307248,0.271801,-0.112115,0.353017,0.569083,0.332791,-0.790355
2013,10,BA,-0.866025,0.500000,12304.0800,1,1,4820237.5200,0.235076,0.656345,-0.092118,0.074265,0.369611,0.417414,0.095828,0.446866,0.643304,0.738497,-0.447504
2013,11,BA,-0.500000,0.866025,4614.0300,1,0,1807589.0700,0.213684,0.591407,-0.064562,0.173678,0.837338,0.271801,0.192478,0.822262,0.851125,0.375821,-0.937291
2013,12,BA,-2.4492936e-16,1.000000,3076.0200,1,0,1205059.3800,0.039951,0.564064,-0.065989,0.404666,0.868520,0.635834,0.426781,1.009960,1.044101,0.584821,-0.937291
2014,1,BA,0.500000,0.866025,3736.8800,1,0,1550181.5600,-0.328907,0.620064,-0.036102,0.486535,0.806156,0.690439,0.476570,0.759696,0.865969,0.111497,-0.986270
2014,2,BA,0.866025,0.500000,3736.8800,1,0,1550181.5600,0.008186,0.591932,-0.045893,0.468992,0.930883,0.599430,0.453140,0.978677,0.955035,0.179115,-1.182185
2014,3,BA,1.000000,6.123234e-17,3736.8800,1,0,1550181.5600,-0.128920,0.605341,-0.036175,0.635654,0.930883,0.654035,0.593721,0.978677,1.088634,-0.103650,-1.329121
2014,4,BA,0.866025,-0.500000,5605.3200,1,0,2325272.3400,-0.476062,0.607707,-0.050374,0.711675,1.242701,0.872455,0.678656,1.135092,0.628460,0.062320,-0.153632
2014,5,BA,0.500000,-0.866025,14947.5200,1,1,6200726.2400,0.347225,0.637678,-0.210199,0.118124,1.211520,0.490221,0.125116,1.009960,0.702682,0.129938,0.189219
2014,6,BA,1.2246468e-16,-1.000000,28026.6000,1,1,11626361.7000,0.320646,0.696044,-0.205696,-0.112864,0.400793,0.344607,-0.100400,0.509432,0.658149,0.006997,-1.084227
2014,7,BA,-0.500000,-0.866025,37368.8000,1,1,15501815.6000,0.226649,0.759931,-0.197201,-0.294146,0.525520,0.198994,-0.281984,0.759696,0.717526,0.351232,-0.594440
2014,8,BA,-0.866025,-0.500000,37368.8000,1,1,15501815.6000,-0.274454,0.744419,-0.150162,-0.335080,0.400793,0.344607,-0.328845,0.540715,0.435484,0.363526,-0.251589
2014,9,BA,-1.000000,-1.8369702e-16,28026.6000,1,1,11626361.7000,-0.179160,0.706560,-0.136989,-0.206429,0.338429,0.198994,-0.205836,0.353017,0.405795,0.609409,-0.055674
2014,10,BA,-0.866025,0.500000,14947.5200,1,1,6200726.2400,-0.373637,0.679481,-0.075980,0.091809,0.463157,0.399212,0.098757,0.822262,0.435484,0.855292,0.923900
2014,11,BA,-0.500000,0.866025,5605.3200,1,0,2325272.3400,-0.270564,0.603500,-0.104128,0.220460,0.619065,0.381011,0.230552,0.665847,0.791747,0.492615,-0.398525
2014,12,BA,-2.4492936e-16,1.000000,3736.8800,1,0,1550181.5600,0.176085,0.615331,-0.077147,0.334492,0.556702,0.563027,0.341846,0.634564,0.569083,0.228291,-0.790355
2015,1,BA,0.500000,0.866025,3359.8000,1,0,1465273.6800,-0.298115,0.638730,-0.021523,0.559633,0.494338,0.490221,0.567362,0.665847,0.702682,0.160673,-1.084227
2015,2,BA,0.866025,0.500000,3359.8000,1,0,1465273.6800,-0.175270,0.609810,-0.061682,0.647349,0.619065,0.781447,0.649368,0.634564,0.880813,0.123791,-1.035249
2015,3,BA,1.000000,6.123234e-17,3359.8000,1,0,1465273.6800,-0.368451,0.596139,-0.078843,0.770153,0.650247,0.854254,0.769448,0.665847,0.791747,-0.158974,-1.182185
2015,4,BA,0.866025,-0.500000,5039.7000,1,0,2197910.5200,0.417885,0.597979,-0.167174,0.550861,0.743793,0.526624,0.561505,0.822262,0.643304,-0.066768,-0.104653
2015,5,BA,0.500000,-0.866025,13439.2000,1,1,5861094.7200,0.434740,0.655030,-0.226913,0.112276,0.681429,0.490221,0.130974,0.603281,0.791747,0.418850,-0.202610
2015,6,BA,1.2246468e-16,-1.000000,25198.5000,1,1,10989552.6000,0.720621,0.718391,-0.226862,-0.107016,0.276066,0.362809,-0.094542,0.259168,0.569083,0.369674,-0.055674
2015,7,BA,-0.500000,-0.866025,33598.0000,1,1,14652736.8000,0.096998,0.732851,-0.176955,-0.229820,0.244884,0.362809,-0.208765,0.227885,0.465173,0.019291,-0.986270
2015,8,BA,-0.866025,-0.500000,33598.0000,1,1,14652736.8000,-0.166843,0.733114,-0.151546,-0.317537,-0.004570,0.308204,-0.308343,0.446866,0.123754,0.228291,-0.839334
2015,9,BA,-1.000000,-1.8369702e-16,25198.5000,1,1,10989552.6000,-0.399567,0.683162,-0.099271,0.001168,0.026611,0.326406,0.016751,0.102752,0.539394,0.050026,-1.231164
2015,10,BA,-0.866025,0.500000,13439.2000,1,1,5861094.7200,-0.415774,0.667124,-0.070484,0.316949,0.182520,0.526624,0.321345,0.321734,0.242508,0.252879,-1.133206
2015,11,BA,-0.500000,0.866025,5039.7000,1,0,2197910.5200,-0.465041,0.585886,-0.050178,0.632730,0.494338,0.799649,0.637653,0.478149,0.628460,0.584821,-0.888313
2015,12,BA,-2.4492936e-16,1.000000,3359.8000,1,0,1465273.6800,-0.418367,0.633735,0.001871,0.743838,0.276066,0.708640,0.734303,0.290451,0.583927,0.431144,-0.937291
2016,1,BA,0.500000,0.866025,5856.4200,1,0,2488627.2400,0.057454,0.585097,-0.127863,0.632730,0.930883,0.672237,0.655226,0.916111,0.762059,0.123791,-0.594440
2016,2,BA,0.866025,0.500000,5856.4200,1,0,2488627.2400,-0.341872,0.621115,-0.022733,0.811088,0.619065,0.781447,0.819237,0.603281,0.969879,-0.177415,-1.231164
2016,3,BA,1.000000,6.123234e-17,5856.4200,1,0,2488627.2400,-0.291957,0.627951,-0.039072,0.951435,1.273883,0.908858,0.948104,1.166375,0.895658,-0.023739,-1.280142
2016,4,BA,0.866025,-0.500000,8784.6300,1,0,3732940.8600,-0.337335,0.625585,-0.110928,0.711675,0.650247,0.890657,0.725516,0.728413,0.480017,-0.072915,-1.427078
2016,5,BA,0.500000,-0.866025,23425.6800,1,1,9954508.9600,0.319026,0.677115,-0.197192,0.232156,0.650247,0.635834,0.242268,0.634564,0.613616,-0.183562,-0.496483
2016,6,BA,1.2246468e-16,-1.000000,43923.1500,1,1,18664704.3000,-0.044322,0.720494,-0.211277,0.047950,0.525520,0.435616,0.063612,0.478149,0.524550,0.474174,-0.202610
2016,7,BA,-0.500000,-0.866025,58564.2000,1,1,24886272.4000,-0.175270,0.732851,-0.161891,-0.121636,0.088975,0.362809,-0.120901,0.259168,0.257352,0.043879,-0.790355
2016,8,BA,-0.866025,-0.500000,58564.2000,1,1,24886272.4000,0.015317,0.723386,-0.153174,-0.171342,0.120157,0.362809,-0.150189,0.040186,0.049532,0.019291,-0.790355
2016,9,BA,-1.000000,-1.8369702e-16,43923.1500,1,1,18664704.3000,-0.134916,0.701828,-0.162116,0.068418,-0.098116,0.381011,0.031395,-0.178795,0.138598,-0.097503,-1.231164
2016,10,BA,-0.866025,0.500000,23425.6800,1,1,9954508.9600,0.291637,0.657659,-0.128442,0.419285,0.182520,0.526624,0.192478,0.290451,0.583927,0.492615,-1.182185
2016,11,BA,-0.500000,0.866025,8784.6300,1,0,3732940.8600,-0.299736,0.602186,-0.068481,0.390046,0.494338,0.617632,0.412137,0.353017,0.687837,0.486468,-0.251589
2016,12,BA,-2.4492936e-16,1.000000,5856.4200,1,0,2488627.2400,-0.294550,0.594561,-0.050268,0.600567,0.463157,0.672237,0.608365,0.540715,0.732370,0.338938,-1.035249
2017,1,BA,0.500000,0.866025,3279.1200,1,0,1694574.9400,-0.392437,0.608759,0.019241,0.773077,0.120157,0.635834,0.760662,0.259168,0.747214,0.234438,-1.133206
2017,2,BA,0.866025,0.500000,3279.1200,1,0,1694574.9400,-0.157119,0.594561,-0.048389,0.717523,0.930883,0.690439,0.713801,0.822262,0.687837,0.185262,-1.084227
2017,3,BA,1.000000,6.123234e-17,3279.1200,1,0,1694574.9400,0.104128,0.589040,-0.085054,0.641502,0.681429,0.726842,0.655226,0.822262,0.776903,-0.036033,-0.447504
2017,4,BA,0.866025,-0.500000,4918.6800,1,0,2541862.4100,0.034117,0.614280,-0.154392,0.463144,0.806156,0.581229,0.485356,1.009960,0.880813,-0.097503,-0.251589
2017,5,BA,0.500000,-0.866025,13116.4800,1,1,6778299.7600,0.628569,0.652664,-0.203251,0.135667,0.837338,0.526624,0.151475,0.822262,0.376107,0.043879,-0.300568
2017,6,BA,1.2246468e-16,-1.000000,24593.4000,1,1,12709312.0500,-0.109796,0.703931,-0.195113,-0.010528,0.837338,0.508422,-0.009608,0.790979,0.480017,0.185262,-0.839334
2017,7,BA,-0.500000,-0.866025,32791.2000,1,1,16945749.4000,0.325184,0.793583,-0.192992,-0.452036,-0.222843,0.126188,-0.457711,-0.053663,0.331574,1.420822,0.287177
2017,8,BA,-0.866025,-0.500000,32791.2000,1,1,16945749.4000,-0.256303,0.728119,-0.140912,-0.434493,0.307248,0.290002,-0.419637,0.102752,0.257352,0.129938,-0.790355
2017,9,BA,-1.000000,-1.8369702e-16,24593.4000,1,1,12709312.0500,-0.036219,0.756250,-0.101700,-0.311689,-0.066934,0.235397,-0.317130,0.008903,0.480017,0.929056,-0.986270
2017,10,BA,-0.866025,0.500000,13116.4800,1,1,6778299.7600,-0.242689,0.663706,-0.065985,0.088885,0.494338,0.435616,0.087042,0.321734,0.509706,0.252879,-0.986270
2017,11,BA,-0.500000,0.866025,4918.6800,1,0,2541862.4100,-0.223890,0.589040,-0.080483,0.375427,0.307248,0.581229,0.371134,0.415583,0.583927,0.203703,-0.986270
2017,12,BA,-2.4492936e-16,1.000000,3279.1200,1,0,1694574.9400,-0.208980,0.573529,-0.039983,0.606415,0.650247,0.581229,0.605436,0.540715,0.702682,0.203703,-0.888313
2018,1,BA,0.500000,0.866025,2522.4000,1,0,1130470.9400,-0.231020,0.593510,-0.019457,0.688284,0.774974,0.726842,0.681585,0.884828,0.747214,0.228291,-1.035249
2018,2,BA,0.866025,0.500000,2522.4000,1,0,1130470.9400,-0.330852,0.570111,-0.051090,0.664893,0.774974,0.654035,0.672798,0.853545,0.717526,0.123791,-1.035249
2018,3,BA,1.000000,6.123234e-17,2522.4000,1,0,1130470.9400,0.057454,0.567482,-0.087619,0.773077,0.930883,0.763245,0.763591,1.103809,0.658149,0.025438,-1.084227
2018,4,BA,0.866025,-0.500000,3783.6000,1,0,1695706.4100,1.158843,0.626110,-0.151227,0.354960,0.556702,0.635834,0.350632,0.728413,0.776903,0.000850,-0.496483
2018,5,BA,0.500000,-0.866025,10089.6000,1,1,4521883.7600,0.262951,0.666598,-0.191428,0.097657,0.494338,0.581229,0.107544,0.603281,0.776903,0.172967,-0.790355
2018,6,BA,1.2246468e-16,-1.000000,18918.0000,1,1,8478532.0500,0.119687,0.720757,-0.190389,-0.121636,0.494338,0.326406,-0.106257,0.634564,0.747214,-0.220445,-0.937291
2018,7,BA,-0.500000,-0.866025,25224.0000,1,1,11304709.4000,-0.272509,0.733903,-0.162798,-0.253211,0.431975,0.308204,-0.252696,0.259168,0.390951,-0.257327,-1.378100
2018,8,BA,-0.866025,-0.500000,25224.0000,1,1,11304709.4000,-0.346410,0.732851,-0.141189,-0.127483,0.088975,0.326406,-0.126759,-0.022380,0.331574,-0.042180,-0.790355
2018,9,BA,-1.000000,-1.8369702e-16,18918.0000,1,1,8478532.0500,-0.238800,0.668964,-0.106544,0.033331,0.088975,0.399212,0.048968,0.040186,0.539394,0.191409,-0.545461
2018,10,BA,-0.866025,0.500000,10089.6000,1,1,4521883.7600,-0.281585,0.620589,-0.098296,0.311101,0.463157,0.563027,0.335989,0.540715,0.435484,0.345085,-0.594440
2018,11,BA,-0.500000,0.866025,3783.6000,1,0,1695706.4100,-0.270564,0.608496,-0.056812,0.433905,0.431975,0.308204,0.441425,0.571998,0.687837,0.302056,-1.035249
2018,12,BA,-2.4492936e-16,1.000000,2522.4000,1,0,1130470.9400,-0.015151,0.612176,-0.059270,0.498231,0.743793,0.708640,0.508787,0.759696,0.643304,-0.079062,-1.133206
2019,1,BA,0.500000,0.866025,2084.1400,0,0,861143.4400,-0.285474,0.642937,0.009808,0.749686,0.806156,0.745044,0.748947,0.853545,0.851125,-0.134386,-1.525036
2019,2,BA,0.866025,0.500000,2084.1400,0,0,861143.4400,-0.472172,0.580102,-0.023334,1.056695,0.619065,0.999867,1.059397,0.665847,0.821436,0.006997,-1.231164
2019,3,BA,1.000000,6.123234e-17,2084.1400,0,0,861143.4400,0.499565,0.592195,-0.103949,0.846175,0.962065,0.781447,0.866098,0.884828,0.732370,-0.300356,-0.986270
2019,4,BA,0.866025,-0.500000,3126.2100,1,0,1291715.1600,0.119687,0.594561,-0.144951,0.676588,1.273883,0.872455,0.696229,1.260225,1.133166,-0.724504,-1.182185
2019,5,BA,0.500000,-0.866025,8336.5600,1,0,3444573.7600,0.288234,0.617960,-0.189477,0.428057,0.899702,0.726842,0.447282,0.916111,1.029256,-0.663033,-0.839334
2019,6,BA,1.2246468e-16,-1.000000,15631.0500,1,1,6458575.8000,0.159230,0.716025,-0.210958,0.071342,0.463157,0.472019,0.069469,0.446866,0.762059,0.351232,0.042283
2019,7,BA,-0.500000,-0.866025,20841.4000,1,1,8611434.4000,0.480766,0.721283,-0.199548,-0.180114,0.463157,0.381011,-0.164833,0.415583,0.480017,0.603262,-0.153632
2019,8,BA,-0.866025,-0.500000,20841.4000,1,1,8611434.4000,-0.094886,0.769658,-0.142876,-0.209353,-0.191661,0.308204,-0.182406,-0.084946,0.227664,0.185262,-0.741376
2019,9,BA,-1.000000,-1.8369702e-16,15631.0500,1,1,6458575.8000,-0.052750,0.702617,-0.127803,-0.071929,0.244884,0.399212,-0.047682,0.259168,0.672993,-0.005297,-1.231164
2019,10,BA,-0.866025,0.500000,8336.5600,1,0,3444573.7600,-0.190180,0.643199,-0.060506,0.232156,0.525520,0.271801,0.256911,0.415583,0.806592,0.068467,-1.133206
2019,11,BA,-0.500000,0.866025,3126.2100,1,0,1291715.1600,0.189050,0.582994,-0.059816,0.474840,0.587884,0.654035,0.502929,0.634564,0.687837,0.154526,-0.937291
2019,12,BA,-2.4492936e-16,1.000000,2084.1400,0,0,861143.4400,-0.339928,0.588252,-0.000016,0.664893,0.525520,0.690439,0.687442,0.571998,0.257352,0.062320,-1.133206
2020,1,BA,0.500000,0.866025,2202.8600,0,0,883766.1400,-0.175270,0.583782,-0.394219,0.664893,0.993247,0.745044,0.690371,0.916111,0.806592,-0.337239,-1.280142
2020,2,BA,0.866025,0.500000,2202.8600,0,0,883766.1400,-0.325666,0.591932,-0.394219,0.863718,0.868520,0.799649,0.886599,0.822262,0.940190,-0.490915,-1.378100
2020,3,BA,1.000000,6.123234e-17,2202.8600,0,0,883766.1400,0.355652,0.576158,-0.394219,0.679512,1.086792,0.836052,0.716730,1.072526,1.014412,0.080762,-0.496483
2020,4,BA,0.866025,-0.500000,3304.2900,1,0,1325649.2100,1.232096,0.611650,-0.394219,0.442677,1.180338,0.690439,0.485356,1.197658,0.925346,0.117644,-0.251589
2020,5,BA,0.500000,-0.866025,8811.4400,1,0,3535064.5600,1.006503,0.661603,-0.394219,0.121048,0.962065,0.599430,0.163190,0.884828,0.465173,0.111497,0.189219
2020,6,BA,1.2246468e-16,-1.000000,16521.4500,1,1,6628246.0500,0.399086,0.696307,-0.394219,0.027483,0.837338,0.490221,0.054826,0.853545,0.569083,0.129938,-0.398525
2020,7,BA,-0.500000,-0.866025,22028.6000,1,1,8837661.4000,0.069771,0.710504,-0.394219,-0.200581,0.338429,0.381011,-0.179477,0.353017,0.346418,0.234438,-1.084227
2020,8,BA,-0.866025,-0.500000,22028.6000,1,1,8837661.4000,-0.053398,0.719180,-0.394219,-0.250287,0.151339,0.326406,-0.235124,0.196602,0.227664,0.547938,-0.349547
2020,9,BA,-1.000000,-1.8369702e-16,16521.4500,1,1,6628246.0500,-0.194718,0.699462,-0.394219,-0.074853,0.120157,0.417414,-0.056468,0.040186,0.346418,0.056173,-1.133206
2020,10,BA,-0.866025,0.500000,8811.4400,1,0,3535064.5600,-0.283529,0.618223,-0.394219,0.363731,0.369611,0.690439,0.394564,0.321734,0.524550,0.062320,-1.035249
2020,11,BA,-0.500000,0.866025,3304.2900,1,0,1325649.2100,-0.017096,0.600871,-0.394219,0.296482,0.806156,0.508422,0.330131,0.728413,0.776903,0.289762,-0.251589
2020,12,BA,-2.4492936e-16,1.000000,2202.8600,0,0,883766.1400,-0.384657,0.600345,-0.394219,0.550861,0.525520,0.654035,0.573220,0.603281,0.598771,0.006997,-1.231164
2021,1,BA,0.500000,0.866025,2400.2600,1,0,970447.3000,0.137190,0.592458,-0.394219,0.521622,1.086792,0.690439,0.535146,1.009960,0.747214,-0.195856,-1.574015
2021,2,BA,0.866025,0.500000,2400.2600,1,0,970447.3000,-0.306867,0.570111,-0.394219,0.650273,1.117974,0.854254,0.678656,0.947394,0.732370,-0.146680,-1.231164
2021,3,BA,1.000000,6.123234e-17,2400.2600,1,0,970447.3000,-0.273157,0.589040,-0.394219,0.621034,0.650247,0.654035,0.634724,0.697130,0.776903,-0.386415,-1.574015
2021,4,BA,0.866025,-0.500000,3600.3900,1,0,1455670.9500,0.465856,0.599294,-0.394219,0.349112,0.712611,0.599430,0.379920,0.853545,0.865969,-0.404857,-0.790355
2021,5,BA,0.500000,-0.866025,9601.0400,1,1,3881789.2000,-0.102666,0.662918,-0.394219,0.085961,0.431975,0.490221,0.113401,0.384300,0.554238,-0.029886,-0.692398
2021,6,BA,1.2246468e-16,-1.000000,18001.9500,1,1,7278354.7500,-0.002834,0.688157,-0.394219,-0.130407,0.494338,0.290002,-0.100400,0.634564,0.346418,-0.036033,-0.741376
2021,7,BA,-0.500000,-0.866025,24002.6000,1,1,9704473.0000,0.353059,0.741001,-0.394219,-0.390634,0.307248,0.308204,-0.363990,0.196602,0.583927,0.523350,-0.349547
2021,8,BA,-0.866025,-0.500000,24002.6000,1,1,9704473.0000,0.109963,0.740475,-0.394219,-0.396482,0.151339,0.235397,-0.375705,0.102752,0.361263,0.228291,-0.790355
2021,9,BA,-1.000000,-1.8369702e-16,18001.9500,1,1,7278354.7500,-0.361968,0.687368,-0.394219,0.036255,0.307248,0.453817,0.063612,0.259168,0.524550,-0.251180,-0.496483
2021,10,BA,-0.866025,0.500000,9601.0400,1,1,3881789.2000,-0.006724,0.622693,-0.394219,0.378351,0.743793,0.708640,0.409208,0.728413,0.791747,-0.171268,-1.329121
2021,11,BA,-0.500000,0.866025,3600.3900,1,0,1455670.9500,0.519661,0.566693,-0.394219,0.346188,1.024429,0.344607,0.379920,1.009960,0.910502,-0.226592,-0.545461
2021,12,BA,-2.4492936e-16,1.000000,2400.2600,1,0,970447.3000,0.716083,0.550919,-0.394219,0.410514,1.055611,0.526624,0.447282,0.978677,1.058945,-0.238886,-1.182185
2022,1,BA,0.500000,0.866025,3361.2600,1,0,1358985.0600,-0.363265,0.588515,-0.394219,0.629806,0.806156,0.654035,0.652297,0.759696,0.895658,-0.515504,-1.378100
2022,2,BA,0.866025,0.500000,3361.2600,1,0,1358985.0600,-0.131189,0.569322,-0.394219,0.723371,0.962065,0.763245,0.743089,0.947394,1.148011,-0.613857,-1.476057
2022,3,BA,1.000000,6.123234e-17,3361.2600,1,0,1358985.0600,0.593563,0.577210,-0.394219,0.498231,0.930883,0.672237,0.520502,1.103809,1.133166,-0.620004,-1.378100
2022,4,BA,0.866025,-0.500000,5041.8900,1,0,2038477.5900,0.810081,0.587989,-0.394219,0.419285,0.774974,0.508422,0.438496,0.790979,0.999568,-0.263474,-0.790355
2022,5,BA,0.500000,-0.866025,13445.0400,1,1,5435940.2400,0.141079,0.652927,-0.394219,0.159059,0.681429,0.526624,0.198336,0.697130,0.554238,-0.109797,-0.986270
2022,6,BA,1.2246468e-16,-1.000000,25209.4500,1,1,10192387.9500,-0.099424,0.671856,-0.394219,-0.156722,0.587884,0.326406,-0.126759,0.415583,0.480017,0.320497,-0.545461
2022,7,BA,-0.500000,-0.866025,33612.6000,1,1,13589850.6000,0.102184,0.721283,-0.394219,-0.291222,0.182520,0.180792,-0.267340,0.102752,0.569083,0.129938,-0.545461
2022,8,BA,-0.866025,-0.500000,33612.6000,1,1,13589850.6000,-0.084514,0.725490,-0.394219,-0.326309,0.057793,0.162591,-0.308343,0.040186,0.361263,0.203703,-0.496483
2022,9,BA,-1.000000,-1.8369702e-16,25209.4500,1,1,10192387.9500,-0.267323,0.688683,-0.394219,-0.165494,0.088975,0.344607,-0.141403,0.196602,0.494861,-0.171268,-0.986270
2022,10,BA,-0.866025,0.500000,13445.0400,1,1,5435940.2400,-0.218704,0.644251,-0.394219,0.273091,0.338429,0.472019,0.297914,0.634564,0.450328,-0.079062,-1.525036
2022,11,BA,-0.500000,0.866025,5041.8900,1,0,2038477.5900,0.255172,0.578524,-0.394219,0.156135,0.712611,0.435616,0.192478,0.759696,0.747214,0.105350,-0.300568
2022,12,BA,-2.4492936e-16,1.000000,3361.2600,1,0,1358985.0600,-0.241393,0.567219,-0.394219,0.466068,0.899702,0.490221,0.488285,0.978677,0.732370,-0.085209,-1.182185
2023,1,BA,0.500000,0.866025,3214.0800,1,0,1337887.6000,-0.071549,0.596402,-0.394219,0.545013,1.055611,0.635834,0.561505,1.103809,0.910502,-0.509357,-1.671972
2023,2,BA,0.866025,0.500000,3214.0800,1,0,1337887.6000,-0.159064,0.600345,-0.394219,0.679512,1.055611,0.708640,0.693300,1.228942,0.806592,-0.515504,-1.671972
2023,3,BA,1.000000,6.123234e-17,3214.0800,1,0,1337887.6000,0.019855,0.604552,-0.394219,0.565480,0.899702,0.781447,0.567362,0.884828,0.910502,-0.546239,-1.622993
2023,4,BA,0.866025,-0.500000,4821.1200,1,0,2006831.4000,0.111259,0.579313,-0.394219,0.536241,0.868520,0.672237,0.558576,1.041243,0.776903,-0.706063,-0.839334
2023,5,BA,0.500000,-0.866025,12856.3200,1,1,5351550.4000,0.675243,0.646880,-0.394219,0.164906,0.930883,0.726842,0.201265,0.947394,0.702682,-0.214298,-0.790355
2023,6,BA,1.2246468e-16,-1.000000,24105.6000,1,1,10034157.0000,0.162472,0.716025,-0.394219,-0.033919,0.525520,0.508422,-0.012536,0.571998,0.613616,0.259026,-0.496483
2023,7,BA,-0.500000,-0.866025,32140.8000,1,1,13378876.0000,-0.166195,0.737058,-0.394219,-0.165494,0.369611,0.344607,-0.141403,0.290451,0.272197,-0.115945,-0.937291
2023,8,BA,-0.866025,-0.500000,32140.8000,1,1,13378876.0000,-0.114982,0.697359,-0.394219,-0.069006,0.338429,0.271801,-0.050611,0.446866,0.613616,-0.214298,-1.427078
2023,9,BA,-1.000000,-1.8369702e-16,24105.6000,1,1,10034157.0000,-0.278343,0.687631,-0.394219,0.074265,0.494338,0.435616,0.098757,0.415583,0.346418,-0.269621,-1.280142
2023,10,BA,-0.866025,0.500000,12856.3200,1,1,5351550.4000,-0.395030,0.627425,-0.394219,0.410514,0.525520,0.654035,0.435567,0.415583,0.420640,-0.122092,-1.084227
2023,11,BA,-0.500000,0.866025,4821.1200,1,0,2006831.4000,-0.325018,0.593773,-0.394219,0.568404,0.369611,0.654035,0.587864,0.509432,0.628460,0.148379,-0.545461
2023,12,BA,-2.4492936e-16,1.000000,3214.0800,1,0,1337887.6000,-0.210925,0.589303,-0.394219,0.752610,0.619065,0.362809,0.763591,0.603281,0.791747,-0.214298,-0.937291
2003,1,MA,0.500000,0.866025,1925.9800,0,0,723670.6000,-0.246255,0.530412,3.597161,0.559633,0.400793,0.781447,0.672798,0.290451,1.370675,1.334763,-0.741376
2003,2,MA,0.866025,0.500000,1925.9800,0,0,723670.6000,0.979924,0.547238,2.919130,0.290634,0.993247,0.526624,0.318416,1.009960,1.133166,-0.232739,-0.300568
2003,3,MA,1.000000,6.123234e-17,1925.9800,0,0,723670.6000,1.281364,0.545398,2.948966,0.205841,0.743793,0.544825,0.242268,0.822262,1.148011,-0.386415,-0.251589
2003,4,MA,0.866025,-0.500000,2888.9700,1,0,1085505.9000,0.826935,0.554337,3.288435,0.311101,1.055611,0.599430,0.338917,0.884828,1.222232,-0.472474,-0.153632
2003,5,MA,0.500000,-0.866025,7703.9200,1,0,2894682.4000,0.074957,0.577735,3.966164,0.524546,0.837338,0.672237,0.529288,0.759696,1.133166,-0.312651,-0.055674
2003,6,MA,1.2246468e-16,-1.000000,14444.8500,1,1,5427529.5000,-0.032978,0.626373,6.053031,0.825707,0.868520,0.581229,0.784092,0.790979,1.058945,0.203703,-0.398525
2003,7,MA,-0.500000,-0.866025,19259.8000,1,1,7236706.0000,0.018559,0.654767,6.882371,0.799392,0.681429,0.745044,0.775306,0.634564,0.880813,0.375821,-0.251589
2003,8,MA,-0.866025,-0.500000,19259.8000,1,1,7236706.0000,-0.367803,0.636364,5.635358,0.562556,0.743793,0.708640,0.567362,0.853545,0.702682,0.720056,-0.153632
2003,9,MA,-1.000000,-1.8369702e-16,14444.8500,1,1,5427529.5000,-0.457911,0.571163,4.196132,0.632730,0.463157,0.654035,0.655226,0.478149,0.791747,1.144204,0.091262
2003,10,MA,-0.866025,0.500000,7703.9200,1,0,2894682.4000,-0.475413,0.527520,3.984356,0.746762,0.463157,0.963463,0.784092,0.321734,0.880813,1.672851,0.189219
2003,11,MA,-0.500000,0.866025,2888.9700,1,0,1085505.9000,-0.461800,0.507276,3.835220,0.793544,0.494338,0.654035,0.822166,0.446866,0.969879,1.316321,0.336155
2003,12,MA,-2.4492936e-16,1.000000,1925.9800,0,0,723670.6000,-0.461152,0.482563,2.434764,0.697056,0.556702,0.781447,0.751875,0.509432,1.044101,1.076586,0.091262
2004,1,MA,0.500000,0.866025,3944.2800,1,0,1314202.8600,0.865182,0.521999,2.977357,0.436829,0.837338,0.672237,0.482428,0.728413,1.192544,0.166820,-0.006696
2004,2,MA,0.866025,0.500000,3944.2800,1,0,1314202.8600,1.053177,0.548027,2.965424,0.243852,0.837338,0.563027,0.274484,0.947394,1.133166,-0.380268,-0.349547
2004,3,MA,1.000000,6.123234e-17,3944.2800,1,0,1314202.8600,0.712842,0.528309,3.410249,0.387123,0.962065,0.654035,0.415066,1.009960,1.177699,-0.312651,-0.300568
2004,4,MA,0.866025,-0.500000,5916.4200,1,0,1971304.2900,0.938435,0.538299,3.019646,0.360807,1.086792,0.599430,0.385778,1.009960,1.237077,-0.669180,-0.349547
2004,5,MA,0.500000,-0.866025,15777.1200,1,1,5256811.4400,0.094729,0.595350,4.884772,0.726295,0.930883,0.708640,0.710872,0.947394,1.133166,-0.011444,-0.447504
2004,6,MA,1.2246468e-16,-1.000000,29582.1000,1,1,9856521.4500,0.677188,0.681847,7.223421,0.854946,0.587884,0.799649,0.816309,0.603281,0.776903,0.449585,-0.496483
2004,7,MA,-0.500000,-0.866025,39442.8000,1,1,13142028.6000,0.363431,0.644777,5.973890,0.638578,0.712611,0.635834,0.593721,0.822262,0.791747,0.431144,-0.643419
2004,8,MA,-0.866025,-0.500000,39442.8000,1,1,13142028.6000,-0.216111,0.650561,5.640151,0.597643,0.494338,0.544825,0.584935,0.571998,0.865969,0.603262,-0.300568
2004,9,MA,-1.000000,-1.8369702e-16,29582.1000,1,1,9856521.4500,-0.470227,0.563013,4.378316,0.626882,0.276066,0.672237,0.681585,0.227885,0.747214,1.224116,0.385134
2004,10,MA,-0.866025,0.500000,15777.1200,1,1,5256811.4400,-0.476062,0.529360,4.326573,0.732143,0.151339,0.908858,0.789950,0.040186,0.836280,1.734322,0.140241
2004,11,MA,-0.500000,0.866025,5916.4200,1,0,1971304.2900,-0.466338,0.513060,4.173382,0.743838,0.369611,0.836052,0.798736,0.446866,0.747214,1.506880,0.042283
2004,12,MA,-2.4492936e-16,1.000000,3944.2800,1,0,1314202.8600,-0.457911,0.517529,3.764302,0.781849,0.494338,0.763245,0.833881,0.321734,0.583927,1.051998,0.140241
2005,1,MA,0.500000,0.866025,3366.6200,1,0,1344282.9000,-0.374934,0.506750,3.587461,0.796468,0.681429,0.763245,0.854383,0.540715,1.088634,0.640144,-0.104653
2005,2,MA,0.866025,0.500000,3366.6200,1,0,1344282.9000,0.258738,0.505436,3.302729,0.714599,0.962065,0.781447,0.766519,0.978677,1.192544,0.222144,-0.202610
2005,3,MA,1.000000,6.123234e-17,3366.6200,1,0,1344282.9000,0.624355,0.544872,3.015113,0.436829,0.899702,0.763245,0.502929,0.853545,1.029256,-0.558533,-0.153632
2005,4,MA,0.866025,-0.500000,5049.9300,1,0,2016424.3500,0.704415,0.536196,2.808053,0.457296,1.086792,0.581229,0.505858,1.135092,1.222232,-0.835151,-0.496483
2005,5,MA,0.500000,-0.866025,13466.4800,1,1,5377131.6000,-0.027468,0.551182,3.367560,0.562556,0.930883,0.799649,0.593721,0.947394,1.222232,-0.626151,-0.594440
2005,6,MA,1.2246468e-16,-1.000000,25249.6500,1,1,10082121.7500,-0.029737,0.636101,6.340809,0.971902,0.774974,0.908858,0.951033,0.759696,1.103478,0.369674,-0.594440
2005,7,MA,-0.500000,-0.866025,33666.2000,1,1,13442829.0000,0.185809,0.670805,6.174747,0.840327,0.712611,0.763245,0.810451,0.759696,0.524550,0.394262,-0.594440
2005,8,MA,-0.866025,-0.500000,33666.2000,1,1,13442829.0000,-0.444297,0.593773,7.088042,0.872490,0.525520,0.836052,0.921745,0.415583,0.762059,0.652439,-0.153632
2005,9,MA,-1.000000,-1.8369702e-16,25249.6500,1,1,10082121.7500,-0.476062,0.573792,4.529807,0.650273,0.307248,0.654035,0.705015,0.134035,0.687837,1.383939,-0.006696
2005,10,MA,-0.866025,0.500000,13466.4800,1,1,5377131.6000,-0.475413,0.540665,4.247628,0.776001,0.244884,0.781447,0.839739,0.102752,0.509706,1.703587,0.287177
2005,11,MA,-0.500000,0.866025,5049.9300,1,0,2016424.3500,-0.463097,0.482563,4.019666,0.898805,0.494338,1.018068,0.968605,0.509432,0.851125,1.660557,0.336155
2005,12,MA,-2.4492936e-16,1.000000,3366.6200,1,0,1344282.9000,0.159554,0.481248,2.571817,0.603491,0.681429,0.544825,0.652297,0.603281,1.073789,0.277468,-0.055674
2006,1,MA,0.500000,0.866025,3683.6600,1,0,1507828.8200,0.095053,0.490450,2.371864,0.463144,0.899702,0.599430,0.529288,0.759696,1.162855,-0.128239,-0.398525
2006,2,MA,0.866025,0.500000,3683.6600,1,0,1507828.8200,0.638617,0.527783,3.891428,0.498231,0.868520,0.544825,0.567362,0.790979,1.192544,0.080762,-0.202610
2006,3,MA,1.000000,6.123234e-17,3683.6600,1,0,1507828.8200,0.681402,0.541454,3.409567,0.375427,0.806156,0.581229,0.429710,0.822262,1.177699,-0.595416,-0.055674
2006,4,MA,0.866025,-0.500000,5525.4900,1,0,2261743.2300,1.221400,0.550919,3.426464,0.316949,0.993247,0.763245,0.371134,0.822262,1.222232,-1.271593,-0.496483
2006,5,MA,0.500000,-0.866025,14734.6400,1,1,6031315.2800,0.243504,0.629528,4.149613,0.621034,0.899702,0.908858,0.643511,0.853545,1.162855,-0.908916,-0.986270
2006,6,MA,1.2246468e-16,-1.000000,27627.4500,1,1,11308716.1500,0.071716,0.628214,4.956245,0.694132,0.868520,0.854254,0.687442,0.728413,0.851125,-0.589269,-1.618095
2006,7,MA,-0.500000,-0.866025,36836.6000,1,1,15078288.2000,-0.393085,0.647406,4.168154,0.527470,0.774974,0.672237,0.558576,0.665847,0.598771,-0.429445,-1.578912
2006,8,MA,-0.866025,-0.500000,36836.6000,1,1,15078288.2000,-0.275750,0.583782,4.294066,0.509926,0.556702,0.599430,0.558576,0.634564,0.999568,-0.263474,-1.544627
2006,9,MA,-1.000000,-1.8369702e-16,27627.4500,1,1,11308716.1500,-0.467634,0.577998,4.271542,0.699980,0.431975,0.635834,0.748947,0.415583,0.569083,-0.097503,-1.505444
2006,10,MA,-0.866025,0.500000,14734.6400,1,1,6031315.2800,-0.476062,0.528834,4.398020,0.790620,0.276066,0.781447,0.848525,0.227885,0.717526,0.068467,-1.471159
2006,11,MA,-0.500000,0.866025,5525.4900,1,0,2261743.2300,-0.447538,0.506750,3.924689,0.846175,0.619065,0.854254,0.904172,0.571998,0.925346,0.228291,-1.431976
2006,12,MA,-2.4492936e-16,1.000000,3683.6600,1,0,1507828.8200,-0.422905,0.539877,3.727526,0.816936,0.525520,0.836052,0.871955,0.446866,0.940190,0.394262,-1.392793
2007,1,MA,0.500000,0.866025,4169.1400,1,0,1652497.6400,-0.416422,0.529097,3.556982,0.954359,0.774974,0.890657,1.018394,0.697130,1.014412,0.560233,-1.358508
2007,2,MA,0.866025,0.500000,4169.1400,1,0,1652497.6400,1.151064,0.555651,2.933969,0.319873,1.055611,0.563027,0.388707,0.884828,0.880813,0.713909,-1.324223
2007,3,MA,1.000000,6.123234e-17,4169.1400,1,0,1652497.6400,0.917691,0.536985,2.835383,0.293558,1.055611,0.635834,0.353561,0.884828,1.207388,0.873733,-1.285040
2007,4,MA,0.866025,-0.500000,6253.7100,1,0,2478746.4600,0.624679,0.551970,2.959323,0.360807,1.149156,0.745044,0.423852,0.947394,1.281609,1.039704,-1.245857
2007,5,MA,0.500000,-0.866025,16676.5600,1,1,6609990.5600,0.249565,0.582468,4.006024,0.626882,1.211520,0.708640,0.652297,1.228942,1.192544,1.199527,-1.211572
2007,6,MA,1.2246468e-16,-1.000000,31268.5500,1,1,12393732.3000,-0.353120,0.601397,4.307648,0.594719,0.743793,0.708640,0.637653,0.728413,0.836280,1.365498,-1.172389
2007,7,MA,-0.500000,-0.866025,41691.4000,1,1,16524976.4000,-0.063122,0.648195,4.302059,0.542089,0.712611,0.763245,0.555647,0.603281,0.806592,1.531469,-1.138104
2007,8,MA,-0.866025,-0.500000,41691.4000,1,1,16524976.4000,-0.474765,0.576684,4.246801,0.442677,0.431975,0.726842,0.494143,0.353017,0.613616,1.697439,-1.098921
2007,9,MA,-1.000000,-1.8369702e-16,31268.5500,1,1,12393732.3000,-0.476062,0.508853,5.077875,0.814012,0.431975,0.781447,0.892457,0.321734,0.524550,1.857263,-1.059738
2007,10,MA,-0.866025,0.500000,16676.5600,1,1,6609990.5600,-0.476062,0.430244,2.814682,0.647349,-0.098116,1.090875,0.804593,-0.241361,1.058945,2.023234,-1.025453
2007,11,MA,-0.500000,0.866025,6253.7100,1,0,2478746.4600,-0.476062,0.639256,7.052046,1.121021,0.057793,1.163682,0.886599,-0.084946,1.159886,2.183058,-0.986270
2007,12,MA,-2.4492936e-16,1.000000,4169.1400,1,0,1652497.6400,-0.339928,0.505173,-0.062798,0.822783,0.525520,0.745044,0.889528,0.509432,0.984723,1.365498,-0.251589
2008,1,MA,0.500000,0.866025,4206.1000,1,0,1595970.4000,-0.007663,0.498863,-0.170173,0.521622,0.712611,0.799649,0.564433,0.697130,0.969879,0.203703,-0.496483
2008,2,MA,0.866025,0.500000,4206.1000,1,0,1595970.4000,0.187073,0.512797,-0.142847,0.445601,0.774974,0.672237,0.511715,0.728413,1.103478,-0.202003,-0.447504
2008,3,MA,1.000000,6.123234e-17,4206.1000,1,0,1595970.4000,1.228855,0.509116,-0.036481,0.164906,0.774974,0.453817,0.215909,0.697130,1.044101,-0.982681,-0.300568
2008,4,MA,0.866025,-0.500000,6309.1500,1,0,2393955.6000,1.198387,0.483351,-0.171945,0.232156,0.899702,0.635834,0.294986,0.916111,1.148011,-1.167093,-0.839334
2008,5,MA,0.500000,-0.866025,16824.4000,1,1,6383881.6000,0.541702,0.514637,-0.182669,0.319873,0.868520,0.599430,0.379920,0.822262,1.177699,-1.203975,-0.545461
2008,6,MA,1.2246468e-16,-1.000000,31545.7500,1,1,11969778.0000,0.678484,0.546712,-0.167813,0.284786,0.806156,0.453817,0.333060,0.884828,0.747214,-1.277740,-0.986270
2008,7,MA,-0.500000,-0.866025,42061.0000,1,1,15959704.0000,-0.130541,0.571688,-0.122299,0.398818,0.650247,0.599430,0.438496,0.759696,0.717526,-0.939651,-0.937291
2008,8,MA,-0.866025,-0.500000,42061.0000,1,1,15959704.0000,-0.305570,0.534093,-0.091338,0.468992,0.930883,0.635834,0.511715,1.135092,0.865969,-0.122092,-0.692398
2008,9,MA,-1.000000,-1.8369702e-16,31545.7500,1,1,11969778.0000,-0.474765,0.548815,-0.066389,0.688284,0.463157,0.617632,0.748947,0.446866,0.732370,0.941351,-0.202610
2008,10,MA,-0.866025,0.500000,16824.4000,1,1,6383881.6000,-0.475413,0.526731,-0.062172,0.822783,0.930883,0.854254,0.883671,0.916111,0.880813,1.506880,-0.349547
2008,11,MA,-0.500000,0.866025,6309.1500,1,0,2393955.6000,-0.468283,0.499652,-0.080849,0.887109,0.463157,0.927060,0.936389,0.353017,1.029256,1.420822,-0.006696
2008,12,MA,-2.4492936e-16,1.000000,4206.1000,1,0,1595970.4000,-0.234586,0.491501,-0.066726,0.919272,0.743793,0.890657,0.918816,0.571998,1.014412,0.947498,-0.202610
2009,1,MA,0.500000,0.866025,2378.4800,1,0,925484.5200,0.286937,0.520158,-0.141010,0.606415,0.712611,0.781447,0.631795,0.790979,1.044101,0.240585,-0.251589
2009,2,MA,0.866025,0.500000,2378.4800,1,0,925484.5200,0.554019,0.504647,-0.181280,0.325721,0.681429,0.781447,0.362348,0.822262,1.162855,-0.460180,-0.545461
2009,3,MA,1.000000,6.123234e-17,2378.4800,1,0,925484.5200,1.215241,0.503332,-0.170292,0.281862,0.806156,0.635834,0.338917,1.041243,0.925346,-0.638445,-0.643419
2009,4,MA,0.866025,-0.500000,3567.7200,1,0,1388226.7800,1.868685,0.536459,-0.212334,0.150287,0.899702,0.708640,0.227624,0.853545,1.177699,-1.130210,-0.545461
2009,5,MA,0.500000,-0.866025,9513.9200,1,1,3701938.0800,1.269047,0.540665,-0.210523,0.159059,0.993247,0.617632,0.230552,0.978677,1.148011,-1.406828,-1.133206
2009,6,MA,1.2246468e-16,-1.000000,17838.6000,1,1,6941133.9000,0.150479,0.564853,-0.157737,0.366655,0.993247,0.617632,0.420923,1.009960,0.984723,-1.062593,-0.790355
2009,7,MA,-0.500000,-0.866025,23784.8000,1,1,9254845.2000,-0.242041,0.580364,-0.125447,0.384199,0.712611,0.581229,0.429710,0.822262,0.940190,-0.601563,-0.692398
2009,8,MA,-0.866025,-0.500000,23784.8000,1,1,9254845.2000,-0.441704,0.569585,0.243820,0.737990,0.962065,0.781447,0.757733,1.041243,0.747214,0.455732,-0.594440
2009,9,MA,-1.000000,-1.8369702e-16,17838.6000,1,1,6941133.9000,-0.476062,0.573266,-0.075387,0.708751,0.494338,0.817850,0.772377,0.415583,0.806592,1.371645,-0.251589
2009,10,MA,-0.866025,0.500000,9513.9200,1,1,3701938.0800,-0.476062,0.528572,-0.077057,0.694132,0.276066,0.708640,0.751875,0.165319,0.851125,1.260998,-0.349547
2009,11,MA,-0.500000,0.866025,3567.7200,1,0,1388226.7800,-0.468283,0.508065,-0.080031,0.869566,0.650247,1.036270,0.942246,0.603281,0.880813,1.986352,-0.055674
2009,12,MA,-2.4492936e-16,1.000000,2378.4800,1,0,925484.5200,-0.443649,0.525942,-0.085391,0.980674,0.993247,1.072673,1.035967,0.853545,1.029256,1.660557,0.091262
2010,1,MA,0.500000,0.866025,5116.9800,1,0,2169046.0200,-0.181105,0.529097,-0.092987,0.767229,1.055611,0.836052,0.816309,0.916111,1.029256,0.535644,-0.300568
2010,2,MA,0.866025,0.500000,5116.9800,1,0,2169046.0200,-0.277695,0.497285,-0.097669,0.966054,1.117974,0.799649,1.027181,0.916111,1.192544,0.855292,-0.300568
2010,3,MA,1.000000,6.123234e-17,5116.9800,1,0,2169046.0200,0.528089,0.517792,-0.093984,0.857870,1.242701,0.672237,0.915887,1.354074,1.207388,0.203703,-0.349547
2010,4,MA,0.866025,-0.500000,7675.4700,1,0,3253569.0300,0.806191,0.509905,-0.170164,0.585948,1.336247,0.781447,0.649368,1.322791,1.311298,-0.958092,-0.839334
2010,5,MA,0.500000,-0.866025,20467.9200,1,1,8676184.0800,0.701822,0.523050,-0.181186,0.644426,1.305065,0.854254,0.696229,1.416640,1.237077,-0.890475,-0.692398
2010,6,MA,1.2246468e-16,-1.000000,38377.3500,1,1,16267845.1500,0.206553,0.575106,-0.146945,0.512850,1.055611,0.745044,0.561505,0.978677,0.969879,-1.117916,-0.839334
2010,7,MA,-0.500000,-0.866025,51169.8000,1,1,21690460.2000,-0.159064,0.570900,-0.137410,0.507002,1.336247,0.836052,0.549790,1.135092,0.940190,-0.859739,-0.888313
2010,8,MA,-0.866025,-0.500000,51169.8000,1,1,21690460.2000,-0.457911,0.579050,0.031596,0.518698,0.681429,0.690439,0.538074,0.571998,0.554238,-0.324945,-0.643419
2010,9,MA,-1.000000,-1.8369702e-16,38377.3500,1,1,16267845.1500,-0.473469,0.543557,0.005445,0.697056,0.525520,0.817850,0.725516,0.384300,0.821436,1.045851,-0.300568
2010,10,MA,-0.866025,0.500000,20467.9200,1,1,8676184.0800,-0.476062,0.530938,0.078963,0.863718,0.463157,0.726842,0.912958,0.384300,0.895658,1.070439,-0.496483
2010,11,MA,-0.500000,0.866025,7675.4700,1,0,3253569.0300,-0.475413,0.494131,-0.081143,1.006989,0.525520,1.200085,1.085756,0.478149,1.044101,1.353204,-0.251589
2010,12,MA,-2.4492936e-16,1.000000,5116.9800,1,0,2169046.0200,-0.274454,0.479671,-0.081475,0.866642,0.993247,0.872455,0.933460,0.884828,0.880813,0.799968,-0.300568
2011,1,MA,0.500000,0.866025,2782.6400,1,0,1138494.8000,0.861617,0.500440,-0.128046,0.466068,0.930883,0.763245,0.535146,0.822262,1.073789,-0.060621,-0.545461
2011,2,MA,0.866025,0.500000,2782.6400,1,0,1138494.8000,0.014669,0.513849,-0.024186,0.480687,0.868520,0.672237,0.508787,0.822262,1.073789,-0.361827,-0.594440
2011,3,MA,1.000000,6.123234e-17,2782.6400,1,0,1138494.8000,1.331279,0.513849,-0.153587,0.316949,1.211520,0.708640,0.365276,1.135092,1.192544,-0.859739,-0.349547
2011,4,MA,0.866025,-0.500000,4173.9600,1,0,1707742.2000,3.426447,0.526731,-0.158090,0.281862,1.398610,0.526624,0.338917,1.385357,1.266765,-0.988828,-0.692398
2011,5,MA,0.500000,-0.866025,11130.5600,1,1,4553979.2000,0.326157,0.535933,-0.176581,0.390046,1.866337,0.708640,0.441425,1.729470,1.385520,-1.228563,-0.545461
2011,6,MA,1.2246468e-16,-1.000000,20869.8000,1,1,8538711.0000,-0.212869,0.550130,0.194522,0.451448,2.022246,0.763245,0.494143,1.948451,1.474585,-1.210122,-0.349547
2011,7,MA,-0.500000,-0.866025,27826.4000,1,1,11384948.0000,-0.072846,0.567482,0.114525,0.565480,1.897519,0.672237,0.602508,1.979734,1.355831,-0.245033,-0.545461
2011,8,MA,-0.866025,-0.500000,27826.4000,1,1,11384948.0000,-0.476062,0.573003,-0.015460,0.585948,0.494338,0.999867,0.710872,0.540715,1.355831,0.424997,-0.496483
2011,9,MA,-1.000000,-1.8369702e-16,20869.8000,1,1,8538711.0000,-0.476062,0.575106,-0.088036,0.667817,1.149156,0.763245,0.716730,0.947394,1.073789,0.836850,-0.349547
2011,10,MA,-0.866025,0.500000,11130.5600,1,1,4553979.2000,-0.377527,0.513060,-0.112649,0.799392,1.242701,0.908858,0.871955,1.260225,1.177699,1.347057,-0.251589
2011,11,MA,-0.500000,0.866025,4173.9600,1,0,1707742.2000,-0.453049,0.506224,-0.055355,0.980674,0.774974,0.799649,1.056469,0.665847,1.237077,1.758910,-0.349547
2011,12,MA,-2.4492936e-16,1.000000,2782.6400,1,0,1138494.8000,-0.474117,0.509642,-0.109590,0.776001,0.650247,0.945262,0.839739,0.603281,1.103478,1.463851,-0.104653
2012,1,MA,0.500000,0.866025,5167.0000,1,0,2090936.8800,-0.137023,0.520947,-0.147985,0.650273,1.211520,0.490221,0.710872,1.322791,1.207388,0.849145,-0.055674
2012,2,MA,0.866025,0.500000,5167.0000,1,0,2090936.8800,0.293420,0.515952,-0.146766,0.430981,1.305065,0.490221,0.491214,1.322791,0.925346,0.277468,-0.300568
2012,3,MA,1.000000,6.123234e-17,5167.0000,1,0,2090936.8800,0.269434,0.533830,-0.157779,0.343264,1.367429,0.617632,0.397493,1.447923,1.370675,-0.171268,-0.300568
2012,4,MA,0.866025,-0.500000,7750.5000,1,0,3136405.3200,-0.476062,0.526468,-0.140563,0.515774,1.959883,0.708640,0.564433,1.948451,1.415208,-0.115945,-0.251589
2012,5,MA,0.500000,-0.866025,20668.0000,1,1,8363747.5200,-0.476062,0.553285,-0.133235,0.591795,1.991065,0.836052,0.634724,1.792036,1.444897,0.099203,-0.594440
2012,6,MA,1.2246468e-16,-1.000000,38752.5000,1,1,15682026.6000,-0.476062,0.587726,-0.159360,0.498231,2.022246,0.672237,0.549790,1.917168,1.311298,-0.005297,-0.496483
2012,7,MA,-0.500000,-0.866025,51670.0000,1,1,20909368.8000,-0.476062,0.577735,-0.137061,0.454372,2.115792,0.726842,0.502929,2.042300,1.281609,-0.048327,-0.643419
2012,8,MA,-0.866025,-0.500000,51670.0000,1,1,20909368.8000,-0.448187,0.596928,-0.074680,0.536241,1.305065,0.672237,0.582006,1.354074,1.103478,0.363526,-0.545461
2012,9,MA,-1.000000,-1.8369702e-16,38752.5000,1,1,15682026.6000,-0.476062,0.593247,-0.041773,0.685360,0.525520,0.635834,0.743089,0.384300,0.836280,1.445410,-0.251589
2012,10,MA,-0.866025,0.500000,20668.0000,1,1,8363747.5200,-0.476062,0.526731,-0.080444,0.778925,0.463157,0.763245,0.839739,0.290451,0.851125,1.851116,-0.104653
2012,11,MA,-0.500000,0.866025,7750.5000,1,0,3136405.3200,-0.476062,0.513323,-0.090503,0.863718,0.463157,0.963463,0.918816,0.321734,1.029256,1.469998,-0.202610
2012,12,MA,-2.4492936e-16,1.000000,5167.0000,1,0,2090936.8800,-0.476062,0.502544,-0.118843,0.948511,0.712611,0.963463,1.006679,0.603281,1.207388,1.322469,0.042283
2013,1,MA,0.500000,0.866025,5564.4200,1,0,2298226.4200,-0.476062,0.534618,-0.142173,0.843251,1.585701,0.708640,0.898314,1.541772,1.237077,0.793821,-0.251589
2013,2,MA,0.866025,0.500000,5564.4200,1,0,2298226.4200,-0.476062,0.509116,-0.142582,0.743838,2.801791,0.599430,0.804593,2.605395,1.311298,0.707762,-0.300568
2013,3,MA,1.000000,6.123234e-17,5564.4200,1,0,2298226.4200,-0.476062,0.528572,-0.171749,0.702904,2.489973,0.799649,0.772377,2.448980,1.548807,0.455732,-0.300568
2013,4,MA,0.866025,-0.500000,8346.6300,1,0,3447339.6300,-0.476062,0.545398,-0.141820,0.585948,1.155392,0.799649,0.628867,1.457308,1.692797,-0.263474,-0.545461
2013,5,MA,0.500000,-0.866025,22257.6800,1,1,9192905.6800,0.027634,0.553022,-0.136520,0.597643,0.837338,0.635834,0.596650,0.790979,0.955035,-0.650739,-0.741376
2013,6,MA,1.2246468e-16,-1.000000,41733.1500,1,1,17236698.1500,0.179975,0.573792,-0.123841,0.486535,0.930883,0.635834,0.479499,0.916111,0.955035,-0.638445,-0.643419
2013,7,MA,-0.500000,-0.866025,55644.2000,1,1,22982264.2000,0.183216,0.597716,-0.156437,0.243852,0.837338,0.490221,0.251054,0.728413,0.880813,-0.693769,-0.692398
2013,8,MA,-0.866025,-0.500000,55644.2000,1,1,22982264.2000,-0.424849,0.565904,-0.116083,0.606415,0.619065,0.781447,0.623009,0.603281,0.865969,0.375821,-0.496483
2013,9,MA,-1.000000,-1.8369702e-16,41733.1500,1,1,17236698.1500,-0.461152,0.560909,-0.048760,0.740914,0.463157,0.781447,0.775306,0.509432,0.910502,1.469998,-0.055674
2013,10,MA,-0.866025,0.500000,22257.6800,1,1,9192905.6800,-0.471524,0.546186,-0.066027,0.770153,0.276066,0.745044,0.801665,0.384300,0.480017,1.715881,-0.006696
2013,11,MA,-0.500000,0.866025,8346.6300,1,0,3447339.6300,-0.431980,0.499915,-0.093792,0.749686,0.463157,0.799649,0.787021,0.509432,0.539394,1.426969,-0.251589
2013,12,MA,-2.4492936e-16,1.000000,5564.4200,1,0,2298226.4200,-0.337335,0.519633,-0.098176,0.796468,0.463157,0.872455,0.825095,0.478149,0.643304,1.285586,-0.202610
2014,1,MA,0.500000,0.866025,7027.6800,1,0,2962344.6200,0.024393,0.542769,-0.165614,0.448524,0.774974,0.472019,0.476570,0.884828,0.791747,0.351232,-0.349547
2014,2,MA,0.866025,0.500000,7027.6800,1,0,2962344.6200,-0.293253,0.517004,-0.191488,0.378351,0.868520,0.563027,0.415066,0.759696,1.148011,-0.220445,-0.349547
2014,3,MA,1.000000,6.123234e-17,7027.6800,1,0,2962344.6200,0.005593,0.539614,-0.181621,0.430981,0.993247,0.708640,0.450211,1.009960,1.281609,-0.146680,-0.153632
2014,4,MA,0.866025,-0.500000,10541.5200,1,1,4443516.9300,0.318053,0.549604,-0.177599,0.369579,0.962065,0.490221,0.385778,1.009960,1.177699,-0.736798,-0.643419
2014,5,MA,0.500000,-0.866025,28110.7200,1,1,11849378.4800,2.078720,0.554074,-0.200861,0.278938,1.398610,0.635834,0.289128,1.260225,1.177699,-1.148651,-0.888313
2014,6,MA,1.2246468e-16,-1.000000,52707.6000,1,1,22217584.6500,0.145617,0.572477,-0.146404,0.521622,1.055611,0.599430,0.517573,1.009960,1.148011,-0.521651,-0.839334
2014,7,MA,-0.500000,-0.866025,70276.8000,1,1,29623446.2000,-0.354189,0.624270,-0.136192,0.515774,0.681429,0.654035,0.514644,0.884828,0.806592,-0.091356,-0.692398
2014,8,MA,-0.866025,-0.500000,70276.8000,1,1,29623446.2000,-0.463097,0.597191,-0.116500,0.571328,0.556702,0.563027,0.587864,0.446866,0.242508,0.603262,-0.398525
2014,9,MA,-1.000000,-1.8369702e-16,52707.6000,1,1,22217584.6500,-0.473469,0.579313,-0.097252,0.694132,0.525520,0.654035,0.719659,0.759696,0.940190,1.494586,-0.251589
2014,10,MA,-0.866025,0.500000,28110.7200,1,1,11849378.4800,1.176054,0.539088,-0.262130,0.542089,0.431975,0.854254,0.740160,0.571998,1.044101,0.916762,-0.447504
2014,11,MA,-0.500000,0.866025,10541.5200,1,1,4443516.9300,2.030716,0.522262,-0.209386,0.697056,0.400793,0.726842,0.983249,0.259168,0.969879,1.371645,-0.447504
2014,12,MA,-2.4492936e-16,1.000000,7027.6800,1,0,2962344.6200,-0.386602,0.535670,-0.114979,0.811088,0.743793,0.781447,0.845596,0.603281,0.658149,1.445410,-0.006696
2015,1,MA,0.500000,0.866025,5620.9800,1,0,2467146.2200,-0.378823,0.560383,-0.134696,0.737990,0.463157,0.490221,0.760662,0.540715,0.287041,1.033557,-0.202610
2015,2,MA,0.866025,0.500000,5620.9800,1,0,2467146.2200,-0.168140,0.550393,-0.149484,0.626882,0.930883,0.544825,0.649368,0.884828,1.014412,0.424997,-0.496483
2015,3,MA,1.000000,6.123234e-17,5620.9800,1,0,2467146.2200,0.808136,0.545661,-0.194930,0.375427,0.993247,0.617632,0.406279,0.884828,1.058945,-0.497063,-0.643419
2015,4,MA,0.866025,-0.500000,8431.4700,1,0,3700719.3300,0.651258,0.554862,-0.159207,0.387123,1.117974,0.599430,0.391635,1.166375,1.192544,-0.490915,-0.545461
2015,5,MA,0.500000,-0.866025,22483.9200,1,1,9868584.8800,0.820453,0.563538,-0.158414,0.477763,1.117974,0.726842,0.479499,1.103809,1.177699,-0.632298,-0.545461
2015,6,MA,1.2246468e-16,-1.000000,42157.3500,1,1,18503596.6500,-0.190180,0.601660,-0.127914,0.463144,0.993247,0.581229,0.458997,1.009960,0.821436,-0.533945,-0.643419
2015,7,MA,-0.500000,-0.866025,56209.8000,1,1,24671462.2000,-0.231669,0.596928,-0.129192,0.521622,0.962065,0.708640,0.529288,0.916111,0.613616,-0.042180,-0.496483
2015,8,MA,-0.866025,-0.500000,56209.8000,1,1,24671462.2000,-0.474117,0.585097,-0.102965,0.600567,0.587884,0.599430,0.640582,0.509432,0.628460,0.597115,-0.398525
2015,9,MA,-1.000000,-1.8369702e-16,42157.3500,1,1,18503596.6500,-0.476062,0.575895,-0.070859,0.699980,0.307248,0.854254,0.757733,0.196602,0.895658,1.586792,-0.055674
2015,10,MA,-0.866025,0.500000,22483.9200,1,1,9868584.8800,-0.476062,0.561961,-0.073807,0.796468,0.276066,0.908858,0.854383,0.196602,0.925346,1.648263,-0.202610
2015,11,MA,-0.500000,0.866025,8431.4700,1,0,3700719.3300,-0.474765,0.526731,-0.088492,0.881261,0.338429,1.018068,0.930531,0.259168,0.791747,1.678998,-0.349547
2015,12,MA,-2.4492936e-16,1.000000,5620.9800,1,0,2467146.2200,-0.441704,0.553022,-0.095360,1.039152,0.494338,0.999867,1.100400,0.384300,0.450328,1.931028,0.042283
2016,1,MA,0.500000,0.866025,15992.5600,1,1,7620670.3000,0.172844,0.553022,-0.175345,0.729219,1.024429,0.526624,0.792878,0.978677,1.103478,0.578674,-0.153632
2016,2,MA,0.866025,0.500000,15992.5600,1,1,7620670.3000,-0.018392,0.545661,-0.170552,0.670741,1.117974,0.799649,0.734303,0.947394,1.192544,0.117644,-0.643419
2016,3,MA,1.000000,6.123234e-17,15992.5600,1,1,7620670.3000,0.680429,0.561435,-0.203898,0.553785,1.180338,0.635834,0.611294,1.072526,1.281609,-0.435592,-0.545461
2016,4,MA,0.866025,-0.500000,23988.8400,1,1,11431005.4500,0.513827,0.532515,-0.153527,0.717523,1.086792,0.799649,0.766519,1.041243,1.311298,-0.423298,-0.594440
2016,5,MA,0.500000,-0.866025,63970.2400,1,1,30482681.2000,0.335556,0.582468,-0.145505,0.676588,1.086792,0.817850,0.716730,1.166375,1.251921,-0.324945,-0.839334
2016,6,MA,1.2246468e-16,-1.000000,119944.2000,1,1,57155027.2500,-0.053722,0.613754,-0.150745,0.568404,1.086792,0.526624,0.602508,1.041243,1.103478,-0.490915,-0.839334
2016,7,MA,-0.500000,-0.866025,159925.6000,1,1,76206703.0000,-0.312053,0.600871,-0.142604,0.509926,0.837338,0.654035,0.543932,0.822262,0.524550,-0.349533,-0.741376
2016,8,MA,-0.866025,-0.500000,159925.6000,1,1,76206703.0000,-0.431980,0.595350,-0.115921,0.661969,0.681429,0.726842,0.707944,0.978677,0.569083,0.554085,-0.545461
2016,9,MA,-1.000000,-1.8369702e-16,119944.2000,1,1,57155027.2500,-0.471524,0.584571,-0.087052,0.740914,0.774974,0.781447,0.792878,0.728413,0.865969,1.217968,-0.349547
2016,10,MA,-0.866025,0.500000,63970.2400,1,1,30482681.2000,-0.476062,0.528572,-0.057617,0.887109,0.525520,0.817850,0.942246,0.415583,0.672993,1.482292,-0.202610
2016,11,MA,-0.500000,0.866025,23988.8400,1,1,11431005.4500,-0.476062,0.506224,-0.096310,0.968978,0.400793,0.908858,1.027181,0.259168,0.895658,1.678998,-0.153632
2016,12,MA,-2.4492936e-16,1.000000,15992.5600,1,1,7620670.3000,-0.336686,0.518844,-0.144338,0.863718,0.712611,0.526624,0.918816,0.728413,0.984723,0.929056,-0.349547
2017,1,MA,0.500000,0.866025,9010.5800,1,1,4149741.5000,0.762758,0.534618,-0.182443,0.580100,0.962065,0.526624,0.631795,0.884828,1.237077,0.148379,-0.447504
2017,2,MA,0.866025,0.500000,9010.5800,1,1,4149741.5000,0.624679,0.535670,-0.217672,0.305253,0.899702,0.635834,0.368205,0.822262,1.281609,-0.650739,-0.300568
2017,3,MA,1.000000,6.123234e-17,9010.5800,1,1,4149741.5000,0.842493,0.542506,-0.214166,0.270167,0.962065,0.672237,0.330131,0.947394,1.192544,-0.890475,-0.643419
2017,4,MA,0.866025,-0.500000,13515.8700,1,1,6224612.2500,0.732290,0.541454,-0.184846,0.466068,1.305065,0.708640,0.511715,1.260225,1.014412,-0.804416,-0.349547
2017,5,MA,0.500000,-0.866025,36042.3200,1,1,16598966.0000,0.481414,0.558806,-0.174970,0.533317,1.367429,0.672237,0.576149,1.197658,1.222232,-0.699916,-0.643419
2017,6,MA,1.2246468e-16,-1.000000,67579.3500,1,1,31123061.2500,-0.038553,0.575106,-0.144508,0.603491,1.149156,0.690439,0.625938,0.947394,0.940190,-1.247004,-1.084227
2017,7,MA,-0.500000,-0.866025,90105.8000,1,1,41497415.0000,0.229955,0.627162,-0.127705,0.477763,0.899702,0.581229,0.488285,0.947394,-0.039534,-1.566652,-0.741376
2017,8,MA,-0.866025,-0.500000,90105.8000,1,1,41497415.0000,-0.475413,0.587726,0.110737,1.039152,0.494338,0.745044,1.006679,0.665847,1.014412,1.371645,-0.496483
2017,9,MA,-1.000000,-1.8369702e-16,67579.3500,1,1,31123061.2500,-0.476062,0.581153,0.045400,1.015761,0.494338,1.163682,1.000822,0.353017,0.465173,1.463851,-0.447504
2017,10,MA,-0.866025,0.500000,36042.3200,1,1,16598966.0000,-0.461152,0.530149,-0.088808,0.866642,0.712611,1.054472,0.930531,0.634564,0.910502,1.887998,-0.104653
2017,11,MA,-0.500000,0.866025,13515.8700,1,1,6224612.2500,-0.473469,0.512534,-0.100358,0.790620,0.587884,0.799649,0.848525,0.509432,0.895658,1.451557,-0.202610
2017,12,MA,-2.4492936e-16,1.000000,9010.5800,1,1,4149741.5000,-0.282233,0.517529,-0.132571,0.802316,0.743793,0.945262,0.869027,0.634564,0.851125,1.138057,-0.153632
2018,1,MA,0.500000,0.866025,8107.9400,1,0,3801687.7800,0.299902,0.531201,-0.162551,0.509926,0.899702,0.526624,0.561505,0.759696,1.044101,0.234438,-0.447504
2018,2,MA,0.866025,0.500000,8107.9400,1,0,3801687.7800,1.163381,0.536722,-0.194155,0.205841,0.962065,0.472019,0.271555,0.978677,0.940190,-1.185534,-0.790355
2018,3,MA,1.000000,6.123234e-17,8107.9400,1,0,3801687.7800,0.298606,0.535144,-0.154904,0.512850,1.024429,0.672237,0.564433,0.853545,1.118322,-0.275768,-0.496483
2018,4,MA,0.866025,-0.500000,12161.9100,1,1,5702531.6700,1.027247,0.559595,-0.195407,0.243852,1.024429,0.654035,0.297914,1.009960,1.118322,-1.173240,-0.790355
2018,5,MA,0.500000,-0.866025,32431.7600,1,1,15206751.1200,0.697284,0.574843,-0.192191,0.255547,1.086792,0.599430,0.300843,1.009960,1.148011,-1.124063,-0.741376
2018,6,MA,1.2246468e-16,-1.000000,60809.5500,1,1,28512658.3500,-0.126651,0.601923,-0.164958,0.439753,0.993247,0.654035,0.473641,1.072526,0.554238,-0.779828,-0.692398
2018,7,MA,-0.500000,-0.866025,81079.4000,1,1,38016877.8000,-0.231669,0.600871,-0.157089,0.369579,0.868520,0.635834,0.409208,0.790979,1.088634,-0.546239,-0.839334
2018,8,MA,-0.866025,-0.500000,81079.4000,1,1,38016877.8000,-0.387899,0.613754,-0.132025,0.463144,0.962065,0.453817,0.514644,0.759696,1.044101,0.418850,-0.692398
2018,9,MA,-1.000000,-1.8369702e-16,60809.5500,1,1,28512658.3500,-0.435222,0.549867,-0.075711,0.638578,0.307248,0.836052,0.696229,0.165319,0.821436,1.383939,-0.349547
2018,10,MA,-0.866025,0.500000,32431.7600,1,1,15206751.1200,-0.463745,0.538825,-0.093814,0.770153,0.681429,0.854254,0.828024,0.634564,0.955035,1.365498,-0.153632
2018,11,MA,-0.500000,0.866025,12161.9100,1,1,5702531.6700,-0.466986,0.511745,-0.113612,0.898805,0.837338,0.799649,0.953961,0.759696,0.732370,1.445410,-0.202610
2018,12,MA,-2.4492936e-16,1.000000,8107.9400,1,0,3801687.7800,0.201691,0.558543,-0.175643,0.413438,0.774974,0.526624,0.476570,0.697130,1.088634,-0.195856,-0.398525
2019,1,MA,0.500000,0.866025,5195.1200,1,0,2447259.9600,0.135018,0.571426,-0.120215,0.603491,0.868520,0.599430,0.652297,0.978677,0.999568,0.240585,-0.594440
2019,2,MA,0.866025,0.500000,5195.1200,1,0,2447259.9600,0.813225,0.555125,-0.131548,0.433905,1.117974,0.745044,0.494143,1.072526,1.029256,-0.060621,-0.251589
2019,3,MA,1.000000,6.123234e-17,5195.1200,1,0,2447259.9600,1.397077,0.567482,-0.182805,0.278938,0.993247,0.799649,0.335989,0.884828,1.281609,-0.755239,-0.790355
2019,4,MA,0.866025,-0.500000,7792.6800,1,0,3670889.9400,1.075866,0.557754,-0.201581,0.311101,1.149156,0.726842,0.376991,1.041243,1.222232,-0.902769,-0.349547
2019,5,MA,0.500000,-0.866025,20780.4800,1,1,9789039.8400,0.294716,0.548290,-0.186350,0.460220,1.211520,0.635834,0.505858,1.260225,1.148011,-0.749092,-0.790355
2019,6,MA,1.2246468e-16,-1.000000,38963.4000,1,1,18354449.7000,0.173492,0.596928,-0.167220,0.463144,1.211520,0.836052,0.500000,1.041243,0.940190,-0.859739,-0.447504
2019,7,MA,-0.500000,-0.866025,51951.2000,1,1,24472599.6000,-0.127948,0.600871,-0.150596,0.439753,0.868520,0.581229,0.473641,0.916111,0.880813,-0.527798,-0.643419
2019,8,MA,-0.866025,-0.500000,51951.2000,1,1,24472599.6000,-0.461800,0.621641,-0.114587,0.588872,0.837338,0.690439,0.634724,0.728413,0.791747,0.234438,-0.643419
2019,9,MA,-1.000000,-1.8369702e-16,38963.4000,1,1,18354449.7000,-0.469579,0.578787,0.245047,0.676588,0.899702,0.927060,0.740160,0.790979,1.014412,-1.517475,-0.398525
2019,10,MA,-0.866025,0.500000,20780.4800,1,1,9789039.8400,-0.476062,0.539877,0.071354,0.752610,0.681429,0.836052,0.810451,0.665847,0.776903,-1.038004,-0.349547
2019,11,MA,-0.500000,0.866025,7792.6800,1,0,3670889.9400,-0.476062,0.507802,0.264073,0.822783,0.743793,0.890657,0.880742,0.603281,1.044101,1.168792,-0.251589
2019,12,MA,-2.4492936e-16,1.000000,5195.1200,1,0,2447259.9600,-0.476062,0.513060,0.410355,0.930968,0.681429,0.635834,0.989107,0.822262,0.880813,1.328616,-0.202610
2020,1,MA,0.500000,0.866025,6136.7400,1,0,2942201.0800,-0.476062,0.550919,-0.426172,0.410514,1.242701,0.490221,0.467784,1.197658,1.192544,-0.454033,-0.692398
2020,2,MA,0.866025,0.500000,6136.7400,1,0,2942201.0800,-0.476062,0.553548,-0.426172,0.398818,1.086792,0.617632,0.456069,1.103809,1.148011,-0.490915,-0.741376
2020,3,MA,1.000000,6.123234e-17,6136.7400,1,0,2942201.0800,-0.476062,0.550919,-0.426172,0.308177,1.180338,0.599430,0.374063,1.009960,1.073789,-0.970387,-0.839334
2020,4,MA,0.866025,-0.500000,9205.1100,1,1,4413301.6200,-0.476062,0.561961,-0.426172,0.363731,1.242701,0.745044,0.420923,1.103809,1.177699,-1.148651,-0.790355
2020,5,MA,0.500000,-0.866025,24546.9600,1,1,11768804.3200,-0.476062,0.575895,-0.426172,0.591795,1.149156,0.763245,0.634724,1.166375,1.058945,-0.933504,-0.937291
2020,6,MA,1.2246468e-16,-1.000000,46025.5500,1,1,22066508.1000,-0.476062,0.579313,-0.426172,0.553785,1.180338,0.690439,0.590792,1.009960,0.940190,-0.847445,-0.839334
2020,7,MA,-0.500000,-0.866025,61367.4000,1,1,29422010.8000,-0.476062,0.575895,-0.426172,0.507002,1.086792,0.690439,0.538074,1.166375,0.791747,-0.736798,-0.839334
2020,8,MA,-0.866025,-0.500000,61367.4000,1,1,29422010.8000,-0.476062,0.575632,-0.426172,0.583024,0.619065,0.599430,0.617152,0.916111,0.732370,0.099203,-0.349547
2020,9,MA,-1.000000,-1.8369702e-16,46025.5500,1,1,22066508.1000,-0.476062,0.565379,-0.426172,0.749686,0.431975,0.781447,0.804593,0.415583,1.058945,1.162645,-0.349547
2020,10,MA,-0.866025,0.500000,24546.9600,1,1,11768804.3200,-0.476062,0.540402,-0.426172,0.834479,0.494338,0.817850,0.895386,0.822262,0.969879,1.420822,-0.251589
2020,11,MA,-0.500000,0.866025,9205.1100,1,1,4413301.6200,-0.476062,0.520421,-0.426172,0.837403,1.336247,0.763245,0.898314,1.197658,1.058945,0.744644,-0.496483
2020,12,MA,-2.4492936e-16,1.000000,6136.7400,1,0,2942201.0800,-0.476062,0.521736,-0.426172,0.837403,0.774974,0.927060,0.901243,0.759696,0.984723,0.990527,-0.202610
2021,1,MA,0.500000,0.866025,5972.0000,1,0,2988534.2800,-0.476062,0.518844,-0.426172,0.623958,0.837338,0.563027,0.684513,0.822262,1.103478,0.381968,-0.300568
2021,2,MA,0.866025,0.500000,5972.0000,1,0,2988534.2800,-0.476062,0.525154,-0.426172,0.460220,1.024429,0.635834,0.532217,1.541772,0.732370,-0.152827,-0.594440
2021,3,MA,1.000000,6.123234e-17,5972.0000,1,0,2988534.2800,-0.476062,0.535670,-0.426172,0.208765,0.868520,0.490221,0.271555,0.947394,1.073789,-0.515504,-0.643419
2021,4,MA,0.866025,-0.500000,8958.0000,1,1,4482801.4200,-0.476062,0.528572,-0.426172,0.536241,1.024429,0.763245,0.587864,0.947394,0.999568,-0.607710,-0.643419
2021,5,MA,0.500000,-0.866025,23888.0000,1,1,11954137.1200,-0.476062,0.565116,-0.426172,0.518698,1.585701,0.508422,0.570291,1.385357,0.851125,-0.951945,-0.790355
2021,6,MA,1.2246468e-16,-1.000000,44790.0000,1,1,22414007.1000,-0.476062,0.584045,-0.426172,0.390046,1.086792,0.617632,0.438496,1.166375,0.910502,-0.816710,-0.790355
2021,7,MA,-0.500000,-0.866025,59720.0000,1,1,29885342.8000,-0.476062,0.608233,-0.426172,0.468992,0.899702,0.726842,0.517573,0.916111,0.776903,-0.490915,-0.741376
2021,8,MA,-0.866025,-0.500000,59720.0000,1,1,29885342.8000,-0.476062,0.582468,-0.426172,0.568404,1.024429,0.708640,0.617152,1.197658,0.613616,0.086909,-0.300568
2021,9,MA,-1.000000,-1.8369702e-16,44790.0000,1,1,22414007.1000,-0.476062,0.575106,-0.426172,0.708751,0.806156,0.908858,0.775306,1.135092,1.058945,1.101174,-0.349547
2021,10,MA,-0.866025,0.500000,23888.0000,1,1,11954137.1200,-0.476062,0.538825,-0.426172,0.846175,0.868520,0.981665,0.907101,0.853545,1.014412,1.021262,-0.496483
2021,11,MA,-0.500000,0.866025,8958.0000,1,1,4482801.4200,-0.476062,0.512797,-0.426172,0.831555,0.712611,0.799649,0.895386,0.947394,0.999568,0.707762,-0.545461
2021,12,MA,-2.4492936e-16,1.000000,5972.0000,1,0,2988534.2800,-0.476062,0.495708,-0.426172,0.901729,0.899702,0.981665,0.971534,1.009960,0.955035,0.922909,-0.545461
2022,1,MA,0.500000,0.866025,7170.8400,1,0,3637839.7800,-0.476062,0.541454,-0.426172,0.299406,0.806156,0.526624,0.359419,0.759696,0.984723,-0.478621,-0.790355
2022,2,MA,0.866025,0.500000,7170.8400,1,0,3637839.7800,-0.476062,0.523839,-0.426172,0.474840,0.930883,0.745044,0.541003,0.790979,1.162855,-0.048327,-0.594440
2022,3,MA,1.000000,6.123234e-17,7170.8400,1,0,3637839.7800,-0.476062,0.521736,-0.426172,0.056722,0.868520,0.490221,0.128045,0.853545,1.014412,-0.853592,-0.741376
2022,4,MA,0.866025,-0.500000,10756.2600,1,1,5456759.6700,0.568929,0.531989,-0.426172,0.036255,0.681429,0.490221,0.095828,0.571998,0.999568,-0.829004,-0.643419
2022,5,MA,0.500000,-0.866025,28683.3600,1,1,14551359.1200,0.686263,0.572477,-0.426172,0.135667,0.712611,0.490221,0.192478,0.665847,0.836280,-0.945798,-0.790355
2022,6,MA,1.2246468e-16,-1.000000,53781.3000,1,1,27283798.3500,-0.035895,0.568796,-0.426172,0.354960,0.619065,0.581229,0.403350,0.603281,0.851125,-0.773680,-0.692398
2022,7,MA,-0.500000,-0.866025,71708.4000,1,1,36378397.8000,-0.049508,0.582731,-0.426172,0.419285,0.993247,0.708640,0.464855,0.853545,0.776903,-0.742945,-0.594440
2022,8,MA,-0.866025,-0.500000,71708.4000,1,1,36378397.8000,-0.135727,0.581416,-0.426172,0.451448,0.774974,0.581229,0.502929,0.728413,0.509706,-0.066768,-0.594440
2022,9,MA,-1.000000,-1.8369702e-16,53781.3000,1,1,27283798.3500,-0.474765,0.569322,-0.426172,0.615187,0.369611,0.854254,0.678656,0.259168,0.836280,1.015115,-0.594440
2022,10,MA,-0.866025,0.500000,28683.3600,1,1,14551359.1200,-0.476062,0.534881,-0.426172,0.770153,0.369611,0.927060,0.839739,0.259168,0.925346,1.463851,-0.349547
2022,11,MA,-0.500000,0.866025,10756.2600,1,1,5456759.6700,-0.381416,0.527520,-0.426172,0.585948,0.681429,0.672237,0.643511,0.728413,0.702682,0.351232,-0.545461
2022,12,MA,-2.4492936e-16,1.000000,7170.8400,1,0,3637839.7800,-0.192125,0.520158,-0.426172,0.682436,0.774974,0.635834,0.740160,0.759696,0.940190,0.615556,-0.398525
2023,1,MA,0.500000,0.866025,8228.8200,1,0,4247047.8000,0.763406,0.548027,-0.426172,0.270167,0.712611,0.326406,0.333060,0.571998,0.955035,-0.183562,-0.447504
2023,2,MA,0.866025,0.500000,8228.8200,1,0,4247047.8000,16.114299,0.540402,-0.426172,0.059646,0.774974,0.308204,0.125116,0.634564,1.044101,-0.386415,-0.692398
2023,3,MA,1.000000,6.123234e-17,8228.8200,1,0,4247047.8000,4.357182,0.552496,-0.426172,0.071342,0.743793,0.417414,0.142689,0.571998,1.073789,-0.792122,-0.741376
2023,4,MA,0.866025,-0.500000,12343.2300,1,1,6370571.7000,0.574763,0.534881,-0.426172,0.012864,0.712611,0.490221,0.078256,0.571998,0.940190,-1.136357,-0.937291
2023,5,MA,0.500000,-0.866025,32915.2800,1,1,16988191.2000,0.232483,0.560383,-0.426172,0.314025,1.024429,0.635834,0.368205,1.135092,1.058945,-0.773680,-0.741376
2023,6,MA,1.2246468e-16,-1.000000,61716.1500,1,1,31852858.5000,0.393251,0.595087,-0.426172,0.235080,0.899702,0.526624,0.289128,0.728413,0.851125,-0.810563,-0.300568
2023,7,MA,-0.500000,-0.866025,82288.2000,1,1,42470478.0000,-0.299736,0.606655,-0.426172,0.521622,0.712611,0.726842,0.576149,0.978677,0.643304,-0.220445,-0.839334
2023,8,MA,-0.866025,-0.500000,82288.2000,1,1,42470478.0000,-0.440408,0.586411,-0.426172,0.547937,0.681429,0.726842,0.602508,0.697130,0.984723,0.388115,-0.594440
2023,9,MA,-1.000000,-1.8369702e-16,61716.1500,1,1,31852858.5000,-0.476062,0.564590,-0.426172,0.761382,0.587884,0.781447,0.825095,0.478149,1.029256,1.260998,-0.545461
2023,10,MA,-0.866025,0.500000,32915.2800,1,1,16988191.2000,-0.471524,0.538036,-0.426172,0.825707,0.494338,0.817850,0.886599,0.415583,0.910502,1.494586,-0.447504
2023,11,MA,-0.500000,0.866025,12343.2300,1,1,6370571.7000,-0.476062,0.527783,-0.426172,0.913424,0.400793,0.981665,0.974463,0.321734,0.865969,1.426969,-0.349547
2023,12,MA,-2.4492936e-16,1.000000,8228.8200,1,0,4247047.8000,-0.360024,0.519370,-0.426172,0.936815,0.930883,0.654035,0.994964,0.916111,0.910502,1.064292,-0.447504
2006,7,SP,-0.500000,-0.866025,10555.6000,1,1,4873842.0000,-0.400216,-1.520271,-0.453034,-1.846735,-0.815297,-1.548364,-1.834238,-0.929587,-0.232510,-0.232739,-0.349547
2006,8,SP,-0.866025,-0.500000,10555.6000,1,1,4873842.0000,-0.455966,-1.484779,-0.191535,-1.843812,-1.189479,-2.021607,-1.834238,-1.336267,-1.019258,-0.251180,0.238198
2006,9,SP,-1.000000,-1.8369702e-16,7916.7000,1,0,3655381.5000,-0.228427,-1.500290,-0.170795,-1.934452,-0.971206,-2.312834,-1.913315,-1.023437,-1.449743,0.381968,0.532070
2006,10,SP,-0.866025,0.500000,4222.2400,1,0,1949536.8000,-0.179808,-1.550506,-0.161132,-1.510487,-0.378752,-1.329944,-1.482784,-0.491625,-1.494276,0.154526,0.042283
2006,11,SP,-0.500000,0.866025,1583.3400,0,0,731076.3000,0.235725,-1.576797,-0.145765,-1.259032,-0.565843,-1.184331,-1.236767,-0.679323,-1.004414,0.418850,0.238198
2006,12,SP,-2.4492936e-16,1.000000,1055.5600,0,0,487384.2000,0.582542,-1.575482,-0.135608,-0.782437,-0.503479,-0.401660,-0.762304,-0.522908,-0.039534,0.664733,1.756538
2007,1,SP,0.500000,0.866025,1015.5000,0,0,473928.3000,0.099591,-1.606242,-0.171587,-0.759045,-0.441116,-0.237845,-0.724230,-0.522908,-0.692683,-0.497063,0.532070
2007,2,SP,0.866025,0.500000,1015.5000,0,0,473928.3000,0.427609,-1.569435,-0.098300,-0.466656,-0.441116,-0.565475,-0.460640,-0.554191,-0.470019,0.013144,-0.153632
2007,3,SP,1.000000,6.123234e-17,1015.5000,0,0,473928.3000,0.120011,-1.539201,-0.091108,-0.326309,-0.597025,-0.201442,-0.322987,-0.522908,-1.048947,-0.238886,0.091262
2007,4,SP,0.866025,-0.500000,1523.2500,0,0,710892.4500,-0.103314,-1.502656,-0.197163,-0.975414,-0.347570,-0.802097,-0.940960,-0.522908,-0.321576,-0.017592,-0.006696
2007,5,SP,0.500000,-0.866025,4062.0000,1,0,1895713.2000,-0.284178,-1.483990,-0.243984,-2.144973,-1.626024,-1.894196,-2.109544,-1.711663,-1.806006,-0.109797,0.336155
2007,6,SP,1.2246468e-16,-1.000000,7616.2500,1,0,3554462.2500,-0.376878,-1.454018,-0.223224,-1.896442,-1.969024,-2.094414,-1.884027,-2.149626,-1.880228,-0.515504,0.532070
2007,7,SP,-0.500000,-0.866025,10155.0000,1,1,4739283.0000,-0.008020,-1.461117,-0.256898,-2.566014,-2.156114,-2.531253,-2.543003,-2.337324,-1.523964,-0.134386,0.776964
2007,8,SP,-0.866025,-0.500000,10155.0000,1,1,4739283.0000,-0.476062,-1.426676,-0.186397,-1.992930,-2.000206,-1.475558,-1.986535,-2.212192,-1.909916,-0.226592,-0.153632
2007,9,SP,-1.000000,-1.8369702e-16,7616.2500,1,0,3554462.2500,-0.420960,-1.441136,-0.154895,-1.411075,-1.750751,-1.348146,-1.409565,-1.805512,-1.494276,0.080762,0.042283
2007,10,SP,-0.866025,0.500000,4062.0000,1,0,1895713.2000,-0.135727,-1.535257,-0.147563,-1.200554,-0.877661,-1.093323,-1.189906,-0.960871,-1.405210,0.062320,1.070836
2007,11,SP,-0.500000,0.866025,1523.2500,0,0,710892.4500,0.231835,-1.585998,-0.150929,-1.413999,-1.220661,-1.020516,-1.391992,-0.992154,-1.316144,0.707762,0.434113
2007,12,SP,-2.4492936e-16,1.000000,1015.5000,0,0,473928.3000,0.235725,-1.599932,-0.125839,-0.782437,-0.721752,-0.729290,-0.765233,-0.867021,-1.880228,-0.066768,0.336155
2008,1,SP,0.500000,0.866025,1143.8000,0,0,603280.9600,0.519661,-1.588627,-0.184543,-1.086522,-0.815297,-0.692887,-1.055182,-0.867021,-0.440330,0.461880,0.140241
2008,2,SP,0.866025,0.500000,1143.8000,0,0,603280.9600,0.250635,-1.581792,-0.135382,-0.764893,-0.940024,-0.310652,-0.747660,-0.835738,-0.306731,0.123791,0.434113
2008,3,SP,1.000000,6.123234e-17,1143.8000,0,0,603280.9600,0.084681,-1.568646,-0.159795,-0.937403,-0.815297,-0.583677,-0.911672,-0.804455,-0.662995,0.099203,0.434113
2008,4,SP,0.866025,-0.500000,1715.7000,0,0,904921.4400,-0.170733,-1.576008,-0.217280,-1.203478,-0.908843,-0.965911,-1.166476,-0.960871,-1.019258,-0.263474,0.679006
2008,5,SP,0.500000,-0.866025,4575.2000,1,0,2413123.8400,-0.233614,-1.490037,-0.239025,-2.174212,-2.124933,-1.584768,-2.135903,-2.306041,-1.509120,-0.195856,0.287177
2008,6,SP,1.2246468e-16,-1.000000,8578.5000,1,0,4524607.2000,-0.238475,-1.455070,-0.268840,-2.381809,-1.813115,-1.912397,-2.346775,-1.899361,-1.479431,-0.275768,0.532070
2008,7,SP,-0.500000,-0.866025,11438.0000,1,1,6032809.6000,-0.475413,-1.411953,-0.196298,-2.212223,-2.717387,-1.748582,-2.209122,-2.869135,-1.880228,-1.665005,-0.496483
2008,8,SP,-0.866025,-0.500000,11438.0000,1,1,6032809.6000,-0.238800,-1.480309,-0.196443,-1.908137,-1.844297,-1.348146,-1.907458,-2.055777,-1.850539,-1.136357,-0.300568
2008,9,SP,-1.000000,-1.8369702e-16,8578.5000,1,0,4524607.2000,-0.347707,-1.479521,-0.177382,-2.118658,-1.750751,-1.457356,-2.097828,-1.899361,-1.687252,0.603262,0.091262
2008,10,SP,-0.866025,0.500000,4575.2000,1,0,2413123.8400,0.047730,-1.504497,-0.171656,-1.276575,-1.127115,-1.348146,-1.263126,-1.211135,-1.078635,0.646291,0.630028
2008,11,SP,-0.500000,0.866025,1715.7000,0,0,904921.4400,-0.079977,-1.566806,-0.122951,-1.200554,-0.971206,-1.038718,-1.178191,-1.086003,-0.692683,0.806115,0.532070
2008,12,SP,-2.4492936e-16,1.000000,1143.8000,0,0,603280.9600,0.229890,-1.606242,-0.115141,-1.177163,-0.877661,-0.947710,-1.172334,-1.023437,-1.405210,0.381968,0.434113
2009,1,SP,0.500000,0.866025,624.8600,0,0,340256.6200,0.559205,-1.578900,-0.146357,-0.870154,-0.877661,-0.583677,-0.850168,-0.929587,-0.410641,0.892174,0.483092
2009,2,SP,0.866025,0.500000,624.8600,0,0,340256.6200,0.155341,-1.574956,-0.135097,-0.487123,-0.628206,-0.274249,-0.475284,-0.491625,-0.306731,0.099203,0.630028
2009,3,SP,1.000000,6.123234e-17,624.8600,0,0,340256.6200,-0.083866,-1.576271,-0.140968,-0.557296,-0.316388,-0.256047,-0.536788,-0.522908,-0.974725,0.142232,0.140241
2009,4,SP,0.866025,-0.500000,937.2900,0,0,510384.9300,-0.252413,-1.508440,-0.179248,-1.358445,-0.908843,-0.929508,-1.333417,-1.023437,-0.915348,-0.036033,-0.104653
2009,5,SP,0.500000,-0.866025,2499.4400,1,0,1361026.4800,-0.289364,-1.495032,-0.216837,-1.709312,-1.407751,-1.202533,-1.684870,-1.336267,-1.405210,-0.085209,-0.006696
2009,6,SP,1.2246468e-16,-1.000000,4686.4500,1,0,2551924.6500,-0.330204,-1.456385,-0.256101,-2.735600,-2.031387,-2.149019,-2.704086,-2.024493,-1.924761,-0.152827,-0.055674
2009,7,SP,-0.500000,-0.866025,6248.6000,1,0,3402566.2000,0.110611,-1.461643,-0.297325,-2.457830,-1.688388,-1.875994,-2.411208,-1.805512,-1.687252,-0.324945,0.140241
2009,8,SP,-0.866025,-0.500000,6248.6000,1,0,3402566.2000,-0.157767,-1.460591,-0.194721,-1.992930,-2.187296,-1.657574,-1.977748,-2.180909,-1.791162,0.271321,0.091262
2009,9,SP,-1.000000,-1.8369702e-16,4686.4500,1,0,2551924.6500,0.131355,-1.505548,-0.233930,-1.557270,-1.251842,-1.184331,-1.523787,-1.398833,-1.301300,0.381968,0.874921
2009,10,SP,-0.866025,0.500000,2499.4400,1,0,1361026.4800,0.075605,-1.557341,-0.171012,-1.530954,-1.283024,-1.147928,-1.515001,-1.273701,-0.692683,0.424997,1.903474
2009,11,SP,-0.500000,0.866025,937.2900,0,0,510384.9300,0.100887,-1.609923,-0.105214,-0.340928,-0.347570,-0.274249,-0.334702,-0.460342,-1.375521,0.689321,0.434113
2009,12,SP,-2.4492936e-16,1.000000,624.8600,0,0,340256.6200,0.658388,-1.602562,-0.149097,-0.785361,-0.378752,-0.529072,-0.768162,-0.522908,-0.484863,0.449585,0.385134
2010,1,SP,0.500000,0.866025,1541.1400,0,0,919977.0000,1.090128,-1.563651,-0.150566,-0.463732,0.806156,-0.183241,-0.501643,0.947394,-0.618462,0.154526,0.874921
2010,2,SP,0.866025,0.500000,1541.1400,0,0,919977.0000,0.478173,-1.552083,-0.072358,-0.118712,-0.378752,-0.201442,-0.129688,-0.491625,-0.796593,0.259026,1.217772
2010,3,SP,1.000000,6.123234e-17,1541.1400,0,0,919977.0000,0.091812,-1.573379,-0.132315,-0.633318,-0.565843,-0.529072,-0.615865,-0.741889,-1.063791,0.437291,0.727985
2010,4,SP,0.866025,-0.500000,2311.7100,0,0,1379965.5000,-0.092942,-1.492929,-0.196788,-1.314586,-0.721752,-1.038718,-1.283627,-0.804455,-1.553653,0.357379,0.336155
2010,5,SP,0.500000,-0.866025,6164.5600,1,0,3679908.0000,-0.265378,-1.506337,-0.233483,-1.940300,-1.376570,-1.348146,-1.907458,-1.586531,-1.731785,-0.023739,0.532070
2010,6,SP,1.2246468e-16,-1.000000,11558.5500,1,1,6899827.5000,-0.428091,-1.416160,-0.226892,-2.416896,-2.062569,-1.839591,-2.402422,-2.180909,-1.924761,-0.042180,-0.202610
2010,7,SP,-0.500000,-0.866025,15411.4000,1,1,9199770.0000,-0.188884,-1.407747,-0.231212,-1.966615,-2.031387,-1.402751,-1.951389,-2.180909,-1.687252,-0.017592,-0.104653
2010,8,SP,-0.866025,-0.500000,15411.4000,1,1,9199770.0000,-0.471524,-1.418789,-0.184254,-2.226842,-2.374387,-1.839591,-2.226695,-2.493739,-1.924761,0.000850,0.825943
2010,9,SP,-1.000000,-1.8369702e-16,11558.5500,1,1,6899827.5000,-0.157119,-1.493980,-0.191927,-1.598204,-1.376570,-1.147928,-1.585292,-1.586531,-1.924761,0.351232,0.042283
2010,10,SP,-0.866025,0.500000,6164.5600,1,0,3679908.0000,-0.249172,-1.549980,-0.144291,-1.899366,-1.127115,-1.584768,-1.884027,-1.273701,-1.702096,0.677027,1.021857
2010,11,SP,-0.500000,0.866025,2311.7100,0,0,1379965.5000,-0.054046,-1.614129,-0.120633,-1.206402,-1.002388,-0.893105,-1.201621,-0.929587,-1.345833,0.480321,0.483092
2010,12,SP,-2.4492936e-16,1.000000,1541.1400,0,0,919977.0000,0.485304,-1.647782,-0.130257,-0.697644,-0.316388,-0.510870,-0.689085,-0.397776,-0.959881,0.320497,-0.006696
2011,1,SP,0.500000,0.866025,941.8600,0,0,652229.3800,1.102445,-1.629904,-0.134892,-0.411102,-0.098116,-0.110434,-0.413779,-0.022380,-0.425486,0.037732,0.287177
2011,2,SP,0.866025,0.500000,941.8600,0,0,652229.3800,0.653851,-1.578374,-0.124518,-0.247363,-0.316388,-0.092232,-0.249768,-0.397776,-0.425486,-0.091356,-0.006696
2011,3,SP,1.000000,6.123234e-17,941.8600,0,0,652229.3800,-0.183698,-1.559445,-0.232584,-1.013425,-0.378752,-0.492669,-0.970248,-0.554191,-0.677839,0.351232,-0.349547
2011,4,SP,0.866025,-0.500000,1412.7900,0,0,978344.0700,-0.064418,-1.513961,-0.175392,-1.074826,-0.628206,-0.965911,-1.055182,-0.804455,-0.945036,-0.091356,0.091262
2011,5,SP,0.500000,-0.866025,3767.4400,1,0,2608917.5200,-0.391140,-1.469004,-0.225499,-2.180060,-1.470115,-1.639373,-2.153475,-1.586531,-1.390366,-0.158974,-0.496483
2011,6,SP,1.2246468e-16,-1.000000,7063.9500,1,0,4891720.3500,-0.227131,-1.471896,-0.215252,-2.677122,-1.563660,-2.276430,-2.666012,-1.711663,-1.865383,-0.312651,1.266751
2011,7,SP,-0.500000,-0.866025,9418.6000,1,1,6522293.8000,-0.461152,-1.457173,-0.237636,-2.212223,-1.781933,-1.985204,-2.197407,-1.930644,-1.538809,-0.497063,-0.104653
2011,8,SP,-0.866025,-0.500000,9418.6000,1,1,6522293.8000,-0.308811,-1.473211,-0.213561,-1.984159,-1.376570,-2.294632,-1.974820,-1.398833,-1.924761,0.314350,1.364709
2011,9,SP,-1.000000,-1.8369702e-16,7063.9500,1,0,4891720.3500,-0.470227,-1.437718,-0.117540,-2.016322,-1.969024,-1.875994,-2.027538,-2.087060,-1.924761,0.566380,0.189219
2011,10,SP,-0.866025,0.500000,3767.4400,1,0,2608917.5200,-0.018392,-1.559445,-0.144921,-1.408151,-0.752934,-1.275340,-1.394921,-0.898304,-1.820850,0.713909,0.238198
2011,11,SP,-0.500000,0.866025,1412.7900,0,0,978344.0700,-0.043026,-1.561548,-0.087785,-1.545574,-1.033570,-1.420953,-1.547218,-1.023437,-1.716940,0.517203,0.287177
2011,12,SP,-2.4492936e-16,1.000000,941.8600,0,0,652229.3800,0.057454,-1.608083,-0.116909,-0.902316,-0.752934,-0.765693,-0.899957,-0.867021,-1.449743,0.443438,0.532070
2012,1,SP,0.500000,0.866025,1517.3200,0,0,925840.1000,0.462615,-1.574430,-0.144883,-1.142076,-0.409934,-0.783895,-1.131331,-0.460342,-1.627874,0.222144,0.287177
2012,2,SP,0.866025,0.500000,1517.3200,0,0,925840.1000,0.245449,-1.561548,-0.085531,-0.223972,-0.129298,-0.092232,-0.235124,-0.241361,-1.123168,-0.195856,1.217772
2012,3,SP,1.000000,6.123234e-17,1517.3200,0,0,925840.1000,0.104128,-1.531313,-0.087491,-0.776589,-0.565843,-0.802097,-0.791592,-0.648040,-0.974725,0.129938,0.091262
2012,4,SP,0.866025,-0.500000,2275.9800,0,0,1388760.1500,0.095053,-1.537097,-0.200550,-1.159619,-0.846479,-1.002315,-1.134259,-1.023437,-0.470019,0.056173,1.021857
2012,5,SP,0.500000,-0.866025,6069.2800,1,0,3703360.4000,-0.316590,-1.450601,-0.231621,-2.077723,-1.781933,-1.439154,-2.039253,-1.961927,-1.152857,-0.085209,0.630028
2012,6,SP,1.2246468e-16,-1.000000,11379.9000,1,1,6943800.7500,0.233780,-1.461117,-0.294313,-2.162516,-1.626024,-1.348146,-2.115401,-1.805512,-0.930192,-0.324945,0.140241
2012,7,SP,-0.500000,-0.866025,15173.2000,1,1,9258401.0000,-0.251765,-1.447972,-0.220961,-2.162516,-2.124933,-1.803187,-2.147618,-2.274758,-1.895072,-0.355680,-0.006696
2012,8,SP,-0.866025,-0.500000,15173.2000,1,1,9258401.0000,-0.475413,-1.369888,-0.128579,-1.817496,-2.405569,-1.257138,-1.825452,-2.556305,-1.820850,0.105350,0.042283
2012,9,SP,-1.000000,-1.8369702e-16,11379.9000,1,1,6943800.7500,-0.412533,-1.459540,-0.130875,-1.431542,-1.688388,-1.712179,-1.438853,-1.742946,-1.909916,0.517203,0.679006
2012,10,SP,-0.866025,0.500000,6069.2800,1,0,3703360.4000,-0.065067,-1.545510,-0.097716,-0.873077,-0.316388,-1.038718,-0.885313,-0.241361,-1.167701,-1.585093,-0.251589
2012,11,SP,-0.500000,0.866025,2275.9800,0,0,1388760.1500,-0.161657,-1.583106,-0.130457,-1.273651,-0.565843,-0.911307,-1.257268,-0.648040,-1.687252,0.277468,-0.349547
2012,12,SP,-2.4492936e-16,1.000000,1517.3200,0,0,925840.1000,0.760165,-1.598092,-0.111290,-0.235668,0.151339,0.016978,-0.235124,0.008903,-0.158288,0.006997,0.483092
2013,1,SP,0.500000,0.866025,664.4400,0,0,398386.5200,0.058102,-1.560233,-0.191028,-0.992957,-0.191661,-0.456265,-0.964390,-0.397776,-0.588773,0.314350,-0.104653
2013,2,SP,0.866025,0.500000,664.4400,0,0,398386.5200,0.402327,-1.557078,-0.122435,-0.548525,-0.378752,-0.347055,-0.560218,-0.397776,-0.321576,0.117644,2.393262
2013,3,SP,1.000000,6.123234e-17,664.4400,0,0,398386.5200,0.095701,-1.534731,-0.158133,-0.908164,-0.316388,-0.711088,-0.888242,-0.397776,-0.752060,0.357379,0.091262
2013,4,SP,0.866025,-0.500000,996.6600,0,0,597579.7800,-0.246579,-1.497924,-0.178596,-1.498792,-0.659388,-1.002315,-1.473998,-0.585474,-1.197390,-0.066768,0.091262
2013,5,SP,0.500000,-0.866025,2657.7600,1,0,1593546.0800,-0.334093,-1.485305,-0.239332,-1.852583,-1.345388,-1.548364,-1.822523,-1.523965,-1.702096,-0.343386,-0.006696
2013,6,SP,1.2246468e-16,-1.000000,4983.3000,1,0,2987898.9000,-0.014503,-1.467164,-0.276815,-2.010474,-1.283024,-1.530163,-1.968962,-1.398833,-1.731785,-0.724504,0.336155
2013,7,SP,-0.500000,-0.866025,6644.4000,1,0,3983865.2000,-0.204442,-1.419052,-0.246818,-2.566014,-1.594842,-2.403842,-2.548861,-1.680380,-1.924761,-0.447886,0.776964
2013,8,SP,-0.866025,-0.500000,6644.4000,1,0,3983865.2000,-0.449159,-1.449549,-0.169351,-2.127430,-2.249660,-2.021607,-2.138831,-2.368607,-1.924761,0.080762,0.874921
2013,9,SP,-1.000000,-1.8369702e-16,4983.3000,1,0,2987898.9000,-0.197311,-1.477680,-0.165712,-1.747323,-1.189479,-1.784986,-1.743446,-1.211135,-1.909916,0.086909,0.140241
2013,10,SP,-0.866025,0.500000,2657.7600,1,0,1593546.0800,-0.092942,-1.511332,-0.158056,-1.568965,-0.971206,-1.329944,-1.550146,-1.086003,-1.197390,0.437291,-0.055674
2013,11,SP,-0.500000,0.866025,996.6600,0,0,597579.7800,-0.084514,-1.560496,-0.131868,-1.063131,-1.002388,-0.911307,-1.046396,-1.117286,-1.523964,0.468027,0.972879
2013,12,SP,-2.4492936e-16,1.000000,664.4400,0,0,398386.5200,-0.217407,-1.620702,-0.073415,-0.551449,-0.316388,-0.419862,-0.551432,-0.460342,-1.004414,0.633997,0.189219
2014,1,SP,0.500000,0.866025,629.7200,0,0,617374.0400,0.246745,-1.535257,-0.017071,0.015788,-0.285207,-0.110434,-0.024252,-0.460342,-1.806006,0.215997,0.189219
2014,2,SP,0.866025,0.500000,629.7200,0,0,617374.0400,0.136541,-1.551294,-0.062410,0.126896,-0.254025,-0.274249,0.104615,-0.241361,-1.731785,0.105350,-0.251589
2014,3,SP,1.000000,6.123234e-17,629.7200,0,0,617374.0400,0.212387,-1.530788,-0.123662,-0.627470,-0.628206,-0.474467,-0.621723,-0.648040,-0.277043,0.363526,0.238198
2014,4,SP,0.866025,-0.500000,944.5800,0,0,926061.0600,-0.225834,-1.497398,-0.179439,-1.206402,-0.784115,-1.238936,-1.181120,-0.929587,-1.152857,-0.005297,-0.153632
2014,5,SP,0.500000,-0.866025,2518.8800,1,0,2469496.1600,-0.313349,-1.482150,-0.240150,-1.855507,-1.220661,-1.329944,-1.831309,-1.430116,-0.974725,-0.238886,0.874921
2014,6,SP,1.2246468e-16,-1.000000,4722.9000,1,0,4630305.3000,-0.444297,-1.451126,-0.257081,-1.887670,-1.594842,-1.657574,-1.863526,-1.711663,-1.791162,-0.312651,0.189219
2014,7,SP,-0.500000,-0.866025,6297.2000,1,0,6173740.4000,-0.429387,-1.359634,-0.289613,-2.434439,-2.280842,-1.402751,-2.387778,-2.462456,-1.865383,-0.036033,-0.055674
2014,8,SP,-0.866025,-0.500000,6297.2000,1,0,6173740.4000,-0.372341,-1.425099,-0.174476,-1.949072,-2.124933,-1.748582,-1.960176,-2.243475,-1.909916,-0.079062,0.287177
2014,9,SP,-1.000000,-1.8369702e-16,4722.9000,1,0,4630305.3000,-0.280936,-1.491088,-0.129546,-1.378912,-1.283024,-1.348146,-1.386135,-1.430116,-1.909916,0.406556,0.091262
2014,10,SP,-0.866025,0.500000,2518.8800,1,0,2469496.1600,-0.395030,-1.492403,-0.067731,-1.036816,-1.501297,-1.457356,-1.063969,-1.086003,-1.835695,0.590968,0.287177
2014,11,SP,-0.500000,0.866025,944.5800,0,0,926061.0600,-0.081921,-1.563388,-0.129942,-1.051435,-0.908843,-1.002315,-1.040539,-0.929587,-0.900504,0.443438,-0.202610
2014,12,SP,-2.4492936e-16,1.000000,629.7200,0,0,617374.0400,0.190995,-1.561811,-0.086234,-0.533905,-0.690570,-0.656483,-0.533859,-0.741889,-0.559084,0.474174,0.140241
2015,1,SP,0.500000,0.866025,440.7000,0,0,583086.5200,0.037358,-1.530525,-0.070339,0.074265,-0.160479,-0.146837,0.054826,-0.210078,-1.479431,0.259026,0.434113
2015,2,SP,0.866025,0.500000,440.7000,0,0,583086.5200,0.403623,-1.558656,-0.115904,-0.490047,-0.347570,-0.201442,-0.492856,-0.241361,-0.484863,0.191409,-0.300568
2015,3,SP,1.000000,6.123234e-17,440.7000,0,0,583086.5200,0.576708,-1.539989,-0.156229,-0.881849,-0.940024,-0.328854,-0.861883,-0.960871,-0.752060,-0.146680,-0.251589
2015,4,SP,0.866025,-0.500000,661.0500,0,0,874629.7800,-0.134430,-1.508178,-0.180590,-1.229793,-0.908843,-0.747492,-1.201621,-0.741889,-0.559084,0.246732,-0.153632
2015,5,SP,0.500000,-0.866025,1762.8000,0,0,2332346.0800,-0.306867,-1.461643,-0.257758,-1.884746,-1.688388,-1.020516,-1.840096,-1.774229,-1.330988,0.111497,-0.202610
2015,6,SP,1.2246468e-16,-1.000000,3305.2500,1,0,4373148.9000,-0.411884,-1.399859,-0.250362,-2.048484,-1.937842,-1.457356,-2.021680,-1.930644,-1.449743,-0.232739,1.315730
2015,7,SP,-0.500000,-0.866025,4407.0000,1,0,5830865.2000,-0.259544,-1.439033,-0.260413,-2.048484,-2.156114,-1.457356,-2.021680,-2.337324,-1.865383,-0.238886,0.287177
2015,8,SP,-0.866025,-0.500000,4407.0000,1,0,5830865.2000,-0.376230,-1.439821,-0.155815,-1.475400,-2.312023,-1.184331,-1.485713,-2.462456,-1.761473,-0.349533,0.287177
2015,9,SP,-1.000000,-1.8369702e-16,3305.2500,1,0,4373148.9000,0.204608,-1.528947,-0.195186,-1.171315,-1.251842,-1.166130,-1.169405,-1.461399,-1.865383,0.123791,0.825943
2015,10,SP,-0.866025,0.500000,1762.8000,0,0,2332346.0800,-0.207035,-1.512121,-0.145569,-0.896469,-1.127115,-0.747492,-0.888242,-1.273701,-1.523964,0.504909,-0.055674
2015,11,SP,-0.500000,0.866025,661.0500,0,0,874629.7800,0.344632,-1.584158,-0.190951,-0.811676,-0.815297,-0.328854,-0.785735,-0.804455,0.049532,0.068467,0.483092
2015,12,SP,-2.4492936e-16,1.000000,440.7000,0,0,583086.5200,0.544295,-1.551032,-0.121336,-0.495895,-0.690570,-0.383459,-0.489928,-0.679323,-0.098911,0.437291,0.923900
2016,1,SP,0.500000,0.866025,623.2600,0,0,763205.4200,0.113204,-1.580214,-0.130393,-0.627470,-0.597025,-0.565475,-0.618794,-0.773172,-1.390366,0.584821,0.042283
2016,2,SP,0.866025,0.500000,623.2600,0,0,763205.4200,0.249338,-1.543407,-0.071289,-0.142103,-0.441116,-0.074031,-0.141403,-0.585474,-0.722372,0.166820,0.483092
2016,3,SP,1.000000,6.123234e-17,623.2600,0,0,763205.4200,0.333612,-1.511595,-0.099787,-0.583612,-0.472297,-0.401660,-0.571934,-0.366493,-0.662995,0.191409,0.238198
2016,4,SP,0.866025,-0.500000,934.8900,0,0,1144808.1300,-0.470227,-1.511069,-0.074454,-0.364319,-0.908843,-1.220735,-0.358133,-1.117286,-1.197390,-0.312651,0.874921
2016,5,SP,0.500000,-0.866025,2493.0400,1,0,3052821.6800,-0.131189,-1.451652,-0.215687,-2.033865,-1.657206,-1.657574,-1.998250,-1.836795,-1.924761,-0.048327,0.189219
2016,6,SP,1.2246468e-16,-1.000000,4674.4500,1,0,5724040.6500,0.164416,-1.411427,-0.209590,-2.805774,-1.002388,-2.676867,-2.786092,-1.054720,-1.924761,-0.663033,-0.104653
2016,7,SP,-0.500000,-0.866025,6232.6000,1,0,7632054.2000,-0.455317,-1.436141,-0.155751,-2.127430,-2.592660,-1.839591,-2.127116,-2.525022,-1.850539,-0.097503,1.413687
2016,8,SP,-0.866025,-0.500000,6232.6000,1,0,7632054.2000,-0.189532,-1.463483,-0.150102,-2.036789,-2.031387,-1.821389,-2.039253,-1.993210,-1.924761,-0.042180,0.581049
2016,9,SP,-1.000000,-1.8369702e-16,4674.4500,1,0,5724040.6500,-0.418367,-1.470319,-0.097776,-1.890594,-2.000206,-1.402751,-1.881099,-2.055777,-1.806006,0.418850,0.336155
2016,10,SP,-0.866025,0.500000,2493.0400,1,0,3052821.6800,-0.141561,-1.533943,-0.081510,-1.355521,-1.095933,-1.184331,-1.359776,-0.929587,-1.138012,0.621703,0.581049
2016,11,SP,-0.500000,0.866025,934.8900,0,0,1144808.1300,0.088570,-1.561022,-0.088509,-1.259032,-0.815297,-1.257138,-1.248482,-0.992154,-1.523964,0.529497,-0.104653
2016,12,SP,-2.4492936e-16,1.000000,623.2600,0,0,763205.4200,0.052916,-1.573905,-0.008107,-0.536829,-0.815297,-0.838500,-0.551432,-0.867021,-0.811438,0.566380,0.679006
2017,1,SP,0.500000,0.866025,909.9800,0,0,853148.5200,1.100500,-1.560496,-0.111605,-0.525134,-0.597025,-0.365257,-0.513358,-0.773172,-0.796593,0.123791,1.707560
2017,2,SP,0.866025,0.500000,909.9800,0,0,853148.5200,-0.055991,-1.557604,-0.002773,-0.156722,-0.752934,-0.037627,-0.170691,-0.960871,-0.959881,0.228291,-0.300568
2017,3,SP,1.000000,6.123234e-17,909.9800,0,0,853148.5200,0.030227,-1.528159,-0.099403,-0.802904,-0.597025,-0.583677,-0.782806,-0.710606,-0.573929,0.357379,0.091262
2017,4,SP,0.866025,-0.500000,1364.9700,0,0,1279722.7800,-0.025523,-1.494243,-0.170923,-1.390607,-0.784115,-1.002315,-1.356847,-0.835738,-0.796593,0.357379,0.091262
2017,5,SP,0.500000,-0.866025,3639.9200,1,0,3412594.0800,-0.267971,-1.480309,-0.194334,-1.764866,-1.438933,-0.984113,-1.734660,-1.649097,-0.855971,-0.195856,0.532070
2017,6,SP,1.2246468e-16,-1.000000,6824.8500,1,0,6398613.9000,-0.154526,-1.425887,-0.205394,-2.106962,-1.376570,-1.784986,-2.086113,-1.523965,-1.865383,-0.183562,0.532070
2017,7,SP,-0.500000,-0.866025,9099.8000,1,1,8531485.2000,-0.471524,-1.317043,-0.160723,-2.475374,-2.904478,-2.003406,-2.469784,-2.994267,-1.523964,-0.122092,-0.202610
2017,8,SP,-0.866025,-0.500000,9099.8000,1,1,8531485.2000,-0.275750,-1.447709,-0.181518,-2.226842,-2.280842,-1.602969,-2.203265,-2.368607,-1.583342,0.259026,0.581049
2017,9,SP,-1.000000,-1.8369702e-16,6824.8500,1,0,6398613.9000,-0.371044,-1.436141,0.012484,-1.060207,-2.156114,-1.111525,-1.090328,-2.337324,-1.909916,-0.054474,0.140241
2017,10,SP,-0.866025,0.500000,3639.9200,1,0,3412594.0800,-0.065067,-1.544196,-0.096370,-1.045587,-1.407751,-0.947710,-1.046396,-1.461399,-1.405210,0.664733,0.923900
2017,11,SP,-0.500000,0.866025,1364.9700,0,0,1279722.7800,0.052916,-1.585472,-0.054848,-1.244412,-1.158297,-1.038718,-1.245553,-0.898304,-1.820850,0.713909,0.776964
2017,12,SP,-2.4492936e-16,1.000000,909.9800,0,0,853148.5200,0.108666,-1.596515,-0.079494,-0.721035,-0.908843,-0.365257,-0.718373,-0.741889,-0.648150,0.474174,0.923900
2018,1,SP,0.500000,0.866025,530.7600,0,0,566088.3000,0.270082,-1.569698,-0.087031,-0.659633,-0.846479,-0.419862,-0.648082,-0.929587,-1.093479,0.381968,1.266751
2018,2,SP,0.866025,0.500000,530.7600,0,0,566088.3000,-0.138320,-1.566017,-0.086256,-0.805828,-0.846479,-0.383459,-0.794521,-1.054720,-0.870815,0.302056,0.336155
2018,3,SP,1.000000,6.123234e-17,530.7600,0,0,566088.3000,0.290827,-1.576534,-0.096140,-0.408178,-0.409934,-0.019426,-0.402064,-0.554191,-0.098911,-0.214298,0.287177
2018,4,SP,0.866025,-0.500000,796.1400,0,0,849132.4500,-0.409291,-1.471370,-0.087657,-1.098218,-1.314206,-0.911307,-1.087399,-1.211135,-1.806006,-0.023739,-0.251589
2018,5,SP,0.500000,-0.866025,2123.0400,0,0,2264353.2000,-0.438463,-1.447972,-0.136895,-1.703464,-1.563660,-1.693977,-1.699514,-1.742946,-1.702096,0.025438,0.434113
2018,6,SP,1.2246468e-16,-1.000000,3980.7000,1,0,4245662.2500,-0.428091,-1.432197,-0.238923,-1.881822,-1.657206,-1.166130,-1.851811,-1.836795,-1.360677,-0.546239,-0.349547
2018,7,SP,-0.500000,-0.866025,5307.6000,1,0,5660883.0000,-0.400216,-1.433249,-0.176998,-1.855507,-2.561478,-1.803187,-1.860597,-2.399890,-1.761473,-0.706063,-0.300568
2018,8,SP,-0.866025,-0.500000,5307.6000,1,0,5660883.0000,-0.319183,-1.430883,-0.177433,-2.311635,-2.343205,-1.584768,-2.288199,-2.525022,-1.895072,0.191409,0.972879
2018,9,SP,-1.000000,-1.8369702e-16,3980.7000,1,0,4245662.2500,-0.131837,-1.521849,-0.089067,-1.694693,-1.563660,-1.675776,-1.690728,-1.492682,-1.850539,0.388115,0.238198
2018,10,SP,-0.866025,0.500000,2123.0400,0,0,2264353.2000,-0.162305,-1.545248,-0.166769,-1.478324,-1.033570,-1.129726,-1.444710,-1.054720,-1.078635,0.449585,0.532070
2018,11,SP,-0.500000,0.866025,796.1400,0,0,849132.4500,-0.132485,-1.547614,-0.097674,-1.183011,-1.095933,-0.820298,-1.172334,-0.616757,-0.766905,0.720056,0.483092
2018,12,SP,-2.4492936e-16,1.000000,530.7600,0,0,566088.3000,0.113852,-1.558656,-0.008593,-0.478351,-0.503479,-1.129726,-0.495785,-0.554191,-1.108324,0.283615,-0.006696
2019,1,SP,0.500000,0.866025,543.4800,0,0,396096.9000,0.558557,-1.521586,-0.006117,0.056722,-0.472297,-0.438064,0.025538,-0.522908,-1.241923,0.037732,2.589176
2019,2,SP,0.866025,0.500000,543.4800,0,0,396096.9000,0.590321,-1.569435,-0.096353,-0.536829,-0.721752,-0.383459,-0.528002,-0.741889,-1.672407,0.240585,0.336155
2019,3,SP,1.000000,6.123234e-17,543.4800,0,0,396096.9000,0.244800,-1.516853,-0.076751,-0.683024,-0.752934,-0.565475,-0.680298,-0.585474,-0.514552,-0.029886,0.091262
2019,4,SP,0.866025,-0.500000,815.2200,0,0,594145.3500,-0.013854,-1.532365,-0.108623,-0.776589,-0.752934,-0.547274,-0.759376,-0.929587,-1.004414,-0.257327,0.434113
2019,5,SP,0.500000,-0.866025,2173.9200,0,0,1584387.6000,-0.304274,-1.505811,-0.186925,-1.305814,-1.220661,-1.329944,-1.277770,-1.242418,-1.241923,-0.361827,0.434113
2019,6,SP,1.2246468e-16,-1.000000,4076.1000,1,0,2970726.7500,-0.348355,-1.410113,-0.184258,-1.718084,-1.781933,-1.439154,-1.708301,-1.805512,-1.568497,-0.601563,0.189219
2019,7,SP,-0.500000,-0.866025,5434.8000,1,0,3960969.0000,0.003649,-1.425361,-0.157191,-2.314559,-2.343205,-2.258229,-2.314558,-2.493739,-1.880228,-0.509357,0.189219
2019,8,SP,-0.866025,-0.500000,5434.8000,1,0,3960969.0000,-0.459855,-1.380930,-0.152633,-2.144973,-2.436751,-1.693977,-2.138831,-2.525022,-1.613030,0.191409,-0.055674
2019,9,SP,-1.000000,-1.8369702e-16,4076.1000,1,0,2970726.7500,-0.227779,-1.474262,-0.150055,-1.466629,-1.626024,-1.202533,-1.450568,-1.774229,-1.627874,0.197556,-0.251589
2019,10,SP,-0.866025,0.500000,2173.9200,0,0,1584387.6000,-0.327611,-1.530262,-0.046885,-0.805828,-1.345388,-0.765693,-0.823809,-1.492682,-1.672407,0.234438,-0.349547
2019,11,SP,-0.500000,0.866025,815.2200,0,0,594145.3500,-0.113038,-1.570224,-0.103613,-1.063131,-1.220661,-0.856702,-1.052254,-1.117286,-0.662995,0.603262,-0.349547
2019,12,SP,-2.4492936e-16,1.000000,543.4800,0,0,396096.9000,0.364080,-1.572853,-0.062129,-0.718111,-0.971206,-0.711088,-0.712515,-1.023437,-1.167701,0.252879,0.483092
2020,1,SP,0.500000,0.866025,499.5600,0,0,339145.8800,0.428905,-1.596778,-0.418120,-0.580688,-0.597025,-0.438064,-0.577791,-0.679323,-1.895072,0.240585,-0.055674
2020,2,SP,0.866025,0.500000,499.5600,0,0,339145.8800,1.124485,-1.550769,-0.418120,-0.911088,-0.597025,-0.601878,-0.894099,-0.710606,-0.306731,0.123791,0.140241
2020,3,SP,1.000000,6.123234e-17,499.5600,0,0,339145.8800,-0.251116,-1.515539,-0.418120,-1.010501,-0.690570,-0.729290,-1.014179,-0.741889,-1.449743,0.302056,-0.545461
2020,4,SP,0.866025,-0.500000,749.3400,0,0,508718.8200,-0.452076,-1.483990,-0.418120,-1.405227,-1.501297,-0.802097,-1.406636,-1.586531,-1.034102,0.000850,0.189219
2020,5,SP,0.500000,-0.866025,1998.2400,0,0,1356583.5200,-0.440408,-1.467690,-0.418120,-2.098191,-1.781933,-1.639373,-2.103686,-1.961927,-1.835695,-0.023739,0.189219
2020,6,SP,1.2246468e-16,-1.000000,3746.7000,1,0,2543594.1000,0.017910,-1.446394,-0.418120,-1.650834,-1.750751,-1.166130,-1.626295,-1.930644,-1.494276,-0.220445,0.532070
2020,7,SP,-0.500000,-0.866025,4995.6000,1,0,3391458.8000,-0.435222,-1.447183,-0.418120,-1.881822,-2.530296,-1.530163,-1.875241,-2.650154,-1.761473,0.037732,0.679006
2020,8,SP,-0.866025,-0.500000,4995.6000,1,0,3391458.8000,-0.261489,-1.424047,-0.418120,-2.144973,-2.031387,-1.967002,-2.147618,-2.118343,-1.731785,-0.189709,-0.496483
2020,9,SP,-1.000000,-1.8369702e-16,3746.7000,1,0,2543594.1000,-0.428739,-1.480835,-0.418120,-0.876001,-1.563660,-1.002315,-0.894099,-1.680380,-1.761473,0.019291,0.091262
2020,10,SP,-0.866025,0.500000,1998.2400,0,0,1356583.5200,0.207201,-1.548402,-0.418120,-0.975414,-1.189479,-1.129726,-0.981963,-1.398833,-1.835695,0.363526,0.776964
2020,11,SP,-0.500000,0.866025,749.3400,0,0,508718.8200,-0.013206,-1.543933,-0.418120,-1.264880,-1.064752,-1.238936,-1.283627,-0.992154,-1.434899,0.172967,0.972879
2020,12,SP,-2.4492936e-16,1.000000,499.5600,0,0,339145.8800,0.401030,-1.577585,-0.418120,-0.691796,-0.409934,-0.438064,-0.686156,-0.554191,-0.262198,0.136085,0.727985
2021,1,SP,0.500000,0.866025,643.2400,0,0,741323.4800,0.203312,-1.573379,-0.418120,-0.276602,-0.316388,-0.201442,-0.281984,-0.335210,-0.499707,-0.411004,-0.055674
2021,2,SP,0.866025,0.500000,643.2400,0,0,741323.4800,0.176733,-1.595463,-0.418120,-0.683024,-0.752934,-0.292450,-0.689085,-0.835738,-0.766905,0.148379,-0.153632
2021,3,SP,1.000000,6.123234e-17,643.2400,0,0,741323.4800,-0.094886,-1.561022,-0.418120,-0.405254,-0.877661,-0.274249,-0.425495,-0.835738,-0.559084,-0.429445,0.189219
2021,4,SP,0.866025,-0.500000,964.8600,0,0,1111985.2200,-0.299736,-1.497135,-0.418120,-1.487096,-1.688388,-0.856702,-1.482784,-1.461399,-0.959881,-2.968183,-0.692398
2021,5,SP,0.500000,-0.866025,2572.9600,1,0,2965293.9200,-0.327611,-1.478995,-0.418120,-1.867203,-1.937842,-1.439154,-1.860597,-2.055777,-1.835695,-2.433388,0.776964
2021,6,SP,1.2246468e-16,-1.000000,4824.3000,1,0,5559926.1000,-0.428091,-1.447709,-0.418120,-2.226842,-1.906660,-2.258229,-2.200336,-1.836795,-1.924761,-0.423298,0.238198
2021,7,SP,-0.500000,-0.866025,6432.4000,1,0,7413234.8000,-0.348355,-1.398545,-0.418120,-2.685894,-2.655023,-2.676867,-2.704086,-2.837852,-1.924761,-2.562476,-0.888313
2021,8,SP,-0.866025,-0.500000,6432.4000,1,0,7413234.8000,-0.341872,-1.418789,-0.418120,-1.916909,-2.530296,-1.766784,-1.913315,-2.306041,-1.880228,-3.195624,-2.749504
2021,9,SP,-1.000000,-1.8369702e-16,4824.3000,1,0,5559926.1000,-0.351596,-1.498187,-0.418120,-1.174239,-1.532479,-1.275340,-1.192835,-1.617814,-1.464587,-0.023739,0.042283
2021,10,SP,-0.866025,0.500000,2572.9600,1,0,2965293.9200,0.040599,-1.529210,-0.418120,-1.820420,-1.407751,-1.275340,-1.787378,-1.586531,-1.256767,0.486468,-0.104653
2021,11,SP,-0.500000,0.866025,964.8600,0,0,1111985.2200,-0.154526,-1.585472,-0.418120,-1.238565,-0.721752,-1.238936,-1.242624,-0.835738,-1.835695,0.572527,0.238198
2021,12,SP,-2.4492936e-16,1.000000,643.2400,0,0,741323.4800,0.119687,-1.602299,-0.418120,-1.054359,-0.472297,-0.856702,-1.061040,-0.522908,-1.746629,0.271321,-0.104653
2022,1,SP,0.500000,0.866025,428.7400,0,0,723302.1600,0.710897,-1.591782,-0.418120,-0.674252,-0.347570,-0.492669,-0.671512,-0.522908,-0.781749,-0.042180,1.168794
2022,2,SP,0.866025,0.500000,428.7400,0,0,723302.1600,-0.280936,-1.572064,-0.418120,-0.574840,-0.690570,-0.438064,-0.571934,-0.773172,-0.945036,0.129938,0.727985
2022,3,SP,1.000000,6.123234e-17,428.7400,0,0,723302.1600,0.283696,-1.552083,-0.418120,-0.381863,-0.503479,-0.547274,-0.378634,-0.522908,-0.410641,0.025438,0.434113
2022,4,SP,0.866025,-0.500000,643.1100,0,0,1084953.2400,-0.279640,-1.515013,-0.418120,-1.104065,-1.033570,-1.002315,-1.090328,-1.179852,-1.108324,0.080762,0.923900
2022,5,SP,0.500000,-0.866025,1714.9600,0,0,2893208.6400,-0.308163,-1.487145,-0.418120,-2.095267,-1.220661,-2.167220,-2.077327,-1.398833,-1.909916,0.154526,1.070836
2022,6,SP,1.2246468e-16,-1.000000,3215.5500,1,0,5424766.2000,-0.365210,-1.469793,-0.418120,-2.261929,-1.283024,-1.930599,-2.238410,-1.211135,-1.909916,-0.386415,0.874921
2022,7,SP,-0.500000,-0.866025,4287.4000,1,0,7233021.6000,-0.446242,-1.444554,-0.418120,-1.668378,-2.374387,-1.439154,-1.679013,-2.525022,-1.761473,-0.306504,0.140241
2022,8,SP,-0.866025,-0.500000,4287.4000,1,0,7233021.6000,-0.355486,-1.438770,-0.418120,-2.270701,-2.156114,-1.857792,-2.264769,-2.306041,-1.820850,0.486468,1.364709
2022,9,SP,-1.000000,-1.8369702e-16,3215.5500,1,0,5424766.2000,0.038006,-1.478732,-0.418120,-2.381809,-1.781933,-1.657574,-2.364347,-1.649097,-1.746629,0.357379,-0.153632
2022,10,SP,-0.866025,0.500000,1714.9600,0,0,2893208.6400,-0.102666,-1.537360,-0.418120,-1.215174,-1.064752,-0.747492,-1.222123,-1.273701,-1.702096,0.259026,0.679006
2022,11,SP,-0.500000,0.866025,643.1100,0,0,1084953.2400,0.076902,-1.545248,-0.418120,-1.644987,-1.251842,-1.584768,-1.652654,-1.367550,-1.880228,0.566380,-0.055674
2022,12,SP,-2.4492936e-16,1.000000,428.7400,0,0,723302.1600,0.083384,-1.605454,-0.418120,-0.954947,-0.846479,-0.674685,-0.952675,-0.773172,-1.420054,0.338938,0.042283
2023,1,SP,0.500000,0.866025,493.1400,0,0,857433.7200,0.196181,-1.578111,-0.418120,-0.764893,-0.597025,-0.656483,-0.762304,-0.491625,-0.900504,0.191409,0.238198
2023,2,SP,0.866025,0.500000,493.1400,0,0,857433.7200,0.911209,-1.558130,-0.418120,-0.580688,-0.659388,-0.274249,-0.580720,-0.835738,0.019843,0.455732,0.874921
2023,3,SP,1.000000,6.123234e-17,493.1400,0,0,857433.7200,0.284992,-1.524215,-0.418120,-0.533905,-0.472297,-0.165039,-0.545575,-0.616757,-0.514552,-0.072915,0.532070
2023,4,SP,0.866025,-0.500000,739.7100,0,0,1286150.5800,-0.169112,-1.528159,-0.418120,-1.361368,-1.002388,-1.166130,-1.345132,-1.117286,-1.434899,0.105350,-0.202610
2023,5,SP,0.500000,-0.866025,1972.5600,0,0,3429734.8800,-0.243986,-1.458488,-0.418120,-1.738551,-1.438933,-1.348146,-1.725873,-1.523965,-1.850539,-0.613857,-0.790355
2023,6,SP,1.2246468e-16,-1.000000,3698.5500,1,0,6430752.9000,-0.391140,-1.420366,-0.418120,-2.083571,-2.280842,-1.712179,-2.074398,-2.399890,-1.523964,-0.718357,0.581049
2023,7,SP,-0.500000,-0.866025,4931.4000,1,0,8574337.2000,-0.443325,-1.419315,-0.418120,-2.083571,-1.969024,-1.621171,-2.071469,-2.118343,-1.761473,-0.214298,1.168794
2023,8,SP,-0.866025,-0.500000,4931.4000,1,0,8574337.2000,0.159166,-1.479258,-0.418120,-1.574813,-2.124933,-1.439154,-1.582363,-2.243475,-1.746629,0.062320,0.287177
2023,9,SP,-1.000000,-1.8369702e-16,3698.5500,1,0,6430752.9000,-0.139551,-1.514224,-0.418120,-0.683024,-0.565843,-1.075121,-0.700800,-0.585474,-1.449743,0.185262,0.091262
2023,10,SP,-0.866025,0.500000,1972.5600,0,0,3429734.8800,0.635699,-1.563125,-0.418120,-1.060207,-0.597025,-0.874903,-1.040539,-0.210078,-0.470019,0.332791,0.287177
2023,11,SP,-0.500000,0.866025,739.7100,0,0,1286150.5800,0.020503,-1.578900,-0.418120,-0.446188,-0.472297,-0.911307,-0.445996,-0.679323,-1.702096,0.609409,0.776964
2023,12,SP,-2.4492936e-16,1.000000,493.1400,0,0,857433.7200,-0.177863,-1.572327,-0.418120,-0.209353,-0.690570,-0.347055,-0.229266,-0.147512,-1.078635,0.394262,-0.104653
2006,10,ES,-0.866025,0.500000,1067.7600,0,0,509568.9600,-0.472820,0.693152,0.321010,0.486535,-0.160479,1.036270,0.423852,-0.303927,1.088634,3.117411,0.140241
2006,11,ES,-0.500000,0.866025,400.4100,0,0,191088.3600,0.155341,0.749940,-0.132528,-0.165494,0.369611,-0.347055,-0.132616,0.384300,0.153442,0.621703,0.091262
2006,12,ES,-2.4492936e-16,1.000000,266.9400,0,0,127392.2400,0.629865,0.757302,-0.084611,0.147363,0.400793,0.162591,0.163190,0.384300,0.420640,0.369674,0.287177
2007,1,ES,0.500000,0.866025,243.5600,0,0,132312.4400,0.182568,0.726541,-0.110779,0.425133,0.774974,0.344607,0.453140,0.697130,0.390951,0.418850,-0.006696
2007,2,ES,0.866025,0.500000,243.5600,0,0,132312.4400,-0.162305,0.763348,-0.082285,0.252623,0.525520,0.144389,0.265698,0.415583,0.227664,-0.300356,-0.349547
2007,3,ES,1.000000,6.123234e-17,243.5600,0,0,132312.4400,-0.371692,0.785433,-0.015716,0.512850,0.400793,0.217196,0.508787,0.321734,0.316730,-0.324945,-0.349547
2007,4,ES,0.866025,-0.500000,365.3400,0,0,198468.6600,-0.076087,0.801996,-0.134833,0.132743,0.276066,0.089784,0.139760,0.196602,0.257352,-0.435592,0.189219
2007,5,ES,0.500000,-0.866025,974.2400,0,0,529249.7600,-0.408643,0.844850,-0.165099,-0.592383,-0.098116,-0.529072,-0.595364,-0.210078,-0.321576,-0.023739,0.189219
2007,6,ES,1.2246468e-16,-1.000000,1826.7000,0,0,992343.3000,-0.402809,0.908737,-0.177982,-0.852610,-0.378752,-0.856702,-0.870669,-0.522908,-0.885659,-0.472474,-0.349547
2007,7,ES,-0.500000,-0.866025,2435.6000,1,0,1323124.4000,-0.468283,0.910840,-0.197704,-0.729806,-0.472297,-0.638282,-0.727159,-0.616757,-0.915348,0.265173,-0.055674
2007,8,ES,-0.866025,-0.500000,2435.6000,1,0,1323124.4000,-0.343817,0.960267,-0.156902,-0.946175,-0.409934,-0.802097,-0.946818,-0.585474,-0.544240,-0.355680,-0.251589
2007,9,ES,-1.000000,-1.8369702e-16,1826.7000,0,0,992343.3000,-0.264082,0.952379,-0.134343,-0.823371,-0.565843,-0.492669,-0.817951,-0.491625,-0.499707,0.289762,0.336155
2007,10,ES,-0.866025,0.500000,974.2400,0,0,529249.7600,-0.409291,0.825395,-0.076913,-0.206429,0.182520,-0.601878,-0.191192,0.259168,-0.425486,0.480321,0.238198
2007,11,ES,-0.500000,0.866025,365.3400,0,0,198468.6600,-0.083866,0.742053,-0.064102,0.085961,-0.004570,-0.237845,0.104615,0.008903,-1.004414,0.769233,0.434113
2007,12,ES,-2.4492936e-16,1.000000,243.5600,0,0,132312.4400,-0.282233,0.724964,-0.009573,0.328645,0.400793,0.362809,0.341846,0.384300,0.346418,0.640144,0.385134
2008,1,ES,0.500000,0.866025,188.3600,0,0,98550.9400,0.147562,0.734691,-0.087627,0.132743,0.307248,0.308204,0.151475,0.165319,0.094065,0.455732,0.042283
2008,2,ES,0.866025,0.500000,188.3600,0,0,98550.9400,0.034765,0.730485,-0.060834,0.387123,0.431975,0.180792,0.391635,0.415583,0.049532,0.240585,0.189219
2008,3,ES,1.000000,6.123234e-17,188.3600,0,0,98550.9400,-0.288715,0.729170,-0.092501,0.378351,0.712611,0.290002,0.397493,0.728413,0.554238,-0.490915,-0.496483
2008,4,ES,0.866025,-0.500000,282.5400,0,0,147826.4100,-0.313997,0.717340,-0.138054,0.346188,0.556702,-0.092232,0.350632,0.415583,0.376107,-0.478621,-0.594440
2008,5,ES,0.500000,-0.866025,753.4400,0,0,394203.7600,-0.342521,0.834859,-0.185263,-0.647937,0.057793,-0.492669,-0.645153,0.321734,-0.440330,-0.503210,-0.300568
2008,6,ES,1.2246468e-16,-1.000000,1412.7000,0,0,739132.0500,-0.321777,0.908211,-0.218908,-0.911088,-0.472297,-0.620080,-0.911672,-0.616757,-0.440330,-0.447886,-0.104653
2008,7,ES,-0.500000,-0.866025,1883.6000,0,0,985509.4000,-0.407995,0.957112,-0.181178,-1.153772,-0.628206,-0.783895,-1.169405,-0.741889,-0.811438,-0.441739,-0.300568
2008,8,ES,-0.866025,-0.500000,1883.6000,0,0,985509.4000,-0.376878,0.888756,-0.159701,-0.662557,-0.472297,-0.620080,-0.665655,-0.522908,-0.232510,0.043879,-0.447504
2008,9,ES,-1.000000,-1.8369702e-16,1412.7000,0,0,739132.0500,-0.360672,0.877976,-0.159816,-0.744426,-0.316388,-0.711088,-0.733017,-0.491625,-0.499707,0.351232,-0.006696
2008,10,ES,-0.866025,0.500000,753.4400,0,0,394203.7600,-0.099424,0.843273,-0.085007,-0.104092,-0.066934,-0.347055,-0.082827,-0.022380,0.094065,0.812262,-0.104653
2008,11,ES,-0.500000,0.866025,282.5400,0,0,147826.4100,1.547149,0.756250,-0.212457,-0.305841,0.120157,0.107986,-0.264412,0.134035,0.242508,-0.097503,-0.153632
2008,12,ES,-2.4492936e-16,1.000000,188.3600,0,0,98550.9400,-0.041729,0.719706,-0.122801,0.018711,0.244884,-0.001224,0.048968,0.321734,0.301885,0.006997,-0.251589
2009,1,ES,0.500000,0.866025,308.3400,0,0,178756.8800,0.430202,0.741001,-0.086153,0.346188,0.494338,0.253599,0.371134,0.321734,0.658149,0.302056,6.605431
2009,2,ES,0.866025,0.500000,308.3400,0,0,178756.8800,-0.277695,0.744419,0.004913,0.650273,0.463157,0.635834,0.649368,0.290451,0.598771,0.289762,-0.104653
2009,3,ES,1.000000,6.123234e-17,308.3400,0,0,178756.8800,0.301847,0.708138,-0.071855,0.536241,0.650247,0.581229,0.549790,0.446866,0.390951,-0.214298,-0.447504
2009,4,ES,0.866025,-0.500000,462.5100,0,0,268135.3200,0.248690,0.780437,-0.151598,-0.033919,0.369611,-0.146837,-0.012536,0.415583,-0.098911,-0.490915,-0.594440
2009,5,ES,0.500000,-0.866025,1233.3600,0,0,715027.5200,-0.294550,0.841695,-0.170740,-0.551449,0.026611,-0.347055,-0.545575,-0.147512,-0.158288,-0.620004,-0.349547
2009,6,ES,1.2246468e-16,-1.000000,2312.5500,0,0,1340676.6000,-0.301032,0.888756,-0.223897,-1.004653,-0.472297,-0.747492,-0.996607,-0.616757,-0.262198,-0.632298,-0.839334
2009,7,ES,-0.500000,-0.866025,3083.4000,1,0,1787568.8000,-0.304922,0.897169,-0.190499,-0.759045,-0.565843,-0.456265,-0.759376,-0.429059,0.004999,-0.447886,-0.202610
2009,8,ES,-0.866025,-0.500000,3083.4000,1,0,1787568.8000,-0.177215,0.915309,-0.192246,-0.811676,-0.347570,-0.456265,-0.800378,-0.460342,-0.351264,-0.140533,-0.594440
2009,9,ES,-1.000000,-1.8369702e-16,2312.5500,0,0,1340676.6000,-0.404753,0.843273,-0.145309,-0.180114,-0.129298,-0.310652,-0.164833,0.008903,0.034688,0.683174,0.287177
2009,10,ES,-0.866025,0.500000,1233.3600,0,0,715027.5200,1.272936,0.754673,-0.135570,-0.133331,0.244884,-0.237845,-0.103329,0.102752,0.079221,0.252879,0.091262
2009,11,ES,-0.500000,0.866025,462.5100,0,0,268135.3200,-0.100721,0.721020,0.000231,0.463144,0.525520,0.271801,0.461926,0.353017,0.301885,1.113468,0.287177
2009,12,ES,-2.4492936e-16,1.000000,308.3400,0,0,178756.8800,0.069123,0.709978,-0.050583,0.577176,0.338429,0.399212,0.579077,0.478149,-0.113755,0.511056,-0.006696
2010,1,ES,0.500000,0.866025,281.2200,0,0,181094.0600,-0.472820,0.762560,0.068312,0.907576,0.244884,0.617632,0.895386,0.165319,0.331574,0.670880,0.140241
2010,2,ES,0.866025,0.500000,281.2200,0,0,181094.0600,-0.356134,0.764663,0.001935,0.857870,0.712611,0.526624,0.842668,0.509432,0.242508,0.320497,0.140241
2010,3,ES,1.000000,6.123234e-17,281.2200,0,0,181094.0600,0.682374,0.719180,-0.106484,0.597643,0.962065,0.490221,0.611294,1.072526,0.776903,-0.171268,-0.153632
2010,4,ES,0.866025,-0.500000,421.8300,0,0,271641.0900,0.055509,0.799104,-0.128455,0.042103,0.868520,-0.256047,0.054826,0.697130,-0.544240,-0.232739,-0.496483
2010,5,ES,0.500000,-0.866025,1124.8800,0,0,724376.2400,-0.071549,0.812249,-0.184288,-0.478351,-0.191661,-0.292450,-0.469426,-0.241361,-0.098911,-0.644592,-0.202610
2010,6,ES,1.2246468e-16,-1.000000,2109.1500,0,0,1358205.4500,-0.307515,0.939760,-0.203668,-1.241489,-0.565843,-0.893105,-1.239696,-0.679323,-0.603617,-0.570827,-0.251589
2010,7,ES,-0.500000,-0.866025,2812.2000,1,0,1810940.6000,-0.094238,0.970783,-0.221051,-0.995881,-0.347570,-0.601878,-0.981963,-0.366493,-0.069222,-0.841298,-0.888313
2010,8,ES,-0.866025,-0.500000,2812.2000,1,0,1810940.6000,-0.429387,0.952116,-0.151287,-1.150848,-0.659388,-1.002315,-1.166476,-0.835738,-0.841126,-0.029886,-0.251589
2010,9,ES,-1.000000,-1.8369702e-16,2109.1500,0,0,1358205.4500,-0.384009,0.894014,-0.129942,-0.621622,-0.066934,-0.765693,-0.624652,-0.147512,-0.989569,0.504909,-0.006696
2010,10,ES,-0.866025,0.500000,1124.8800,0,0,724376.2400,-0.304922,0.786221,-0.165746,-0.399406,-0.129298,-0.274249,-0.369848,-0.210078,-0.366108,0.406556,0.091262
2010,11,ES,-0.500000,0.866025,421.8300,0,0,271641.0900,0.392603,0.720757,-0.147043,-0.133331,0.338429,-0.165039,-0.100400,0.415583,0.108909,0.203703,-0.006696
2010,12,ES,-2.4492936e-16,1.000000,281.2200,0,0,181094.0600,0.211739,0.647932,-0.036980,0.480687,0.276066,0.253599,0.488285,0.540715,0.376107,0.627850,0.042283
2011,1,ES,0.500000,0.866025,312.4400,0,0,206499.1000,-0.319832,0.713922,-0.006867,0.524546,0.338429,0.453817,0.520502,0.353017,0.539394,0.511056,-0.251589
2011,2,ES,0.866025,0.500000,312.4400,0,0,206499.1000,-0.240744,0.744156,-0.012257,0.580100,0.338429,0.308204,0.576149,0.384300,0.346418,-0.060621,-0.153632
2011,3,ES,1.000000,6.123234e-17,312.4400,0,0,206499.1000,0.510262,0.713396,-0.160101,0.144439,0.556702,0.144389,0.166119,0.759696,0.524550,-0.699916,-0.692398
2011,4,ES,0.866025,-0.500000,468.6600,0,0,309748.6500,0.883334,0.799893,-0.188493,-0.048538,0.525520,0.144389,-0.024252,0.446866,0.702682,-0.822857,-0.790355
2011,5,ES,0.500000,-0.866025,1249.7600,0,0,825996.4000,-0.350300,0.849319,-0.157294,-0.712263,0.057793,-0.583677,-0.709586,-0.022380,-0.455174,-0.552386,-0.202610
2011,6,ES,1.2246468e-16,-1.000000,2343.3000,1,0,1548743.2500,-0.302977,0.885075,-0.205010,-0.984186,-0.503479,-0.856702,-0.973177,-0.648040,-0.514552,-0.374121,-0.398525
2011,7,ES,-0.500000,-0.866025,3124.4000,1,0,2064991.0000,-0.357431,0.917938,-0.178025,-1.109913,-0.721752,-1.020516,-1.116687,-0.648040,-1.093479,-0.324945,-0.594440
2011,8,ES,-0.866025,-0.500000,3124.4000,1,0,2064991.0000,-0.409291,0.892962,-0.153655,-0.747350,-0.503479,-0.856702,-0.738874,-0.522908,-0.410641,0.234438,-0.104653
2011,9,ES,-1.000000,-1.8369702e-16,2343.3000,1,0,1548743.2500,-0.338631,0.947121,-0.129273,-0.919860,-0.877661,-1.275340,-0.911672,-0.960871,-0.796593,0.572527,0.238198
2011,10,ES,-0.866025,0.500000,1249.7600,0,0,825996.4000,0.066530,0.797527,-0.171668,-0.495895,0.213702,-0.419862,-0.457711,0.008903,-0.202821,0.504909,-0.006696
2011,11,ES,-0.500000,0.866025,468.6600,0,0,309748.6500,0.382231,0.798578,-0.148556,-0.566068,0.276066,-0.583677,-0.533859,0.071469,-0.291887,0.129938,-0.496483
2011,12,ES,-2.4492936e-16,1.000000,312.4400,0,0,206499.1000,0.380286,0.734691,-0.163382,-0.007604,0.276066,0.162591,0.040182,0.134035,0.405795,0.215997,-0.055674
2012,1,ES,0.500000,0.866025,454.1000,0,0,281938.4400,0.867127,0.770973,-0.071331,0.150287,0.307248,0.344607,0.174906,0.134035,0.301885,0.160673,-0.104653
2012,2,ES,0.866025,0.500000,454.1000,0,0,281938.4400,-0.196663,0.787010,0.016808,0.299406,0.213702,0.290002,0.303772,0.196602,0.094065,0.123791,-0.153632
2012,3,ES,1.000000,6.123234e-17,454.1000,0,0,281938.4400,-0.369099,0.780437,-0.069977,0.349112,0.244884,0.253599,0.359419,0.102752,0.242508,0.123791,-0.300568
2012,4,ES,0.866025,-0.500000,681.1500,0,0,422907.6600,-0.404105,0.780437,-0.147150,0.121048,0.120157,-0.019426,0.130974,0.008903,0.123754,-0.503210,-0.692398
2012,5,ES,0.500000,-0.866025,1816.4000,0,0,1127753.7600,0.596804,0.875084,-0.234595,-0.756122,-0.191661,-0.401660,-0.724230,-0.116229,-0.202821,-0.429445,-0.300568
2012,6,ES,1.2246468e-16,-1.000000,3405.7500,1,0,2114538.3000,-0.148692,0.889807,-0.213476,-0.580688,-0.347570,-0.492669,-0.577791,-0.210078,0.168287,-0.429445,-0.741376
2012,7,ES,-0.500000,-0.866025,4541.0000,1,0,2819384.4000,-0.301681,0.916624,-0.192813,-0.916936,-0.721752,-0.729290,-0.926316,-0.648040,-0.737216,-0.423298,-0.447504
2012,8,ES,-0.866025,-0.500000,4541.0000,1,0,2819384.4000,0.433443,1.014689,-0.183078,-1.022196,-0.628206,-0.729290,-1.022966,-0.585474,-0.588773,-0.595416,-0.692398
2012,9,ES,-1.000000,-1.8369702e-16,3405.7500,1,0,2114538.3000,-0.358079,0.915309,-0.134990,-0.653785,-0.254025,-0.802097,-0.645153,-0.303927,-0.692683,0.677027,0.189219
2012,10,ES,-0.866025,0.500000,1816.4000,0,0,1127753.7600,-0.325018,0.825658,-0.071378,-0.250287,-0.066934,-0.656483,-0.246839,-0.210078,-0.395797,0.627850,-0.104653
2012,11,ES,-0.500000,0.866025,681.1500,0,0,422907.6600,0.928712,0.741001,-0.143115,-0.197657,0.307248,-0.019426,-0.167762,0.290451,0.420640,-0.195856,-0.692398
2012,12,ES,-2.4492936e-16,1.000000,454.1000,0,0,281938.4400,-0.388547,0.718128,0.030923,0.682436,0.369611,0.417414,0.684513,0.478149,0.420640,0.615556,-0.055674
2013,1,ES,0.500000,0.866025,221.2000,0,0,150561.0000,0.266193,0.753095,-0.064476,0.433905,0.463157,0.381011,0.438496,0.509432,0.183131,0.345085,-0.055674
2013,2,ES,0.866025,0.500000,221.2000,0,0,150561.0000,-0.406050,0.767555,-0.002722,0.553785,0.712611,0.344607,0.546861,0.728413,0.108909,0.142232,-0.349547
2013,3,ES,1.000000,6.123234e-17,221.2000,0,0,150561.0000,0.981220,0.763611,-0.124919,0.366655,0.650247,0.089784,0.374063,0.603281,0.405795,-0.109797,-0.447504
2013,4,ES,0.866025,-0.500000,331.8000,0,0,225841.5000,-0.220648,0.820662,-0.177599,-0.244439,0.681429,-0.256047,-0.226337,0.728413,-0.306731,-0.620004,-0.790355
2013,5,ES,0.500000,-0.866025,884.8000,0,0,602244.0000,-0.286771,0.848005,-0.199169,-0.615774,0.307248,-0.510870,-0.610008,0.165319,0.153442,-0.755239,0.238198
2013,6,ES,1.2246468e-16,-1.000000,1659.0000,0,0,1129207.5000,-0.334093,0.883760,-0.203540,-0.697644,0.338429,-0.383459,-0.694942,0.134035,0.390951,-0.976534,-0.790355
2013,7,ES,-0.500000,-0.866025,2212.0000,0,0,1505610.0000,-0.246579,0.933976,-0.205786,-0.902316,-0.066934,-0.929508,-0.899957,0.008903,-0.084067,-0.380268,-0.643419
2013,8,ES,-0.866025,-0.500000,2212.0000,0,0,1505610.0000,-0.168140,0.924248,-0.163591,-0.937403,-0.285207,-0.965911,-0.946818,-0.366493,-0.514552,-0.085209,-0.349547
2013,9,ES,-1.000000,-1.8369702e-16,1659.0000,0,0,1129207.5000,-0.397947,0.897169,-0.145428,-0.630394,-0.191661,-0.456265,-0.621723,-0.116229,-0.395797,0.160673,-0.251589
2013,10,ES,-0.866025,0.500000,884.8000,0,0,602244.0000,-0.212869,0.846690,-0.135216,-0.437417,-0.098116,-0.565475,-0.419637,-0.178795,-0.291887,0.357379,0.091262
2013,11,ES,-0.500000,0.866025,331.8000,0,0,225841.5000,0.524199,0.781489,-0.092016,-0.180114,0.369611,-0.256047,-0.167762,0.540715,0.212819,0.105350,-0.349547
2013,12,ES,-2.4492936e-16,1.000000,221.2000,0,0,150561.0000,1.943234,0.686053,-0.134309,0.123972,0.587884,0.217196,0.166119,0.540715,0.762059,0.197556,-0.251589
2014,1,ES,0.500000,0.866025,585.6600,0,0,345068.7200,-0.275102,0.801207,0.018329,0.460220,0.400793,0.253599,0.458997,0.571998,0.183131,0.142232,-0.349547
2014,2,ES,0.866025,0.500000,585.6600,0,0,345068.7200,-0.311404,0.790954,-0.003591,0.477763,0.431975,0.308204,0.470712,0.478149,0.197975,-0.257327,-0.349547
2014,3,ES,1.000000,6.123234e-17,585.6600,0,0,345068.7200,-0.166843,0.791217,-0.079937,0.445601,0.619065,0.344607,0.450211,0.478149,0.390951,0.025438,-0.300568
2014,4,ES,0.866025,-0.500000,878.4900,0,0,517603.0800,-0.011910,0.798841,-0.133235,0.126896,0.619065,-0.274249,0.136831,0.634564,-0.559084,-0.380268,-0.643419
2014,5,ES,0.500000,-0.866025,2342.6400,1,0,1380274.8800,-0.416746,0.844850,-0.190495,-0.580688,0.182520,-0.474467,-0.571934,0.227885,-0.143444,-0.736798,-0.986270
2014,6,ES,1.2246468e-16,-1.000000,4392.4500,1,0,2588015.4000,-0.325666,0.910577,-0.205108,-0.773665,-0.409934,-0.438064,-0.753518,-0.397776,0.197975,-0.804416,-0.790355
2014,7,ES,-0.500000,-0.866025,5856.6000,1,0,3450687.2000,-0.153878,0.988135,-0.250162,-1.060207,-0.035752,-0.783895,-1.049325,-0.241361,-0.796593,-0.730651,-0.888313
2014,8,ES,-0.866025,-0.500000,5856.6000,1,0,3450687.2000,-0.206387,0.943441,-0.155372,-0.957870,-0.597025,-1.020516,-0.967319,-0.429059,-0.841126,-0.091356,-0.153632
2014,9,ES,-1.000000,-1.8369702e-16,4392.4500,1,0,2588015.4000,-0.373637,0.891385,-0.093285,-0.472503,-0.191661,-0.565475,-0.489928,-0.272644,-0.633306,0.597115,-0.251589
2014,10,ES,-0.866025,0.500000,2342.6400,1,0,1380274.8800,0.575411,0.870878,-0.124825,-0.484199,-0.066934,-0.729290,-0.486999,-0.022380,-1.123168,0.517203,-0.055674
2014,11,ES,-0.500000,0.866025,878.4900,0,0,517603.0800,-0.285474,0.774128,-0.061260,0.050874,0.307248,-0.438064,0.063612,0.227885,-0.202821,0.769233,-0.055674
2014,12,ES,-2.4492936e-16,1.000000,585.6600,0,0,345068.7200,-0.109148,0.774916,0.020421,0.384199,0.182520,-0.001224,0.382849,0.134035,0.301885,0.615556,-0.104653
2015,1,ES,0.500000,0.866025,350.8800,0,0,265285.9400,-0.476062,0.797001,0.064243,0.749686,0.026611,0.326406,0.725516,0.040186,-0.128600,1.027409,-0.104653
2015,2,ES,0.866025,0.500000,350.8800,0,0,265285.9400,-0.306218,0.773339,-0.032736,0.661969,0.930883,0.453817,0.652297,0.728413,0.301885,0.381968,-0.055674
2015,3,ES,1.000000,6.123234e-17,350.8800,0,0,265285.9400,-0.251765,0.766503,-0.074361,0.556709,0.525520,0.071583,0.549790,0.540715,0.480017,-0.029886,-0.447504
2015,4,ES,0.866025,-0.500000,526.3200,0,0,397928.9100,-0.332797,0.796475,-0.174455,0.062570,0.712611,-0.055829,0.063612,0.540715,0.108909,-0.484768,-0.300568
2015,5,ES,0.500000,-0.866025,1403.5200,0,0,1061143.7600,0.129735,0.893751,-0.252395,-0.674252,0.120157,-0.438064,-0.630509,-0.053663,-0.069222,-0.503210,-0.594440
2015,6,ES,1.2246468e-16,-1.000000,2631.6000,1,0,1989644.5500,-0.089052,0.938445,-0.328051,-0.197657,-0.597025,-0.529072,-0.185334,-0.585474,0.123754,0.338938,-0.839334
2015,7,ES,-0.500000,-0.866025,3508.8000,1,0,2652859.4000,-0.413829,0.943441,-0.212986,-0.770741,-0.129298,-0.510870,-0.782806,-0.335210,0.079221,-0.570827,-0.741376
2015,8,ES,-0.866025,-0.500000,3508.8000,1,0,2652859.4000,-0.246579,0.943703,-0.167144,-0.832143,-0.347570,-0.820298,-0.847239,0.071469,-0.633306,-0.601563,-0.741376
2015,9,ES,-1.000000,-1.8369702e-16,2631.6000,1,0,1989644.5500,-0.393085,0.828024,-0.129967,-0.077777,0.057793,-0.128636,-0.076970,0.040186,0.079221,0.775380,0.091262
2015,10,ES,-0.866025,0.500000,1403.5200,0,0,1061143.7600,-0.295198,0.836174,-0.093605,0.100581,-0.129298,0.071583,0.110472,0.227885,-0.202821,0.873733,0.532070
2015,11,ES,-0.500000,0.866025,526.3200,0,0,397928.9100,-0.317239,0.724701,-0.055670,0.542089,0.525520,0.344607,0.549790,0.571998,0.094065,0.455732,0.140241
2015,12,ES,-2.4492936e-16,1.000000,350.8800,0,0,265285.9400,-0.179808,0.779386,-0.000523,0.770153,0.650247,0.526624,0.801665,0.509432,-0.113755,0.584821,-0.055674
2016,1,ES,0.500000,0.866025,537.7200,0,0,345288.7400,0.240911,0.731274,-0.085395,0.536241,0.962065,0.526624,0.587864,0.822262,0.361263,0.246732,-0.006696
2016,2,ES,0.866025,0.500000,537.7200,0,0,345288.7400,-0.437166,0.774391,0.016224,0.957283,0.650247,0.526624,0.986178,0.478149,0.079221,0.326644,-0.202610
2016,3,ES,1.000000,6.123234e-17,537.7200,0,0,345288.7400,-0.184346,0.810146,-0.039928,0.729219,0.681429,0.581229,0.769448,0.509432,0.405795,-0.202003,-0.398525
2016,4,ES,0.866025,-0.500000,806.5800,0,0,517933.1100,-0.380768,0.808569,-0.112478,0.474840,0.619065,0.271801,0.511715,0.540715,0.108909,-0.460180,-0.496483
2016,5,ES,0.500000,-0.866025,2150.8800,0,0,1381154.9600,-0.397623,0.875610,-0.187555,-0.259059,0.307248,-0.529072,-0.223409,0.196602,-0.752060,-0.349533,-0.643419
2016,6,ES,1.2246468e-16,-1.000000,4032.9000,1,0,2589665.5500,-0.184994,0.939760,-0.253890,-0.966642,0.182520,-0.874903,-0.914601,0.321734,-1.256767,-0.742945,-1.035249
2016,7,ES,-0.500000,-0.866025,5377.2000,1,0,3452887.4000,-0.150637,0.939234,-0.220250,-0.878925,-0.191661,-0.692887,-0.841381,-0.241361,-0.306731,-0.601563,-0.692398
2016,8,ES,-0.866025,-0.500000,5377.2000,1,0,3452887.4000,-0.380768,0.911892,-0.158431,-0.653785,-0.222843,-0.656483,-0.621723,-0.397776,-0.440330,-0.011444,-0.251589
2016,9,ES,-1.000000,-1.8369702e-16,4032.9000,1,0,2589665.5500,-0.389195,0.889544,-0.138539,-0.346776,0.026611,-0.128636,-0.299557,-0.178795,-0.366108,0.381968,-0.251589
2016,10,ES,-0.866025,0.500000,2150.8800,0,0,1381154.9600,-0.147395,0.823817,-0.149548,-0.311689,0.182520,-0.165039,-0.246839,0.040186,-0.084067,0.203703,0.091262
2016,11,ES,-0.500000,0.866025,806.5800,0,0,517933.1100,0.170899,0.775968,-0.125997,-0.083625,0.899702,-0.237845,-0.027180,0.728413,-0.573929,0.099203,-0.251589
2016,12,ES,-2.4492936e-16,1.000000,537.7200,0,0,345288.7400,-0.164250,0.750992,-0.065179,0.398818,0.743793,0.198994,0.444353,0.603281,0.138598,0.345085,-0.202610
2017,1,ES,0.500000,0.866025,743.0400,0,0,440690.1000,-0.285474,0.775705,0.015410,0.776001,0.587884,0.508422,0.804593,0.571998,0.123754,0.707762,-0.202610
2017,2,ES,0.866025,0.500000,743.0400,0,0,440690.1000,-0.176243,0.784118,-0.038722,0.536241,0.650247,0.490221,0.543932,0.822262,0.331574,-0.306504,-0.594440
2017,3,ES,1.000000,6.123234e-17,743.0400,0,0,440690.1000,-0.342521,0.770710,-0.076491,0.451448,0.400793,0.053381,0.438496,0.384300,-0.009845,0.006997,-0.300568
2017,4,ES,0.866025,-0.500000,1114.5600,0,0,661035.1500,-0.334742,0.821188,-0.170931,-0.016375,0.619065,0.016978,-0.003750,0.603281,-0.217665,-0.300356,-0.790355
2017,5,ES,0.500000,-0.866025,2972.1600,1,0,1762760.4000,0.071067,0.869826,-0.224676,-0.662557,0.213702,-0.474467,-0.651011,0.040186,-0.039534,-0.749092,-0.545461
2017,6,ES,1.2246468e-16,-1.000000,5572.8000,1,0,3305175.7500,-0.060529,0.923985,-0.196613,-0.624546,-0.066934,-0.492669,-0.627580,0.071469,-0.336420,-0.527798,-0.741376
2017,7,ES,-0.500000,-0.866025,7430.4000,1,0,4406901.0000,0.169602,1.065693,-0.237151,-1.378912,-0.191661,-0.674685,-1.383206,0.008903,-0.395797,-0.730651,-0.496483
2017,8,ES,-0.866025,-0.500000,7430.4000,1,0,4406901.0000,-0.393085,0.937131,-0.180360,-1.203478,-0.597025,-1.002315,-1.198693,-0.585474,-0.588773,-0.324945,-0.496483
2017,9,ES,-1.000000,-1.8369702e-16,5572.8000,1,0,3305175.7500,-0.263109,0.990501,-0.152859,-0.905240,-0.191661,-0.492669,-0.911672,-0.210078,-0.173133,-0.189709,-0.398525
2017,10,ES,-0.866025,0.500000,2972.1600,1,0,1762760.4000,-0.275102,0.825132,-0.085519,-0.077777,-0.098116,-0.055829,-0.062326,0.227885,0.212819,0.726203,-0.055674
2017,11,ES,-0.500000,0.866025,1114.5600,0,0,661035.1500,-0.062474,0.768081,-0.142233,-0.232744,0.400793,-0.256047,-0.208765,0.446866,-0.410641,0.203703,-0.300568
2017,12,ES,-2.4492936e-16,1.000000,743.0400,0,0,440690.1000,0.247717,0.730748,-0.084275,0.217536,0.837338,0.180792,0.239339,0.728413,0.569083,0.074614,-0.545461
2018,1,ES,0.500000,0.866025,579.0800,0,0,345091.2400,-0.202497,0.750466,-0.000583,0.580100,0.525520,0.381011,0.573220,0.884828,0.420640,0.381968,-0.153632
2018,2,ES,0.866025,0.500000,579.0800,0,0,345091.2400,0.104128,0.741790,-0.103263,0.293558,1.117974,0.198994,0.312558,0.978677,-0.024689,-0.312651,-0.643419
2018,3,ES,1.000000,6.123234e-17,579.0800,0,0,345091.2400,-0.209304,0.730222,-0.095778,0.483611,0.868520,0.381011,0.497071,0.884828,0.509706,-0.570827,-0.741376
2018,4,ES,0.866025,-0.500000,868.6200,0,0,517636.8600,0.672650,0.848005,-0.171660,-0.185961,0.463157,-0.146837,-0.176548,0.415583,0.301885,-0.951945,-0.888313
2018,5,ES,0.500000,-0.866025,2316.3200,0,0,1380364.9600,0.120983,0.891648,-0.205308,-0.647937,-0.066934,-0.547274,-0.636367,0.008903,-0.232510,-0.976534,-1.084227
2018,6,ES,1.2246468e-16,-1.000000,4343.1000,1,0,2588184.3000,-0.089700,0.922671,-0.219909,-0.697644,-0.347570,-0.474467,-0.689085,-0.460342,0.331574,-0.656886,-0.986270
2018,7,ES,-0.500000,-0.866025,5790.8000,1,0,3450912.4000,-0.424201,0.931084,-0.182992,-0.899393,-0.659388,-0.583677,-0.914601,-0.679323,-0.247354,-0.816710,-0.741376
2018,8,ES,-0.866025,-0.500000,5790.8000,1,0,3450912.4000,-0.213518,0.932398,-0.221379,-0.855534,-0.565843,-0.620080,-0.838453,-0.679323,-0.187977,-0.515504,-0.643419
2018,9,ES,-1.000000,-1.8369702e-16,4343.1000,1,0,2588184.3000,-0.399567,0.840118,-0.158453,-0.411102,-0.004570,-0.310652,-0.399135,-0.116229,-0.351264,0.043879,-0.202610
2018,10,ES,-0.866025,0.500000,2316.3200,0,0,1380364.9600,0.101535,0.795423,-0.169091,-0.191809,0.338429,-0.328854,-0.164833,0.165319,-0.069222,0.234438,-0.104653
2018,11,ES,-0.500000,0.866025,868.6200,0,0,517636.8600,0.412699,0.799367,-0.129686,-0.048538,0.213702,-0.019426,-0.024252,0.227885,0.598771,-0.208151,-0.496483
2018,12,ES,-2.4492936e-16,1.000000,579.0800,0,0,345091.2400,0.240911,0.759405,-0.067135,0.308177,0.494338,0.016978,0.315487,0.415583,0.212819,0.123791,-0.496483
2019,1,ES,0.500000,0.866025,227.7200,0,0,130269.9800,-0.466986,0.810409,0.043738,0.805240,0.213702,0.381011,0.784092,0.290451,0.494861,0.474174,-0.398525
2019,2,ES,0.866025,0.500000,227.7200,0,0,130269.9800,-0.054695,0.728645,-0.043038,0.878337,0.837338,0.490221,0.863169,0.790979,0.554238,-0.122092,-0.398525
2019,3,ES,1.000000,6.123234e-17,227.7200,0,0,130269.9800,-0.216759,0.772287,-0.089298,0.697056,0.930883,0.417414,0.693300,0.822262,0.019843,-0.257327,-0.692398
2019,4,ES,0.866025,-0.500000,341.5800,0,0,195404.9700,-0.379471,0.771762,-0.087478,0.533317,0.587884,0.235397,0.508787,0.509432,0.004999,-0.589269,-0.790355
2019,5,ES,0.500000,-0.866025,910.8800,0,0,521079.9200,0.310274,0.811198,-0.206058,-0.069006,0.556702,-0.001224,-0.056468,0.384300,0.569083,-0.970387,-1.133206
2019,6,ES,1.2246468e-16,-1.000000,1707.9000,0,0,977024.8500,-0.366506,0.941600,-0.233589,-0.568992,-0.004570,-0.328854,-0.566076,0.008903,-0.529396,-0.951945,-0.839334
2019,7,ES,-0.500000,-0.866025,2277.2000,0,0,1302699.8000,-0.299736,0.939497,-0.207771,-1.077750,-0.191661,-1.002315,-1.084470,-0.272644,-0.855971,-0.638445,-0.986270
2019,8,ES,-0.866025,-0.500000,2277.2000,0,0,1302699.8000,-0.291957,0.994708,-0.207711,-1.025120,-0.316388,-0.783895,-1.017108,-0.272644,-0.677839,-0.392562,-0.545461
2019,9,ES,-1.000000,-1.8369702e-16,1707.9000,0,0,977024.8500,-0.140264,0.891122,-0.143430,-0.402330,-0.472297,-0.365257,-0.387420,-0.522908,-0.202821,0.271321,-0.153632
2019,10,ES,-0.866025,0.500000,910.8800,0,0,521079.9200,-0.290660,0.823554,-0.066325,-0.086549,0.369611,-0.310652,-0.079898,0.353017,-0.395797,0.179115,-0.349547
2019,11,ES,-0.500000,0.866025,341.5800,0,0,195404.9700,1.314749,0.757039,-0.161060,-0.036843,0.213702,-0.419862,-0.006679,0.290451,-0.113755,-0.128239,-0.202610
2019,12,ES,-2.4492936e-16,1.000000,227.7200,0,0,130269.9800,0.111259,0.765452,-0.081556,0.290634,0.556702,0.198994,0.300843,0.478149,0.569083,-0.036033,-0.447504
2020,1,ES,0.500000,0.866025,184.3800,0,0,106280.1400,0.384824,0.707875,-0.453865,0.495307,0.650247,0.399212,0.511715,0.728413,0.168287,0.259026,-0.251589
2020,2,ES,0.866025,0.500000,184.3800,0,0,106280.1400,-0.061177,0.761245,-0.453865,0.571328,0.556702,0.508422,0.582006,0.540715,0.717526,-0.251180,-0.643419
2020,3,ES,1.000000,6.123234e-17,184.3800,0,0,106280.1400,0.145617,0.785959,-0.453865,0.077189,0.681429,0.071583,0.089971,0.509432,0.420640,-0.712210,-0.888313
2020,4,ES,0.866025,-0.500000,276.5700,0,0,159420.2100,-0.416422,0.833545,-0.453865,-0.191809,0.431975,-0.256047,-0.182406,0.384300,0.153442,-0.663033,-1.084227
2020,5,ES,0.500000,-0.866025,737.5200,0,0,425120.5600,-0.231020,0.878239,-0.453865,-0.528057,-0.191661,-0.601878,-0.607079,-0.303927,-0.796593,-0.650739,-0.986270
2020,6,ES,1.2246468e-16,-1.000000,1382.8500,0,0,797101.0500,-0.457586,0.916098,-0.453865,0.407590,-0.285207,0.326406,0.139760,-0.116229,-0.336420,-0.294209,-0.986270
2020,7,ES,-0.500000,-0.866025,1843.8000,0,0,1062801.4000,-0.476062,0.940549,-0.453865,0.068418,-0.565843,0.290002,0.113401,-0.585474,0.153442,-0.429445,-1.035249
2020,8,ES,-0.866025,-0.500000,1843.8000,0,0,1062801.4000,-0.403781,0.942126,-0.453865,-0.150875,-0.441116,-0.183241,-0.170691,-0.554191,-0.781749,0.947498,-0.545461
2020,9,ES,-1.000000,-1.8369702e-16,1382.8500,0,0,797101.0500,-0.194394,0.878502,-0.453865,-0.247363,-0.254025,-0.347055,-0.261483,-0.397776,0.019843,0.289762,-0.496483
2020,10,ES,-0.866025,0.500000,737.5200,0,0,425120.5600,0.309302,0.783329,-0.453865,-0.162570,0.463157,-0.183241,-0.135545,0.259168,-0.277043,0.006997,-0.447504
2020,11,ES,-0.500000,0.866025,276.5700,0,0,159420.2100,-0.094886,0.784907,-0.453865,-0.051462,0.463157,-0.055829,-0.030109,0.259168,-0.173133,-0.091356,-0.643419
2020,12,ES,-2.4492936e-16,1.000000,184.3800,0,0,106280.1400,-0.185642,0.747837,-0.453865,0.451448,0.057793,0.271801,0.441425,0.040186,0.376107,0.431144,-0.447504
2021,1,ES,0.500000,0.866025,141.4400,0,0,126796.1400,-0.403781,0.774128,-0.453865,0.509926,-0.066934,0.235397,0.488285,0.134035,0.064376,0.252879,-0.447504
2021,2,ES,0.866025,0.500000,141.4400,0,0,126796.1400,0.350790,0.726804,-0.453865,0.281862,0.494338,0.126188,0.286199,0.540715,0.509706,-0.195856,-0.643419
2021,3,ES,1.000000,6.123234e-17,141.4400,0,0,126796.1400,0.343984,0.756250,-0.453865,0.314025,0.494338,0.271801,0.300843,0.384300,0.019843,-0.644592,-0.790355
2021,4,ES,0.866025,-0.500000,212.1600,0,0,190194.2100,-0.188236,0.801470,-0.453865,-0.215200,0.369611,-0.165039,-0.220480,0.384300,-0.395797,-0.681475,-0.986270
2021,5,ES,0.500000,-0.866025,565.7600,0,0,507184.5600,-0.117251,0.854840,-0.453865,-0.525134,-0.285207,-0.656483,-0.522144,-0.147512,-0.173133,-0.755239,-1.084227
2021,6,ES,1.2246468e-16,-1.000000,1060.8000,0,0,950971.0500,-0.214166,0.902690,-0.453865,-0.969566,-0.129298,-0.747492,-0.967319,-0.178795,-0.009845,-0.872034,-1.035249
2021,7,ES,-0.500000,-0.866025,1414.4000,0,0,1267961.4000,-0.425174,0.967102,-0.453865,-1.241489,-0.628206,-0.965911,-1.248482,-0.710606,-0.826282,-0.570827,-1.084227
2021,8,ES,-0.866025,-0.500000,1414.4000,0,0,1267961.4000,-0.210925,0.965262,-0.453865,-0.957870,-0.472297,-1.002315,-0.961461,-0.522908,-0.380953,-0.392562,-0.398525
2021,9,ES,-1.000000,-1.8369702e-16,1060.8000,0,0,950971.0500,-0.097804,0.860887,-0.453865,-0.305841,0.088975,-0.620080,-0.302486,-0.053663,-0.410641,0.234438,-0.202610
2021,10,ES,-0.866025,0.500000,565.7600,0,0,507184.5600,3.507155,0.841169,-0.453865,-0.677176,0.182520,-0.201442,-0.601221,0.165319,0.212819,0.468027,-0.251589
2021,11,ES,-0.500000,0.866025,212.1600,0,0,190194.2100,0.444464,0.749940,-0.453865,-0.443264,0.151339,-0.674685,-0.419637,0.290451,-0.247354,-0.269621,-0.741376
2021,12,ES,-2.4492936e-16,1.000000,141.4400,0,0,126796.1400,-0.085811,0.716288,-0.453865,0.012864,0.338429,-0.201442,0.025538,0.415583,0.212819,-0.183562,-0.741376
2022,1,ES,0.500000,0.866025,144.7200,0,0,131445.8400,-0.243986,0.743367,-0.453865,0.507002,0.587884,0.344607,0.497071,0.509432,0.197975,-0.023739,-0.300568
2022,2,ES,0.866025,0.500000,144.7200,0,0,131445.8400,-0.060529,0.743893,-0.453865,0.372503,0.556702,0.308204,0.371134,0.790979,0.509706,-0.429445,-0.741376
2022,3,ES,1.000000,6.123234e-17,144.7200,0,0,131445.8400,-0.305894,0.772550,-0.453865,0.518698,0.619065,0.253599,0.500000,0.446866,0.094065,-0.312651,-0.692398
2022,4,ES,0.866025,-0.500000,217.0800,0,0,197168.7600,-0.425498,0.787010,-0.453865,0.258471,0.463157,-0.219644,0.259840,0.509432,-0.425486,-0.509357,-0.937291
2022,5,ES,0.500000,-0.866025,578.8800,0,0,525783.3600,-0.395678,0.844587,-0.453865,-0.083625,-0.316388,-1.257138,-0.141403,-0.178795,-1.598186,-0.251180,-0.839334
2022,6,ES,1.2246468e-16,-1.000000,1085.4000,0,0,985843.8000,-0.414801,0.880605,-0.453865,-0.992957,-0.098116,-1.020516,-1.002464,-0.116229,-0.677839,-0.626151,-1.280142
2022,7,ES,-0.500000,-0.866025,1447.2000,0,0,1314458.4000,-0.418367,0.944492,-0.453865,-0.919860,-0.347570,-0.620080,-0.926316,-0.397776,-0.202821,-0.816710,-0.741376
2022,8,ES,-0.866025,-0.500000,1447.2000,0,0,1314458.4000,-0.436194,0.934765,-0.453865,-0.840915,-0.690570,-0.765693,-0.850168,-0.397776,-1.138012,0.271321,-0.496483
2022,9,ES,-1.000000,-1.8369702e-16,1085.4000,0,0,985843.8000,-0.299088,0.884549,-0.453865,-0.761969,-0.378752,-0.856702,-0.747660,-0.147512,-0.677839,0.099203,-0.496483
2022,10,ES,-0.866025,0.500000,578.8800,0,0,525783.3600,-0.176891,0.821714,-0.453865,-0.074853,-0.129298,-0.092232,-0.056468,-0.147512,-1.241923,0.025438,-0.398525
2022,11,ES,-0.500000,0.866025,217.0800,0,0,197168.7600,0.637644,0.774916,-0.453865,-0.343852,0.026611,-0.292450,-0.308343,0.008903,-0.455174,0.246732,-0.006696
2022,12,ES,-2.4492936e-16,1.000000,144.7200,0,0,131445.8400,0.592914,0.729170,-0.453865,-0.001756,0.556702,0.126188,0.019680,1.041243,0.168287,-0.275768,-0.839334
2023,1,ES,0.500000,0.866025,175.8400,0,0,170405.9400,0.113204,0.756513,-0.453865,0.372503,0.556702,0.344607,0.385778,0.916111,0.569083,-0.208151,-0.594440
2023,2,ES,0.866025,0.500000,175.8400,0,0,170405.9400,-0.393733,0.768081,-0.453865,0.749686,0.587884,0.362809,0.734303,0.728413,0.346418,0.129938,-0.496483
2023,3,ES,1.000000,6.123234e-17,175.8400,0,0,170405.9400,-0.087756,0.798841,-0.453865,0.597643,0.993247,0.453817,0.605436,1.166375,0.123754,-0.454033,-0.545461
2023,4,ES,0.866025,-0.500000,263.7600,0,0,255608.9100,-0.014503,0.776757,-0.453865,0.132743,1.211520,0.399212,0.169048,1.260225,0.004999,-0.706063,-0.888313
2023,5,ES,0.500000,-0.866025,703.3600,0,0,681623.7600,-0.282233,0.871404,-0.453865,-0.568992,0.650247,-0.510870,-0.542646,0.478149,-0.380953,-1.013416,-1.329121
2023,6,ES,1.2246468e-16,-1.000000,1318.8000,0,0,1278044.5500,-0.439759,0.935290,-0.453865,-0.782437,0.494338,-0.802097,-0.776948,0.415583,-0.351264,-0.878181,-1.035249
2023,7,ES,-0.500000,-0.866025,1758.4000,0,0,1704059.4000,-0.083218,0.949487,-0.453865,-0.908164,0.276066,-0.656483,-0.882384,0.196602,-0.410641,-0.663033,-1.084227
2023,8,ES,-0.866025,-0.500000,1758.4000,0,0,1704059.4000,0.151451,0.876925,-0.453865,-0.557296,0.619065,-0.656483,-0.528002,0.415583,-0.084067,-0.484768,-1.035249
2023,9,ES,-1.000000,-1.8369702e-16,1318.8000,0,0,1278044.5500,-0.436518,0.866934,-0.453865,-0.212277,0.463157,-0.310652,-0.176548,0.478149,0.123754,0.228291,-0.496483
2023,10,ES,-0.866025,0.500000,703.3600,0,0,681623.7600,-0.343169,0.779386,-0.453865,0.144439,0.276066,0.144389,0.171977,0.102752,0.257352,0.160673,-0.496483
2023,11,ES,-0.500000,0.866025,263.7600,0,0,255608.9100,-0.385954,0.745208,-0.453865,0.498231,0.276066,-0.237845,0.497071,0.196602,-0.559084,0.523350,-0.447504
2023,12,ES,-2.4492936e-16,1.000000,175.8400,0,0,170405.9400,0.110935,0.746259,-0.453865,0.621034,0.650247,0.417414,0.617152,0.759696,0.138598,0.111497,-0.349547
