Year,Month,State,Deforestation_ha,CO2_Emissions,Total_Precipitation,Atmospheric_Pressure_Station,Global_Radiation,Air_Temperature,Max_Air_Temperature,Min_Air_Temperature,Relative_Humidity,Max_Relative_Humidity,Min_Relative_Humidity,Hourly_Wind_Speed,Max_Wind_Gust
2003,2,SE,221.32,59332.5,75.8,1012.43,1200.05,27.85,25.0,23.2,27.39,25.4,18.9,6.98,6.7
2003,3,SE,221.32,59332.5,50.6,1011.9,917.63,27.86,24.7,23.5,27.46,25.4,19.3,6.35,7.1
2003,4,SE,331.98,88998.75,66.4,1012.51,454.22,27.88,24.9,22.9,27.43,25.0,18.6,6.12,7.5
2003,5,SE,885.28,237330.0,269.8,1013.6,688.89,26.5,24.7,22.4,26.04,24.9,18.7,5.8,7.6
2003,6,SE,1659.9,444993.75,195.6,1015.13,837.46,25.6,23.4,20.8,25.13,23.9,16.4,5.79,6.7
2003,7,SE,2213.2,593325.0,197.0,1017.34,759.81,24.99,22.6,20.3,24.49,23.7,12.6,6.78,7.2
2003,8,SE,2213.2,593325.0,113.6,1017.01,808.7,24.91,22.6,20.7,24.45,23.2,16.0,6.4,6.2
2003,9,SE,1659.9,444993.75,67.6,1016.1,741.47,25.59,23.7,20.9,25.18,24.1,15.1,7.08,7.6
2003,10,SE,885.28,237330.0,175.2,1014.16,1420.48,26.04,23.2,21.9,25.64,23.9,17.9,7.7,7.6
2003,11,SE,331.98,88998.75,150.2,1012.3,1258.06,26.4,23.8,22.5,26.01,24.6,18.8,7.59,7.4
2003,12,SE,221.32,59332.5,47.8,1012.41,1865.37,27.26,24.8,23.6,26.91,24.8,19.0,7.93,8.1
2004,1,SE,76.82,21769.56,272.2,1010.9,1595.1,26.64,25.0,22.3,26.22,25.7,19.1,6.5,7.5
2004,2,SE,76.82,21769.56,49.6,1012.15,1264.38,27.31,25.0,22.9,26.91,25.3,19.4,6.45,7.3
2004,3,SE,76.82,21769.56,55.0,1011.79,782.07,27.58,24.9,23.0,27.15,25.0,19.2,6.67,7.1
2004,4,SE,115.23,32654.34,108.6,1012.53,762.2,27.34,24.8,22.2,26.88,24.8,18.4,6.25,7.3
2004,5,SE,307.28,87078.24,163.0,1014.05,869.38,26.35,23.9,21.0,25.9,25.4,18.0,5.83,6.7
2004,6,SE,576.15,163271.7,135.6,1017.02,750.45,25.85,22.9,21.0,25.39,23.6,15.5,6.56,6.8
2004,7,SE,768.2,217695.6,233.4,1016.35,1083.03,24.39,22.9,19.5,23.93,23.9,14.0,6.86,7.7
2004,8,SE,768.2,217695.6,195.4,1017.61,961.72,24.21,22.6,19.0,23.8,23.0,13.9,6.12,6.4
2004,9,SE,576.15,163271.7,74.2,1016.32,801.28,25.26,22.3,20.3,24.84,23.0,15.3,7.08,6.9
2004,10,SE,307.28,87078.24,7.2,1013.65,1228.34,26.35,22.8,23.2,25.97,23.3,17.2,7.93,7.9
2004,11,SE,115.23,32654.34,26.0,1012.41,1578.52,26.66,23.7,23.6,26.26,24.1,15.2,7.77,8.4
2004,12,SE,76.82,21769.56,0.0,1012.01,1574.88,27.25,23.7,23.9,26.86,24.2,19.0,7.48,7.9
2006,1,SE,298.34,95212.62,27.6,1012.11,14053.23,27.3,25.0,23.2,26.88,25.3,19.5,7.27,6.9
2006,2,SE,298.34,95212.62,31.8,1010.91,14615.13,27.71,25.2,24.1,27.38,25.6,20.1,7.53,8.1
2006,3,SE,298.34,95212.62,21.6,1011.51,18947.0,28.34,25.8,24.3,27.93,26.0,21.6,7.38,8.1
2006,4,SE,447.51,142818.93,7.0,1010.05,26130.94,29.0,25.6,27.6,28.61,25.7,22.1,6.72,7.2
2006,5,SE,1193.36,380850.48,0.0,1010.22,22227.29,28.57,23.74,28.78,28.07,24.34,22.29,6.28,2.59
2006,6,SE,2237.55,714094.65,0.0,1012.67,16228.99,27.82,22.94,27.87,26.81,23.54,21.46,6.42,2.52
2006,7,SE,2983.4,952126.2,0.0,1015.12,10230.7,27.07,22.16,26.92,25.55,22.76,20.61,6.56,2.45
2006,8,SE,2983.4,952126.2,0.0,1017.61,4134.07,26.31,21.35,25.97,24.27,21.95,19.75,6.7,2.38
2006,9,SE,2237.55,714094.65,168.34,1016.58,830.31,25.39,24.1,21.4,24.69,24.3,18.3,7.29,6.7
2006,10,SE,1193.36,380850.48,706.2,1013.33,1108.57,26.0,24.7,23.4,25.63,25.2,20.3,7.52,7.4
2006,11,SE,447.51,142818.93,65.96,1011.71,1129.0,26.32,25.0,23.3,25.97,25.3,20.6,7.51,6.9
2006,12,SE,298.34,95212.62,9.0,1012.57,1275.36,27.48,25.5,23.8,27.15,26.0,20.7,7.71,7.7
2007,1,SE,166.42,57129.28,27.8,1012.23,1152.26,27.45,25.4,23.8,27.09,26.1,21.4,6.98,7.5
2007,2,SE,166.42,57129.28,428.78,1011.98,969.19,26.74,25.5,22.4,26.32,25.7,20.8,5.93,8.4
2007,3,SE,166.42,57129.28,209.12,1012.74,1177.25,27.29,25.7,22.3,26.83,26.3,19.7,6.0,5.7
2007,4,SE,249.63,85693.92,265.03,1012.7,758.38,26.48,25.7,20.5,26.01,26.0,19.7,5.96,8.7
2007,5,SE,665.68,228517.12,1608.44,1015.59,14.17,24.16,23.39,25.21,24.07,23.49,22.5,6.77,2.38
2007,6,SE,1248.15,428469.6,1255.25,1015.4,37.32,24.26,23.27,25.12,24.19,23.39,22.5,7.06,2.91
2007,7,SE,1664.2,571292.8,985.74,1015.21,60.46,24.37,23.15,25.03,24.31,23.28,22.5,7.36,3.46
2007,8,SE,1664.2,571292.8,669.28,1015.01,83.99,24.48,23.02,24.94,24.44,23.18,22.5,7.66,4.01
2007,9,SE,1248.15,428469.6,346.38,1014.82,107.14,24.58,22.9,24.86,24.56,23.07,22.5,7.96,4.54
2007,10,SE,665.68,228517.12,76.67,1014.22,474.9,25.17,24.6,23.4,25.03,24.8,19.5,8.07,6.9
2007,11,SE,249.63,85693.92,2.2,1011.97,1133.15,26.05,25.1,20.9,25.64,25.2,19.0,8.22,8.5
2007,12,SE,166.42,57129.28,0.0,1011.21,756.33,25.73,24.8,20.7,25.36,25.2,18.2,7.7,9.0
2008,1,SE,275.02,85686.18,0.0,1010.79,213.92,25.69,25.15,25.03,25.33,24.39,22.5,8.09,4.0
2008,2,SE,275.02,85686.18,0.0,1010.67,277.95,27.11,27.22,26.68,26.57,25.94,23.81,9.39,4.0
2008,3,SE,275.02,85686.18,3.8,1010.48,342.91,28.4,29.43,24.5,27.71,27.59,25.04,10.39,4.2
2008,4,SE,412.53,128529.27,155.4,1010.59,837.34,27.21,30.3,22.8,26.74,30.3,22.2,5.47,5.5
2008,5,SE,1100.08,342744.72,454.8,1013.09,665.02,26.37,30.1,21.4,25.91,30.2,19.9,6.06,5.5
2008,6,SE,2062.65,642646.35,145.0,1015.35,678.57,25.61,26.2,20.8,25.13,27.1,16.7,6.49,7.2
2008,7,SE,2750.2,856861.8,106.4,1017.18,667.31,24.57,26.9,18.9,24.06,28.2,18.8,6.99,6.2
2008,8,SE,2750.2,856861.8,0.2,1015.6,748.92,24.72,26.5,21.2,24.16,27.3,18.3,6.51,6.5
2008,9,SE,2062.65,642646.35,0.0,1015.83,852.87,25.7,27.9,21.6,25.19,28.5,18.4,6.63,7.2
2008,10,SE,1100.08,342744.72,0.0,1014.8,975.97,26.46,26.0,21.8,25.93,26.6,19.9,7.59,7.6
2008,11,SE,412.53,128529.27,4.6,1011.91,1170.31,27.22,25.8,23.5,26.72,26.4,20.6,7.8,7.9
2008,12,SE,275.02,85686.18,7.0,1011.0,1136.29,27.11,25.5,24.1,26.72,25.9,21.0,7.33,7.2
2009,1,SE,118.92,39554.08,26.6,1011.77,1127.41,27.53,25.5,23.2,27.14,26.0,19.8,7.38,8.1
2009,2,SE,118.92,39554.08,32.0,1011.15,1045.67,27.58,26.1,23.8,27.13,26.6,20.8,6.79,8.7
2009,3,SE,118.92,39554.08,1.2,1010.34,1087.32,27.88,26.9,24.4,27.5,27.3,21.6,6.54,6.8
2009,4,SE,178.38,59331.12,4.0,1011.55,872.86,27.69,29.9,23.3,27.26,30.4,21.4,5.98,7.0
2009,5,SE,475.68,158216.32,0.4,1012.77,577.36,26.0,29.2,23.0,25.6,29.5,22.5,5.55,6.9
2009,6,SE,891.9,296655.6,0.0,1015.04,742.42,26.12,29.2,21.7,25.68,29.4,19.7,5.83,5.9
2009,7,SE,1189.2,395540.8,127.8,1016.03,700.88,25.44,26.4,21.3,24.93,26.8,19.5,6.15,6.4
2009,8,SE,1189.2,395540.8,215.8,1016.01,733.63,25.09,28.1,21.4,24.58,28.6,16.0,6.76,6.8
2009,9,SE,891.9,296655.6,75.2,1015.66,921.94,25.81,26.9,21.5,25.39,27.6,19.0,7.1,7.0
2009,10,SE,475.68,158216.32,9.09,1012.03,895.99,26.59,26.6,22.8,26.24,27.2,20.7,7.12,7.6
2009,11,SE,178.38,59331.12,76.33,1011.85,1646.38,28.35,23.79,26.54,27.88,24.54,23.41,7.86,5.41
2009,12,SE,118.92,39554.08,32.18,1012.18,1273.42,28.5,28.1,22.7,27.95,28.5,21.0,7.98,7.7
2010,1,SE,203.92,66980.34,45.8,1012.14,1114.65,28.37,26.9,23.4,27.84,27.6,21.2,7.08,6.9
2010,2,SE,203.92,66980.34,81.8,1011.81,952.52,28.11,27.6,23.6,27.71,27.8,21.4,6.54,10.8
2010,3,SE,203.92,66980.34,37.6,1011.22,969.96,28.49,26.8,23.8,28.1,27.7,21.0,6.52,8.3
2010,4,SE,305.88,100470.51,444.8,1011.79,728.41,27.47,28.5,23.1,27.06,29.0,21.6,5.55,6.8
2010,5,SE,815.68,267921.36,170.4,1012.73,736.69,27.03,30.1,22.9,26.6,30.5,21.0,6.29,4.8
2010,6,SE,1529.4,502352.55,322.0,1015.76,615.85,25.77,28.6,20.3,25.29,29.2,19.5,7.25,3.49
2010,7,SE,2039.2,669803.4,185.4,1016.44,726.82,25.26,27.0,21.2,24.77,27.6,18.5,7.65,4.23
2010,8,SE,2039.2,669803.4,121.8,1017.35,806.31,24.81,25.1,19.8,24.33,25.7,16.4,8.06,4.98
2010,9,SE,1529.4,502352.55,92.2,1015.93,842.7,25.28,24.3,20.2,24.79,25.0,16.4,8.38,7.1
2010,10,SE,815.68,267921.36,250.83,1013.19,656.88,26.39,22.7,22.9,25.68,23.6,16.7,6.79,7.3
2010,11,SE,305.88,100470.51,126.37,1010.47,495.95,28.58,22.8,24.64,26.27,22.34,19.6,7.61,5.05
2010,12,SE,203.92,66980.34,11.0,1009.51,676.58,28.8,24.3,24.8,27.97,25.1,18.2,8.39,7.9
2011,1,SE,166.46,55446.62,116.4,1010.64,852.99,27.79,24.4,23.1,27.23,25.7,4.3,7.09,7.5
2011,2,SE,166.46,55446.62,29.4,1011.27,865.1,28.02,21.07,23.1,27.48,16.81,7.49,7.3,6.9
2011,3,SE,166.46,55446.62,56.8,1010.38,839.51,28.5,24.7,23.4,27.95,25.9,16.76,6.61,7.6
2011,4,SE,249.69,83169.93,260.0,1011.69,660.11,27.62,24.3,23.7,27.06,25.1,17.8,6.49,7.1
2011,5,SE,665.84,221786.48,360.6,1013.28,547.22,26.42,23.9,22.0,25.98,24.5,17.0,6.3,6.0
2011,6,SE,1248.45,415849.65,102.0,1015.23,590.52,25.46,23.1,20.3,24.99,24.0,16.4,5.46,6.1
2011,7,SE,1664.6,554466.2,149.6,1016.17,544.39,24.92,22.8,20.4,24.4,23.6,15.1,6.69,6.6
2011,8,SE,1664.6,554466.2,94.0,1016.65,716.72,25.06,21.8,20.0,24.62,22.2,15.6,6.35,6.4
2011,9,SE,1248.45,415849.65,67.4,1017.33,746.69,25.29,21.8,21.9,24.88,22.5,14.2,7.39,5.4
2011,10,SE,665.84,221786.48,118.8,1012.61,835.99,26.15,23.3,22.8,25.81,23.9,17.7,7.67,8.1
2011,11,SE,249.69,83169.93,48.2,1012.48,817.1,26.34,23.4,21.5,26.01,23.9,17.0,7.84,8.4
2011,12,SE,166.46,55446.62,5.2,1012.06,932.53,26.92,23.7,23.6,26.55,27.3,18.1,7.16,7.6
2012,1,SE,74.72,26246.46,18.6,1012.58,874.53,27.22,23.8,24.3,26.83,23.9,18.4,7.84,8.7
2012,2,SE,74.72,26246.46,109.8,1012.29,899.48,27.55,23.7,24.3,27.12,24.4,18.7,7.62,6.7
2012,3,SE,74.72,26246.46,29.4,1012.83,876.99,27.63,23.8,23.8,27.22,24.8,18.3,7.17,8.0
2012,4,SE,112.08,39369.69,33.2,1012.78,801.31,27.57,24.1,20.9,27.14,24.5,15.7,6.38,5.8
2012,5,SE,298.88,104985.84,175.4,1014.51,648.97,26.63,23.0,22.2,26.19,23.9,16.1,5.96,5.6
2012,6,SE,560.4,196848.45,167.8,1016.1,588.78,25.84,24.7,21.4,25.37,26.1,14.5,6.15,6.4
2012,7,SE,747.2,262464.6,140.6,1016.77,592.58,25.07,22.8,20.0,24.62,23.0,14.5,6.34,5.8
2012,8,SE,747.2,262464.6,126.0,1018.37,679.52,24.75,22.6,20.3,24.23,23.8,15.1,6.96,7.4
2012,9,SE,560.4,196848.45,103.0,1017.43,738.52,25.41,22.7,20.4,24.96,23.2,15.4,6.98,7.0
2012,10,SE,298.88,104985.84,108.6,1014.62,818.64,25.78,27.8,21.6,25.31,28.1,17.4,7.67,7.7
2012,11,SE,112.08,39369.69,8.2,1011.73,921.16,26.92,26.6,22.8,26.51,27.6,22.44,8.7,8.4
2012,12,SE,74.72,26246.46,4.0,1011.9,926.31,27.51,8.83,24.3,27.06,24.8,22.2,7.56,6.4
2013,1,SE,49.32,19843.3,9.0,1012.46,895.21,27.72,14.3,24.5,27.35,24.11,21.96,7.79,7.6
2013,2,SE,49.32,19843.3,23.0,1012.29,913.31,28.1,19.23,25.5,27.66,23.42,21.74,7.4,6.8
2013,3,SE,49.32,19843.3,29.4,1012.29,909.77,28.36,23.6,24.8,27.97,24.5,19.6,7.38,7.7
2013,4,SE,73.98,29764.95,227.2,1012.7,745.01,27.65,26.7,22.8,27.21,27.9,19.1,6.65,6.4
2013,5,SE,197.28,79373.2,110.0,1013.95,625.81,26.57,26.7,22.7,26.1,27.6,19.1,5.06,5.9
2013,6,SE,369.9,148824.75,0.0,1015.16,595.64,26.0,25.7,22.0,25.49,26.3,17.5,5.2,6.3
2013,7,SE,493.2,198433.0,0.0,1016.67,565.37,25.24,24.5,20.8,24.74,24.9,17.1,5.81,7.0
2013,8,SE,493.2,198433.0,66.7,1016.38,633.43,24.93,25.4,21.2,24.39,26.7,14.6,6.47,6.6
2013,9,SE,369.9,148824.75,40.4,1016.1,826.91,26.02,24.0,22.2,25.53,24.1,16.8,7.41,7.4
2013,10,SE,197.28,79373.2,186.4,1014.63,851.52,26.44,24.3,22.7,25.99,25.4,17.7,8.01,8.2
2013,11,SE,73.98,29764.95,170.0,1012.35,864.12,26.69,26.1,21.4,26.23,26.7,18.4,8.22,8.1
2013,12,SE,49.32,19843.3,71.6,1011.7,937.29,27.25,30.1,23.9,26.84,31.1,0.6,7.9,8.1
2014,1,SE,36.94,14331.68,21.4,1013.21,960.74,27.88,27.8,23.6,27.33,28.6,0.0,7.0,7.2
2014,2,SE,36.94,14331.68,82.6,1012.02,849.23,27.75,29.5,23.9,27.18,30.5,0.3,6.93,6.2
2014,3,SE,36.94,14331.68,111.4,1012.55,785.82,27.9,27.4,24.0,27.38,29.5,0.5,6.88,6.2
2014,4,SE,55.41,21497.52,230.2,1012.56,702.62,27.84,26.0,23.4,27.29,27.2,7.9,6.31,6.2
2014,5,SE,147.76,57326.72,202.0,1013.65,621.1,26.63,22.9,21.5,26.07,27.2,12.4,5.79,6.8
2014,6,SE,277.05,107487.6,168.0,1015.74,574.59,25.81,23.7,21.2,25.27,25.0,16.8,5.79,5.4
2014,7,SE,369.4,143316.8,216.4,1018.18,572.24,25.15,23.4,20.6,24.62,26.5,17.4,6.74,6.2
2014,8,SE,369.4,143316.8,93.0,1017.69,679.55,25.2,23.0,21.0,24.68,24.3,15.0,6.41,5.3
2014,9,SE,277.05,107487.6,70.6,1016.47,752.12,25.6,23.0,21.2,25.1,23.3,16.0,7.38,7.3
2014,10,SE,147.76,57326.72,58.6,1015.42,817.51,26.42,23.4,22.6,25.89,25.2,15.8,8.08,7.7
2014,11,SE,55.41,21497.52,69.8,1012.77,859.45,26.68,24.5,22.1,26.19,25.1,17.5,7.5,8.2
2014,12,SE,36.94,14331.68,21.2,1013.3,860.23,27.24,24.0,23.1,26.76,26.5,19.1,7.25,7.2
2015,1,SE,20.44,8810.56,41.8,1014.11,926.28,27.77,24.7,25.1,27.29,25.5,18.5,7.51,6.9
2015,2,SE,20.44,8810.56,68.2,1012.95,847.67,27.79,24.9,23.7,27.29,25.7,20.0,6.99,7.1
2015,3,SE,20.44,8810.56,76.4,1012.51,845.74,28.18,24.9,23.5,27.71,25.8,19.1,6.76,6.5
2015,4,SE,30.66,13215.84,177.2,1012.39,734.49,28.05,25.5,23.6,27.57,28.9,18.8,6.0,6.8
2015,5,SE,81.76,35242.24,452.0,1014.21,583.35,26.82,25.0,22.3,26.31,28.3,17.5,5.49,6.9
2015,6,SE,153.3,66079.2,232.4,1016.52,541.99,25.96,25.4,22.5,25.42,28.5,15.4,5.81,7.8
2015,7,SE,204.4,88105.6,252.0,1017.19,573.01,25.32,27.1,21.0,24.79,27.8,12.0,1.05,5.2
2015,8,SE,204.4,88105.6,107.6,1017.26,648.89,24.98,20.8,19.4,24.42,21.3,9.7,0.08,0.0
2015,9,SE,153.3,66079.2,38.2,1015.78,830.35,26.24,20.7,21.5,25.79,21.5,13.9,4.92,6.6
2015,10,SE,81.76,35242.24,30.6,1015.19,900.29,26.61,21.3,22.8,26.22,21.7,11.6,7.66,7.3
2015,11,SE,30.66,13215.84,10.0,1012.39,1001.52,27.09,21.7,23.4,26.72,21.9,14.7,8.69,8.5
2015,12,SE,20.44,8810.56,32.8,1013.99,932.08,27.38,22.7,24.1,26.96,23.4,15.1,7.48,7.3
2016,1,SE,50.86,21646.84,83.0,1012.33,774.54,27.44,23.2,22.4,27.06,24.4,16.8,6.31,7.4
2016,2,SE,50.86,21646.84,0.0,1013.36,919.29,28.34,23.5,24.1,27.89,23.6,16.6,6.77,8.7
2016,3,SE,50.86,21646.84,0.0,1013.51,836.34,28.61,24.3,25.4,28.14,24.6,17.1,6.66,5.6
2016,4,SE,76.29,32470.26,0.0,1013.21,738.38,28.34,23.2,24.0,27.89,24.2,17.1,6.7,6.5
2016,5,SE,203.44,86587.36,206.0,1015.26,613.77,27.04,23.6,22.4,26.54,23.8,14.8,5.65,7.2
2016,6,SE,381.45,162351.3,225.4,1016.88,567.43,26.07,22.4,21.5,25.59,23.2,14.4,4.94,0.1
2016,7,SE,508.6,216468.4,53.8,1017.33,655.99,25.55,21.7,20.7,25.03,22.0,11.6,3.87,0.08
2016,8,SE,508.6,216468.4,63.4,1017.14,717.83,25.45,21.9,21.0,24.97,22.0,12.9,2.78,0.06
2016,9,SE,381.45,162351.3,39.4,1016.45,820.56,25.94,21.3,22.4,25.54,21.6,13.6,1.71,0.04
2016,10,SE,203.44,86587.36,17.8,1013.96,908.77,26.67,22.4,23.1,26.33,22.4,16.8,0.64,0.02
2016,11,SE,76.29,32470.26,15.6,1012.79,976.57,27.13,22.0,24.8,26.79,22.3,16.1,0.0,0.0
2016,12,SE,50.86,21646.84,39.0,1012.42,964.32,27.36,22.3,23.8,27.02,23.2,17.8,0.0,0.0
2017,1,SE,130.88,60779.46,3.8,1012.87,991.51,27.89,22.0,24.5,27.52,22.2,13.6,0.0,0.0
2017,2,SE,130.88,60779.46,17.6,1012.31,957.71,28.13,22.3,24.6,27.76,22.7,15.8,0.0,0.0
2017,3,SE,130.88,60779.46,58.4,1012.0,861.15,28.31,23.4,24.7,27.91,24.0,16.1,0.04,0.0
2017,4,SE,196.32,91169.19,140.8,1012.8,726.54,28.14,23.1,23.2,27.69,24.7,17.9,1.77,1.0
2017,5,SE,523.52,243117.84,260.8,1014.1,625.01,27.04,23.4,22.5,26.6,24.0,14.5,1.96,0.26
2017,6,SE,981.6,455845.95,0.0,1015.96,550.28,25.97,23.2,21.7,25.45,23.3,13.8,2.83,0.45
2017,7,SE,1308.8,607794.6,0.0,1019.02,594.25,24.81,21.0,21.5,24.25,21.6,10.6,3.69,0.64
2017,8,SE,1308.8,607794.6,0.0,1017.09,627.13,24.53,20.8,20.6,24.03,21.9,14.2,4.57,0.83
2017,9,SE,981.6,455845.95,0.0,1017.81,708.05,24.75,21.5,21.8,24.17,22.3,13.3,5.47,4.2
2017,10,SE,523.52,243117.84,88.2,1014.85,847.53,26.01,22.7,22.5,25.52,24.2,15.9,6.68,5.7
2017,11,SE,196.32,91169.19,28.2,1012.29,967.89,26.89,22.7,23.9,26.46,23.8,17.4,7.3,6.2
2017,12,SE,130.88,60779.46,21.2,1011.84,898.13,27.18,23.0,23.3,26.75,23.5,16.5,6.79,6.6
2018,1,SE,32.86,16349.62,14.8,1012.38,951.07,27.87,22.3,24.1,27.44,22.6,17.1,7.07,6.5
2018,2,SE,32.86,16349.62,90.4,1011.46,886.96,27.67,23.4,22.9,27.25,23.4,16.9,6.44,6.7
2018,3,SE,32.86,16349.62,140.6,1011.51,876.15,27.6,23.7,23.2,27.17,24.1,17.6,6.4,6.4
2018,4,SE,49.29,24524.43,90.8,1013.22,732.63,27.42,23.5,23.2,26.9,24.1,16.6,5.27,4.8
2018,5,SE,131.44,65398.48,81.63,1014.66,642.7,26.57,23.2,21.7,26.02,24.2,15.6,5.37,5.8
2018,6,SE,246.45,122622.15,201.37,1016.76,598.07,25.61,23.2,20.9,25.05,23.6,13.4,5.62,5.2
2018,7,SE,328.6,163496.2,90.8,1017.36,624.3,24.94,21.5,21.2,24.36,22.4,13.4,5.26,4.7
2018,8,SE,328.6,163496.2,30.2,1017.47,714.26,25.54,21.4,20.9,25.06,22.1,14.1,5.9,4.9
2018,9,SE,246.45,122622.15,10.8,1015.24,816.18,26.16,21.5,21.2,25.69,22.3,14.1,6.69,6.4
2018,10,SE,131.44,65398.48,23.0,1013.35,874.61,26.95,22.2,23.9,26.5,22.9,15.9,7.41,6.9
2018,11,SE,49.29,24524.43,28.0,1012.85,915.23,27.44,22.6,24.3,26.98,23.1,17.0,7.46,6.1
2018,12,SE,32.86,16349.62,8.6,1013.19,933.39,27.84,23.3,24.2,27.34,24.6,15.2,6.82,6.4
2019,1,SE,39.94,20146.48,12.8,1014.04,921.54,28.3,23.6,24.5,27.74,23.8,16.4,6.24,5.3
2019,2,SE,39.94,20146.48,40.6,1011.99,852.12,28.71,24.1,24.4,28.23,24.9,18.4,6.69,6.4
2019,3,SE,39.94,20146.48,133.4,1012.26,668.86,28.45,24.4,23.8,27.94,25.4,18.3,5.96,6.7
2019,4,SE,59.91,30219.72,124.0,1012.32,381.09,28.16,24.6,24.1,27.69,26.3,17.5,5.08,5.1
2019,5,SE,159.76,80585.92,166.8,1013.12,290.5,27.39,24.8,22.7,26.86,26.1,17.2,4.69,5.4
2019,6,SE,299.55,151098.6,291.0,1016.48,289.16,25.76,23.2,21.9,25.18,24.3,14.8,5.55,5.5
2019,7,SE,399.4,201464.8,375.6,1016.66,181.76,25.02,28.0,20.4,24.47,29.2,15.6,5.58,5.3
2019,8,SE,399.4,201464.8,98.2,1018.57,719.59,25.25,20.8,20.7,24.7,23.0,15.7,5.62,6.2
2019,9,SE,299.55,151098.6,95.6,1016.28,803.11,25.89,19.29,22.4,25.36,21.35,17.47,6.07,5.9
2019,10,SE,159.76,80585.92,91.0,1014.12,924.4,26.67,18.01,22.4,26.16,19.6,15.96,6.66,6.3
2019,11,SE,59.91,30219.72,14.2,1012.04,975.59,27.45,20.3,24.2,26.95,21.6,14.4,6.77,6.3
2019,12,SE,39.94,20146.48,8.0,1012.16,974.22,27.89,21.1,24.1,27.4,21.2,12.7,7.17,7.0
2020,1,SE,61.4,30341.32,19.0,1012.13,54.0,28.2,21.9,24.6,27.75,22.0,14.3,6.65,6.7
2020,2,SE,61.4,30341.32,129.6,1012.23,54.0,28.48,22.7,24.3,27.97,23.1,16.2,6.13,5.8
2020,3,SE,61.4,30341.32,187.6,1011.55,54.0,28.18,23.2,23.5,27.67,24.0,15.6,5.7,6.1
2020,4,SE,92.1,45511.98,286.8,1012.71,54.0,27.74,23.4,22.9,27.23,24.4,17.2,5.19,5.1
2020,5,SE,245.6,121365.28,206.4,1014.46,54.0,26.4,23.7,21.7,25.88,24.5,14.6,4.78,6.7
2020,6,SE,460.5,227559.9,263.4,1015.66,54.0,25.67,23.6,21.3,25.09,23.9,14.2,5.0,7.0
2020,7,SE,614.0,303413.2,72.2,1016.19,54.0,25.06,21.3,21.3,24.48,21.9,9.8,5.51,6.4
2020,8,SE,614.0,303413.2,132.4,1016.68,54.0,25.09,21.8,19.8,24.5,22.1,9.2,5.56,6.0
2020,9,SE,460.5,227559.9,42.0,1016.1,54.0,25.78,20.9,22.3,25.22,20.9,12.4,5.9,6.0
2020,10,SE,245.6,121365.28,20.0,1013.53,54.0,26.88,21.9,22.7,26.43,21.9,13.9,6.74,6.1
2020,11,SE,92.1,45511.98,58.6,1012.65,54.0,27.23,21.2,22.6,26.77,21.6,14.8,6.94,6.1
2020,12,SE,61.4,30341.32,8.2,1012.75,54.0,27.4,21.2,24.9,26.99,22.0,12.4,7.11,6.2
2021,1,SE,43.26,21995.6,124.4,1012.22,54.0,27.77,34.7,23.9,27.07,35.1,14.6,6.57,6.2
2021,2,SE,43.26,21995.6,14.0,1011.54,54.0,29.39,33.1,28.33,28.42,33.5,8.7,6.79,6.5
2021,3,SE,43.26,21995.6,72.6,1012.0,54.0,29.18,28.8,30.78,28.06,30.8,1.78,6.12,5.8
2021,4,SE,64.89,32993.4,133.8,1012.34,54.0,28.24,-6.0,27.0,27.26,6.21,1.3,5.32,5.6
2021,5,SE,173.04,87982.4,203.0,1014.53,54.0,25.93,3.7,21.8,25.37,8.5,1.1,5.3,5.7
2021,6,SE,324.45,164967.0,89.6,1015.55,54.0,25.49,2.82,20.9,25.01,8.74,3.78,5.25,5.8
2021,7,SE,432.6,219956.0,283.4,1017.36,54.0,24.74,9.88,21.0,24.22,13.0,8.11,4.93,5.1
2021,8,SE,432.6,219956.0,56.2,1017.35,54.0,24.89,16.95,19.9,24.39,17.27,12.58,5.92,5.3
2021,9,SE,324.45,164967.0,50.6,1015.75,54.0,25.99,20.3,22.2,25.57,21.0,13.1,5.79,5.3
2021,10,SE,173.04,87982.4,46.4,1013.47,54.0,26.73,25.9,23.4,26.35,28.5,15.0,6.53,6.2
2021,11,SE,64.89,32993.4,80.2,1011.38,54.0,27.3,25.59,23.5,26.96,25.65,22.46,7.12,6.3
2021,12,SE,43.26,21995.6,0.0,1011.7,54.0,29.12,24.68,25.7,28.04,24.9,21.74,7.52,5.4
2022,1,SE,56.18,29124.52,0.0,1012.65,54.0,29.02,23.73,29.08,27.98,24.13,21.01,7.26,3.8
2022,2,SE,56.18,29124.52,0.0,1013.43,54.0,28.77,22.78,28.93,27.83,23.35,20.36,6.96,3.57
2022,3,SE,56.18,29124.52,0.0,1014.2,54.0,28.51,21.92,28.76,27.68,22.66,19.63,6.66,3.37
2022,4,SE,84.27,43686.78,0.0,1015.0,54.0,28.25,20.98,28.6,27.53,21.88,18.93,6.36,3.15
2022,5,SE,224.72,116498.08,0.0,1015.8,54.0,27.98,20.06,28.43,27.37,21.13,18.21,6.05,2.93
2022,6,SE,421.35,218433.9,0.0,1016.6,54.0,27.72,19.11,28.27,27.22,20.36,17.51,5.74,2.71
2022,7,SE,561.8,291245.2,0.0,1017.41,54.0,27.46,18.2,28.1,27.07,19.61,16.78,5.44,2.49
2022,8,SE,561.8,291245.2,0.0,1018.22,54.0,27.19,17.25,27.94,26.91,18.84,16.06,5.12,2.27
2022,9,SE,421.35,218433.9,21.4,1015.97,54.0,25.75,24.9,21.2,25.38,26.7,13.1,5.6,5.6
2022,10,SE,224.72,116498.08,85.0,1014.2,54.0,26.23,28.2,22.4,25.83,28.7,13.8,6.36,6.0
2022,11,SE,84.27,43686.78,154.8,1011.68,54.0,26.01,29.0,22.2,25.53,29.2,21.5,6.65,5.9
2022,12,SE,56.18,29124.52,47.4,1011.64,54.0,26.23,22.7,22.8,25.87,27.85,20.75,6.18,5.4
2023,1,SE,34.24,17149.9,30.6,1012.53,54.0,27.08,24.1,23.5,26.71,27.9,17.9,6.41,5.4
2023,2,SE,34.24,17149.9,92.6,1012.56,54.0,27.6,30.0,23.5,27.18,30.6,22.68,5.95,5.3
2023,3,SE,34.24,17149.9,179.6,1012.54,54.0,27.5,30.0,22.6,27.03,30.4,14.0,5.76,5.2
2023,4,SE,51.36,25724.85,196.0,1011.76,54.0,27.2,27.41,23.4,26.77,30.21,14.4,5.01,4.8
2023,5,SE,136.96,68599.6,433.6,1014.08,54.0,26.21,17.7,22.5,25.74,19.1,7.0,5.0,6.0
2023,6,SE,256.8,128624.25,200.8,1016.44,54.0,25.4,16.5,22.0,24.91,19.2,9.52,5.06,5.0
2023,7,SE,342.4,171499.0,191.4,1017.49,54.0,24.95,28.1,20.8,24.48,28.7,12.0,5.0,4.9
2023,8,SE,342.4,171499.0,95.6,1016.12,54.0,25.29,22.17,21.1,24.82,23.7,16.7,5.75,5.1
2023,9,SE,256.8,128624.25,46.2,1015.91,54.0,25.68,21.7,22.2,25.25,22.4,15.5,5.77,5.7
2023,10,SE,136.96,68599.6,0.0,1012.93,54.0,26.05,21.01,25.88,25.83,21.28,20.54,6.94,3.75
2023,11,SE,51.36,25724.85,10.6,1012.17,54.0,26.46,23.3,24.1,26.21,23.3,14.3,7.37,6.0
2023,12,SE,34.24,17149.9,34.6,1012.28,54.0,27.03,23.6,22.7,26.65,23.8,17.4,6.36,6.5
2003,1,PA,12550.62,7013419.38,132.0,1009.14,6375.3,25.48,25.9,22.0,25.03,26.0,21.0,3.82,3.8
2003,2,PA,12550.62,7013419.38,486.0,1009.23,6467.39,25.29,25.7,21.9,24.85,26.5,20.2,3.58,4.6
2003,3,PA,12550.62,7013419.38,601.4,1009.12,6462.53,25.48,26.1,22.3,25.04,26.7,20.1,3.61,4.5
2003,4,PA,18825.93,10520129.07,409.4,1009.43,7248.26,25.93,25.9,22.9,25.46,26.2,19.6,3.44,4.8
2003,5,PA,50202.48,28053677.52,449.1,1009.77,7356.21,27.05,25.4,22.8,26.48,26.4,20.3,4.11,4.4
2003,6,PA,94129.65,52600645.35,89.6,1009.05,17495.11,29.51,25.1,24.5,28.85,25.5,19.5,4.74,4.0
2003,7,PA,125506.2,70134193.8,158.8,1009.79,19481.73,30.29,25.2,23.4,29.64,25.9,15.9,5.12,3.1
2003,8,PA,125506.2,70134193.8,136.6,1010.9,15503.3,28.4,25.5,23.6,27.79,25.6,18.4,4.86,5.1
2003,9,PA,94129.65,52600645.35,216.6,1009.84,9788.01,26.73,25.2,22.7,26.16,26.0,19.3,4.22,4.2
2003,10,PA,50202.48,28053677.52,173.4,1008.26,8683.17,26.96,25.6,22.8,26.45,26.2,18.9,4.25,3.7
2003,11,PA,18825.93,10520129.07,191.8,1007.46,8656.03,27.27,25.5,22.3,26.74,27.4,19.1,4.31,4.1
2003,12,PA,12550.62,7013419.38,207.5,1008.12,5647.01,26.33,25.9,22.9,25.92,26.3,19.1,3.82,4.2
2004,1,PA,19493.96,11695860.06,375.2,1008.15,6774.65,26.44,26.0,22.6,25.99,26.6,19.0,4.1,4.8
2004,2,PA,19493.96,11695860.06,665.1,1009.34,5750.32,25.18,25.7,22.4,24.73,26.2,20.8,3.31,4.1
2004,3,PA,19493.96,11695860.06,581.8,1008.58,5880.41,25.55,25.7,23.2,25.1,26.9,20.7,3.2,5.1
2004,4,PA,29240.94,17543790.09,476.0,1008.78,7580.31,26.25,25.7,22.6,25.73,26.6,21.0,3.31,4.3
2004,5,PA,77975.84,46783440.24,383.07,1009.05,13815.9,28.64,25.9,23.9,27.95,26.1,20.2,4.54,5.0
2004,6,PA,146204.7,87718950.45,140.33,1010.8,21887.69,29.7,24.6,24.4,28.98,25.4,20.1,4.76,4.0
2004,7,PA,194939.6,116958600.6,7.8,1010.35,19336.52,29.01,24.4,23.0,28.14,25.0,18.7,4.72,3.6
2004,8,PA,194939.6,116958600.6,87.2,1011.56,14077.02,27.52,25.5,23.0,26.81,25.9,17.5,4.64,4.3
2004,9,PA,146204.7,87718950.45,652.67,1009.2,6307.35,25.54,24.8,22.3,25.01,26.1,19.1,3.98,4.5
2004,10,PA,77975.84,46783440.24,439.23,1007.25,5952.66,26.92,24.4,23.1,26.77,25.5,21.8,3.56,2.8
2004,11,PA,29240.94,17543790.09,0.0,1007.9,16097.62,29.65,23.51,29.08,29.47,24.03,22.09,3.54,0.88
2004,12,PA,19493.96,11695860.06,272.8,1008.14,14751.85,28.76,25.8,22.9,28.34,26.0,19.3,3.91,3.8
2005,1,PA,18834.3,11046534.06,360.0,1007.52,7574.13,26.62,25.8,22.7,26.1,26.3,19.8,3.76,4.8
2005,2,PA,18834.3,11046534.06,441.2,1007.38,7040.9,26.22,25.5,23.1,25.73,26.8,19.2,3.42,5.7
2005,3,PA,18834.3,11046534.06,490.0,1009.12,6804.96,26.17,26.2,23.3,25.67,26.6,21.6,3.38,4.3
2005,4,PA,28251.45,16569801.09,62.4,1008.79,7193.28,26.08,25.7,23.0,25.57,27.0,20.6,3.14,4.3
2005,5,PA,75337.2,44186136.24,983.7,1008.85,9595.64,27.06,25.2,23.5,26.58,26.4,21.1,3.88,3.6
2005,6,PA,141257.25,82849005.45,111.6,1008.54,11945.35,29.6,24.9,24.2,29.34,25.1,19.7,3.93,2.4
2005,7,PA,188343.0,110465340.6,19.4,1009.81,18495.69,29.85,24.5,23.2,29.25,24.7,18.9,4.58,2.9
2005,8,PA,188343.0,110465340.6,98.5,1010.21,14392.64,28.65,24.9,23.1,28.05,25.7,17.5,4.54,4.2
2005,9,PA,141257.25,82849005.45,154.6,1009.8,9203.85,27.18,25.5,22.7,26.64,25.9,19.0,4.48,3.8
2005,10,PA,75337.2,44186136.24,236.2,1008.6,8857.59,27.33,25.6,23.0,26.79,26.1,19.5,4.45,3.7
2005,11,PA,28251.45,16569801.09,145.9,1006.84,8090.85,27.6,26.1,23.1,27.03,26.6,18.9,4.28,4.1
2005,12,PA,18834.3,11046534.06,494.6,1006.98,7146.11,27.08,43.4,22.1,26.4,43.7,18.5,3.57,4.2
2006,1,PA,15418.3,9331863.96,418.0,1007.37,7061.76,28.64,43.5,23.1,28.17,44.4,19.4,3.55,4.1
2006,2,PA,15418.3,9331863.96,466.7,1008.07,5899.61,28.28,32.4,25.4,27.88,34.0,20.6,3.72,4.7
2006,3,PA,15418.3,9331863.96,215.5,1008.91,2347.13,26.49,27.6,24.9,26.37,28.2,20.1,2.99,4.1
2006,4,PA,23127.45,13997795.94,0.0,1009.52,198.27,26.01,24.35,26.3,25.92,24.45,23.74,2.74,0.25
2006,5,PA,61673.2,37327455.84,0.0,1010.5,155.88,26.19,23.97,26.61,26.02,24.07,23.27,3.13,0.41
2006,6,PA,115637.25,69988979.7,0.0,1011.49,113.49,26.37,23.57,26.92,26.13,23.67,22.81,3.52,0.56
2006,7,PA,154183.0,93318639.6,62.6,1010.68,6505.31,26.73,25.0,22.7,26.22,25.5,17.6,3.34,5.9
2006,8,PA,154183.0,93318639.6,165.4,1009.92,9305.32,27.09,25.0,22.2,26.5,25.7,17.7,3.91,3.8
2006,9,PA,115637.25,69988979.7,118.0,1009.71,8859.9,27.35,26.0,22.6,26.74,26.2,18.0,4.34,4.3
2006,10,PA,61673.2,37327455.84,86.4,1007.86,9241.69,27.69,25.3,22.5,27.08,26.5,18.8,4.4,3.9
2006,11,PA,23127.45,13997795.94,327.8,1007.19,8273.7,26.97,26.4,22.0,26.37,26.4,18.8,3.74,4.7
2006,12,PA,15418.3,9331863.96,471.7,1008.54,7980.26,26.56,26.0,22.6,25.97,26.5,19.9,3.71,4.9
2007,1,PA,13446.98,7968165.3,334.6,1008.08,7035.65,26.92,25.9,23.6,26.35,27.0,19.5,3.85,4.0
2007,2,PA,13446.98,7968165.3,380.3,1009.2,6215.4,25.74,25.3,22.5,25.28,25.9,20.1,3.67,4.1
2007,3,PA,13446.98,7968165.3,407.9,1008.38,6701.59,25.68,26.0,23.0,25.19,26.8,20.4,2.96,3.3
2007,4,PA,20170.47,11952247.95,492.3,1009.0,6894.63,25.97,25.7,22.7,25.49,26.4,20.7,3.04,4.0
2007,5,PA,53787.92,31872661.2,279.9,1008.69,7301.31,26.56,25.4,22.8,26.03,26.6,20.6,3.03,4.2
2007,6,PA,100852.35,59761239.75,147.3,1010.0,9290.59,26.81,24.7,22.4,26.16,25.4,19.7,3.09,3.4
2007,7,PA,134469.8,79681653.0,201.5,1009.92,9508.98,26.89,24.9,22.7,26.34,25.6,19.6,3.58,4.1
2007,8,PA,134469.8,79681653.0,59.3,1009.09,9137.27,26.99,24.3,22.5,26.42,25.3,18.3,3.77,3.2
2007,9,PA,100852.35,59761239.75,96.9,1009.56,8947.05,27.07,24.7,22.9,26.53,25.5,18.8,4.32,3.8
2007,10,PA,53787.92,31872661.2,1114.01,1007.19,4581.43,27.41,25.1,23.2,26.97,25.3,19.7,6.2,3.4
2007,11,PA,20170.47,11952247.95,463.69,1005.87,4381.53,30.71,25.0,22.9,29.39,25.2,19.2,6.03,4.4
2007,12,PA,13446.98,7968165.3,1133.89,1006.35,7656.98,29.39,24.7,23.8,28.87,25.2,20.8,6.56,3.7
2008,1,PA,14153.12,8835940.4,508.41,1007.37,2572.18,25.85,26.5,21.5,25.25,26.5,20.2,3.99,4.4
2008,2,PA,14153.12,8835940.4,332.0,1008.6,2618.0,25.75,25.2,22.4,25.22,25.9,20.4,3.64,4.4
2008,3,PA,14153.12,8835940.4,442.2,1008.68,1516.97,25.93,24.9,22.3,25.42,25.7,18.1,3.63,3.6
2008,4,PA,21229.68,13253910.6,312.7,1007.74,35.46,25.79,25.1,22.3,25.27,25.9,20.5,3.27,4.7
2008,5,PA,56612.48,35343761.6,299.5,1008.95,26.24,26.47,24.9,23.2,25.81,26.6,20.6,3.74,4.0
2008,6,PA,106148.4,66269553.0,276.9,1009.75,17.01,27.14,25.0,23.0,26.33,25.6,18.7,4.05,3.8
2008,7,PA,141531.2,88359404.0,16.3,1009.45,7.79,29.32,24.2,23.4,28.81,24.7,18.6,5.16,6.4
2008,8,PA,141531.2,88359404.0,94.4,1008.82,3.82,28.29,25.0,22.9,27.52,25.6,17.8,4.88,5.6
2008,9,PA,106148.4,66269553.0,158.4,1009.08,12.1,27.29,25.5,22.9,26.73,25.8,19.8,4.7,5.3
2008,10,PA,56612.48,35343761.6,149.2,1008.15,879.16,27.45,26.0,22.5,26.88,26.2,9.6,4.83,5.0
2008,11,PA,21229.68,13253910.6,107.0,1006.94,785.84,27.57,25.4,23.0,27.03,26.2,18.1,4.52,4.4
2008,12,PA,14153.12,8835940.4,127.2,1006.87,710.98,27.34,25.8,23.3,26.81,26.3,17.9,4.11,4.0
2009,1,PA,9607.3,6172534.16,353.3,1008.18,604.3,26.19,26.0,22.7,25.67,26.9,20.0,3.63,3.9
2009,2,PA,9607.3,6172534.16,505.4,1007.75,577.49,25.53,25.8,23.0,25.07,26.8,21.0,3.38,5.6
2009,3,PA,9607.3,6172534.16,613.2,1007.8,572.76,25.77,26.2,22.8,25.29,26.6,20.1,3.37,3.8
2009,4,PA,14410.95,9258801.24,395.28,1009.14,530.38,25.79,25.6,22.5,25.35,26.5,19.8,3.29,3.9
2009,5,PA,38429.2,24690136.64,440.52,1009.5,594.92,26.09,25.4,23.4,25.41,26.1,20.4,3.46,3.4
2009,6,PA,72054.75,46294006.2,375.8,1009.98,665.15,26.43,24.8,22.9,25.88,25.5,20.0,3.87,5.2
2009,7,PA,96073.0,61725341.6,133.0,1010.12,746.13,26.85,24.8,22.6,26.33,26.1,16.0,4.11,3.8
2009,8,PA,96073.0,61725341.6,125.2,1009.44,849.83,27.42,25.0,22.9,26.88,26.0,15.3,4.56,4.1
2009,9,PA,72054.75,46294006.2,107.6,1009.66,858.82,27.37,25.6,22.6,26.78,26.6,17.0,4.75,4.3
2009,10,PA,38429.2,24690136.64,124.0,1007.75,903.28,27.45,25.3,22.3,26.84,26.2,18.6,4.65,3.8
2009,11,PA,14410.95,9258801.24,81.4,1006.83,776.93,27.81,25.8,22.5,27.25,26.3,17.5,4.87,3.9
2009,12,PA,9607.3,6172534.16,215.8,1007.53,633.81,27.03,26.1,22.8,26.48,26.6,19.2,3.7,3.9
2010,1,PA,11314.8,6985903.74,325.0,1007.91,675.02,26.51,25.8,22.2,25.96,26.2,19.5,3.78,4.0
2010,2,PA,11314.8,6985903.74,194.4,1007.03,663.75,26.98,26.0,23.3,26.43,27.1,19.2,3.9,3.6
2010,3,PA,11314.8,6985903.74,301.8,1007.81,723.0,27.37,26.0,23.8,26.78,27.1,20.6,3.83,4.2
2010,4,PA,16972.2,10478855.61,454.6,1007.89,616.42,26.62,26.0,23.8,26.13,26.8,21.0,3.08,4.4
2010,5,PA,45259.2,27943614.96,394.0,1008.27,619.4,27.21,25.9,23.6,26.7,26.6,21.2,3.22,5.6
2010,6,PA,84861.0,52394278.05,146.2,1010.08,650.09,27.08,25.2,22.7,26.58,26.0,18.5,3.43,4.1
2010,7,PA,113148.0,69859037.4,95.8,1009.64,657.2,27.17,25.1,23.0,26.67,25.3,18.6,3.62,3.6
2010,8,PA,113148.0,69859037.4,161.6,1009.63,736.05,27.35,24.9,22.9,26.8,25.9,17.6,4.05,4.1
2010,9,PA,84861.0,52394278.05,50.2,1008.22,807.78,27.74,25.8,23.1,27.18,26.2,19.3,4.56,3.2
2010,10,PA,45259.2,27943614.96,212.2,1007.89,803.14,27.51,25.4,22.8,26.92,26.1,15.5,4.27,4.9
2010,11,PA,16972.2,10478855.61,219.0,1006.4,779.24,27.49,25.7,22.6,26.92,26.6,19.4,4.11,3.8
2010,12,PA,11314.8,6985903.74,267.0,1005.92,688.4,26.84,25.4,23.2,26.29,26.3,18.7,3.64,3.4
2011,1,PA,8703.14,5532704.42,436.1,1006.95,581.64,25.61,25.2,21.9,25.14,26.0,19.4,3.43,3.5
2011,2,PA,8703.14,5532704.42,421.0,1007.85,553.82,25.68,25.6,22.5,25.21,26.3,19.8,3.16,4.1
2011,3,PA,8703.14,5532704.42,470.4,1007.69,614.97,25.93,25.3,22.6,25.41,26.0,19.7,3.29,4.3
2011,4,PA,13054.71,8299056.63,464.0,1008.23,633.74,26.17,25.3,22.0,25.64,25.8,19.7,3.33,4.0
2011,5,PA,34812.56,22130817.68,395.8,1008.14,631.78,26.58,25.7,23.2,26.1,26.5,21.0,3.16,3.4
2011,6,PA,65273.55,41495283.15,210.6,1009.4,679.81,26.82,27.3,22.7,26.3,28.1,19.3,3.59,4.3
2011,7,PA,87031.4,55327044.2,149.0,1009.51,711.63,26.66,25.4,22.6,26.13,25.5,16.5,3.56,5.8
2011,8,PA,87031.4,55327044.2,112.8,1009.85,803.7,27.11,25.1,22.0,26.52,25.9,17.2,4.09,3.9
2011,9,PA,65273.55,41495283.15,72.6,1009.62,820.5,27.53,25.0,23.0,26.96,26.4,18.6,4.45,3.4
2011,10,PA,34812.56,22130817.68,144.4,1007.05,802.22,27.34,24.9,21.8,26.77,26.0,18.0,4.22,3.0
2011,11,PA,13054.71,8299056.63,137.2,1007.02,809.97,27.4,25.2,22.2,26.83,25.6,18.5,4.22,2.9
2011,12,PA,8703.14,5532704.42,258.0,1007.25,745.21,27.23,26.4,22.4,26.64,26.8,19.2,4.29,3.2
2012,1,PA,11114.52,7121108.86,409.6,1007.8,632.17,26.32,26.1,21.9,25.78,26.2,18.9,3.82,4.3
2012,2,PA,11114.52,7121108.86,319.6,1007.74,569.29,25.66,24.8,22.0,25.18,26.3,19.4,3.46,3.9
2012,3,PA,11114.52,7121108.86,551.8,1008.52,566.85,25.61,25.6,22.5,25.09,26.2,19.2,3.27,4.7
2012,4,PA,16671.78,10681663.29,306.0,1008.1,618.41,26.32,25.7,22.5,25.75,26.2,19.2,3.17,3.2
2012,5,PA,44458.08,28484435.44,213.2,1009.04,665.34,26.47,24.9,22.4,25.89,26.0,20.2,3.25,3.8
2012,6,PA,83358.9,53408316.45,318.2,1010.38,619.63,26.22,25.1,22.0,25.63,25.7,19.5,3.33,4.0
2012,7,PA,111145.2,71211088.6,241.4,1009.88,659.92,26.43,24.7,22.5,25.91,26.0,19.5,3.45,5.7
2012,8,PA,111145.2,71211088.6,122.0,1010.47,745.19,26.95,24.7,22.8,26.43,26.3,19.0,4.07,3.5
2012,9,PA,83358.9,53408316.45,189.6,1010.39,762.6,27.0,25.7,22.4,26.43,25.7,18.4,4.36,3.1
2012,10,PA,44458.08,28484435.44,45.4,1007.89,778.04,27.3,25.0,22.6,26.75,26.1,19.0,4.36,3.2
2012,11,PA,16671.78,10681663.29,58.8,1007.8,651.0,27.83,24.7,22.8,27.29,25.2,15.9,4.66,3.5
2012,12,PA,11114.52,7121108.86,294.0,1007.04,694.77,26.9,25.9,22.8,26.32,26.3,19.1,3.66,3.7
2013,1,PA,8683.32,5284035.68,363.8,1008.33,607.55,26.6,25.8,22.8,26.03,26.5,20.0,3.33,4.2
2013,2,PA,8683.32,5284035.68,394.4,1007.48,582.27,26.16,26.1,21.8,25.63,26.8,19.9,3.33,4.6
2013,3,PA,8683.32,5284035.68,459.2,1008.27,606.48,26.63,25.9,22.4,26.1,26.8,20.0,3.39,3.5
2013,4,PA,13024.98,7926053.52,366.6,1008.86,599.97,26.41,25.5,22.9,25.86,27.0,20.5,3.29,5.9
2013,5,PA,34733.28,21136142.72,301.5,1009.21,629.2,26.49,25.6,22.8,25.96,26.4,20.3,3.08,3.4
2013,6,PA,65124.9,39630267.6,105.0,1009.73,664.29,26.95,25.0,23.0,26.41,25.3,18.4,3.43,4.2
2013,7,PA,86833.2,52840356.8,185.6,1010.66,656.34,26.57,25.0,22.4,26.0,26.0,19.1,3.53,3.0
2013,8,PA,86833.2,52840356.8,154.8,1009.37,705.77,26.93,24.8,23.1,26.38,26.0,19.7,3.79,3.2
2013,9,PA,65124.9,39630267.6,123.6,1009.16,745.84,27.15,26.3,22.9,26.56,26.4,19.8,4.02,3.4
2013,10,PA,34733.28,21136142.72,97.2,1008.53,814.87,27.34,25.4,23.0,26.76,26.0,17.3,4.36,3.1
2013,11,PA,13024.98,7926053.52,192.4,1006.9,728.47,27.05,24.8,22.3,26.51,25.8,18.4,3.94,3.1
2013,12,PA,8683.32,5284035.68,282.4,1007.61,699.32,27.05,25.4,22.6,26.48,26.5,17.9,3.88,4.5
2014,1,PA,11152.14,6823448.62,356.4,1008.59,625.16,26.16,26.1,21.8,25.65,26.3,19.0,3.53,3.2
2014,2,PA,11152.14,6823448.62,480.6,1007.82,537.16,25.6,26.0,22.7,25.13,26.7,20.5,2.91,4.2
2014,3,PA,11152.14,6823448.62,362.7,1008.63,544.67,25.91,25.5,23.1,25.44,26.5,21.0,3.21,3.6
2014,4,PA,16728.21,10235172.93,543.0,1009.17,564.27,26.32,25.6,22.9,25.67,26.4,21.0,3.32,3.1
2014,5,PA,44608.56,27293794.48,355.4,1009.11,546.77,26.19,25.9,23.2,25.68,27.0,20.8,2.76,4.5
2014,6,PA,83641.05,51175864.65,253.2,1009.67,615.72,26.67,25.9,23.0,26.17,26.6,20.1,3.17,3.5
2014,7,PA,111521.4,68234486.2,171.8,1011.58,646.04,26.54,24.9,22.7,25.99,25.6,19.1,3.42,3.8
2014,8,PA,111521.4,68234486.2,82.0,1010.49,680.43,27.04,25.0,22.6,26.48,25.5,18.7,3.66,3.4
2014,9,PA,83641.05,51175864.65,192.6,1009.82,720.93,26.87,25.4,22.2,26.27,26.0,16.5,3.83,2.8
2014,10,PA,44608.56,27293794.48,99.4,1008.66,764.35,27.41,25.2,22.7,26.81,26.7,17.8,4.06,6.4
2014,11,PA,16728.21,10235172.93,44.4,1007.76,752.96,27.93,25.4,22.1,27.34,26.5,17.1,4.58,3.1
2014,12,PA,11152.14,6823448.62,176.8,1008.08,735.1,27.69,25.7,22.9,26.97,26.7,17.3,4.4,4.2
2015,1,PA,9271.66,5659967.62,399.5,1009.17,580.22,26.27,26.1,22.4,25.68,26.3,18.3,3.21,4.2
2015,2,PA,9271.66,5659967.62,289.3,1008.92,684.25,26.59,26.0,22.3,25.91,26.7,19.9,3.64,4.1
2015,3,PA,9271.66,5659967.62,440.6,1008.91,516.36,25.74,26.9,22.8,25.23,27.1,20.9,2.92,3.0
2015,4,PA,13907.49,8489951.43,493.0,1009.23,507.28,25.91,26.5,22.7,25.41,26.8,18.7,3.12,3.6
2015,5,PA,37086.64,22639870.48,319.0,1009.44,568.33,26.57,26.0,22.8,26.04,26.8,20.6,3.12,3.6
2015,6,PA,69537.45,42449757.15,151.6,1010.71,589.91,26.66,25.4,22.8,26.09,25.9,18.4,3.32,3.4
2015,7,PA,92716.6,56599676.2,166.8,1010.51,607.81,26.66,25.1,22.9,26.12,26.5,19.3,3.43,3.5
2015,8,PA,92716.6,56599676.2,94.2,1009.91,642.23,27.43,24.8,22.9,26.9,25.5,18.8,4.03,3.8
2015,9,PA,69537.45,42449757.15,55.0,1009.5,675.59,27.59,24.8,22.9,27.01,26.2,18.9,4.2,3.2
2015,10,PA,37086.64,22639870.48,73.4,1008.94,751.19,28.09,26.2,23.2,27.46,27.2,17.7,4.53,3.3
2015,11,PA,13907.49,8489951.43,60.4,1007.62,711.26,28.27,25.1,23.2,27.66,26.0,15.0,4.6,3.1
2015,12,PA,9271.66,5659967.62,228.8,1008.79,599.97,27.56,26.5,23.0,26.94,27.0,17.0,3.81,4.2
2016,1,PA,31465.44,21194172.42,262.0,1008.89,522.41,27.05,26.4,22.7,26.53,27.3,19.6,3.83,3.3
2016,2,PA,31465.44,21194172.42,518.4,1008.71,532.76,26.22,27.0,22.9,25.71,27.2,19.7,3.31,3.3
2016,3,PA,31465.44,21194172.42,482.2,1009.48,488.88,26.41,27.1,22.7,25.9,27.7,21.3,2.91,3.1
2016,4,PA,47198.16,31791258.63,300.0,1008.28,548.3,27.1,27.0,23.5,26.59,27.6,21.2,3.14,4.4
2016,5,PA,125861.76,84776689.68,250.2,1009.97,548.51,27.31,26.5,23.5,26.75,27.4,20.5,3.27,4.0
2016,6,PA,235990.8,158956293.15,207.0,1011.17,682.67,26.89,25.8,22.4,26.34,26.8,19.6,3.34,3.8
2016,7,PA,314654.4,211941724.2,128.8,1010.59,694.85,27.04,25.5,22.8,26.48,26.0,18.3,3.41,3.2
2016,8,PA,314654.4,211941724.2,122.4,1010.28,721.1,27.42,26.3,23.0,26.84,27.0,18.5,3.96,2.8
2016,9,PA,235990.8,158956293.15,106.8,1009.98,681.05,27.42,25.3,23.2,26.84,26.3,18.2,4.03,3.1
2016,10,PA,125861.76,84776689.68,79.4,1007.93,752.13,27.83,25.1,22.7,27.25,25.8,18.9,4.28,6.2
2016,11,PA,47198.16,31791258.63,95.2,1007.03,706.5,28.08,26.5,23.3,27.51,27.5,19.4,4.34,3.8
2016,12,PA,31465.44,21194172.42,263.4,1007.68,530.13,26.65,27.1,23.0,26.11,27.2,18.8,3.18,3.1
2017,1,PA,26389.56,15809872.0,573.6,1008.5,486.0,25.95,26.2,22.0,25.45,26.8,19.9,2.88,2.9
2017,2,PA,26389.56,15809872.0,418.1,1008.49,502.47,25.77,25.6,22.6,25.33,26.9,20.3,2.87,4.7
2017,3,PA,26389.56,15809872.0,574.2,1008.75,447.47,25.58,25.5,22.5,25.12,26.3,21.1,2.64,3.1
2017,4,PA,39584.34,23714808.0,417.2,1008.72,536.74,26.32,25.5,22.7,25.78,26.3,20.7,2.84,3.9
2017,5,PA,105558.24,63239488.0,235.6,1009.16,622.69,26.96,25.4,23.4,26.41,26.2,20.0,3.12,3.8
2017,6,PA,197921.7,118574040.0,151.4,1009.66,704.1,27.33,25.1,23.0,26.8,25.4,19.7,3.39,3.9
2017,7,PA,263895.6,158098720.0,27.8,1011.42,783.96,27.62,24.2,22.7,27.1,24.9,14.8,3.67,7.2
2017,8,PA,263895.6,158098720.0,214.8,1009.93,660.84,27.34,24.5,23.0,26.75,25.6,18.7,3.91,3.1
2017,9,PA,197921.7,118574040.0,58.8,1009.36,557.16,27.75,25.3,23.7,27.17,26.2,18.5,4.32,3.7
2017,10,PA,105558.24,63239488.0,236.6,1007.98,407.5,27.31,26.1,23.1,26.72,27.0,19.9,3.9,3.1
2017,11,PA,39584.34,23714808.0,110.2,1007.14,797.9,27.66,26.0,22.8,27.08,26.8,18.3,3.98,3.0
2017,12,PA,26389.56,15809872.0,257.6,1007.54,502.02,26.97,26.1,22.6,26.42,26.2,16.1,3.61,4.1
2018,1,PA,16405.14,10698256.7,354.2,1008.18,422.22,26.07,25.7,22.5,25.51,26.7,17.3,3.17,3.0
2018,2,PA,16405.14,10698256.7,666.1,1008.45,502.45,25.72,25.3,23.0,25.28,26.2,19.4,2.97,2.9
2018,3,PA,16405.14,10698256.7,467.6,1008.34,609.18,26.36,25.6,22.4,25.81,26.3,20.4,3.28,3.1
2018,4,PA,24607.71,16047385.05,495.8,1009.36,540.57,25.88,25.6,21.8,25.39,25.8,19.1,2.49,4.6
2018,5,PA,65620.56,42793026.8,476.0,1009.89,616.63,25.99,25.2,22.8,25.49,26.2,20.5,2.63,3.4
2018,6,PA,123038.55,80236925.25,107.4,1010.62,747.72,27.09,25.5,22.9,26.57,25.8,15.9,3.58,6.3
2018,7,PA,164051.4,106982567.0,121.8,1010.57,691.27,27.06,24.5,22.6,26.53,24.9,18.3,3.54,3.3
2018,8,PA,164051.4,106982567.0,222.4,1011.08,630.13,26.62,24.9,22.3,26.04,25.5,19.0,3.48,3.0
2018,9,PA,123038.55,80236925.25,225.0,1008.49,638.01,27.31,24.9,22.5,26.7,26.1,19.3,4.02,3.4
2018,10,PA,65620.56,42793026.8,268.0,1008.02,677.46,27.58,25.7,22.7,26.98,26.3,19.6,4.05,2.6
2018,11,PA,24607.71,16047385.05,317.2,1007.11,638.07,27.59,25.3,22.9,26.99,26.0,18.7,3.79,4.6
2018,12,PA,16405.14,10698256.7,465.6,1009.16,491.28,25.76,25.3,22.1,25.26,26.3,19.5,2.87,4.3
2019,1,PA,13860.86,9048695.82,370.8,1009.46,542.37,26.23,25.6,21.5,25.58,26.4,20.2,3.27,3.5
2019,2,PA,13860.86,9048695.82,426.6,1008.97,454.52,26.28,27.4,22.5,25.45,27.6,19.9,3.28,3.1
2019,3,PA,13860.86,9048695.82,763.8,1009.61,457.43,25.84,25.4,22.4,25.35,26.7,19.3,3.1,2.9
2019,4,PA,20791.29,13573043.73,559.6,1009.2,493.72,26.3,26.2,22.9,25.82,27.5,20.8,2.98,3.6
2019,5,PA,55443.44,36194783.28,443.4,1008.78,535.46,26.53,25.8,23.3,26.03,26.3,20.9,3.0,3.1
2019,6,PA,103956.45,67865218.65,253.6,1010.42,669.39,26.97,25.1,23.4,26.47,26.1,20.4,3.48,5.0
2019,7,PA,138608.6,90486958.2,156.2,1010.49,699.81,26.95,24.6,22.7,26.42,25.4,19.0,3.57,5.5
2019,8,PA,138608.6,90486958.2,151.0,1011.17,763.18,27.24,25.0,22.8,26.69,25.3,18.8,0.53,0.2
2019,9,PA,103956.45,67865218.65,232.6,1009.56,741.19,27.48,26.0,23.2,26.89,26.7,18.5,3.55,3.5
2019,10,PA,55443.44,36194783.28,275.0,1008.11,709.51,27.28,25.9,22.9,26.66,26.7,19.4,4.03,3.6
2019,11,PA,20791.29,13573043.73,250.4,1006.96,695.05,27.44,25.9,23.0,26.86,26.1,19.4,3.83,3.4
2019,12,PA,13860.86,9048695.82,385.0,1007.25,619.64,27.17,26.4,22.9,26.59,27.5,19.9,3.78,4.5
2020,1,PA,16113.04,10521306.18,460.6,1009.1,5.0,26.15,25.8,22.8,25.63,26.4,15.2,3.31,3.3
2020,2,PA,16113.04,10521306.18,553.8,1009.21,5.0,26.01,25.7,23.1,25.54,26.5,20.1,3.2,4.5
2020,3,PA,16113.04,10521306.18,1582.9,1009.69,5.0,24.36,26.0,2.0,23.89,26.8,3.9,3.27,2.9
2020,4,PA,24169.56,15781959.27,444.0,1009.37,5.0,26.5,25.9,23.0,26.04,27.0,20.8,2.91,3.4
2020,5,PA,64452.16,42085224.72,457.2,1009.74,5.0,26.87,26.0,23.4,26.35,26.5,20.6,3.31,5.3
2020,6,PA,120847.8,78909796.35,248.8,1009.69,5.0,27.06,25.4,23.3,26.55,26.2,19.2,3.46,3.6
2020,7,PA,161130.4,105213061.8,151.6,1009.39,5.0,27.37,24.9,22.7,26.86,25.6,16.3,3.82,4.5
2020,8,PA,161130.4,105213061.8,110.8,1009.19,5.0,28.2,24.8,23.3,27.6,25.5,14.1,4.4,4.4
2020,9,PA,120847.8,78909796.35,151.6,1008.86,5.0,27.74,26.1,23.1,27.12,26.7,17.7,4.34,3.6
2020,10,PA,64452.16,42085224.72,295.0,1008.12,5.0,27.27,26.8,22.9,26.63,27.0,18.9,3.86,4.7
2020,11,PA,24169.56,15781959.27,414.8,1007.54,5.0,26.97,26.0,22.6,26.37,27.4,18.3,3.7,4.0
2020,12,PA,16113.04,10521306.18,226.9,1007.57,5.0,27.15,26.0,22.7,26.53,26.5,19.3,3.96,3.8
2021,1,PA,13870.32,9526687.74,357.4,1007.52,5.0,26.99,26.6,22.8,26.28,27.2,19.9,3.7,4.6
2021,2,PA,13870.32,9526687.74,635.2,1007.93,5.0,25.96,26.9,22.4,25.43,27.7,19.9,3.32,3.7
2021,3,PA,13870.32,9526687.74,469.2,1008.39,5.0,25.75,25.8,22.1,25.23,26.7,19.9,3.07,7.2
2021,4,PA,20805.48,14290031.61,479.0,1008.05,5.0,26.46,26.3,22.8,25.9,27.8,20.1,3.23,5.9
2021,5,PA,55481.28,38106750.96,497.8,1009.37,5.0,26.67,26.3,23.3,26.15,26.5,20.8,3.35,3.4
2021,6,PA,104027.4,71450158.05,191.0,1010.01,5.0,26.85,26.0,22.7,26.28,27.3,20.2,3.58,3.7
2021,7,PA,138703.2,95266877.4,222.8,1010.83,5.0,26.84,25.9,22.9,26.27,27.5,19.7,1.91,3.8
2021,8,PA,138703.2,95266877.4,273.4,1009.77,5.0,27.39,26.1,22.7,26.8,27.6,18.2,4.26,5.3
2021,9,PA,104027.4,71450158.05,254.0,1009.62,5.0,26.87,27.6,22.2,26.27,27.6,19.1,3.93,5.1
2021,10,PA,55481.28,38106750.96,299.2,1008.16,5.0,27.58,27.1,23.1,26.92,27.9,20.7,4.27,3.7
2021,11,PA,20805.48,14290031.61,328.2,1007.24,5.0,27.37,27.9,23.0,26.68,28.6,20.4,3.91,4.1
2021,12,PA,13870.32,9526687.74,293.6,1006.69,5.0,27.46,26.7,23.4,26.86,28.4,21.5,4.01,3.6
2022,1,PA,16145.44,11094353.88,317.4,1008.52,5.0,26.06,27.2,22.4,25.5,28.1,20.0,3.1,4.0
2022,2,PA,16145.44,11094353.88,287.8,1007.77,5.0,26.68,27.8,22.5,26.08,28.4,17.5,2.64,0.18
2022,3,PA,16145.44,11094353.88,519.9,1007.85,5.0,26.14,26.3,22.3,25.67,27.3,18.1,2.66,1.1
2022,4,PA,24218.16,16641530.82,512.6,1008.21,5.0,25.94,27.2,23.2,25.46,27.4,21.7,2.93,4.0
2022,5,PA,64581.76,44377415.52,462.4,1009.75,5.0,26.15,26.6,22.1,25.62,29.0,11.6,3.39,5.7
2022,6,PA,121090.8,83207654.1,216.8,1009.55,5.0,26.09,26.1,22.1,25.31,27.6,20.0,3.04,3.4
2022,7,PA,161454.4,110943538.8,115.4,1009.72,5.0,27.39,26.3,23.3,26.84,27.0,18.9,4.24,6.0
2022,8,PA,161454.4,110943538.8,184.6,1009.56,5.0,27.75,26.6,23.3,27.15,26.9,20.1,4.71,5.2
2022,9,PA,121090.8,83207654.1,210.0,1009.04,5.0,27.82,26.6,22.9,27.19,27.9,18.8,5.05,4.5
2022,10,PA,64581.76,44377415.52,190.8,1007.85,5.0,27.74,27.7,22.8,27.11,27.9,20.2,4.96,4.8
2022,11,PA,24218.16,16641530.82,381.2,1007.73,5.0,27.17,27.0,21.8,26.55,27.7,20.7,4.12,3.4
2022,12,PA,16145.44,11094353.88,338.7,1007.55,5.0,26.84,26.5,22.6,26.21,28.0,20.5,3.88,3.7
2023,1,PA,13346.32,9168971.88,355.7,1008.74,5.0,26.35,26.4,21.9,25.72,27.9,20.2,3.89,3.7
2023,2,PA,13346.32,9168971.88,402.5,1008.57,5.0,26.02,27.1,21.8,25.48,27.7,21.0,3.1,5.2
2023,3,PA,13346.32,9168971.88,554.5,1008.98,5.0,26.11,27.4,22.7,25.62,28.1,20.5,3.05,5.4
2023,4,PA,20019.48,13753457.82,291.6,1008.25,5.0,26.75,26.7,22.7,26.23,27.1,20.4,3.31,3.8
2023,5,PA,53385.28,36675887.52,353.4,1009.08,5.0,27.21,26.5,23.4,26.69,27.7,21.6,3.62,4.6
2023,6,PA,100097.4,68767289.1,212.8,1010.31,5.0,27.48,26.1,23.5,26.94,27.1,21.2,4.11,3.5
2023,7,PA,133463.2,91689718.8,101.8,1010.67,5.0,27.76,26.5,23.0,27.21,27.1,20.0,4.35,4.2
2023,8,PA,133463.2,91689718.8,29.7,1009.71,5.0,28.38,26.5,23.6,27.78,27.3,20.5,4.81,3.8
2023,9,PA,100097.4,68767289.1,52.6,1008.86,5.0,28.7,26.5,23.4,28.04,27.1,19.1,5.22,3.6
2023,10,PA,53385.28,36675887.52,54.8,1007.85,5.0,28.92,27.0,23.8,28.24,27.2,19.9,5.15,3.5
2023,11,PA,20019.48,13753457.82,102.6,1007.53,5.0,28.52,27.3,24.3,27.85,28.4,20.8,4.56,3.7
2023,12,PA,13346.32,9168971.88,241.8,1007.52,5.0,27.82,28.2,23.7,27.23,28.6,20.6,4.11,3.6
2006,10,MG,12983.6,4579688.88,112.6,916.94,60.3,21.93,21.2,14.7,21.33,22.5,10.1,6.01,6.3
2006,11,MG,4868.85,1717383.33,481.4,916.43,60.3,21.56,21.5,14.0,21.03,22.8,10.4,5.55,6.6
2006,12,MG,3245.9,1144922.22,323.1,917.26,60.3,22.47,21.2,18.4,21.91,22.2,13.2,5.14,6.6
2007,1,MG,3647.16,1346885.18,388.1,916.86,60.3,22.52,22.5,17.7,22.0,23.3,14.7,4.47,6.6
2007,2,MG,3647.16,1346885.18,149.9,917.43,60.3,22.6,21.2,17.8,22.0,22.5,11.2,5.8,6.2
2007,3,MG,3647.16,1346885.18,178.2,918.69,60.3,23.98,21.0,18.5,23.31,21.2,7.0,5.78,6.0
2007,4,MG,5470.74,2020327.77,110.0,919.18,60.3,22.44,20.2,16.4,21.83,20.3,10.3,5.22,7.1
2007,5,MG,14588.64,5387540.72,10.2,919.94,60.3,19.89,17.3,10.1,19.23,18.1,4.7,4.72,6.7
2007,6,MG,27353.7,10101638.85,0.0,922.04,60.3,19.39,17.9,12.2,18.69,18.0,1.1,4.3,5.6
2007,7,MG,36471.6,13468851.8,14.0,921.41,60.3,20.13,16.0,10.0,19.49,19.7,1.2,5.16,5.8
2007,8,MG,36471.6,13468851.8,0.2,922.65,60.3,20.01,16.3,12.3,19.32,21.6,0.1,6.02,5.8
2007,9,MG,27353.7,10101638.85,2.8,921.93,60.3,21.71,16.5,15.3,21.08,16.9,0.1,7.31,7.5
2007,10,MG,14588.64,5387540.72,147.6,918.13,60.3,23.68,19.9,15.7,23.0,20.4,4.9,6.75,7.8
2007,11,MG,5470.74,2020327.77,151.2,915.69,60.3,23.68,20.8,17.3,22.92,22.0,10.4,5.65,8.0
2007,12,MG,3647.16,1346885.18,325.0,916.21,60.3,23.27,21.4,18.1,22.59,21.9,5.4,5.46,10.1
2008,1,MG,2959.36,1203663.5,442.2,916.47,60.3,22.22,22.1,16.7,21.65,22.2,9.9,5.38,6.2
2008,2,MG,2959.36,1203663.5,218.0,916.85,60.3,23.23,21.5,18.4,22.59,22.5,12.7,5.19,5.7
2008,3,MG,2959.36,1203663.5,369.8,916.97,60.3,22.53,21.7,17.1,21.89,23.0,13.3,5.12,7.6
2008,4,MG,4439.04,1805495.25,164.2,916.61,60.3,22.6,20.9,16.2,21.92,22.7,10.9,4.18,5.0
2008,5,MG,11837.44,4814654.0,4.4,919.68,60.3,19.91,18.0,12.9,19.24,20.0,3.5,4.19,7.0
2008,6,MG,22195.2,9027476.25,9.6,921.57,60.3,19.56,15.5,13.7,18.91,16.1,4.5,4.55,5.7
2008,7,MG,29593.6,12036635.0,0.0,922.99,60.3,18.49,14.2,9.5,17.72,15.1,0.8,4.52,5.0
2008,8,MG,29593.6,12036635.0,43.6,920.46,60.3,20.96,17.8,14.4,20.27,18.2,1.9,5.58,7.8
2008,9,MG,22195.2,9027476.25,136.8,919.78,60.3,21.3,18.6,13.9,20.63,19.1,0.8,5.87,6.6
2008,10,MG,11837.44,4814654.0,22.8,918.21,60.3,25.39,19.5,14.8,24.82,20.4,0.0,6.89,9.2
2008,11,MG,4439.04,1805495.25,341.2,916.52,60.3,22.05,20.5,16.7,21.49,21.5,11.1,5.8,5.9
2008,12,MG,2959.36,1203663.5,833.4,915.58,60.3,21.97,21.6,17.5,21.44,22.8,9.4,5.12,5.6
2009,1,MG,2543.1,1119468.26,380.0,916.97,60.3,22.98,22.1,17.6,22.37,23.3,10.3,5.31,6.1
2009,2,MG,2543.1,1119468.26,193.0,917.2,60.3,23.43,22.2,18.3,22.78,23.6,10.7,5.23,6.9
2009,3,MG,2543.1,1119468.26,297.8,916.38,60.3,23.41,22.0,17.3,22.74,22.8,9.7,4.6,5.5
2009,4,MG,3814.65,1679202.39,65.6,918.38,60.3,21.86,21.8,15.6,21.19,22.5,8.7,4.48,5.0
2009,5,MG,10172.4,4477873.04,19.6,919.9,60.3,20.18,17.5,13.3,19.5,18.0,7.4,4.25,4.7
2009,6,MG,19073.25,8396011.95,23.0,921.02,60.3,18.95,17.3,9.8,18.26,18.2,1.0,4.11,5.7
2009,7,MG,25431.0,11194682.6,0.0,921.2,60.3,20.46,16.9,11.7,19.76,17.2,3.5,4.71,5.9
2009,8,MG,25431.0,11194682.6,36.8,921.38,60.3,20.3,17.8,14.1,19.65,18.2,4.2,5.76,6.1
2009,9,MG,19073.25,8396011.95,51.2,919.49,60.3,23.16,19.8,16.6,22.51,20.2,8.5,5.89,6.9
2009,10,MG,10172.4,4477873.04,464.0,916.65,60.3,22.51,21.6,15.8,21.86,22.4,11.8,5.48,7.0
2009,11,MG,3814.65,1679202.39,143.8,916.22,60.3,24.08,20.9,17.9,23.41,21.8,9.1,5.28,6.9
2009,12,MG,2543.1,1119468.26,723.2,916.48,60.3,22.12,22.6,16.9,21.52,23.0,9.2,4.66,7.3
2010,1,MG,3154.34,1384658.54,209.2,917.84,60.3,24.05,22.2,17.9,23.36,22.8,10.3,5.26,5.2
2010,2,MG,3154.34,1384658.54,105.4,917.98,60.3,24.77,20.9,18.5,24.09,21.5,12.3,5.86,7.4
2010,3,MG,3154.34,1384658.54,261.2,917.04,60.3,23.38,22.0,18.9,22.67,22.7,14.8,4.7,5.2
2010,4,MG,4731.51,2076987.81,49.8,919.06,60.3,21.9,22.2,13.3,21.22,22.8,5.5,4.91,4.8
2010,5,MG,12617.36,5538634.16,26.0,919.05,60.3,20.23,20.4,9.0,19.54,21.2,0.8,4.42,6.8
2010,6,MG,23657.55,10384939.05,1.4,922.64,60.3,18.0,16.1,8.7,17.32,16.4,3.9,4.57,5.4
2010,7,MG,31543.4,13846585.4,0.0,923.26,60.3,19.51,16.8,13.4,18.89,17.0,5.4,5.64,5.7
2010,8,MG,31543.4,13846585.4,0.0,922.27,60.3,20.0,14.1,10.4,19.25,14.2,0.6,5.45,5.9
2010,9,MG,23657.55,10384939.05,69.2,920.25,60.3,21.69,19.0,14.6,21.06,19.9,0.7,6.77,6.9
2010,10,MG,12617.36,5538634.16,204.0,917.05,60.3,22.35,20.0,15.2,21.74,20.9,0.6,5.96,6.2
2010,11,MG,4731.51,2076987.81,427.2,915.7,60.3,21.7,21.3,17.0,21.14,22.2,11.1,4.92,6.0
2010,12,MG,3154.34,1384658.54,292.2,913.89,60.3,23.59,21.7,19.3,22.93,23.5,10.7,4.91,5.5
2011,1,MG,1669.76,942694.98,296.2,915.87,60.3,23.36,21.5,18.5,22.75,22.7,10.8,5.47,5.7
2011,2,MG,1669.76,942694.98,83.8,916.85,60.3,24.93,21.5,19.1,24.23,22.8,8.2,6.3,8.9
2011,3,MG,1669.76,942694.98,305.4,916.28,60.3,22.49,21.7,18.3,21.92,22.2,13.2,4.64,6.8
2011,4,MG,2504.64,1414042.47,18.8,918.89,60.3,22.29,20.4,15.0,21.66,21.3,10.9,5.32,5.0
2011,5,MG,6679.04,3770779.92,0.8,919.88,60.3,20.15,18.6,12.6,19.44,20.2,5.6,4.53,5.2
2011,6,MG,12523.2,7070212.35,10.6,920.71,60.3,18.77,15.9,11.8,18.09,16.6,6.9,4.51,5.9
2011,7,MG,16697.6,9426949.8,0.0,921.48,60.3,19.18,15.2,11.8,18.5,15.5,0.3,4.75,6.0
2011,8,MG,16697.6,9426949.8,0.0,920.75,60.3,21.76,16.0,14.4,21.02,16.1,0.1,5.49,6.3
2011,9,MG,12523.2,7070212.35,2.6,921.49,60.3,21.58,16.0,9.8,20.92,16.2,0.0,6.93,6.2
2011,10,MG,6679.04,3770779.92,211.0,917.48,60.3,21.39,21.3,13.5,20.84,21.8,2.0,5.81,8.1
2011,11,MG,2504.64,1414042.47,269.0,917.14,60.3,20.88,20.3,14.1,20.33,20.8,8.0,6.01,5.3
2011,12,MG,1669.76,942694.98,789.4,916.23,60.3,21.56,21.0,17.1,21.02,22.0,12.0,4.83,6.5
2012,1,MG,3326.4,1667911.82,501.0,917.29,60.3,22.28,22.0,16.4,21.69,22.7,10.3,5.71,5.3
2012,2,MG,3326.4,1667911.82,43.6,917.97,60.3,23.36,21.0,18.6,22.66,21.1,8.7,5.83,5.8
2012,3,MG,3326.4,1667911.82,279.2,918.29,60.3,22.9,21.5,17.7,22.24,22.1,8.4,5.2,6.8
2012,4,MG,4989.6,2501867.73,60.8,918.28,60.3,22.37,20.9,14.9,21.69,21.7,10.7,4.7,5.2
2012,5,MG,13305.6,6671647.28,74.6,920.88,60.3,19.28,18.0,12.8,18.66,18.3,5.5,4.68,5.2
2012,6,MG,24948.0,12509338.65,7.2,921.46,60.3,20.15,16.3,11.6,19.5,16.8,5.6,4.26,5.1
2012,7,MG,33264.0,16679118.2,0.0,921.91,60.3,19.39,13.7,9.8,18.7,13.9,0.2,4.72,5.9
2012,8,MG,33264.0,16679118.2,0.0,924.49,60.3,19.08,13.0,13.5,18.42,13.0,0.5,6.39,6.8
2012,9,MG,24948.0,12509338.65,28.8,921.16,60.3,22.41,16.1,11.1,21.69,16.5,0.3,6.39,7.2
2012,10,MG,13305.6,6671647.28,52.4,918.35,60.3,23.71,17.6,14.5,22.98,21.2,1.6,6.67,6.7
2012,11,MG,4989.6,2501867.73,345.8,915.91,60.3,22.35,20.0,15.9,21.72,20.9,5.3,5.62,8.2
2012,12,MG,3326.4,1667911.82,102.9,916.36,60.3,25.14,20.1,19.6,24.38,21.4,10.4,5.33,7.1
2013,1,MG,1967.92,1058052.14,382.8,917.2,60.3,22.86,20.3,18.1,22.25,21.8,8.3,4.97,6.5
2013,2,MG,1967.92,1058052.14,102.4,917.72,60.3,24.04,19.8,18.4,23.42,20.1,10.1,5.8,5.4
2013,3,MG,1967.92,1058052.14,165.4,918.07,60.3,23.16,19.6,17.7,22.56,20.6,11.7,5.28,6.0
2013,4,MG,2951.88,1587078.21,162.0,919.34,60.3,20.9,19.4,13.8,20.27,20.5,7.1,4.47,6.3
2013,5,MG,7871.68,4232208.56,64.2,920.1,60.3,20.16,17.2,13.2,19.52,17.5,2.5,4.52,4.9
2013,6,MG,14759.4,7935391.05,15.6,921.19,60.3,20.13,16.9,13.4,19.48,17.1,5.1,4.4,4.6
2013,7,MG,19679.2,10580521.4,0.0,922.27,60.3,19.89,16.6,12.0,19.17,16.7,1.9,4.67,5.0
2013,8,MG,19679.2,10580521.4,0.0,921.57,60.3,20.47,14.6,12.7,19.77,15.1,0.0,5.76,5.9
2013,9,MG,14759.4,7935391.05,42.0,920.59,60.3,21.6,18.0,14.5,20.96,19.0,2.9,6.33,6.5
2013,10,MG,7871.68,4232208.56,184.2,919.08,60.3,21.41,18.9,14.0,20.82,20.3,5.6,6.04,5.8
2013,11,MG,2951.88,1587078.21,182.6,917.07,60.3,22.41,20.1,17.1,21.84,21.8,6.9,6.24,5.8
2013,12,MG,1967.92,1058052.14,537.0,915.05,60.3,22.69,21.5,17.4,22.04,22.3,12.4,4.7,6.6
2014,1,MG,3916.34,2121980.7,76.6,918.8,60.3,24.51,21.0,18.1,23.75,22.4,6.4,5.85,5.1
2014,2,MG,3916.34,2121980.7,57.4,918.26,60.3,24.38,19.0,18.9,23.67,20.0,6.5,6.57,6.9
2014,3,MG,3916.34,2121980.7,101.6,918.63,60.3,22.95,20.9,17.6,22.34,22.3,10.8,5.5,5.3
2014,4,MG,5874.51,3182971.05,232.6,918.95,60.3,22.01,20.5,12.6,21.34,21.1,5.8,4.52,6.0
2014,5,MG,15665.36,8487922.8,5.6,920.03,60.3,20.38,19.3,11.8,19.68,20.0,2.9,4.45,5.3
2014,6,MG,29372.55,15914855.25,9.4,921.83,60.3,19.9,16.0,12.8,19.21,16.6,6.1,4.72,5.1
2014,7,MG,39163.4,21219807.0,66.6,923.96,60.3,18.81,16.1,12.5,18.2,17.3,4.2,5.17,5.8
2014,8,MG,39163.4,21219807.0,1.6,922.29,60.3,20.44,16.1,11.3,19.72,16.4,0.1,5.31,8.1
2014,9,MG,29372.55,15914855.25,2.2,920.27,60.3,22.6,18.6,13.2,21.9,18.9,2.6,6.72,6.9
2014,10,MG,15665.36,8487922.8,128.6,919.66,60.3,23.07,18.8,11.9,22.37,19.0,0.3,6.75,7.9
2014,11,MG,5874.51,3182971.05,252.0,917.07,60.3,22.85,20.6,17.0,22.24,21.7,7.8,5.59,5.1
2014,12,MG,3916.34,2121980.7,186.0,917.72,60.3,23.66,20.7,17.5,23.03,21.7,5.3,5.45,6.9
2015,1,MG,2469.02,1828959.0,81.2,918.73,60.3,25.23,20.8,18.2,24.47,23.0,7.7,5.62,5.4
2015,2,MG,2469.02,1828959.0,345.2,918.19,60.3,23.4,20.8,18.0,22.73,22.0,9.5,5.13,7.9
2015,3,MG,2469.02,1828959.0,181.8,918.13,60.3,23.34,20.8,18.4,22.66,21.8,10.2,4.86,5.1
2015,4,MG,3703.53,2743438.5,65.0,918.78,60.3,22.11,21.9,15.5,21.48,22.7,9.2,4.76,5.4
2015,5,MG,9876.08,7315836.0,72.0,921.09,60.3,19.84,19.4,14.2,19.32,19.9,9.8,5.06,5.1
2015,6,MG,18517.65,13717192.5,6.2,923.44,60.3,19.18,17.0,10.9,18.57,17.6,2.0,4.83,5.5
2015,7,MG,24690.2,18289590.0,15.2,922.72,60.3,19.88,15.9,13.6,19.25,16.6,6.1,5.12,5.0
2015,8,MG,24690.2,18289590.0,0.0,922.23,60.3,20.79,15.2,13.9,20.11,15.4,2.7,5.84,5.6
2015,9,MG,18517.65,13717192.5,55.2,918.85,60.3,24.24,18.8,17.0,23.56,19.7,0.7,5.82,5.4
2015,10,MG,9876.08,7315836.0,62.2,918.77,60.3,25.75,19.2,18.0,25.02,19.9,1.1,6.54,6.8
2015,11,MG,3703.53,2743438.5,207.2,916.4,60.3,25.02,21.0,17.6,24.35,22.0,8.3,5.24,6.5
2015,12,MG,2469.02,1828959.0,160.6,918.52,60.3,24.04,20.5,18.0,23.35,22.1,10.6,5.21,7.9
2016,1,MG,3781.78,2735092.12,375.2,916.61,60.3,23.18,22.0,18.4,22.6,23.4,7.9,5.23,6.1
2016,2,MG,3781.78,2735092.12,240.2,918.63,60.3,25.09,20.9,19.4,24.35,21.0,11.1,5.1,10.2
2016,3,MG,3781.78,2735092.12,106.4,919.61,60.3,23.69,20.8,18.6,23.03,22.4,10.8,4.88,4.5
2016,4,MG,5672.67,4102638.18,36.2,919.51,60.3,23.57,19.9,16.3,22.86,20.0,9.3,4.78,4.6
2016,5,MG,15127.12,10940368.48,0.0,921.19,60.3,21.18,17.8,13.6,20.53,18.6,8.4,4.36,4.4
2016,6,MG,28363.35,20513190.9,48.2,922.76,60.3,18.97,18.8,11.5,18.34,19.4,2.3,4.33,4.5
2016,7,MG,37817.8,27350921.2,0.0,922.34,60.3,20.12,14.5,10.1,19.43,14.8,0.0,4.86,5.2
2016,8,MG,37817.8,27350921.2,0.8,921.29,60.3,21.17,17.9,11.9,20.45,18.5,0.2,5.59,6.0
2016,9,MG,28363.35,20513190.9,43.8,920.12,60.3,23.19,17.6,14.4,22.48,19.2,5.0,6.62,6.2
2016,10,MG,15127.12,10940368.48,65.6,917.98,60.3,23.58,19.0,14.2,22.94,19.2,2.5,6.61,5.6
2016,11,MG,5672.67,4102638.18,213.0,917.17,60.3,22.26,21.0,12.8,21.65,21.7,2.9,5.53,5.1
2016,12,MG,3781.78,2735092.12,326.0,917.46,60.3,23.11,21.3,15.0,22.43,22.6,7.1,5.4,6.2
2017,1,MG,3455.58,2699917.7,179.6,917.87,60.3,24.48,20.6,18.1,23.82,21.8,9.0,5.75,4.8
2017,2,MG,3455.58,2699917.7,166.2,918.32,60.3,22.96,21.3,18.2,22.33,22.2,10.3,5.62,5.3
2017,3,MG,3455.58,2699917.7,86.8,918.12,60.3,23.45,21.0,15.3,22.75,21.1,8.3,5.16,6.5
2017,4,MG,5183.37,4049876.55,29.4,919.39,60.3,22.44,20.0,15.0,21.81,21.1,6.0,5.21,5.1
2017,5,MG,13822.32,10799670.8,28.0,920.41,60.3,20.36,18.9,14.0,19.75,20.6,7.1,4.85,5.5
2017,6,MG,25916.85,20249382.75,24.8,922.52,60.3,19.69,16.3,12.1,18.98,17.6,2.8,4.56,5.7
2017,7,MG,34555.8,26999177.0,0.0,926.28,60.3,17.47,13.3,9.2,16.78,13.5,1.2,5.82,5.7
2017,8,MG,34555.8,26999177.0,0.0,921.4,60.3,20.39,13.4,12.4,19.66,13.5,0.5,6.1,6.5
2017,9,MG,25916.85,20249382.75,46.4,923.03,60.3,20.98,16.6,13.3,20.3,16.9,0.0,7.0,6.6
2017,10,MG,13822.32,10799670.8,117.8,918.46,60.3,23.82,19.5,16.4,23.14,20.3,0.6,6.79,6.3
2017,11,MG,5183.37,4049876.55,204.2,916.82,60.3,22.14,19.9,17.2,21.6,21.1,1.0,5.47,5.9
2017,12,MG,3455.58,2699917.7,309.8,916.26,60.3,23.3,21.5,18.5,22.71,22.5,10.7,5.02,4.9
2018,1,MG,2138.82,1859835.92,192.8,917.37,60.3,24.13,21.3,18.5,23.45,21.9,5.3,5.27,6.4
2018,2,MG,2138.82,1859835.92,275.2,916.85,60.3,22.68,22.4,17.7,22.09,22.5,8.9,4.8,6.2
2018,3,MG,2138.82,1859835.92,368.0,917.08,60.3,23.36,21.5,18.6,22.68,22.7,10.6,4.67,7.4
2018,4,MG,3208.23,2789753.88,13.2,920.3,60.3,21.61,19.8,15.4,20.99,20.3,9.9,5.57,5.7
2018,5,MG,8555.28,7439343.68,11.4,921.54,60.3,19.82,18.0,9.6,19.08,19.8,0.2,4.64,5.0
2018,6,MG,16041.15,13948769.4,0.0,922.52,60.3,20.1,16.8,13.4,19.43,17.4,4.8,4.38,5.1
2018,7,MG,21388.2,18598359.2,0.4,922.48,60.3,19.69,14.4,13.2,18.92,14.6,4.2,4.38,5.0
2018,8,MG,21388.2,18598359.2,41.0,921.99,60.3,20.09,16.9,11.2,19.46,17.6,0.3,5.3,5.3
2018,9,MG,16041.15,13948769.4,51.0,918.84,60.3,22.18,18.0,13.9,21.56,19.0,0.4,5.7,6.0
2018,10,MG,8555.28,7439343.68,176.0,917.59,60.3,23.32,20.6,15.6,22.71,21.8,8.9,5.8,6.3
2018,11,MG,3208.23,2789753.88,265.0,917.99,60.3,21.96,20.4,15.4,21.41,21.2,9.3,5.79,6.6
2018,12,MG,2138.82,1859835.92,292.6,917.69,60.3,23.2,21.2,16.3,22.52,22.4,8.8,4.97,5.7
2019,1,MG,1757.54,1062248.44,71.6,919.49,60.3,25.05,20.1,18.9,24.35,21.2,7.2,5.45,4.8
2019,2,MG,1757.54,1062248.44,231.4,917.48,60.3,24.1,21.1,19.2,23.42,23.0,8.8,4.55,4.9
2019,3,MG,1757.54,1062248.44,110.0,918.66,60.3,23.58,22.4,17.1,22.87,23.2,11.7,4.6,4.9
2019,4,MG,2636.31,1593372.66,114.6,918.46,60.3,23.13,22.0,16.4,22.38,23.0,9.9,4.23,4.7
2019,5,MG,7030.16,4248993.76,47.0,919.52,60.3,21.72,20.7,14.5,21.01,20.7,8.3,3.83,5.7
2019,6,MG,13181.55,7966863.3,4.8,923.31,60.3,19.76,15.9,12.2,19.05,17.2,4.3,4.56,5.9
2019,7,MG,17575.4,10622484.4,0.0,922.69,60.3,18.67,15.0,8.0,17.93,15.4,0.1,4.82,5.5
2019,8,MG,17575.4,10622484.4,0.0,923.63,60.3,20.56,15.3,12.7,19.85,15.3,0.5,5.92,5.8
2019,9,MG,13181.55,7966863.3,19.4,920.34,60.3,23.66,15.8,14.8,22.97,16.5,1.8,6.39,6.0
2019,10,MG,7030.16,4248993.76,56.6,918.23,60.3,24.49,19.0,17.6,23.71,19.9,1.1,6.64,8.2
2019,11,MG,2636.31,1593372.66,203.6,916.71,60.3,23.51,20.7,17.6,22.83,22.6,8.5,5.82,5.5
2019,12,MG,1757.54,1062248.44,211.4,917.37,60.3,23.17,21.9,18.4,22.5,22.7,7.9,5.41,6.5
2020,1,MG,2000.32,1179614.22,739.8,916.22,799.46,23.65,21.9,19.0,22.97,23.3,14.1,4.54,7.8
2020,2,MG,2000.32,1179614.22,349.0,918.11,728.13,23.04,21.7,17.6,22.43,23.5,13.5,4.61,4.8
2020,3,MG,2000.32,1179614.22,313.6,918.43,747.88,22.26,22.2,15.4,21.62,22.9,11.1,4.79,5.8
2020,4,MG,3000.48,1769421.33,101.0,919.74,704.68,21.67,22.8,14.8,20.97,22.8,6.9,4.5,5.1
2020,5,MG,8001.28,4718456.88,27.8,921.2,630.21,18.77,19.2,9.2,18.09,19.5,2.1,4.17,3.9
2020,6,MG,15002.4,8847106.65,4.4,922.43,604.6,19.41,17.4,10.4,18.68,18.3,6.4,4.08,4.3
2020,7,MG,20003.2,11796142.2,2.4,922.22,664.43,19.79,16.4,12.9,19.06,16.9,4.1,4.72,5.0
2020,8,MG,20003.2,11796142.2,13.8,922.44,754.49,19.49,16.3,9.3,18.81,16.3,0.8,5.68,5.0
2020,9,MG,15002.4,8847106.65,10.4,920.59,983.66,24.27,18.0,17.2,23.5,18.1,0.0,5.8,4.9
2020,10,MG,8001.28,4718456.88,114.0,917.61,752.2,23.57,20.2,16.0,22.93,20.9,2.5,5.67,6.8
2020,11,MG,3000.48,1769421.33,150.2,917.6,869.22,22.62,20.8,15.3,21.93,21.7,2.1,5.64,4.8
2020,12,MG,2000.32,1179614.22,250.4,917.07,814.12,23.38,21.4,18.4,22.71,22.1,4.1,4.62,4.4
2021,1,MG,1691.1,1932775.36,215.6,917.59,986.82,23.76,21.6,17.0,23.02,22.3,7.8,5.54,5.4
2021,2,MG,1691.1,1932775.36,407.6,916.41,721.59,22.47,21.7,17.2,21.87,23.0,10.0,4.59,4.5
2021,3,MG,1691.1,1932775.36,105.8,917.91,883.03,23.17,22.0,17.9,22.44,22.3,10.1,4.74,5.3
2021,4,MG,2536.65,2899163.04,7.6,918.7,797.72,21.62,18.9,14.2,20.82,20.2,6.3,4.53,4.4
2021,5,MG,6764.4,7731101.44,17.2,920.43,658.32,20.61,18.3,13.1,19.84,18.7,4.3,3.96,4.3
2021,6,MG,12683.25,14495815.2,5.0,921.41,628.24,19.27,17.0,11.1,18.54,17.8,3.9,4.09,4.6
2021,7,MG,16911.0,19327753.6,0.0,923.17,687.79,18.15,13.1,8.5,17.37,13.2,0.0,4.52,5.3
2021,8,MG,16911.0,19327753.6,15.6,922.73,766.99,20.08,14.8,11.8,19.4,16.4,1.4,5.87,4.8
2021,9,MG,12683.25,14495815.2,5.4,919.56,891.04,24.38,17.6,15.3,23.61,17.8,0.6,5.81,4.8
2021,10,MG,6764.4,7731101.44,241.4,918.08,743.47,22.56,22.4,15.2,21.95,23.3,9.2,5.95,4.6
2021,11,MG,2536.65,2899163.04,253.2,916.19,804.34,22.1,21.4,15.4,21.45,22.4,7.6,4.87,4.7
2021,12,MG,1691.1,1932775.36,390.0,915.65,764.79,21.93,21.5,13.8,21.3,22.0,10.2,4.72,4.4
2022,1,MG,1945.14,1861103.9,435.6,917.03,751.79,22.95,21.9,18.4,22.27,23.4,8.6,4.37,4.9
2022,2,MG,1945.14,1861103.9,314.8,917.27,698.08,22.18,21.6,17.2,21.55,23.4,11.4,3.85,4.7
2022,3,MG,1945.14,1861103.9,4.8,918.1,926.63,24.33,19.1,17.2,23.57,19.8,6.1,5.43,4.2
2022,4,MG,2917.71,2791655.85,28.2,918.55,749.84,22.92,20.7,14.4,22.16,21.2,8.8,4.38,4.6
2022,5,MG,7780.56,7444415.6,65.4,920.55,640.87,19.09,19.5,7.2,18.41,20.5,0.0,4.19,4.4
2022,6,MG,14588.55,13958279.25,0.0,920.81,634.26,18.89,16.2,9.2,18.18,16.7,0.2,3.76,3.7
2022,7,MG,19451.4,18611039.0,0.0,922.66,669.18,19.05,13.8,11.8,18.33,14.4,5.0,4.48,4.2
2022,8,MG,19451.4,18611039.0,0.0,921.79,770.75,20.13,15.5,10.0,19.41,15.7,1.0,5.71,4.5
2022,9,MG,14588.55,13958279.25,53.0,919.79,764.52,21.61,19.6,12.2,20.93,21.1,1.8,5.75,4.5
2022,10,MG,7780.56,7444415.6,118.0,918.55,873.16,23.18,21.3,15.9,22.53,21.7,2.6,5.62,4.8
2022,11,MG,2917.71,2791655.85,261.0,916.95,852.58,21.23,20.9,11.4,20.53,22.3,6.2,5.39,5.5
2022,12,MG,1945.14,1861103.9,414.6,916.15,705.54,21.88,21.5,17.4,21.32,24.6,10.7,4.9,4.8
2023,1,MG,1858.76,1679462.66,504.4,917.5,721.44,22.12,22.2,17.7,21.48,23.7,13.3,4.21,4.2
2023,2,MG,1858.76,1679462.66,99.4,918.14,904.94,24.0,20.8,17.9,23.27,21.9,12.1,4.69,4.0
2023,3,MG,1858.76,1679462.66,44.4,918.85,884.06,24.18,19.6,18.1,23.44,20.2,6.8,4.93,3.6
2023,4,MG,2788.14,2519193.99,60.0,918.27,693.78,22.11,20.2,15.8,21.45,21.2,5.2,4.63,4.8
2023,5,MG,7435.04,6717850.64,0.6,920.75,650.52,20.03,17.9,10.8,19.25,18.4,3.5,4.07,3.9
2023,6,MG,13940.7,12595969.95,2.8,922.83,607.1,18.71,17.9,11.0,17.96,18.3,2.1,3.58,3.3
2023,7,MG,18587.6,16794626.6,1.6,922.83,623.07,19.48,15.1,9.6,18.77,15.8,3.8,4.41,5.1
2023,8,MG,18587.6,16794626.6,20.2,920.7,663.51,21.23,17.8,13.3,20.5,19.0,0.8,4.66,4.5
2023,9,MG,13940.7,12595969.95,10.8,919.85,832.7,24.02,19.6,16.8,23.3,20.5,3.9,6.18,4.8
2023,10,MG,7435.04,6717850.64,191.8,917.56,823.23,24.76,22.1,18.3,24.12,23.3,9.2,5.32,4.6
2023,11,MG,2788.14,2519193.99,126.4,916.86,993.82,25.75,22.3,17.8,25.0,22.3,2.1,4.99,4.1
2023,12,MG,1858.76,1679462.66,149.0,917.1,943.97,24.49,22.7,18.4,23.75,23.7,10.4,5.17,7.1
2010,8,RR,4612.0,2858626.6,22.6,1001.5,1528.11,29.06,23.4,23.3,28.0,24.1,18.6,4.4,3.7
2010,9,RR,3459.0,2143969.95,124.8,1000.98,978.86,28.17,24.7,22.0,27.5,25.5,17.8,3.95,4.3
2010,10,RR,1844.8,1143450.64,45.6,1000.4,903.38,28.73,25.2,23.0,28.07,25.4,16.7,4.3,4.4
2010,11,RR,691.8,428793.99,155.0,999.36,806.86,27.44,25.4,22.6,26.81,26.2,18.7,4.03,4.2
2010,12,RR,461.2,285862.66,99.0,999.2,837.17,27.22,24.7,22.6,26.62,25.6,17.5,4.51,5.0
2011,1,RR,389.22,243673.24,31.4,1000.01,826.4,27.28,24.7,22.3,26.7,25.4,11.7,6.05,5.1
2011,2,RR,389.22,243673.24,64.8,1000.75,859.81,28.05,24.7,23.3,27.44,24.9,15.0,5.74,4.9
2011,3,RR,389.22,243673.24,167.0,1000.88,787.38,26.99,24.1,22.0,26.46,25.9,16.7,5.35,5.3
2011,4,RR,583.83,365509.86,22.6,1001.2,918.01,27.86,23.9,21.2,27.27,24.6,16.3,5.13,5.9
2011,5,RR,1556.88,974692.96,622.4,1001.63,594.91,25.87,25.3,22.1,25.42,25.8,19.4,3.4,6.2
2011,6,RR,2919.15,1827549.3,420.2,1002.57,705.7,26.05,24.6,22.4,25.47,25.8,19.0,3.59,4.9
2011,7,RR,3892.2,2436732.4,334.8,1002.46,782.95,26.18,24.5,21.9,25.51,25.6,18.7,3.6,4.6
2011,8,RR,3892.2,2436732.4,123.6,1002.5,928.34,26.92,25.1,21.7,26.26,25.4,15.6,3.77,7.3
2011,9,RR,2919.15,1827549.3,73.4,1002.22,964.01,27.73,24.5,22.5,27.02,25.3,18.1,3.95,4.8
2011,10,RR,1556.88,974692.96,107.6,999.77,880.28,27.78,24.7,21.9,27.09,25.8,17.5,4.64,7.0
2011,11,RR,583.83,365509.86,107.6,999.67,861.42,27.74,24.3,22.5,27.11,25.2,18.6,4.22,4.5
2011,12,RR,389.22,243673.24,35.0,999.96,895.56,28.03,24.1,22.1,27.35,25.6,15.2,5.31,4.7
2012,1,RR,413.92,247292.8,17.0,1001.09,842.62,27.93,24.3,22.6,27.27,25.1,15.3,6.37,5.7
2012,2,RR,413.92,247292.8,16.2,1000.88,815.08,27.61,23.1,21.9,26.96,24.9,13.6,6.63,6.7
2012,3,RR,413.92,247292.8,57.0,1001.57,841.53,27.76,24.2,21.9,27.12,25.2,14.7,6.0,5.5
2012,4,RR,620.88,370939.2,217.6,1001.45,808.98,26.8,25.0,22.2,26.23,25.3,18.1,4.55,4.4
2012,5,RR,1655.68,989171.2,221.2,1002.22,787.74,26.41,24.2,21.6,25.85,25.8,19.3,4.2,4.4
2012,6,RR,3104.4,1854696.0,34.8,1003.31,827.36,26.5,24.6,22.5,25.87,25.4,17.8,4.13,4.1
2012,7,RR,4139.2,2472928.0,87.8,1003.25,691.25,25.66,24.2,22.2,25.1,25.6,19.1,3.41,5.1
2012,8,RR,4139.2,2472928.0,57.4,1003.52,807.37,25.99,24.7,21.7,25.37,25.8,18.6,3.79,5.6
2012,9,RR,3104.4,1854696.0,30.8,1002.71,1019.86,28.02,24.1,22.1,27.29,24.8,15.7,4.2,4.7
2012,10,RR,1655.68,989171.2,26.8,999.98,962.62,29.08,24.4,22.6,28.34,24.9,15.7,4.48,5.5
2012,11,RR,620.88,370939.2,17.8,999.6,923.71,29.2,24.5,22.8,28.46,24.5,16.1,4.88,4.4
2012,12,RR,413.92,247292.8,25.2,1000.01,841.65,28.09,25.0,23.1,27.41,25.3,17.1,5.31,5.3
2013,1,RR,394.22,246183.46,0.4,1001.67,891.98,28.84,21.8,22.0,28.25,21.9,11.6,7.0,5.7
2013,2,RR,394.22,246183.46,81.6,1000.95,744.11,27.67,24.0,22.4,27.07,24.8,16.5,6.58,5.1
2013,3,RR,394.22,246183.46,6.6,1001.35,907.13,28.71,23.7,23.1,28.09,26.4,14.4,6.47,5.7
2013,4,RR,591.33,369275.19,87.0,1001.92,801.05,27.98,24.8,22.3,27.42,25.3,15.5,5.6,5.7
2013,5,RR,1576.88,984733.84,352.2,1002.63,741.46,26.35,25.2,22.3,25.82,25.5,18.5,4.03,4.4
2013,6,RR,2956.65,1846375.95,245.6,1002.77,832.22,26.85,24.2,21.9,26.22,25.3,18.4,4.16,4.9
2013,7,RR,3942.2,2461834.6,284.0,1003.96,769.29,26.09,24.7,22.0,25.48,24.7,18.1,3.84,4.2
2013,8,RR,3942.2,2461834.6,325.4,1002.73,778.29,25.92,24.5,21.2,25.27,25.7,19.0,3.74,4.2
2013,9,RR,2956.65,1846375.95,70.2,1001.85,903.05,27.36,24.7,22.3,26.65,25.4,17.9,3.83,5.1
2013,10,RR,1576.88,984733.84,51.2,1000.94,898.92,28.03,24.8,21.8,27.23,26.2,15.4,4.45,4.6
2013,11,RR,591.33,369275.19,50.2,999.49,840.23,28.0,24.3,22.1,27.33,25.4,15.9,4.53,5.9
2013,12,RR,394.22,246183.46,0.0,1000.81,835.77,27.66,25.1,22.9,27.04,25.3,16.8,5.71,5.1
2014,1,RR,632.58,384941.58,3.6,1001.52,867.08,28.02,23.4,22.8,27.39,24.8,13.1,6.73,5.4
2014,2,RR,632.58,384941.58,17.0,1000.87,788.75,28.25,23.3,23.3,27.61,24.2,13.9,7.05,5.3
2014,3,RR,632.58,384941.58,22.0,1001.28,934.02,29.15,22.8,23.8,28.53,24.4,13.4,7.1,5.1
2014,4,RR,948.87,577412.37,1.4,1003.26,2296.9,31.67,23.6,25.1,30.45,25.6,14.3,8.05,6.2
2014,5,RR,2530.32,1539766.32,59.0,1001.91,871.7,28.37,23.7,23.0,27.76,24.3,14.7,5.32,4.8
2014,6,RR,4744.35,2887061.85,312.8,1003.0,691.42,26.14,24.2,22.4,25.59,25.7,19.4,4.12,5.2
2014,7,RR,6325.8,3849415.8,0.0,1004.49,840.99,26.3,24.0,21.6,25.61,25.1,17.3,3.96,4.3
2014,8,RR,6325.8,3849415.8,153.4,1003.33,817.43,26.48,23.9,21.5,25.86,24.6,13.9,3.9,3.9
2014,9,RR,4744.35,2887061.85,28.8,1001.88,1065.26,28.86,24.3,22.1,28.1,25.1,14.4,4.68,4.0
2014,10,RR,2530.32,1539766.32,0.0,1001.17,866.25,28.1,24.0,22.1,27.38,24.7,16.1,4.32,6.1
2014,11,RR,948.87,577412.37,0.0,1000.24,875.53,28.25,24.1,23.1,27.57,24.7,16.4,4.59,4.4
2014,12,RR,632.58,384941.58,0.0,1000.83,901.07,28.41,24.0,23.0,27.76,24.6,15.2,5.79,5.7
2015,1,RR,657.34,405757.0,12.4,1002.22,840.21,28.18,24.6,23.0,27.6,25.4,11.1,6.6,5.3
2015,2,RR,657.34,405757.0,1.8,1001.77,880.47,28.95,23.6,23.2,28.35,23.9,13.0,6.95,5.4
2015,3,RR,657.34,405757.0,2.0,1001.68,825.1,29.19,23.2,24.5,28.64,23.5,13.0,7.04,5.6
2015,4,RR,986.01,608635.5,135.14,1002.01,897.09,28.69,23.8,23.2,28.13,24.1,12.1,6.52,5.6
2015,5,RR,2629.36,1623028.0,121.04,1002.91,729.9,26.45,24.3,21.3,25.95,24.7,15.2,4.95,4.8
2015,6,RR,4930.05,3043177.5,99.14,1003.68,814.55,26.29,24.8,22.4,25.61,25.3,18.8,3.9,6.0
2015,7,RR,6573.4,4057570.0,83.85,1003.49,779.82,26.28,25.2,21.1,25.6,25.5,18.3,3.75,4.2
2015,8,RR,6573.4,4057570.0,64.95,1002.47,892.38,27.26,24.2,22.7,26.56,25.5,17.1,3.85,5.4
2015,9,RR,4930.05,3043177.5,44.86,1001.48,1063.29,29.52,24.1,23.2,28.79,24.5,13.5,4.38,4.7
2015,10,RR,2629.36,1623028.0,27.76,1000.82,955.68,29.9,24.9,22.5,29.14,26.0,13.6,4.72,6.6
2015,11,RR,986.01,608635.5,8.86,999.83,891.34,29.55,24.2,23.8,28.88,25.0,13.4,5.2,5.2
2015,12,RR,657.34,405757.0,10.4,1001.95,839.77,28.61,23.7,23.2,28.04,24.4,14.5,6.78,5.2
2016,1,RR,6753.34,4243593.92,0.0,1001.72,934.17,29.17,21.6,23.8,28.65,22.2,12.3,7.22,5.5
2016,2,RR,6753.34,4243593.92,33.4,1001.53,807.22,28.68,24.6,23.4,28.16,25.5,14.0,7.12,5.3
2016,3,RR,6753.34,4243593.92,0.0,1002.01,901.9,30.1,22.7,24.7,29.6,23.1,12.0,6.88,6.0
2016,4,RR,10130.01,6365390.88,270.4,1001.5,816.13,28.01,24.2,22.5,27.53,24.7,15.2,4.79,5.2
2016,5,RR,27013.36,16974375.68,327.4,1003.18,726.21,26.74,25.5,22.4,26.2,25.8,18.8,3.89,4.4
2016,6,RR,50650.05,31826954.4,346.3,1004.65,810.19,26.02,24.3,21.8,25.41,25.2,18.5,3.85,4.5
2016,7,RR,67533.4,42435939.2,311.7,1003.87,872.73,26.07,24.1,22.5,25.41,24.9,17.8,3.65,6.0
2016,8,RR,67533.4,42435939.2,100.6,1003.12,895.2,27.02,24.4,22.3,26.35,25.4,16.1,3.9,5.3
2016,9,RR,50650.05,31826954.4,105.8,1002.67,992.58,27.87,24.1,21.7,27.17,24.4,16.0,4.03,6.8
2016,10,RR,27013.36,16974375.68,29.2,1000.6,1909.47,31.38,24.3,22.8,30.14,25.7,15.6,5.51,4.8
2016,11,RR,10130.01,6365390.88,3.0,999.87,1360.09,31.56,24.9,23.8,30.46,25.4,16.2,6.03,3.7
2016,12,RR,6753.34,4243593.92,113.0,1000.75,851.36,28.18,23.7,22.4,27.6,24.2,15.5,5.58,5.6
2017,1,RR,924.02,563720.64,29.6,1001.76,848.82,27.55,24.1,22.7,27.01,24.6,15.1,5.69,4.9
2017,2,RR,924.02,563720.64,69.0,1001.8,793.72,27.57,23.1,21.9,27.07,23.4,13.9,6.19,5.1
2017,3,RR,924.02,563720.64,111.4,1001.69,851.39,27.51,23.7,22.7,26.96,24.2,15.0,5.49,6.1
2017,4,RR,1386.03,845580.96,121.2,1001.85,901.97,27.7,24.6,22.8,27.16,25.8,13.3,5.29,4.6
2017,5,RR,3696.08,2254882.56,373.8,1002.57,804.69,26.66,24.7,22.4,26.02,25.1,15.0,4.08,4.5
2017,6,RR,6930.15,4227904.8,152.6,1003.17,741.87,26.57,24.1,23.3,25.95,25.0,17.8,3.64,4.1
2017,7,RR,9240.2,5637206.4,233.4,1004.88,681.27,25.68,24.2,22.4,25.12,24.2,17.8,3.57,5.5
2017,8,RR,9240.2,5637206.4,75.2,1002.4,971.37,27.97,23.9,22.4,27.25,24.6,15.8,3.95,4.9
2017,9,RR,6930.15,4227904.8,133.2,1002.07,973.86,28.15,24.3,22.9,27.48,24.5,17.0,4.29,5.5
2017,10,RR,3696.08,2254882.56,5.6,1000.51,936.56,29.23,23.8,22.3,28.57,25.6,15.4,4.82,4.8
2017,11,RR,1386.03,845580.96,5.2,999.38,924.34,29.6,24.5,24.1,28.99,25.0,14.2,5.56,4.4
2017,12,RR,924.02,563720.64,11.8,1000.62,871.57,28.69,23.4,22.7,28.11,24.0,15.0,6.45,5.4
2018,1,RR,979.98,596850.98,27.4,1001.27,918.3,28.17,23.0,22.8,27.6,24.0,13.6,6.58,5.0
2018,2,RR,979.98,596850.98,23.2,1001.48,884.46,28.57,23.4,23.3,28.05,23.6,10.2,7.25,5.3
2018,3,RR,979.98,596850.98,318.27,1002.97,1789.86,29.25,23.9,23.7,28.74,24.8,15.5,7.05,4.6
2018,4,RR,1469.97,895276.47,1192.27,1005.04,2245.05,27.12,21.54,28.23,26.93,22.63,19.55,6.56,2.77
2018,5,RR,3919.92,2387403.92,432.86,1003.27,944.94,26.25,24.0,22.2,25.79,25.7,18.6,4.71,5.4
2018,6,RR,7349.85,4476382.35,404.2,1004.1,675.27,25.52,24.2,21.4,25.02,24.5,18.8,3.67,5.1
2018,7,RR,9799.8,5968509.8,449.6,1004.02,617.45,25.24,24.5,21.5,24.7,25.0,16.9,3.27,5.1
2018,8,RR,9799.8,5968509.8,124.2,1003.69,966.23,27.17,23.9,22.3,26.47,24.5,17.2,3.9,5.2
2018,9,RR,7349.85,4476382.35,335.0,1001.25,955.62,27.5,24.1,21.3,26.83,25.4,16.6,4.03,5.0
2018,10,RR,3919.92,2387403.92,70.0,1000.23,989.27,29.46,23.8,22.7,28.77,26.2,13.9,4.76,4.0
2018,11,RR,1469.97,895276.47,64.0,1000.04,863.65,28.64,24.9,23.1,28.03,27.1,17.2,5.42,4.5
2018,12,RR,979.98,596850.98,7.6,1002.68,870.89,27.37,22.7,22.7,26.8,22.7,13.6,6.86,5.4
2019,1,RR,3217.18,2051635.06,5.0,1002.49,777.03,28.1,23.4,22.6,27.53,24.0,12.7,6.82,5.0
2019,2,RR,3217.18,2051635.06,0.2,1002.12,814.98,28.62,21.9,23.3,28.09,22.1,11.3,7.54,5.1
2019,3,RR,3217.18,2051635.06,7.0,1001.62,915.8,30.0,22.2,23.3,29.42,25.7,13.3,7.12,5.9
2019,4,RR,4825.77,3077452.59,13.2,1001.47,875.82,29.91,26.2,24.2,29.36,26.8,13.1,6.49,5.1
2019,5,RR,12868.72,8206540.24,423.4,1002.25,604.43,26.22,24.8,22.7,25.71,25.3,15.8,4.12,5.6
2019,6,RR,24128.85,15387262.95,524.0,1003.56,649.94,26.04,24.3,21.9,25.51,24.9,19.3,3.7,5.1
2019,7,RR,32171.8,20516350.6,412.4,1003.73,699.36,25.78,23.7,21.6,25.17,25.3,17.8,3.67,6.3
2019,8,RR,32171.8,20516350.6,272.8,1004.2,703.0,26.06,24.0,21.3,25.45,25.0,18.1,3.45,4.3
2019,9,RR,24128.85,15387262.95,125.6,1002.08,807.95,27.39,24.9,22.1,26.72,25.9,16.5,3.84,4.9
2019,10,RR,12868.72,8206540.24,50.4,1000.77,837.34,27.71,24.1,21.9,27.09,25.0,17.4,4.44,4.5
2019,11,RR,4825.77,3077452.59,217.0,999.71,738.91,27.75,24.5,22.1,27.13,25.0,17.1,4.38,5.4
2019,12,RR,3217.18,2051635.06,58.4,1000.54,741.02,27.27,24.6,22.4,26.68,25.9,17.7,5.24,4.9
2020,1,RR,695.56,443583.68,7.0,1002.03,260.3,27.74,22.8,21.8,27.16,23.4,14.0,5.93,4.6
2020,2,RR,695.56,443583.68,0.8,1002.2,260.3,28.49,22.4,23.0,27.89,22.8,12.0,6.79,5.3
2020,3,RR,695.56,443583.68,5.6,1001.43,260.3,29.58,22.5,23.8,28.98,22.6,13.7,6.63,5.0
2020,4,RR,1043.34,665375.52,104.6,1002.28,260.3,28.72,24.7,22.6,28.14,24.9,13.2,5.21,5.2
2020,5,RR,2782.24,1774334.72,279.0,1003.2,260.3,26.77,25.2,22.6,26.25,25.4,18.2,4.23,4.1
2020,6,RR,5216.7,3326877.6,373.8,1003.17,260.3,25.94,24.0,21.7,25.39,25.1,18.2,3.66,4.4
2020,7,RR,6955.6,4435836.8,251.0,1002.61,260.3,26.23,25.3,21.1,25.6,25.9,16.8,3.65,4.4
2020,8,RR,6955.6,4435836.8,182.2,1002.32,260.3,26.26,25.1,22.2,25.64,26.1,17.2,3.73,5.5
2020,9,RR,5216.7,3326877.6,71.0,1002.02,260.3,29.55,23.4,22.4,27.7,24.7,15.8,4.14,6.1
2020,10,RR,2782.24,1774334.72,0.0,1001.88,260.3,32.34,19.75,32.71,29.8,21.49,17.85,5.06,2.0
2020,11,RR,1043.34,665375.52,0.0,1001.01,260.3,32.06,21.01,32.75,30.33,22.17,18.89,5.65,2.0
2020,12,RR,695.56,443583.68,7.4,1000.24,260.3,30.86,22.8,23.9,29.9,24.3,18.5,5.87,3.6
2021,1,RR,561.7,369123.76,131.9,1000.68,260.3,28.63,23.0,22.6,28.01,23.5,16.6,5.75,4.6
2021,2,RR,561.7,369123.76,0.0,999.63,260.3,31.0,18.7,32.55,30.9,19.49,18.02,5.9,2.63
2021,3,RR,561.7,369123.76,0.0,999.91,260.3,31.0,18.79,32.43,30.79,19.56,18.07,6.14,2.65
2021,4,RR,842.55,553685.64,0.0,1000.21,260.3,31.0,18.87,32.31,30.67,19.63,18.13,6.39,2.67
2021,5,RR,2246.8,1476495.04,0.0,1000.5,260.3,31.0,18.96,32.18,30.54,19.7,18.19,6.64,2.69
2021,6,RR,4212.75,2768428.2,0.0,1000.79,260.3,31.0,19.04,32.06,30.42,19.77,18.24,6.89,2.71
2021,7,RR,5617.0,3691237.6,0.0,1001.08,260.3,31.0,19.12,31.94,30.3,19.84,18.3,7.14,2.73
2021,8,RR,5617.0,3691237.6,0.0,1001.38,260.3,31.0,19.21,31.82,30.18,19.91,18.36,7.39,2.76
2021,9,RR,4212.75,2768428.2,0.0,1001.67,260.3,31.0,19.29,31.7,30.06,19.98,18.42,7.64,2.78
2021,10,RR,2246.8,1476495.04,0.0,1001.96,260.3,31.0,19.37,31.58,29.94,20.05,18.47,7.89,2.8
2021,11,RR,842.55,553685.64,0.0,1002.25,260.3,31.0,19.46,31.46,29.82,20.12,18.53,8.14,2.82
2021,12,RR,561.7,369123.76,0.0,1002.55,260.3,31.0,19.54,31.33,29.7,20.19,18.59,8.39,2.84
2022,1,RR,666.98,447577.22,0.0,1002.85,260.3,31.0,19.63,31.21,29.57,20.27,18.64,8.64,2.86
2022,2,RR,666.98,447577.22,0.0,1003.14,260.3,31.0,19.71,31.09,29.45,20.33,18.7,8.9,2.88
2022,3,RR,666.98,447577.22,0.0,1002.67,260.3,29.95,19.8,23.0,28.63,20.41,18.76,8.17,4.4
2022,4,RR,1000.47,671365.83,0.0,1001.35,260.3,26.97,19.88,21.0,26.44,20.48,18.82,5.16,4.7
2022,5,RR,2667.92,1790308.88,0.0,1003.17,260.3,25.74,19.97,21.2,25.26,20.56,18.88,4.0,4.3
2022,6,RR,5002.35,3356829.15,0.0,1002.91,260.3,25.57,20.06,22.0,25.01,20.63,18.94,3.58,6.0
2022,7,RR,6669.8,4475772.2,0.0,1002.99,260.3,25.98,20.15,22.1,25.41,20.7,19.0,3.86,5.4
2022,8,RR,6669.8,4475772.2,0.0,1002.6,260.3,26.92,20.24,21.7,26.27,20.78,19.06,7.49,4.14
2022,9,RR,5002.35,3356829.15,0.0,1001.56,260.3,27.54,20.32,21.6,26.84,20.85,19.12,6.62,3.31
2022,10,RR,2667.92,1790308.88,0.0,1000.73,260.3,27.8,20.41,22.6,27.14,20.92,19.18,5.74,2.51
2022,11,RR,1000.47,671365.83,0.0,1000.96,260.3,27.01,20.5,21.3,26.49,21.0,19.24,4.54,3.6
2022,12,RR,666.98,447577.22,50.6,1000.76,260.3,26.58,23.3,21.9,26.0,24.2,12.0,5.17,4.7
2023,1,RR,1011.26,673851.88,85.8,1002.26,260.3,26.7,22.5,21.6,26.13,22.9,12.4,5.51,4.5
2023,2,RR,1011.26,673851.88,53.6,1001.72,260.3,27.01,23.9,21.9,26.47,24.2,14.5,6.1,4.5
2023,3,RR,1011.26,673851.88,8.4,1001.89,260.3,28.31,21.9,22.4,27.72,22.5,10.9,6.57,5.4
2023,4,RR,1516.89,1010777.82,293.0,1001.35,260.3,27.91,24.1,22.2,27.3,24.3,12.9,5.54,6.1
2023,5,RR,4045.04,2695407.52,322.8,1002.46,260.3,26.84,24.8,22.8,26.27,24.9,15.1,4.52,5.6
2023,6,RR,7584.45,5053889.1,438.8,1003.58,260.3,26.22,24.2,22.2,25.63,25.4,17.1,3.75,5.5
2023,7,RR,10112.6,6738518.8,384.8,1003.75,260.3,26.43,25.1,22.2,25.81,25.7,13.6,3.81,5.2
2023,8,RR,10112.6,6738518.8,26.2,1000.57,260.3,30.0,23.6,22.8,28.4,24.0,16.1,5.87,5.8
2023,9,RR,7584.45,5053889.1,0.0,996.63,260.3,34.19,21.01,34.38,31.49,23.38,19.17,7.85,2.82
2023,10,RR,4045.04,2695407.52,0.0,996.43,260.3,35.52,20.05,35.56,33.28,21.84,18.05,6.77,2.63
2023,11,RR,1516.89,1010777.82,1.0,997.68,260.3,34.38,22.0,24.4,32.88,23.3,13.7,5.85,4.8
2023,12,RR,1011.26,673851.88,22.4,1000.49,260.3,29.27,22.8,23.3,28.63,23.4,13.2,5.77,5.1
2001,1,DF,5.04,1287.3,98.8,886.8,1006.6,22.59,20.3,15.9,21.84,20.3,9.0,5.33,6.3
2001,2,DF,5.04,1287.3,98.2,886.12,988.57,22.43,19.5,16.9,21.73,19.7,5.6,4.64,7.9
2001,3,DF,5.04,1287.3,201.2,886.87,748.1,21.1,19.8,17.1,20.52,20.3,11.6,4.58,6.7
2001,4,DF,7.56,1930.95,141.2,887.77,900.2,21.78,19.0,15.9,21.11,19.8,6.4,4.73,5.9
2001,5,DF,20.16,5149.2,35.6,887.78,744.37,20.78,18.4,13.9,20.2,18.7,5.4,4.31,5.7
2001,6,DF,37.8,9654.75,0.0,889.91,807.7,19.51,16.0,11.3,18.92,16.4,4.6,4.98,6.4
2001,7,DF,50.4,12873.0,13.6,889.65,799.34,19.95,15.5,12.6,19.29,16.6,0.4,5.04,6.9
2001,8,DF,50.4,12873.0,39.6,891.01,815.42,19.86,15.8,13.2,19.48,16.3,2.4,6.31,7.9
2001,9,DF,37.8,9654.75,49.0,887.58,944.61,21.98,17.4,13.8,21.43,19.3,2.9,5.31,6.5
2001,10,DF,20.16,5149.2,135.4,886.68,756.85,21.21,18.5,15.7,20.68,19.0,5.7,4.96,7.1
2001,11,DF,7.56,1930.95,163.8,885.6,643.47,21.01,19.4,16.8,20.63,20.7,10.9,4.56,7.4
2001,12,DF,5.04,1287.3,154.0,885.24,883.16,21.86,19.9,17.9,21.36,20.0,9.6,5.82,7.8
2002,1,DF,1.42,389.62,223.1,885.41,839.25,21.9,20.2,17.8,21.2,21.2,6.9,5.58,7.5
2002,2,DF,1.42,389.62,203.6,886.52,844.39,21.18,20.0,16.6,20.64,20.3,9.3,4.72,8.1
2002,3,DF,1.42,389.62,121.4,887.17,892.01,22.26,19.3,16.6,21.73,21.3,10.3,5.28,7.2
2002,4,DF,2.13,584.43,91.6,887.09,901.0,22.02,19.0,17.2,21.44,19.7,6.9,5.18,7.2
2002,5,DF,5.68,1558.48,17.8,888.1,775.63,20.93,17.3,12.8,20.3,18.8,4.0,4.72,6.8
2002,6,DF,10.65,2922.15,0.0,890.52,797.08,19.5,14.7,12.8,18.88,15.1,3.8,4.96,6.0
2002,7,DF,14.2,3896.2,17.0,889.99,734.16,20.38,15.1,13.0,19.68,16.7,3.6,4.95,7.6
2002,8,DF,14.2,3896.2,18.2,889.64,894.19,21.76,13.8,15.0,21.13,14.0,0.9,5.83,7.3
2002,9,DF,10.65,2922.15,65.4,887.97,881.68,22.02,17.8,11.6,21.47,18.2,0.0,5.62,7.5
2002,10,DF,5.68,1558.48,77.0,886.29,1093.46,25.01,19.6,18.5,24.39,19.9,3.2,5.54,6.8
2002,11,DF,2.13,584.43,134.6,886.43,752.93,22.29,19.1,16.2,21.76,19.6,9.0,4.78,6.5
2002,12,DF,1.42,389.62,350.6,886.18,764.65,22.24,20.3,17.8,21.76,20.7,7.0,5.21,6.8
2003,1,DF,4.96,1177.1,201.4,886.66,815.07,21.74,20.1,17.6,21.22,20.8,11.0,5.36,7.1
2003,2,DF,4.96,1177.1,132.4,887.35,939.71,22.23,19.5,16.8,21.61,19.9,9.4,5.06,6.0
2003,3,DF,4.96,1177.1,113.2,886.99,635.67,21.93,19.6,16.9,21.07,20.1,13.6,4.55,5.4
2003,4,DF,7.44,1765.65,74.6,889.01,896.96,22.01,19.5,15.4,21.44,19.9,7.2,4.89,6.9
2003,5,DF,19.84,4708.4,9.0,888.72,745.64,19.87,19.0,11.8,19.25,19.0,0.1,4.91,6.4
2003,6,DF,37.2,8828.25,0.2,889.35,785.14,19.79,16.6,11.7,19.11,16.2,1.1,4.72,6.1
2003,7,DF,49.6,11771.0,0.0,891.27,838.75,19.1,13.6,12.3,18.44,13.8,0.9,5.42,6.8
2003,8,DF,49.6,11771.0,34.8,889.65,809.58,21.36,17.1,14.3,20.74,18.0,1.7,5.18,7.0
2003,9,DF,37.2,8828.25,11.2,888.53,877.27,22.55,17.4,15.0,21.97,17.7,0.0,5.82,7.1
2003,10,DF,19.84,4708.4,55.0,886.72,787.28,22.42,17.9,14.8,21.88,18.2,1.1,5.28,7.8
2003,11,DF,7.44,1765.65,184.8,885.65,730.46,21.48,18.7,15.8,20.95,19.5,11.0,4.9,10.0
2003,12,DF,4.96,1177.1,183.8,886.07,872.73,22.76,19.6,16.5,22.21,20.7,7.7,5.14,8.0
2004,1,DF,1.26,364.88,342.8,884.34,633.5,21.03,20.1,18.2,20.63,21.3,14.6,5.56,7.1
2004,2,DF,1.26,364.88,376.5,886.34,770.72,21.0,19.6,17.4,20.65,19.8,11.6,5.14,9.3
2004,3,DF,1.26,364.88,243.1,886.31,785.84,21.17,20.1,17.3,20.6,20.1,12.0,4.75,7.3
2004,4,DF,1.89,547.32,122.6,887.56,730.33,20.87,19.3,15.5,20.33,20.0,10.6,4.34,6.5
2004,5,DF,5.04,1459.52,0.0,938.1,837.17,22.36,17.0,16.5,20.06,17.6,10.7,4.57,5.3
2004,6,DF,9.45,2736.6,0.0,890.11,907.74,18.56,15.6,12.7,17.92,16.6,7.4,5.02,5.8
2004,7,DF,12.6,3648.8,0.0,888.97,1358.05,18.21,17.0,9.4,17.55,17.0,2.7,5.92,7.4
2004,8,DF,12.6,3648.8,0.0,889.36,1807.92,20.77,15.7,11.1,20.04,16.2,0.1,5.58,7.4
2004,9,DF,9.45,2736.6,0.0,887.49,2381.27,23.79,15.4,16.4,23.05,15.5,0.1,6.2,7.5
2004,10,DF,5.04,1459.52,113.2,885.61,1631.56,23.11,19.1,17.2,22.49,19.4,3.5,5.53,7.4
2004,11,DF,1.89,547.32,97.4,885.46,936.57,22.01,19.7,17.4,21.42,20.4,10.4,5.53,7.1
2004,12,DF,1.26,364.88,122.4,885.45,1139.87,21.42,19.7,16.0,20.82,20.7,8.2,5.02,7.6
2005,1,DF,4.52,1239.62,245.4,884.82,1625.25,21.56,20.4,17.0,21.0,21.3,13.3,5.38,8.0
2005,2,DF,4.52,1239.62,251.6,885.68,1454.38,22.23,20.2,16.8,21.59,20.5,11.0,5.23,7.6
2005,3,DF,4.52,1239.62,365.6,886.3,1257.21,21.46,20.6,17.5,20.89,21.4,14.0,4.46,6.7
2005,4,DF,6.78,1859.43,27.8,887.51,1444.31,22.12,19.8,17.2,21.51,20.1,10.8,5.15,6.7
2005,5,DF,18.08,4958.48,9.0,888.15,1234.91,19.91,19.4,13.0,19.32,20.2,7.3,5.73,8.6
2005,6,DF,33.9,9297.15,5.8,889.72,5137.09,19.17,17.0,13.0,18.57,18.3,7.2,5.67,6.9
2005,7,DF,45.2,12396.2,0.0,890.81,9785.53,19.05,13.7,10.2,18.35,14.1,1.0,5.45,7.8
2005,8,DF,45.2,12396.2,37.6,889.27,8510.37,21.18,14.6,13.7,20.46,15.8,2.0,5.73,6.9
2005,9,DF,33.9,9297.15,52.4,887.89,914.79,23.28,18.0,16.4,22.63,18.5,1.9,5.73,7.9
2005,10,DF,18.08,4958.48,34.4,886.19,1055.83,24.74,19.9,18.3,24.02,20.3,1.0,5.18,7.2
2005,11,DF,6.78,1859.43,229.4,884.84,655.14,21.14,19.5,17.3,20.64,19.9,10.5,5.02,6.6
2005,12,DF,4.52,1239.62,391.4,885.05,684.87,20.47,19.9,16.8,19.96,20.3,8.8,4.78,7.2
2007,1,DF,4.66,1430.5,238.4,886.08,762.18,21.69,20.4,17.0,21.12,20.4,9.8,4.57,7.0
2007,2,DF,4.66,1430.5,260.4,885.89,773.0,21.16,19.9,17.8,20.63,20.3,10.7,5.64,7.7
2007,3,DF,4.66,1430.5,36.2,887.03,1030.03,22.49,19.2,17.3,21.86,20.7,7.7,5.95,6.1
2007,4,DF,6.99,2145.75,51.8,887.34,844.82,21.95,18.7,15.3,21.31,20.1,8.1,4.98,6.1
2007,5,DF,18.64,5722.0,8.0,887.84,813.41,21.47,16.8,11.0,20.83,17.2,0.6,5.13,6.5
2007,6,DF,34.95,10728.75,0.0,889.87,792.58,20.1,16.6,13.1,19.46,16.8,2.4,5.2,6.2
2007,7,DF,46.6,14305.0,0.0,889.21,799.19,20.49,16.5,12.5,19.8,16.5,3.5,5.17,6.1
2007,8,DF,46.6,14305.0,0.0,889.44,983.41,20.51,13.5,12.8,19.85,13.5,0.1,6.86,8.3
2007,9,DF,34.95,10728.75,0.0,888.85,1054.9,23.3,15.5,15.9,22.61,15.6,0.8,6.83,7.6
2007,10,DF,18.64,5722.0,23.6,886.03,914.67,23.86,18.1,17.3,23.16,19.1,2.7,5.83,7.1
2007,11,DF,6.99,2145.75,247.6,884.52,821.48,22.44,20.1,17.8,21.72,20.8,9.6,5.16,6.8
2007,12,DF,4.66,1430.5,233.6,885.13,861.15,21.56,19.6,15.3,21.01,20.4,5.5,5.26,6.3
2008,1,DF,0.8,254.66,207.8,885.18,797.43,21.28,19.6,16.6,20.72,20.0,7.4,5.06,7.1
2008,2,DF,0.8,254.66,237.8,885.89,803.19,21.12,19.8,16.7,20.51,20.5,11.5,4.58,7.3
2008,3,DF,0.8,254.66,212.9,885.81,812.65,20.82,19.3,16.4,20.31,20.1,12.4,4.71,6.9
2008,4,DF,1.2,381.99,203.6,885.48,780.16,21.43,19.0,17.1,20.83,19.5,12.1,4.35,5.6
2008,5,DF,3.2,1018.64,0.2,888.02,796.89,19.96,18.1,13.2,19.28,18.5,4.3,4.46,5.6
2008,6,DF,6.0,1909.95,0.0,889.4,758.13,19.4,15.4,13.2,18.7,16.3,5.4,4.77,5.5
2008,7,DF,8.0,2546.6,0.0,890.25,832.46,18.81,13.3,11.5,18.09,13.7,0.0,5.45,7.3
2008,8,DF,8.0,2546.6,0.0,888.12,930.07,21.5,14.9,13.4,20.75,15.2,1.4,5.49,6.4
2008,9,DF,6.0,1909.95,82.6,887.61,11307.14,23.18,17.8,14.9,22.41,17.9,0.0,5.21,8.0
2008,10,DF,3.2,1018.64,33.8,886.93,1667.43,24.1,18.5,16.5,23.43,19.5,3.2,5.81,7.0
2008,11,DF,1.2,381.99,300.0,885.01,712.84,21.52,19.2,16.2,20.95,19.8,7.3,5.06,6.7
2008,12,DF,0.8,254.66,297.2,884.66,689.9,21.01,20.2,17.3,20.5,20.6,11.8,5.05,7.0
2009,1,DF,2.86,931.26,204.4,886.03,849.24,21.88,20.0,17.8,21.3,20.7,10.3,4.98,7.4
2009,2,DF,2.86,931.26,146.4,885.99,921.16,22.05,19.9,17.5,21.39,20.6,10.8,4.99,6.4
2009,3,DF,2.86,931.26,81.2,885.6,810.23,22.21,20.4,17.4,21.59,20.7,9.6,4.57,6.5
2009,4,DF,4.29,1396.89,379.8,887.02,686.76,20.82,20.0,15.7,20.31,20.9,9.9,4.49,5.3
2009,5,DF,11.44,3725.04,53.8,888.18,700.02,20.01,18.4,13.0,19.46,19.1,5.8,4.61,6.4
2009,6,DF,21.45,6984.45,9.0,889.31,682.4,19.23,18.1,10.0,18.58,18.3,6.2,4.34,5.4
2009,7,DF,28.6,9312.6,0.0,889.38,763.86,20.46,15.5,12.6,19.71,15.7,1.8,4.83,5.6
2009,8,DF,28.6,9312.6,17.2,888.87,830.48,20.92,17.3,13.2,20.28,17.4,2.7,5.8,6.6
2009,9,DF,21.45,6984.45,47.4,887.99,802.93,22.79,19.1,17.0,22.15,19.5,8.2,4.77,7.2
2009,10,DF,11.44,3725.04,272.8,885.39,778.35,21.85,19.9,16.7,21.27,20.7,9.9,4.62,7.4
2009,11,DF,4.29,1396.89,191.2,884.66,794.39,22.34,20.0,17.2,21.75,20.7,9.6,4.54,5.7
2009,12,DF,2.86,931.26,294.84,885.24,683.57,21.06,20.1,16.0,20.53,20.6,12.3,5.32,9.0
2010,1,DF,2.6,900.08,116.26,885.8,890.72,22.38,20.0,17.2,21.79,20.4,8.4,4.77,6.6
2010,2,DF,2.6,900.08,33.2,887.18,1043.02,24.16,19.9,17.0,23.57,20.6,11.8,5.73,6.1
2010,3,DF,2.6,900.08,229.0,885.49,834.66,22.35,21.6,17.7,21.76,21.7,11.0,5.13,5.5
2010,4,DF,3.9,1350.12,214.0,886.7,877.6,21.53,19.9,13.9,20.93,21.0,8.9,4.86,5.8
2010,5,DF,10.4,3600.32,25.0,886.7,777.83,21.4,19.0,12.7,20.69,19.2,5.6,4.41,6.3
2010,6,DF,19.5,6750.6,0.0,889.31,749.8,19.49,16.8,9.7,18.79,17.1,0.5,5.37,6.6
2010,7,DF,26.0,9000.8,0.0,890.18,899.94,20.03,13.9,13.5,19.31,14.1,1.7,6.33,7.3
2010,8,DF,26.0,9000.8,0.0,889.3,976.71,20.68,12.1,11.3,19.9,12.1,0.0,6.03,6.4
2010,9,DF,19.5,6750.6,0.0,887.28,1031.88,23.47,17.6,16.3,22.74,18.0,0.0,6.49,6.3
2010,10,DF,10.4,3600.32,178.2,885.36,835.0,22.92,20.2,17.2,22.21,20.5,6.1,5.12,6.7
2010,11,DF,3.9,1350.12,217.6,884.3,707.79,21.05,19.7,15.5,20.51,20.1,11.9,4.94,6.5
2010,12,DF,2.6,900.08,316.2,883.14,798.84,21.55,20.5,15.7,20.97,21.3,8.0,5.06,6.9
2011,1,DF,2.68,991.6,118.2,884.24,907.53,21.62,19.9,17.1,21.03,20.8,10.5,5.92,8.0
2011,2,DF,2.68,991.6,159.0,885.3,838.91,21.69,19.7,17.5,20.98,20.6,6.1,4.75,6.4
2011,3,DF,2.68,991.6,231.2,884.81,781.04,21.41,19.9,17.4,20.83,20.4,12.7,5.16,6.0
2011,4,DF,4.02,1487.4,59.8,886.69,874.32,21.45,19.7,15.7,20.83,19.9,4.7,5.41,5.8
2011,5,DF,10.72,3966.4,12.2,887.5,797.54,20.06,18.3,13.3,19.37,18.4,5.8,5.08,6.1
2011,6,DF,20.1,7437.0,3.8,888.46,735.94,19.29,16.5,11.2,18.53,16.9,5.7,4.96,6.5
2011,7,DF,26.8,9916.0,0.0,888.77,822.49,19.74,14.9,11.6,18.94,15.2,0.4,5.54,7.5
2011,8,DF,26.8,9916.0,0.0,888.45,984.51,22.22,15.3,12.5,21.4,15.7,0.0,5.81,7.3
2011,9,DF,20.1,7437.0,6.4,888.37,1063.75,23.22,16.2,15.0,22.46,16.3,0.0,6.23,7.1
2011,10,DF,10.72,3966.4,269.0,885.33,635.7,20.61,19.8,13.8,20.06,20.1,5.0,5.35,6.6
2011,11,DF,4.02,1487.4,311.6,884.98,777.66,20.68,19.4,14.6,20.13,20.4,6.5,5.66,6.7
2011,12,DF,2.68,991.6,285.8,884.8,732.01,20.83,19.8,16.8,20.29,20.1,9.9,5.4,7.7
2012,1,DF,2.06,1376.16,248.6,885.59,691.17,20.32,20.2,16.0,19.79,20.4,12.7,5.24,7.3
2012,2,DF,2.06,1376.16,104.8,885.89,888.92,21.28,18.9,15.6,20.64,19.6,7.6,5.13,6.1
2012,3,DF,2.06,1376.16,182.6,886.36,835.95,21.73,19.6,16.5,21.06,20.1,3.4,4.81,5.5
2012,4,DF,3.09,2064.24,110.0,886.42,841.37,22.14,19.7,16.3,21.49,20.0,6.1,4.69,5.6
2012,5,DF,8.24,5504.64,40.2,888.25,673.79,19.41,18.0,14.3,18.84,18.3,7.0,5.29,5.9
2012,6,DF,15.45,10321.2,2.4,889.05,744.28,20.18,17.8,12.9,19.52,19.9,4.3,4.99,5.5
2012,7,DF,20.6,13761.6,0.2,889.16,811.66,19.73,14.2,12.1,18.96,14.6,0.2,5.27,7.4
2012,8,DF,20.6,13761.6,0.0,890.45,946.86,19.77,12.5,13.2,19.09,13.1,0.0,7.11,7.0
2012,9,DF,15.45,10321.2,30.8,888.55,963.55,23.47,17.3,15.6,22.74,17.6,0.3,5.88,5.9
2012,10,DF,8.24,5504.64,98.8,885.85,972.85,23.7,18.7,15.9,22.94,19.1,0.0,5.7,6.3
2012,11,DF,3.09,2064.24,357.8,884.37,701.17,21.28,20.7,16.7,20.73,21.6,12.0,5.32,6.6
2012,12,DF,2.06,1376.16,131.2,885.11,921.19,22.48,19.7,16.9,21.75,20.5,4.9,4.84,6.1
2013,1,DF,0.4,527.6,452.8,885.63,711.23,21.15,20.5,15.9,20.64,20.8,5.8,5.25,10.4
2013,2,DF,0.4,527.6,156.2,885.82,962.51,22.72,19.5,16.0,22.05,20.3,6.6,5.06,5.5
2013,3,DF,0.4,527.6,169.4,886.21,798.95,22.19,20.4,17.8,21.57,21.3,11.1,4.96,5.6
2013,4,DF,0.6,791.4,89.2,887.25,748.89,20.8,20.4,14.9,20.23,21.0,9.0,4.72,6.3
2013,5,DF,1.6,2110.4,20.8,887.96,815.75,20.59,17.7,13.6,19.9,18.0,5.5,4.94,5.3
2013,6,DF,3.0,3957.0,6.0,888.85,690.95,20.02,18.1,13.6,19.38,18.9,3.2,4.88,6.1
2013,7,DF,4.0,5276.0,0.0,889.64,806.62,19.64,15.4,12.0,18.85,16.4,2.9,5.24,6.0
2013,8,DF,4.0,5276.0,0.0,888.66,918.73,20.98,13.3,11.8,20.18,13.5,0.0,5.96,5.9
2013,9,DF,3.0,3957.0,58.6,887.75,891.59,22.45,19.0,14.9,21.74,19.6,1.2,6.35,6.7
2013,10,DF,1.6,2110.4,85.0,886.56,837.38,21.89,19.3,14.4,21.26,19.6,5.2,5.51,5.8
2013,11,DF,0.6,791.4,249.8,884.81,825.26,21.67,20.4,16.7,21.07,20.8,7.1,5.33,6.0
2013,12,DF,0.4,527.6,307.6,884.18,754.66,21.24,20.2,17.4,20.66,21.3,10.9,5.55,7.3
2014,1,DF,2.54,2599.14,135.8,886.79,1004.19,22.11,20.0,16.1,21.42,20.3,6.4,5.44,6.7
2014,2,DF,2.54,2599.14,124.6,885.91,885.07,21.79,20.0,16.4,21.18,20.0,8.1,5.37,5.7
2014,3,DF,2.54,2599.14,305.6,886.5,737.99,21.19,20.9,15.8,20.63,21.2,10.7,4.87,8.4
2014,4,DF,3.81,3898.71,216.0,887.01,796.11,21.42,20.7,14.8,20.81,21.4,7.8,4.52,5.8
2014,5,DF,10.16,10396.56,2.4,887.78,792.81,20.32,18.7,12.2,19.58,19.8,2.1,4.3,5.3
2014,6,DF,19.05,19493.55,7.6,889.08,731.02,19.43,18.8,11.6,18.71,18.8,5.4,4.12,5.2
2014,7,DF,25.4,25991.4,7.0,890.84,779.33,19.02,16.5,11.7,18.31,16.7,2.0,4.67,4.9
2014,8,DF,25.4,25991.4,0.0,889.44,918.75,21.16,12.6,13.0,20.29,12.7,0.1,5.0,6.4
2014,9,DF,19.05,19493.55,14.6,887.57,999.21,23.79,17.3,14.8,23.02,18.7,0.2,5.94,6.4
2014,10,DF,10.16,10396.56,159.8,886.9,959.4,23.44,19.5,15.2,22.68,20.3,0.1,5.94,7.1
2014,11,DF,3.81,3898.71,180.4,885.42,784.23,21.77,20.7,17.4,21.14,21.7,9.4,4.94,5.9
2014,12,DF,2.54,2599.14,321.0,886.02,751.07,21.08,20.7,16.0,20.53,20.8,7.4,5.29,6.3
2016,1,DF,5.74,3913.02,345.0,885.41,685.53,21.29,22.1,18.0,20.79,22.6,8.1,5.63,5.6
2016,2,DF,5.74,3913.02,80.0,887.4,1016.83,23.07,19.7,17.5,22.31,20.4,5.0,4.8,6.7
2016,3,DF,5.74,3913.02,125.4,888.01,840.91,22.62,19.6,17.5,22.01,20.6,9.8,4.96,5.1
2016,4,DF,8.61,5869.53,9.8,887.69,935.71,22.95,18.1,15.7,22.22,18.7,8.3,5.09,6.1
2016,5,DF,22.96,15652.08,3.2,889.36,805.2,21.69,17.9,14.4,20.92,18.4,6.7,4.66,5.0
2016,6,DF,43.05,29347.65,0.0,890.53,747.43,20.06,16.9,9.9,19.32,17.0,0.9,5.08,6.2
2016,7,DF,57.4,39130.2,0.0,889.98,847.21,20.63,14.1,12.9,19.76,14.3,1.3,5.31,6.2
2016,8,DF,57.4,39130.2,17.4,889.08,861.23,21.74,15.8,11.2,20.92,16.3,1.1,5.44,6.5
2016,9,DF,43.05,29347.65,52.8,888.1,924.74,23.78,17.3,16.3,22.97,18.5,0.7,5.68,6.2
2016,10,DF,22.96,15652.08,89.2,886.24,866.47,23.23,19.4,15.1,22.55,19.7,6.1,5.48,7.6
2016,11,DF,8.61,5869.53,267.2,885.59,721.23,21.57,19.3,16.7,21.02,19.9,9.4,5.48,5.9
2016,12,DF,5.74,3913.02,150.8,886.14,918.63,21.98,19.3,16.9,21.36,19.8,6.2,5.65,7.7
2017,1,DF,8.28,5119.64,143.8,886.49,911.1,22.34,19.3,17.5,21.64,20.6,6.5,4.66,7.3
2017,2,DF,8.28,5119.64,242.8,886.4,794.64,21.32,19.7,16.9,20.74,21.2,11.5,5.13,6.3
2017,3,DF,8.28,5119.64,177.8,886.61,858.84,22.11,19.6,16.9,21.44,20.0,8.4,4.38,7.3
2017,4,DF,12.42,7679.46,25.4,887.38,833.57,22.38,19.6,16.3,21.78,20.5,9.7,5.0,5.2
2017,5,DF,33.12,20478.56,64.2,888.39,745.78,20.93,19.0,14.2,20.27,20.2,2.8,4.68,5.8
2017,6,DF,62.1,38397.3,0.0,889.84,776.96,19.73,17.2,12.2,19.03,17.7,0.8,5.43,6.1
2017,7,DF,82.8,51196.4,0.0,892.18,861.96,17.63,12.5,10.4,16.98,13.0,0.6,6.9,7.7
2017,8,DF,82.8,51196.4,0.0,888.85,958.05,21.77,12.9,11.0,20.87,13.0,0.3,5.43,6.7
2017,9,DF,62.1,38397.3,10.0,889.47,963.32,21.96,15.5,14.2,21.33,15.9,0.0,6.87,6.8
2017,10,DF,33.12,20478.56,36.0,886.28,944.99,24.58,18.4,14.1,23.78,18.9,0.0,6.06,6.2
2017,11,DF,12.42,7679.46,333.8,885.15,715.95,21.5,19.4,16.9,20.93,19.9,6.6,5.38,9.1
2017,12,DF,8.28,5119.64,258.2,885.34,756.15,21.44,20.0,16.3,20.85,20.6,8.6,4.98,5.9
2018,1,DF,4.5,4183.74,158.8,886.15,977.26,22.08,19.5,16.4,21.42,20.4,6.4,5.13,5.9
2018,2,DF,4.5,4183.74,257.8,885.64,856.47,21.5,19.9,16.6,20.92,21.1,8.9,5.32,7.1
2018,3,DF,4.5,4183.74,228.0,886.18,804.49,22.01,20.5,17.4,21.4,21.4,9.0,4.79,5.5
2018,4,DF,6.75,6275.61,213.6,888.11,729.13,20.51,20.4,16.0,19.99,20.7,9.6,5.27,6.1
2018,5,DF,18.0,16734.96,9.6,889.23,821.53,19.66,16.8,11.0,18.96,16.8,5.3,5.05,5.4
2018,6,DF,33.75,31378.05,0.0,890.25,792.22,19.43,15.9,10.9,18.66,16.2,2.2,4.61,5.6
2018,7,DF,45.0,41837.4,0.0,890.08,853.7,19.34,13.6,11.9,18.5,13.8,2.0,4.92,5.7
2018,8,DF,45.0,41837.4,23.0,889.53,818.64,21.61,15.9,13.0,20.84,16.3,0.2,5.12,6.3
2018,9,DF,33.75,31378.05,39.6,886.82,972.33,23.34,17.5,12.7,22.47,18.6,0.1,5.16,4.7
2018,10,DF,18.0,16734.96,273.4,886.08,773.09,23.11,20.8,17.6,22.46,21.2,6.5,4.96,6.3
2018,11,DF,6.75,6275.61,298.8,885.81,687.71,20.89,19.9,16.1,20.37,20.8,11.7,4.8,5.0
2018,12,DF,4.5,4183.74,199.4,886.75,862.35,21.7,20.3,16.3,21.05,20.4,5.3,5.29,5.5
2020,1,DF,1.18,879.24,311.0,885.79,52.0,22.21,21.0,17.7,21.62,21.9,9.0,5.66,6.2
2020,2,DF,1.18,879.24,194.2,886.93,52.0,21.76,20.2,16.8,21.16,21.3,11.7,4.62,6.8
2020,3,DF,1.18,879.24,282.8,886.69,52.0,21.61,20.3,16.3,21.04,21.1,11.4,4.91,5.0
2020,4,DF,1.77,1318.86,179.8,888.11,52.0,21.28,20.5,13.6,20.72,21.7,10.6,4.77,5.0
2020,5,DF,4.72,3516.96,29.2,889.25,52.0,19.19,19.3,9.4,18.54,20.1,4.4,4.34,4.6
2020,6,DF,8.85,6594.3,0.0,889.95,52.0,19.16,16.8,11.3,18.41,17.3,3.5,5.02,7.1
2020,7,DF,11.8,8792.4,0.0,889.71,52.0,19.3,14.1,12.0,18.53,14.4,1.0,5.42,6.7
2020,8,DF,11.8,8792.4,0.0,889.3,52.0,20.42,14.1,10.0,19.68,14.6,0.3,6.01,5.7
2020,9,DF,8.85,6594.3,29.8,888.32,52.0,23.55,17.0,15.5,22.75,17.5,0.1,5.68,5.5
2020,10,DF,4.72,3516.96,169.2,886.13,52.0,23.69,20.5,17.7,23.02,20.7,0.6,5.37,6.1
2020,11,DF,1.77,1318.86,226.0,886.05,52.0,21.6,19.6,16.6,20.99,20.1,8.8,5.15,5.3
2020,12,DF,1.18,879.24,154.6,885.84,52.0,22.44,19.9,16.5,21.76,20.7,7.2,4.64,6.5
2021,1,DF,0.74,2961.96,261.6,886.0,52.0,22.27,19.7,16.0,21.54,20.4,8.6,4.77,7.0
2021,2,DF,0.74,2961.96,539.4,885.22,52.0,20.86,20.6,16.5,20.3,21.0,12.4,4.83,6.6
2021,3,DF,0.74,2961.96,160.8,886.59,52.0,21.71,20.4,14.9,21.04,21.2,4.6,4.64,6.1
2021,4,DF,1.11,4442.94,121.8,887.05,52.0,20.72,18.9,13.6,20.08,19.9,7.7,4.51,6.1
2021,5,DF,2.96,11847.84,4.0,888.84,52.0,19.94,18.1,12.9,19.2,18.1,7.0,4.16,5.0
2021,6,DF,5.55,22214.7,29.6,889.37,52.0,19.32,16.8,8.6,18.54,16.8,3.0,4.51,6.2
2021,7,DF,7.4,29619.6,0.0,890.53,52.0,18.42,12.8,9.8,17.49,13.0,1.2,4.79,5.3
2021,8,DF,7.4,29619.6,2.8,889.64,52.0,20.93,14.1,11.6,20.16,14.5,0.7,5.71,6.2
2021,9,DF,5.55,22214.7,12.6,887.6,52.0,24.85,18.1,15.3,23.98,18.5,0.0,5.16,5.8
2021,10,DF,2.96,11847.84,157.8,886.23,52.0,23.16,19.3,17.0,22.51,19.9,3.4,5.24,5.6
2021,11,DF,1.11,4442.94,341.8,885.08,52.0,21.3,20.3,16.4,20.77,20.8,11.2,5.04,6.4
2021,12,DF,0.74,2961.96,391.0,884.19,52.0,21.19,20.8,16.4,20.63,21.2,13.3,4.94,6.5
2022,1,DF,1.92,5870.22,133.6,885.79,52.0,21.46,20.1,16.7,20.81,21.3,6.9,5.71,6.0
2022,2,DF,1.92,5870.22,235.8,886.09,52.0,21.32,20.1,16.8,20.75,20.6,11.9,4.9,5.2
2022,3,DF,1.92,5870.22,121.6,886.39,52.0,22.15,19.9,15.6,21.42,20.3,8.3,4.82,8.1
2022,4,DF,2.88,8805.33,23.4,886.96,52.0,22.33,19.8,14.9,21.6,20.4,7.2,4.93,5.1
2022,5,DF,7.68,23480.88,14.6,888.65,52.0,19.59,18.7,6.0,18.81,18.7,0.0,4.76,5.6
2022,6,DF,14.4,44026.65,0.0,888.78,52.0,19.54,16.1,11.5,18.73,16.4,2.1,4.58,4.8
2022,7,DF,19.2,58702.2,0.0,889.81,52.0,19.38,12.7,10.8,18.56,13.1,0.7,5.34,6.4
2022,8,DF,19.2,58702.2,0.0,889.06,52.0,21.15,13.7,10.4,20.31,13.8,0.7,5.66,6.6
2022,9,DF,14.4,44026.65,40.4,887.61,52.0,22.91,17.8,12.9,22.11,19.3,0.0,5.49,5.4
2022,10,DF,7.68,23480.88,35.4,886.53,52.0,23.68,19.2,17.6,22.95,19.7,0.8,5.72,5.6
2022,11,DF,2.88,8805.33,428.4,885.29,52.0,20.66,19.6,14.6,20.02,19.9,9.0,5.22,5.5
2022,12,DF,1.92,5870.22,323.2,884.85,52.0,20.82,19.7,16.9,20.26,20.8,12.2,5.31,5.3
2023,1,DF,3.94,8387.82,190.8,886.36,52.0,21.03,19.6,16.1,20.41,20.1,11.2,4.95,7.2
2023,2,DF,3.94,8387.82,55.0,886.8,52.0,22.74,19.7,16.8,22.04,19.7,8.3,4.63,5.3
2023,3,DF,3.94,8387.82,135.2,887.19,52.0,21.55,19.4,15.4,20.9,20.0,9.7,4.44,5.5
2023,4,DF,5.91,12581.73,187.2,886.86,52.0,21.03,20.4,16.3,20.4,20.9,11.1,4.73,7.7
2023,5,DF,15.76,33551.28,1.8,888.72,52.0,20.03,18.4,12.3,19.25,19.0,4.0,4.15,4.6
2023,6,DF,29.55,62908.65,2.2,890.28,52.0,19.25,16.5,10.7,18.45,16.8,5.5,4.49,4.8
2023,7,DF,39.4,83878.2,0.0,890.4,52.0,19.7,14.0,10.7,18.81,14.4,2.3,4.82,6.3
2023,8,DF,39.4,83878.2,37.6,888.79,52.0,21.75,19.2,12.5,20.91,19.5,0.0,4.98,6.1
2023,9,DF,29.55,62908.65,30.0,887.76,52.0,24.38,19.3,17.3,23.61,19.4,2.1,5.25,5.9
2023,10,DF,15.76,33551.28,126.2,886.25,52.0,24.52,20.6,18.5,23.75,21.7,5.3,4.98,5.5
2023,11,DF,5.91,12581.73,104.2,885.89,52.0,24.26,21.5,17.2,23.51,22.3,5.1,5.11,6.4
2023,12,DF,3.94,8387.82,125.8,886.03,52.0,23.33,21.1,17.8,22.6,21.7,6.2,4.96,5.0
2001,9,MS,17846.55,4523124.6,169.0,952.53,801.97,23.2,20.8,7.4,22.63,21.7,0.0,7.73,10.4
2001,10,MS,9518.16,2412333.12,100.0,951.64,813.74,24.11,21.3,14.5,23.49,22.3,4.0,5.89,10.8
2001,11,MS,3569.31,904624.92,284.4,949.89,846.53,24.48,23.3,18.3,23.89,23.9,10.9,5.67,10.4
2001,12,MS,2379.54,603083.28,224.6,949.77,884.56,23.87,23.2,13.3,23.3,24.1,4.0,5.18,8.1
2002,1,MS,3094.5,833292.3,138.1,950.08,1010.71,25.43,24.0,16.6,24.82,24.1,11.2,6.26,9.4
2002,2,MS,3094.5,833292.3,103.8,951.36,949.78,25.37,22.6,18.6,24.8,23.7,10.8,5.44,9.0
2002,3,MS,3094.5,833292.3,99.2,951.81,883.73,25.67,23.4,20.4,25.02,24.0,15.3,5.03,8.9
2002,4,MS,4641.75,1249938.45,48.2,952.13,808.99,25.77,21.9,18.6,25.02,22.7,8.5,6.7,2.89
2002,5,MS,12378.0,3333169.2,71.4,953.54,731.19,23.3,21.1,10.5,22.71,21.3,7.3,6.9,3.37
2002,6,MS,23208.75,6249692.25,0.4,956.24,718.94,22.11,17.5,11.1,21.4,17.8,5.9,7.09,3.84
2002,7,MS,30945.0,8332923.0,131.4,955.9,604.2,21.1,21.2,6.1,20.47,21.2,0.1,7.28,4.32
2002,8,MS,30945.0,8332923.0,36.6,954.2,686.09,24.32,19.2,10.2,23.6,19.8,1.4,7.48,4.8
2002,9,MS,23208.75,6249692.25,56.8,953.43,717.47,22.44,20.5,4.5,21.73,20.7,0.0,7.67,5.26
2002,10,MS,12378.0,3333169.2,121.5,950.58,874.36,26.48,22.0,17.4,25.81,22.7,10.8,7.55,10.5
2002,11,MS,4641.75,1249938.45,112.6,950.84,1067.63,25.71,21.6,16.9,25.15,21.8,5.9,7.3,11.0
2002,12,MS,3094.5,833292.3,108.5,950.51,931.9,26.6,21.8,21.3,25.99,22.8,14.4,6.05,6.7
2003,1,MS,2248.74,644597.18,324.1,950.3,766.69,24.94,23.7,19.6,24.35,24.1,14.0,4.99,3.55
2003,2,MS,2248.74,644597.18,102.8,951.99,455.97,24.77,23.6,20.6,24.52,23.8,15.4,6.12,2.76
2003,3,MS,2248.74,644597.18,149.2,951.77,755.59,24.58,22.8,15.7,24.11,23.4,13.9,7.16,3.02
2003,4,MS,3373.11,966895.77,139.2,953.81,776.21,23.5,22.3,10.6,22.92,22.9,3.0,8.23,3.27
2003,5,MS,8994.96,2578388.72,67.6,955.15,726.8,20.78,20.8,8.9,20.14,21.2,0.6,9.01,3.52
2003,6,MS,16865.55,4834478.85,43.1,955.1,690.8,21.98,20.0,14.9,21.26,20.4,5.5,9.17,3.77
2003,7,MS,22487.4,6445971.8,31.7,956.44,671.68,21.66,18.1,9.0,20.91,18.4,0.5,9.31,4.03
2003,8,MS,22487.4,6445971.8,112.9,956.83,719.04,19.48,18.3,6.4,18.84,18.6,0.1,9.45,4.29
2003,9,MS,16865.55,4834478.85,65.5,953.99,630.44,23.11,18.7,6.5,25.45,19.0,0.3,9.58,4.54
2003,10,MS,8994.96,2578388.72,0.0,950.41,49.42,24.36,18.18,32.9,33.13,16.58,8.62,9.72,4.79
2003,11,MS,3373.11,966895.77,75.8,950.37,218.87,25.99,21.5,17.8,29.87,22.6,14.79,9.14,7.7
2003,12,MS,2248.74,644597.18,124.3,950.31,988.7,25.61,22.8,18.6,25.02,24.2,15.1,6.39,9.9
2004,1,MS,2715.32,800708.76,57.2,948.65,1024.14,25.97,23.4,19.8,25.29,24.0,9.8,6.15,10.6
2004,2,MS,2715.32,800708.76,103.2,951.02,891.79,24.9,21.9,19.0,24.27,23.1,10.6,6.17,9.2
2004,3,MS,2715.32,800708.76,59.4,951.37,962.56,25.47,23.0,16.3,24.73,23.8,6.3,5.82,8.5
2004,4,MS,4072.98,1201063.14,151.0,952.25,693.18,24.15,22.5,15.0,23.57,22.8,12.1,5.89,7.8
2004,5,MS,10861.28,3202835.04,163.0,955.78,539.62,18.62,21.0,8.1,18.17,21.4,6.0,5.79,9.4
2004,6,MS,20364.9,6005315.7,82.8,956.93,609.49,19.88,18.7,4.5,19.28,18.9,0.1,6.44,9.6
2004,7,MS,27153.2,8007087.6,54.6,955.88,628.2,19.68,19.5,8.0,19.12,19.8,1.7,7.19,10.7
2004,8,MS,27153.2,8007087.6,0.0,956.24,812.14,22.33,17.5,7.6,21.55,17.8,0.0,7.08,10.6
2004,9,MS,20364.9,6005315.7,42.0,952.91,798.81,25.7,19.3,9.0,24.84,19.6,0.0,6.5,10.8
2004,10,MS,10861.28,3202835.04,181.0,951.38,855.89,23.98,21.6,14.8,23.38,22.4,1.0,7.64,12.9
2004,11,MS,4072.98,1201063.14,98.6,950.4,975.26,24.7,21.8,15.1,24.07,23.0,6.8,6.29,8.7
2004,12,MS,2715.32,800708.76,267.1,950.15,1009.17,24.97,21.9,18.8,24.3,22.6,9.3,6.06,10.5
2005,1,MS,1737.16,564805.14,256.3,948.75,717.41,24.46,23.8,19.9,23.96,24.1,16.0,5.81,7.9
2005,2,MS,1737.16,564805.14,142.2,950.76,983.85,25.81,22.6,18.3,25.13,22.8,9.7,5.62,8.5
2005,3,MS,1737.16,564805.14,90.6,951.45,910.31,25.35,22.5,17.6,24.7,22.9,7.6,5.45,12.6
2005,4,MS,2605.74,847207.71,77.6,953.4,793.77,24.75,22.9,11.2,24.04,23.0,10.1,5.41,8.0
2005,5,MS,6948.64,2259220.56,114.8,953.48,730.37,22.55,20.9,12.7,21.9,20.9,7.4,6.41,8.7
2005,6,MS,13028.7,4236038.55,126.9,955.12,724.03,22.19,19.2,13.6,21.6,19.4,6.5,6.42,9.5
2005,7,MS,17371.6,5648051.4,20.2,957.53,663.72,19.01,18.2,7.4,18.44,18.7,2.7,7.57,10.0
2005,8,MS,17371.6,5648051.4,9.9,954.56,801.82,22.97,17.1,5.7,22.24,18.0,0.0,7.45,10.1
2005,9,MS,13028.7,4236038.55,64.6,954.51,702.35,20.87,20.0,9.0,20.29,20.3,1.6,8.25,11.2
2005,10,MS,6948.64,2259220.56,207.42,951.65,777.54,24.65,22.6,18.0,24.04,23.0,14.5,6.36,9.2
2005,11,MS,2605.74,847207.71,263.28,949.9,823.03,24.25,22.3,19.0,23.74,23.9,10.9,5.96,9.4
2005,12,MS,1737.16,564805.14,181.6,949.28,964.59,25.13,22.7,19.2,24.54,23.6,13.0,6.65,8.9
2006,1,MS,1556.42,513355.12,165.2,950.84,911.9,25.12,22.9,19.6,24.41,23.2,11.0,5.58,8.9
2006,2,MS,1556.42,513355.12,199.8,950.32,856.1,24.65,22.9,18.0,24.03,23.8,13.9,5.19,7.6
2006,3,MS,1556.42,513355.12,143.8,950.96,810.27,24.79,23.5,19.4,24.2,24.6,14.3,5.14,8.2
2006,4,MS,2334.63,770032.68,71.6,952.48,740.9,23.81,22.1,18.1,23.23,22.8,11.6,5.89,10.0
2006,5,MS,6225.68,2053420.48,42.2,956.58,714.06,19.01,17.7,10.1,18.35,18.1,1.9,5.71,7.9
2006,6,MS,11673.15,3850163.4,19.6,956.09,649.12,21.64,18.2,10.8,21.02,18.5,4.4,6.78,8.0
2006,7,MS,15564.2,5133551.2,6.0,955.95,666.37,22.16,18.2,9.0,21.46,18.7,1.2,7.19,11.6
2006,8,MS,15564.2,5133551.2,34.6,954.36,789.67,23.29,19.9,9.3,22.5,20.3,0.5,7.5,11.7
2006,9,MS,11673.15,3850163.4,131.6,953.94,782.41,22.77,20.3,5.3,22.08,20.8,0.4,7.4,11.2
2006,10,MS,6225.68,2053420.48,93.4,951.01,862.17,24.96,22.0,17.6,24.34,22.5,7.3,6.4,9.8
2006,11,MS,2334.63,770032.68,209.0,950.34,956.94,24.84,22.8,13.5,24.14,24.0,6.0,6.34,9.4
2006,12,MS,1556.42,513355.12,174.0,950.69,833.67,25.27,24.1,20.2,24.7,24.5,14.5,6.04,11.5
2007,1,MS,1478.16,496544.4,441.6,950.18,705.23,24.42,23.8,20.1,23.89,24.6,18.1,5.98,7.0
2007,2,MS,1478.16,496544.4,179.2,950.75,850.88,24.83,24.2,20.0,24.2,25.1,12.0,5.5,9.3
2007,3,MS,1478.16,496544.4,72.2,952.39,934.94,25.49,21.5,15.3,24.76,23.3,9.2,5.48,6.4
2007,4,MS,2217.24,744816.6,81.8,953.22,770.35,24.75,21.9,13.8,24.04,22.9,9.2,6.11,9.3
2007,5,MS,5912.64,1986177.6,85.8,954.74,619.8,20.57,21.2,5.6,19.98,23.2,0.7,5.91,8.7
2007,6,MS,11086.2,3724083.0,0.0,955.84,270.9,16.73,11.48,15.24,15.22,11.64,9.39,4.66,2.99
2007,7,MS,14781.6,4965444.0,39.5,955.43,578.16,18.84,19.6,6.3,17.27,19.6,0.0,6.33,12.5
2007,8,MS,14781.6,4965444.0,0.0,955.29,753.04,22.16,15.3,8.7,21.39,15.3,2.5,7.67,9.0
2007,9,MS,11086.2,3724083.0,4.7,953.63,804.87,27.25,19.4,10.7,26.45,19.6,0.0,8.17,10.6
2007,10,MS,5912.64,1986177.6,103.4,951.12,777.8,26.32,22.5,18.8,25.62,22.5,4.5,6.88,12.2
2007,11,MS,2217.24,744816.6,166.3,949.89,891.98,24.77,23.0,16.2,24.15,23.7,9.1,7.4,9.9
2007,12,MS,1478.16,496544.4,229.6,949.88,886.16,25.05,22.1,19.7,24.41,23.5,6.1,5.63,7.8
2008,1,MS,1188.06,411822.6,255.8,949.69,774.41,24.25,23.6,19.8,23.69,24.2,16.1,5.62,9.1
2008,2,MS,1188.06,411822.6,151.2,951.15,867.53,24.25,23.6,19.2,23.6,23.6,11.0,5.56,9.4
2008,3,MS,1188.06,411822.6,212.4,951.48,837.57,24.22,23.2,17.7,23.57,23.9,9.2,5.29,8.4
2008,4,MS,1782.09,617733.9,93.4,951.49,723.23,23.37,23.0,13.5,22.76,23.7,10.5,5.45,8.3
2008,5,MS,4752.24,1647290.4,82.6,955.18,621.34,20.09,19.6,8.4,19.5,21.4,7.0,5.89,8.0
2008,6,MS,8910.45,3088669.5,6.0,956.07,642.54,19.83,20.2,7.5,19.18,20.4,0.0,5.83,10.3
2008,7,MS,11880.6,4118226.0,0.0,956.04,687.6,22.78,17.2,13.4,22.0,17.6,2.5,6.86,9.5
2008,8,MS,11880.6,4118226.0,52.4,953.19,784.73,23.74,18.7,11.1,22.95,19.2,0.0,7.46,10.7
2008,9,MS,8910.45,3088669.5,55.6,954.1,786.89,22.51,19.6,8.5,21.78,20.1,1.2,7.81,11.1
2008,10,MS,4752.24,1647290.4,100.6,952.29,870.57,25.23,23.1,16.7,24.58,23.3,8.3,6.97,10.8
2008,11,MS,1782.09,617733.9,98.2,950.17,920.07,25.36,22.4,18.0,24.64,23.0,9.1,6.46,9.5
2008,12,MS,1188.06,411822.6,192.2,949.28,950.42,25.39,22.7,14.5,24.69,23.4,5.8,5.9,9.5
2009,1,MS,1156.28,457446.5,222.6,950.94,883.62,24.36,23.3,15.8,23.74,23.9,8.5,5.92,8.6
2009,2,MS,1156.28,457446.5,157.4,950.86,878.97,24.83,23.4,19.5,24.21,24.0,12.8,5.39,9.7
2009,3,MS,1156.28,457446.5,264.4,951.15,846.19,24.99,23.4,18.9,24.34,24.6,11.0,4.92,9.2
2009,4,MS,1734.42,686169.75,0.0,953.26,843.79,24.85,22.2,16.3,24.1,22.9,5.4,5.32,7.9
2009,5,MS,4625.12,1829786.0,82.8,954.04,674.4,22.35,20.8,10.1,21.71,21.9,2.9,6.01,9.8
2009,6,MS,8672.1,3430848.75,80.2,956.01,644.45,19.37,19.4,7.8,18.77,20.0,0.5,6.19,8.2
2009,7,MS,11562.8,4574465.0,48.4,955.21,539.88,20.46,18.7,5.1,19.86,18.9,0.3,6.48,8.5
2009,8,MS,11562.8,4574465.0,154.4,954.35,687.25,21.92,21.0,8.5,21.24,22.3,4.1,7.61,11.5
2009,9,MS,8672.1,3430848.75,65.2,953.35,694.46,23.07,21.0,12.6,22.5,21.8,10.5,7.41,10.0
2009,10,MS,4625.12,1829786.0,209.2,950.53,871.27,24.71,23.2,15.8,24.07,23.3,8.9,7.05,9.3
2009,11,MS,1734.42,686169.75,202.2,949.13,887.65,25.94,23.8,20.9,25.37,24.4,15.5,6.69,8.8
2009,12,MS,1156.28,457446.5,285.4,949.94,810.39,24.75,23.7,18.9,24.2,24.5,15.8,5.95,8.8
2010,1,MS,1139.08,453538.76,241.4,950.53,891.83,24.92,23.8,20.0,24.33,24.6,15.9,6.0,8.3
2010,2,MS,1139.08,453538.76,256.6,951.05,815.99,25.5,23.7,20.8,24.9,24.5,17.4,5.76,7.8
2010,3,MS,1139.08,453538.76,71.8,951.11,869.85,25.48,23.9,18.5,24.85,24.9,8.7,5.53,7.1
2010,4,MS,1708.62,680308.14,107.8,953.77,775.22,23.67,23.6,14.4,23.02,24.2,9.3,6.21,9.3
2010,5,MS,4556.32,1814155.04,67.2,954.82,647.12,19.48,22.1,7.3,18.88,22.8,5.3,5.99,8.5
2010,6,MS,8543.1,3401540.7,8.8,956.3,691.96,21.55,20.2,9.0,20.87,20.4,5.0,6.63,10.4
2010,7,MS,11390.8,4535387.6,21.6,956.0,596.84,20.47,18.4,6.8,19.77,18.7,3.3,7.05,8.4
2010,8,MS,11390.8,4535387.6,0.0,955.6,747.52,22.72,17.8,6.8,21.88,17.9,0.3,7.65,10.7
2010,9,MS,8543.1,3401540.7,127.0,951.98,645.56,25.19,21.5,13.0,24.54,21.8,0.7,8.09,12.1
2010,10,MS,4556.32,1814155.04,143.6,951.62,848.82,23.77,22.4,14.4,23.13,22.6,2.7,7.32,9.8
2010,11,MS,1708.62,680308.14,133.2,949.82,1204.01,24.61,23.1,15.2,23.86,23.7,4.1,6.74,10.5
2010,12,MS,1139.08,453538.76,59.8,947.93,1400.02,27.39,23.4,17.1,26.65,24.2,10.4,6.77,7.7
2011,1,MS,1498.36,689083.3,189.6,947.9,643.01,23.74,23.5,21.2,23.22,24.1,16.3,4.71,6.5
2011,2,MS,1498.36,689083.3,0.0,948.93,258.04,22.02,19.38,22.27,21.66,19.78,17.68,3.88,2.4
2011,3,MS,1498.36,689083.3,0.0,950.68,233.18,22.04,17.68,22.92,21.73,18.79,15.79,3.74,2.4
2011,4,MS,2247.54,1033624.95,0.0,952.49,207.48,22.07,15.79,23.64,21.8,17.69,13.96,3.6,2.4
2011,5,MS,5993.44,2756333.2,7.0,954.37,222.94,21.89,13.96,11.2,21.63,16.62,5.5,3.63,6.1
2011,6,MS,11237.7,5168124.75,34.0,955.02,665.2,20.15,20.4,4.3,19.44,21.0,0.0,6.53,8.2
2011,7,MS,14983.6,6890833.0,13.2,954.75,644.1,21.89,18.7,8.0,21.08,18.9,1.0,6.57,8.4
2011,8,MS,14983.6,6890833.0,27.4,954.41,707.66,22.69,19.7,7.2,21.88,19.8,0.0,7.44,9.3
2011,9,MS,11237.7,5168124.75,61.0,954.2,821.64,24.89,19.8,12.2,24.03,20.1,0.1,7.81,11.2
2011,10,MS,5993.44,2756333.2,223.6,950.55,894.64,24.84,22.9,17.6,24.19,23.0,6.0,6.89,12.6
2011,11,MS,2247.54,1033624.95,121.4,950.29,1107.44,25.4,22.0,16.5,24.76,22.2,6.4,6.73,10.4
2011,12,MS,1498.36,689083.3,155.2,949.86,994.16,25.64,22.6,17.0,24.99,24.4,4.9,5.55,7.8
2012,1,MS,1438.34,617311.52,210.8,950.1,907.05,24.88,23.1,19.0,24.29,23.8,7.4,5.59,8.7
2012,2,MS,1438.34,617311.52,171.8,951.39,918.54,25.11,23.2,19.2,24.46,24.2,11.9,5.04,8.0
2012,3,MS,1438.34,617311.52,86.8,952.67,854.66,25.14,25.4,13.0,24.08,28.7,2.9,5.28,9.7
2012,4,MS,2157.51,925967.28,234.8,952.56,685.84,23.92,22.2,11.0,23.3,22.9,7.0,5.93,6.9
2012,5,MS,5753.36,2469246.08,76.8,954.94,685.6,21.33,21.3,9.0,20.69,21.9,0.3,6.28,8.2
2012,6,MS,10787.55,4629836.4,244.4,955.36,603.92,20.23,20.5,8.1,19.61,21.0,4.2,6.26,8.3
2012,7,MS,14383.4,6173115.2,14.8,955.98,684.59,20.14,19.8,7.3,19.31,20.1,0.1,5.99,8.6
2012,8,MS,14383.4,6173115.2,1.2,956.44,811.81,23.7,16.7,9.6,22.87,16.8,0.8,7.75,8.8
2012,9,MS,10787.55,4629836.4,122.0,953.9,785.46,25.72,19.7,9.9,24.9,20.4,0.0,8.03,10.7
2012,10,MS,5753.36,2469246.08,125.0,950.88,872.34,26.29,22.1,17.1,25.6,22.9,8.7,6.65,10.9
2012,11,MS,2157.51,925967.28,190.2,949.58,914.33,25.62,23.2,19.4,24.9,24.2,11.7,5.76,11.2
2012,12,MS,1438.34,617311.52,181.0,949.95,968.49,25.94,23.3,20.1,25.29,24.3,15.4,5.92,7.6
2013,1,MS,723.52,345103.18,212.0,950.59,989.05,25.59,23.1,19.0,24.93,24.1,11.9,6.34,7.7
2013,2,MS,723.52,345103.18,216.4,951.27,873.49,24.68,23.0,19.0,24.04,23.8,15.6,5.76,10.0
2013,3,MS,723.52,345103.18,186.8,951.9,842.15,24.91,23.7,15.5,24.28,24.3,2.2,5.86,8.0
2013,4,MS,1085.28,517654.77,226.8,953.77,726.8,22.81,22.8,14.6,22.19,23.4,3.5,5.74,7.3
2013,5,MS,2894.08,1380412.72,15.2,954.33,687.21,22.61,21.1,12.1,21.93,21.2,2.3,5.86,9.1
2013,6,MS,5426.4,2588273.85,182.8,955.06,547.58,21.3,21.3,13.6,20.71,21.6,9.8,5.33,8.4
2013,7,MS,7235.2,3451031.8,51.0,956.95,653.99,19.97,20.4,5.2,19.26,20.6,0.2,6.99,10.6
2013,8,MS,7235.2,3451031.8,0.0,955.71,805.82,20.65,15.9,5.1,19.73,16.4,0.0,7.15,9.6
2013,9,MS,5426.4,2588273.85,101.8,953.6,798.66,24.01,20.1,7.5,23.21,21.3,0.2,7.88,9.9
2013,10,MS,2894.08,1380412.72,128.2,952.36,889.72,24.51,21.8,15.6,23.84,22.1,2.9,6.67,8.5
2013,11,MS,1085.28,517654.77,249.6,950.28,996.03,25.33,21.6,16.1,24.62,22.3,11.1,6.39,9.5
2013,12,MS,723.52,345103.18,170.8,949.13,873.09,25.36,23.6,18.9,24.65,24.6,13.8,5.23,11.8
2014,1,MS,973.52,553639.5,160.4,952.46,925.56,24.64,23.2,19.5,23.92,24.2,14.3,5.52,7.0
2014,2,MS,973.52,553639.5,110.8,951.19,864.47,25.21,22.8,20.1,24.54,23.7,11.8,5.83,7.8
2014,3,MS,973.52,553639.5,155.0,952.0,783.4,24.33,22.8,17.6,23.68,23.9,15.3,5.64,7.4
2014,4,MS,1460.28,830459.25,49.4,953.45,736.53,24.21,23.2,14.5,23.6,24.4,10.5,6.0,8.8
2014,5,MS,3894.08,2214558.0,183.0,954.61,586.67,20.69,21.3,9.9,20.12,21.6,8.2,6.16,9.9
2014,6,MS,7301.4,4152296.25,54.2,955.44,577.4,20.99,20.8,8.5,20.4,21.6,6.8,6.42,8.8
2014,7,MS,9735.2,5536395.0,119.2,957.38,566.91,20.35,18.5,8.2,19.71,19.0,4.6,6.79,9.4
2014,8,MS,9735.2,5536395.0,17.2,955.7,789.63,23.53,18.3,12.0,22.65,18.5,1.6,6.68,8.6
2014,9,MS,7301.4,4152296.25,65.8,952.52,805.75,25.78,20.9,15.9,25.02,21.1,3.4,7.16,8.8
2014,10,MS,3894.08,2214558.0,19.0,952.25,962.71,27.27,21.2,16.3,26.4,22.0,3.8,7.18,12.5
2014,11,MS,1460.28,830459.25,225.6,950.75,861.61,24.59,23.0,16.6,23.92,24.2,5.3,6.1,10.0
2014,12,MS,973.52,553639.5,364.2,950.65,841.86,24.84,23.7,19.6,24.22,24.2,13.6,6.0,8.3
2015,1,MS,820.54,669053.78,245.8,952.93,937.91,25.74,23.0,19.6,24.97,24.5,11.8,5.62,8.2
2015,2,MS,820.54,669053.78,161.0,951.57,858.89,25.03,23.9,20.5,24.33,24.0,13.4,5.42,7.2
2015,3,MS,820.54,669053.78,72.6,952.11,868.37,24.87,23.1,18.6,24.16,24.0,11.8,5.26,7.6
2015,4,MS,1230.81,1003580.67,100.0,953.29,757.98,24.41,23.1,17.0,23.75,24.2,9.6,5.44,7.9
2015,5,MS,3282.16,2676215.12,135.6,954.96,580.56,21.8,21.7,12.7,21.24,23.0,8.5,6.11,9.4
2015,6,MS,6154.05,5017903.35,40.4,956.75,569.48,21.6,20.2,12.2,20.98,20.5,6.7,6.85,9.7
2015,7,MS,8205.4,6690537.8,87.2,955.71,522.1,21.01,20.0,9.1,20.44,20.6,6.1,6.67,8.1
2015,8,MS,8205.4,6690537.8,8.6,954.36,822.94,24.91,18.0,14.5,24.02,18.4,2.9,7.02,8.9
2015,9,MS,6154.05,5017903.35,225.4,952.08,746.92,25.16,20.1,10.9,24.41,21.1,2.6,6.69,9.8
2015,10,MS,3282.16,2676215.12,95.6,952.03,819.02,25.85,23.1,13.8,25.24,23.7,10.8,6.58,9.8
2015,11,MS,1230.81,1003580.67,150.0,950.32,895.25,25.73,23.2,18.8,25.11,23.6,14.7,5.9,10.1
2015,12,MS,820.54,669053.78,190.8,951.83,869.55,25.47,23.2,19.5,24.84,23.9,14.8,6.3,9.6
2016,1,MS,959.92,954754.76,382.6,949.83,738.5,25.01,23.9,18.6,24.47,24.6,9.4,5.93,9.6
2016,2,MS,959.92,954754.76,185.2,952.36,830.18,25.45,24.1,20.6,24.84,24.3,16.5,5.47,7.0
2016,3,MS,959.92,954754.76,190.0,953.62,849.91,24.93,24.3,17.0,24.27,24.8,8.6,5.41,9.3
2016,4,MS,1439.88,1432132.14,70.8,953.39,817.3,24.84,25.6,7.5,24.07,26.2,0.5,5.43,12.1
2016,5,MS,3839.68,3819019.04,206.8,956.08,543.64,20.81,21.8,10.9,20.28,22.4,3.8,5.86,8.2
2016,6,MS,7199.4,7160660.7,48.8,957.74,572.07,19.37,22.8,7.5,18.76,23.2,0.0,6.24,8.8
2016,7,MS,9599.2,9547547.6,5.4,956.08,674.0,21.43,16.5,6.4,20.63,16.8,0.0,6.59,8.5
2016,8,MS,9599.2,9547547.6,65.6,954.84,714.9,22.49,23.2,8.0,21.62,24.5,2.6,6.94,9.4
2016,9,MS,7199.4,7160660.7,37.0,955.15,841.6,22.81,27.3,10.4,22.01,28.2,3.7,6.68,9.2
2016,10,MS,3839.68,3819019.04,91.4,951.93,906.91,24.85,31.0,12.5,24.13,31.1,5.8,7.11,10.4
2016,11,MS,1439.88,1432132.14,116.8,951.06,903.31,25.67,28.0,15.6,25.11,29.1,7.9,6.43,11.2
2016,12,MS,959.92,954754.76,190.2,951.04,820.5,24.61,23.5,18.0,23.98,24.2,13.8,6.37,8.6
2017,1,MS,1061.48,1016825.62,220.0,951.32,883.82,24.89,23.5,18.4,24.21,25.3,15.1,5.41,7.9
2017,2,MS,1061.48,1016825.62,87.8,952.42,912.91,25.27,24.0,19.8,24.57,24.3,13.2,5.23,9.6
2017,3,MS,1061.48,1016825.62,226.6,952.6,839.75,24.94,23.5,20.2,24.3,24.3,14.8,5.69,7.9
2017,4,MS,1592.22,1525238.43,157.0,952.79,747.1,22.76,23.4,12.6,22.14,24.3,2.1,6.2,12.1
2017,5,MS,4245.92,4067302.48,104.6,952.97,558.81,23.43,23.2,16.1,22.91,23.2,12.2,5.47,7.5
2017,6,MS,7961.1,7626192.15,45.8,953.16,595.67,20.47,23.4,7.6,19.85,24.0,2.9,6.43,7.8
2017,7,MS,10614.8,10168256.2,0.2,953.35,707.22,20.56,14.7,5.5,19.78,16.4,0.3,7.57,10.5
2017,8,MS,10614.8,10168256.2,38.2,953.54,735.53,23.79,20.3,10.0,23.06,20.5,4.4,7.37,9.4
2017,9,MS,7961.1,7626192.15,45.0,953.93,907.45,27.41,20.8,14.8,26.53,22.4,2.6,7.5,10.3
2017,10,MS,4245.92,4067302.48,228.6,951.31,828.82,24.94,22.0,13.6,24.23,22.6,2.3,7.09,10.1
2017,11,MS,1592.22,1525238.43,315.8,949.86,953.65,24.64,24.1,16.1,23.96,24.4,5.0,6.36,9.1
2017,12,MS,1061.48,1016825.62,225.4,950.03,803.18,24.83,24.9,18.6,24.2,25.3,11.5,5.35,12.2
2018,1,MS,763.96,1036384.34,138.4,951.11,795.22,24.47,24.9,19.6,23.84,25.2,14.1,5.74,6.6
2018,2,MS,763.96,1036384.34,199.8,951.0,782.5,24.45,23.1,16.5,23.85,24.2,5.4,5.57,8.3
2018,3,MS,763.96,1036384.34,97.4,951.47,1281.57,25.58,24.2,16.5,24.94,24.8,12.8,4.83,9.0
2018,4,MS,1145.94,1554576.51,89.6,954.37,1148.12,24.8,21.1,18.5,24.12,22.3,9.4,5.53,8.1
2018,5,MS,3055.84,4145537.36,37.4,955.6,792.31,22.5,19.9,7.7,21.78,20.8,4.6,5.78,7.7
2018,6,MS,5729.7,7772882.55,11.0,956.95,715.65,20.32,20.6,9.2,19.73,21.1,2.3,5.76,6.8
2018,7,MS,7639.6,10363843.4,0.0,956.38,179.2,21.86,16.7,7.4,21.06,17.4,0.6,5.68,7.8
2018,8,MS,7639.6,10363843.4,112.2,956.49,585.63,20.93,18.8,7.9,20.24,19.1,0.0,6.94,8.5
2018,9,MS,5729.7,7772882.55,119.7,952.7,598.22,23.03,21.5,8.0,22.3,21.6,0.3,6.35,9.0
2018,10,MS,3055.84,4145537.36,214.4,951.38,496.39,25.43,23.7,17.9,24.81,24.3,12.0,6.04,9.0
2018,11,MS,1145.94,1554576.51,148.2,950.48,236.62,24.96,23.3,18.0,24.39,23.7,15.3,6.63,11.2
2018,12,MS,763.96,1036384.34,55.0,951.87,498.89,25.92,23.1,16.0,25.2,24.2,7.4,5.46,8.4
2019,1,MS,1141.5,520782.74,109.4,953.11,846.08,26.09,23.4,20.7,25.35,24.1,14.1,5.56,10.3
2019,2,MS,1141.5,520782.74,271.8,951.43,1400.34,25.53,23.6,17.7,24.86,24.7,13.0,4.99,8.9
2019,3,MS,1141.5,520782.74,145.6,953.11,1602.52,25.07,24.3,17.9,24.37,25.5,12.6,5.26,9.2
2019,4,MS,1712.25,781174.11,104.4,953.05,424.15,24.52,23.4,16.9,23.92,23.8,14.2,4.83,6.6
2019,5,MS,4566.0,2083130.96,76.4,954.28,261.96,22.28,22.6,9.9,21.68,23.8,6.6,5.52,7.0
2019,6,MS,8561.25,3905870.55,20.6,956.47,146.58,22.68,20.3,14.3,22.0,21.0,2.9,6.09,7.6
2019,7,MS,11415.0,5207827.4,46.4,956.57,304.03,20.32,22.9,6.7,19.55,23.2,0.2,6.41,7.0
2019,8,MS,11415.0,5207827.4,2.0,956.92,390.29,23.19,23.4,7.0,22.42,25.3,0.1,7.88,9.8
2019,9,MS,8561.25,3905870.55,16.0,952.86,794.93,26.8,19.9,14.9,26.0,20.1,1.0,7.29,9.1
2019,10,MS,4566.0,2083130.96,30.8,951.77,853.81,26.74,20.3,15.7,25.94,20.8,6.1,6.46,8.1
2019,11,MS,1712.25,781174.11,149.6,950.09,945.59,26.65,23.0,20.6,25.89,23.8,9.3,5.84,7.7
2019,12,MS,1141.5,520782.74,282.2,950.94,857.82,24.98,23.8,19.0,24.31,24.4,11.5,5.49,7.8
2020,1,MS,2603.6,1211502.86,164.8,950.35,14.0,25.97,23.3,19.9,25.31,24.7,15.6,5.17,6.4
2020,2,MS,2603.6,1211502.86,227.2,951.66,14.0,25.15,24.0,17.8,24.5,24.4,10.6,4.88,6.7
2020,3,MS,2603.6,1211502.86,80.2,952.27,14.0,26.47,22.6,18.9,25.72,23.2,9.3,5.72,7.0
2020,4,MS,3905.4,1817254.29,90.2,954.62,14.0,23.99,21.7,13.2,23.27,21.8,2.1,5.65,8.3
2020,5,MS,10414.4,4846011.44,182.6,956.06,14.0,20.37,21.3,8.2,19.68,21.6,2.2,5.59,7.5
2020,6,MS,19527.0,9086271.45,41.2,955.26,14.0,21.76,20.3,14.6,21.19,20.7,8.1,5.87,8.2
2020,7,MS,26036.0,12115028.6,4.0,955.42,14.0,21.61,18.9,9.6,20.85,19.2,0.5,6.42,8.0
2020,8,MS,26036.0,12115028.6,36.1,954.94,14.0,23.32,19.8,6.4,22.62,19.8,0.0,7.84,9.4
2020,9,MS,19527.0,9086271.45,8.4,952.7,14.0,27.85,18.8,17.9,26.94,19.1,0.1,6.5,8.6
2020,10,MS,10414.4,4846011.44,150.4,950.77,14.0,27.01,21.2,17.1,26.25,21.5,3.5,6.57,13.2
2020,11,MS,3905.4,1817254.29,100.4,951.36,14.0,25.94,22.3,16.9,25.11,22.4,2.8,6.25,8.6
2020,12,MS,2603.6,1211502.86,96.4,950.58,14.0,25.98,23.0,19.6,25.2,23.7,6.3,5.84,8.2
2021,1,MS,2385.38,1952758.36,387.2,951.14,14.0,24.36,23.4,19.9,23.74,24.7,14.4,4.04,6.3
2021,2,MS,2385.38,1952758.36,112.6,950.81,14.0,24.73,23.5,17.5,23.98,24.7,7.9,3.64,6.0
2021,3,MS,2385.38,1952758.36,65.0,952.0,14.0,24.88,22.5,18.8,24.14,22.9,11.8,3.35,6.5
2021,4,MS,3578.07,2929137.54,53.6,953.64,14.0,24.21,21.6,14.6,23.48,22.4,4.5,4.17,7.6
2021,5,MS,9541.52,7811033.44,34.0,955.33,14.0,22.5,21.9,11.0,21.79,21.6,1.5,3.4,6.7
2021,6,MS,17890.35,14645687.7,55.6,956.45,14.0,20.27,19.4,8.5,19.59,20.1,0.26,4.11,6.9
2021,7,MS,23853.8,19527583.6,2.0,957.83,14.0,20.11,17.7,7.8,19.24,17.7,0.1,5.09,8.2
2021,8,MS,23853.8,19527583.6,34.2,955.48,14.0,23.88,18.2,11.7,23.03,18.4,0.1,5.59,9.4
2021,9,MS,17890.35,14645687.7,27.0,952.48,14.0,27.49,20.5,15.0,26.62,21.1,2.2,5.16,8.4
2021,10,MS,9541.52,7811033.44,179.8,951.39,14.0,25.33,23.4,16.8,24.73,23.9,8.5,5.96,10.0
2021,11,MS,3578.07,2929137.54,251.6,950.13,14.0,27.05,27.4,21.6,26.65,27.6,15.1,4.93,8.4
2021,12,MS,2385.38,1952758.36,149.8,949.14,14.0,27.33,26.4,21.2,26.97,27.1,14.0,3.86,8.1
2022,1,MS,1527.14,1371249.36,116.6,950.15,14.0,26.93,26.3,23.0,26.53,26.9,17.8,3.68,9.5
2022,2,MS,1527.14,1371249.36,71.0,950.98,14.0,26.96,26.3,20.0,26.56,26.3,12.6,3.5,12.5
2022,3,MS,1527.14,1371249.36,212.0,951.86,14.0,26.37,24.9,20.7,26.01,25.4,15.2,3.42,7.7
2022,4,MS,2290.71,2056874.04,89.0,953.0,14.0,25.63,24.7,17.6,25.23,24.8,10.6,4.27,9.4
2022,5,MS,6108.56,5484997.44,59.4,955.8,14.0,20.57,22.9,7.3,20.1,23.0,3.4,4.21,6.3
2022,6,MS,11453.55,10284370.2,107.2,955.51,14.0,20.93,21.5,9.4,20.45,22.2,0.4,4.78,7.1
2022,7,MS,15271.4,13712493.6,8.8,956.33,14.0,23.23,20.0,12.3,22.27,24.2,5.9,8.19,7.0
2022,8,MS,15271.4,13712493.6,9.2,960.17,14.0,19.24,14.5,8.9,18.09,15.5,0.5,9.45,8.6
2022,9,MS,11453.55,10284370.2,174.2,953.21,14.0,22.85,21.9,11.5,22.24,22.5,1.1,7.32,9.3
2022,10,MS,6108.56,5484997.44,114.8,951.84,14.0,24.2,21.3,15.8,23.56,22.1,8.5,6.37,8.2
2022,11,MS,2290.71,2056874.04,91.0,951.6,14.0,24.11,20.4,10.0,23.38,20.9,3.9,6.98,9.3
2022,12,MS,1527.14,1371249.36,169.8,949.23,14.0,25.68,24.2,19.5,24.97,24.4,10.6,5.84,7.4
2023,1,MS,2017.96,1544405.06,342.4,950.79,14.0,24.14,23.0,19.3,23.5,23.9,14.6,5.63,7.7
2023,2,MS,2017.96,1544405.06,225.8,952.05,14.0,23.8,22.9,16.5,23.22,23.1,9.6,5.39,8.3
2023,3,MS,2017.96,1544405.06,203.6,952.42,14.0,24.62,23.2,19.5,23.97,23.5,14.0,5.15,7.2
2023,4,MS,3026.94,2316607.59,140.6,952.7,14.0,23.33,22.4,15.0,22.71,23.3,9.3,5.01,7.0
2023,5,MS,8071.84,6177620.24,63.2,955.19,14.0,22.28,20.9,14.3,21.63,21.6,4.0,5.29,6.3
2023,6,MS,15134.7,11583037.95,77.6,957.07,14.0,19.6,19.0,6.9,18.9,19.1,4.7,5.19,5.3
2023,7,MS,20179.6,15444050.6,4.6,956.29,14.0,22.24,17.3,8.6,21.5,18.0,2.1,6.42,8.2
2023,8,MS,20179.6,15444050.6,47.0,953.6,14.0,24.66,19.1,15.4,23.94,20.0,5.2,6.73,8.6
2023,9,MS,15134.7,11583037.95,58.4,952.11,14.0,26.44,21.7,12.2,25.69,22.3,2.8,6.77,8.2
2023,10,MS,8071.84,6177620.24,15.4,950.01,14.0,28.09,22.3,17.3,27.37,22.3,12.2,7.39,8.3
2023,11,MS,3026.94,2316607.59,114.4,949.85,14.0,27.99,22.5,13.3,27.23,22.7,0.9,7.34,8.3
2023,12,MS,2017.96,1544405.06,210.4,950.71,14.0,27.28,22.7,18.6,26.54,26.7,13.8,5.66,9.2
2002,12,MT,21310.6,10027684.74,0.0,997.73,142.32,30.11,24.5,24.1,29.72,25.1,19.5,5.95,15.0
2003,1,MT,22707.28,10678913.02,94.8,997.25,1155.98,26.81,24.9,23.2,26.31,25.7,19.8,5.68,5.4
2003,2,MT,22707.28,10678913.02,152.2,993.51,1128.88,26.57,24.5,18.3,26.02,25.0,16.3,4.54,6.5
2003,3,MT,22707.28,10678913.02,128.8,993.18,1205.18,26.51,24.7,22.3,25.99,25.5,17.6,4.25,5.8
2003,4,MT,34060.92,16018369.53,122.2,994.63,1063.79,26.1,24.6,17.7,25.5,25.5,11.5,3.92,6.4
2003,5,MT,90829.12,42715652.08,46.8,995.58,1099.44,25.17,23.2,14.6,24.53,23.4,8.7,3.61,5.5
2003,6,MT,170304.6,80091847.65,0.4,995.62,1029.0,24.63,22.5,16.3,23.93,22.8,7.7,3.4,4.8
2003,7,MT,227072.8,106789130.2,0.0,997.27,804.12,23.65,19.9,13.8,22.84,19.9,3.7,3.81,5.1
2003,8,MT,227072.8,106789130.2,0.0,997.2,1140.05,24.69,21.1,13.5,23.91,21.4,2.4,4.7,7.5
2003,9,MT,170304.6,80091847.65,0.2,994.66,990.38,27.25,23.3,14.0,26.53,23.8,5.3,4.57,9.5
2003,10,MT,90829.12,42715652.08,20.4,992.6,1166.36,27.5,24.7,20.3,26.91,24.9,11.5,4.83,9.3
2003,11,MT,34060.92,16018369.53,166.8,991.77,1581.83,26.93,24.8,18.7,26.35,24.8,8.4,4.9,7.9
2003,12,MT,22707.28,10678913.02,135.2,989.54,1339.66,27.39,24.8,21.7,26.96,25.3,17.9,4.36,8.2
2004,1,MT,25481.6,12728230.54,177.4,990.05,1131.85,26.81,25.0,22.5,26.3,25.9,19.8,4.47,6.0
2004,2,MT,25481.6,12728230.54,194.0,992.38,1091.47,26.72,24.7,21.7,26.18,25.5,14.9,4.4,5.2
2004,3,MT,25481.6,12728230.54,19.8,992.19,1351.1,27.49,24.9,19.8,26.84,25.5,14.2,4.19,8.8
2004,4,MT,38222.4,19092345.81,46.8,993.15,1224.91,26.84,24.6,20.4,26.19,26.2,18.1,4.26,6.2
2004,5,MT,101926.4,50912922.16,7.6,997.25,1195.59,22.93,23.9,15.0,22.43,24.2,12.2,4.15,5.3
2004,6,MT,191112.0,95461729.05,1.4,997.78,1070.97,23.68,21.8,12.9,22.98,21.8,9.3,3.74,6.0
2004,7,MT,254816.0,127282305.4,24.8,996.68,914.83,23.35,22.2,15.1,22.7,22.4,5.7,4.03,6.7
2004,8,MT,254816.0,127282305.4,0.2,996.69,1125.24,25.37,21.5,12.5,24.56,21.9,3.9,3.76,6.5
2004,9,MT,191112.0,95461729.05,12.6,993.61,1032.81,28.16,22.2,12.7,27.37,22.8,4.0,4.45,6.5
2004,10,MT,101926.4,50912922.16,153.8,992.05,1113.82,28.4,23.7,20.7,27.78,24.1,6.4,4.88,9.4
2004,11,MT,38222.4,19092345.81,178.2,991.67,1660.39,27.15,24.2,18.8,26.55,24.6,14.0,4.53,7.7
2004,12,MT,25481.6,12728230.54,185.6,991.36,1354.63,27.75,24.7,21.2,27.11,24.9,11.2,4.86,6.2
2005,1,MT,15477.68,8247180.74,117.7,990.86,1185.9,27.03,24.8,23.1,26.51,25.2,19.4,4.93,8.4
2005,2,MT,15477.68,8247180.74,253.6,991.68,889.26,27.2,25.1,19.3,26.58,26.2,13.8,4.14,5.7
2005,3,MT,15477.68,8247180.74,252.1,992.72,1267.83,26.92,25.0,21.4,26.36,25.8,18.2,4.23,7.0
2005,4,MT,23216.52,12370771.11,85.1,994.36,1057.95,26.34,24.8,14.8,25.73,25.4,12.0,4.07,6.6
2005,5,MT,61910.72,32988722.96,7.6,992.54,952.49,26.61,22.6,18.9,25.8,23.0,12.4,3.8,7.2
2005,6,MT,116082.6,61853855.55,15.4,995.82,806.82,25.48,21.4,17.2,24.66,21.8,9.1,3.77,6.3
2005,7,MT,154776.8,82471807.4,0.0,998.23,858.36,23.36,21.0,13.0,22.56,21.1,5.7,4.51,6.6
2005,8,MT,154776.8,82471807.4,0.8,995.1,1115.58,26.53,21.9,11.1,25.62,22.6,1.4,4.44,7.0
2005,9,MT,116082.6,61853855.55,71.8,995.49,969.42,25.39,22.3,12.6,24.75,23.6,6.6,4.98,8.6
2005,10,MT,61910.72,32988722.96,147.1,992.52,1180.39,28.11,24.4,20.3,27.46,24.4,12.9,4.6,7.5
2005,11,MT,23216.52,12370771.11,108.2,990.8,10430.65,27.76,24.4,21.5,27.17,25.0,16.9,4.62,7.6
2005,12,MT,15477.68,8247180.74,106.8,990.38,10953.84,27.3,25.1,22.2,26.71,25.4,17.6,5.24,8.0
2006,1,MT,11026.16,5744759.68,151.2,991.86,9427.7,26.95,25.2,22.0,26.34,25.9,17.0,4.53,6.0
2006,2,MT,11026.16,5744759.68,398.0,991.53,9541.42,26.78,24.6,22.1,26.21,25.4,16.5,4.64,7.7
2006,3,MT,11026.16,5744759.68,273.5,992.63,10133.64,26.8,24.9,22.5,26.24,25.9,20.0,4.3,6.3
2006,4,MT,16539.24,8617139.52,156.0,992.77,9629.35,25.95,25.4,18.6,25.39,25.6,13.1,3.64,5.8
2006,5,MT,44104.64,22979038.72,4.6,996.43,6944.86,22.73,21.9,13.5,22.08,22.3,7.7,3.51,4.8
2006,6,MT,82696.2,43085697.6,0.8,996.38,8433.59,25.02,21.8,17.4,24.23,22.0,9.6,3.47,4.4
2006,7,MT,110261.6,57447596.8,10.0,996.65,8660.24,24.65,20.8,13.2,23.84,20.9,5.1,4.03,10.6
2006,8,MT,110261.6,57447596.8,23.4,995.07,9037.17,26.88,22.5,14.0,26.01,22.9,0.8,4.57,6.0
2006,9,MT,82696.2,43085697.6,75.4,994.77,4110.74,27.56,23.5,15.6,26.83,24.6,1.9,4.6,7.5
2006,10,MT,44104.64,22979038.72,94.8,992.41,810.95,27.31,25.2,22.2,26.75,25.6,16.4,4.37,5.9
2006,11,MT,16539.24,8617139.52,13.8,992.28,3056.31,30.93,25.3,21.9,30.03,25.9,9.9,5.44,5.2
2006,12,MT,11026.16,5744759.68,115.5,992.31,2075.18,28.86,24.7,23.6,27.92,24.7,18.5,6.56,5.0
2007,1,MT,9889.88,5118682.32,272.2,992.34,921.14,27.63,25.2,23.6,27.07,26.1,18.8,5.08,8.4
2007,2,MT,9889.88,5118682.32,274.8,992.48,844.27,26.7,25.6,21.3,26.16,26.3,18.1,4.43,6.2
2007,3,MT,9889.88,5118682.32,168.3,993.39,948.09,27.31,24.3,22.2,26.64,25.5,15.0,4.02,9.5
2007,4,MT,14834.82,7678023.48,135.4,994.15,881.03,27.27,24.8,20.3,26.61,25.0,15.4,3.74,8.0
2007,5,MT,39559.52,20474729.28,15.2,996.53,779.94,23.79,23.9,11.9,23.16,24.3,6.5,3.97,5.9
2007,6,MT,74174.1,38390117.4,0.6,997.18,743.44,24.01,21.5,16.3,23.27,21.6,5.3,3.67,5.0
2007,7,MT,98898.8,51186823.2,20.2,997.14,703.29,23.36,22.2,11.7,22.63,22.7,2.1,4.19,9.3
2007,8,MT,98898.8,51186823.2,65.2,993.29,731.32,22.05,20.0,12.3,21.37,20.6,3.0,3.3,4.7
2007,9,MT,74174.1,38390117.4,3.8,990.33,523.22,26.33,21.4,16.3,25.76,22.1,3.3,3.97,6.6
2007,10,MT,39559.52,20474729.28,204.6,992.27,708.77,28.12,23.7,19.1,27.49,24.2,6.9,4.27,8.1
2007,11,MT,14834.82,7678023.48,278.6,991.35,826.99,27.01,24.1,22.1,26.46,25.1,15.5,4.77,9.1
2007,12,MT,9889.88,5118682.32,169.2,991.57,1284.33,27.05,23.9,21.3,26.45,26.5,16.9,4.97,6.5
2008,1,MT,8160.92,4175685.64,344.0,991.87,1508.28,26.23,24.2,22.2,25.69,25.1,9.1,4.65,7.7
2008,2,MT,8160.92,4175685.64,70.0,992.91,1239.77,26.85,24.2,22.1,26.22,24.5,17.8,4.79,7.3
2008,3,MT,8160.92,4175685.64,114.5,993.14,957.3,26.81,24.6,22.0,26.09,25.6,12.9,4.07,6.3
2008,4,MT,12241.38,6263528.46,45.8,992.85,697.61,25.71,24.0,17.7,25.08,24.9,15.0,4.09,5.7
2008,5,MT,32643.68,16702742.56,0.0,996.62,674.63,23.58,24.1,14.6,22.82,25.0,9.6,3.91,5.6
2008,6,MT,61206.9,31317642.3,0.0,997.71,772.94,23.29,21.0,16.3,22.53,21.5,8.6,3.6,3.9
2008,7,MT,81609.2,41756856.4,8.6,996.71,786.92,27.98,16.36,22.01,27.69,17.06,5.3,2.86,4.6
2008,8,MT,81609.2,41756856.4,0.0,993.49,18.21,29.37,21.7,19.3,28.5,21.9,3.0,3.19,1.35
2008,9,MT,61206.9,31317642.3,33.4,994.32,20.7,28.4,20.4,14.6,27.59,20.7,1.8,4.4,6.7
2008,10,MT,32643.68,16702742.56,14.6,993.27,11.25,28.42,23.0,19.9,27.74,23.9,7.1,5.05,6.3
2008,11,MT,12241.38,6263528.46,92.6,991.27,10.1,28.71,24.2,21.1,28.06,24.5,14.8,5.13,7.9
2008,12,MT,8160.92,4175685.64,187.5,990.81,8.95,27.24,25.0,17.5,26.62,25.7,9.1,4.54,5.8
2009,1,MT,4042.26,2014970.7,111.4,992.61,7.79,27.61,24.7,18.8,26.89,25.6,9.5,4.62,6.9
2009,2,MT,4042.26,2014970.7,1311.3,992.31,6.67,27.12,24.7,21.8,26.41,24.8,17.9,3.86,5.3
2009,3,MT,4042.26,2014970.7,799.7,992.33,52.08,27.14,25.7,23.2,26.5,26.3,17.0,7.78,5.3
2009,4,MT,6063.39,3022456.05,79.8,995.9,10.68,24.82,24.0,9.7,24.17,24.4,6.1,12.02,0.09
2009,5,MT,16169.04,8059882.8,46.0,995.21,19.66,25.74,23.4,19.1,25.05,24.0,13.4,11.6,0.16
2009,6,MT,30316.95,15112280.25,42.4,997.68,26.39,22.8,22.1,12.1,22.16,22.6,6.9,11.17,0.23
2009,7,MT,40422.6,20149707.0,27.0,996.77,29.09,24.12,22.6,10.5,23.38,22.8,7.6,10.74,0.29
2009,8,MT,40422.6,20149707.0,79.4,995.26,31.85,25.98,21.7,13.5,25.17,22.1,4.9,10.31,0.36
2009,9,MT,30316.95,15112280.25,58.2,994.9,32.72,27.25,22.9,16.3,26.56,23.7,10.8,9.88,0.43
2009,10,MT,16169.04,8059882.8,153.2,991.66,28.29,28.54,24.5,19.0,27.87,25.6,14.0,9.46,0.49
2009,11,MT,6063.39,3022456.05,106.8,990.84,23.55,28.35,24.7,22.0,27.73,25.3,17.2,9.03,0.56
2009,12,MT,4042.26,2014970.7,327.7,992.07,18.8,27.07,24.4,22.4,26.5,25.3,17.6,8.6,0.63
2010,1,MT,10403.7,5545385.24,327.8,992.34,13.98,27.27,24.7,22.8,26.69,26.0,17.7,8.17,0.69
2010,2,MT,10403.7,5545385.24,318.6,992.32,9.4,27.78,25.5,21.9,27.2,26.2,17.2,7.76,0.76
2010,3,MT,10403.7,5545385.24,308.2,992.58,4.81,27.69,25.9,22.8,27.06,26.3,17.7,7.35,0.82
2010,4,MT,15605.55,8318077.86,71.8,994.52,34.73,26.72,25.0,16.9,26.01,25.5,10.8,6.92,0.89
2010,5,MT,41614.8,22181540.96,0.0,993.63,5.27,28.7,23.5,18.8,28.01,24.8,8.3,6.49,0.96
2010,6,MT,78027.75,41590389.3,4.2,996.93,248.84,24.93,21.5,15.2,24.12,21.5,7.0,5.34,4.8
2010,7,MT,104037.0,55453852.4,12.6,996.71,729.62,23.18,19.5,9.8,22.3,20.1,0.9,4.49,6.0
2010,8,MT,104037.0,55453852.4,0.0,995.24,765.09,25.32,19.1,12.8,24.4,19.5,1.5,4.14,6.8
2010,9,MT,78027.75,41590389.3,4.4,992.33,709.15,29.79,23.4,19.0,28.97,24.0,1.8,4.61,6.4
2010,10,MT,41614.8,22181540.96,8.8,993.03,197.27,24.05,24.1,18.5,23.86,24.2,16.6,3.3,6.3
2010,11,MT,15605.55,8318077.86,0.0,991.81,244.76,24.43,18.45,24.79,24.22,19.24,17.7,3.28,0.6
2010,12,MT,10403.7,5545385.24,0.0,990.72,354.07,25.03,17.82,25.35,24.74,18.6,16.99,3.48,0.76
2011,1,MT,6897.72,3489015.02,0.0,989.61,465.18,25.65,17.18,25.93,25.28,17.94,16.28,3.68,0.93
2011,2,MT,6897.72,3489015.02,0.0,988.56,570.91,26.24,16.54,26.5,25.78,17.28,15.63,3.88,1.08
2011,3,MT,6897.72,3489015.02,0.0,987.5,676.65,26.82,15.96,27.02,26.29,16.69,14.92,4.07,1.24
2011,4,MT,10346.58,5233522.53,0.0,986.41,785.96,27.43,15.31,27.6,26.82,16.03,14.23,4.28,1.4
2011,5,MT,27590.88,13956060.08,2.0,986.07,714.93,26.92,20.1,18.4,26.27,20.5,7.4,4.22,3.6
2011,6,MT,51732.9,26167612.65,10.0,986.88,439.01,24.4,20.7,10.7,23.56,21.2,6.1,4.07,4.8
2011,7,MT,68977.2,34890150.2,2.2,986.36,410.66,25.48,19.8,12.5,24.8,19.9,3.5,4.57,4.8
2011,8,MT,68977.2,34890150.2,13.8,986.3,795.34,26.07,21.2,11.1,25.28,22.0,1.0,2.15,4.8
2011,9,MT,51732.9,26167612.65,7.8,984.38,596.32,29.16,19.7,21.9,26.91,19.7,10.24,8.29,6.6
2011,10,MT,27590.88,13956060.08,133.2,981.98,571.48,27.93,23.3,19.9,27.33,25.9,10.5,5.21,7.4
2011,11,MT,10346.58,5233522.53,116.4,981.37,696.67,27.93,24.1,22.0,27.32,24.6,12.3,5.12,5.3
2011,12,MT,6897.72,3489015.02,135.4,981.92,663.74,27.04,24.0,21.1,26.52,25.0,8.7,5.06,5.4
2012,1,MT,10712.06,5436446.12,189.6,982.35,590.09,26.19,24.1,22.0,25.68,24.9,16.5,5.29,5.2
2012,2,MT,10712.06,5436446.12,228.4,983.1,627.27,26.23,24.8,20.8,25.65,24.8,15.2,4.65,6.5
2012,3,MT,10712.06,5436446.12,220.4,984.32,641.03,26.17,23.7,19.8,25.62,24.1,14.9,4.22,5.3
2012,4,MT,16068.09,8154669.18,85.6,984.11,543.5,26.69,23.6,17.3,26.16,25.6,14.7,4.08,5.2
2012,5,MT,42848.24,21745784.48,267.8,986.17,449.01,25.06,22.8,15.1,24.53,25.3,11.1,3.64,5.5
2012,6,MT,80340.45,40773345.9,67.4,987.22,416.01,24.25,22.2,13.3,23.73,22.6,9.1,4.0,7.2
2012,7,MT,107120.6,54364461.2,1.0,987.62,443.14,24.07,20.2,11.3,23.42,20.8,2.3,4.07,4.6
2012,8,MT,107120.6,54364461.2,0.0,987.39,492.44,27.32,18.6,13.8,26.58,18.7,2.6,4.73,5.1
2012,9,MT,80340.45,40773345.9,46.2,984.9,573.68,29.65,22.4,15.4,28.92,22.5,0.8,4.94,5.6
2012,10,MT,42848.24,21745784.48,40.2,982.46,572.97,28.9,23.6,21.0,28.3,24.6,11.7,5.03,8.4
2012,11,MT,16068.09,8154669.18,197.0,981.61,527.34,26.83,24.8,22.3,26.33,25.2,15.2,4.7,4.9
2012,12,MT,10712.06,5436446.12,171.0,982.05,592.99,27.22,23.7,21.7,26.68,25.6,17.0,4.9,5.9
2013,1,MT,4540.52,2243140.54,185.6,982.66,504.89,26.45,25.2,22.8,25.96,25.8,17.9,4.76,4.3
2013,2,MT,4540.52,2243140.54,131.2,983.21,527.54,26.25,24.5,21.4,25.76,25.4,16.9,4.59,5.3
2013,3,MT,4540.52,2243140.54,235.0,983.6,606.93,27.02,24.9,21.8,26.49,24.9,14.6,4.19,5.1
2013,4,MT,6810.78,3364710.81,53.1,985.3,433.47,25.91,24.9,19.4,25.41,25.0,11.8,4.01,4.1
2013,5,MT,18162.08,8972562.16,67.8,986.14,350.87,25.44,23.3,16.6,24.9,23.4,10.4,4.14,4.6
2013,6,MT,34053.9,16823554.05,30.6,986.49,349.49,25.86,22.8,18.8,25.3,22.9,14.5,3.67,6.3
2013,7,MT,45405.2,22431405.4,6.0,988.26,366.74,24.45,21.9,9.1,23.79,22.2,0.1,4.25,4.6
2013,8,MT,45405.2,22431405.4,0.0,987.18,422.47,25.37,17.1,11.3,24.63,17.2,0.0,5.18,5.7
2013,9,MT,34053.9,16823554.05,33.2,984.98,571.1,28.34,21.8,15.9,27.67,22.3,2.7,5.0,5.0
2013,10,MT,18162.08,8972562.16,104.2,983.91,536.73,27.36,24.4,20.6,26.77,24.8,10.9,4.83,6.8
2013,11,MT,6810.78,3364710.81,176.0,982.06,584.48,27.04,24.0,21.6,26.48,24.8,14.6,4.98,6.1
2013,12,MT,4540.52,2243140.54,252.8,981.69,565.66,26.45,24.5,21.5,25.94,25.6,15.5,5.17,4.3
2014,1,MT,7345.54,3719222.96,210.2,984.43,553.89,25.7,23.3,21.0,25.16,24.4,16.9,4.43,4.9
2014,2,MT,7345.54,3719222.96,333.8,983.14,538.56,25.59,24.2,20.2,25.07,25.3,17.0,4.42,6.4
2014,3,MT,7345.54,3719222.96,219.4,983.76,532.33,26.62,24.0,21.9,26.08,25.0,18.7,4.45,4.9
2014,4,MT,11018.31,5578834.44,203.4,985.02,449.41,27.09,24.4,21.2,26.54,24.8,15.1,4.34,4.8
2014,5,MT,29382.16,14876891.84,35.6,986.09,400.01,26.02,23.2,17.4,25.37,23.3,11.0,4.46,4.5
2014,6,MT,55091.55,27894172.2,36.8,987.15,270.65,24.9,23.0,14.2,24.38,23.1,11.5,4.34,4.4
2014,7,MT,73455.4,37192229.6,48.4,988.99,256.43,23.96,21.1,12.8,23.37,21.5,6.1,4.31,5.7
2014,8,MT,73455.4,37192229.6,0.0,986.58,350.82,27.23,20.0,16.1,26.47,20.7,5.2,4.38,5.3
2014,9,MT,55091.55,27894172.2,26.2,985.55,311.77,29.38,22.2,21.8,28.7,22.4,5.1,4.97,4.6
2014,10,MT,29382.16,14876891.84,124.8,985.93,452.25,28.82,23.1,21.6,28.14,24.2,10.0,4.73,6.8
2014,11,MT,11018.31,5578834.44,378.0,986.3,462.51,27.34,24.4,21.6,26.8,25.1,11.1,4.63,4.8
2014,12,MT,7345.54,3719222.96,198.8,986.67,466.39,26.41,24.4,21.8,25.87,25.6,15.6,4.89,5.5
2015,1,MT,6592.32,3456445.76,149.2,987.05,450.58,26.8,24.4,20.7,26.16,25.0,13.7,4.37,7.2
2015,2,MT,6592.32,3456445.76,27.4,985.62,407.75,26.28,24.2,21.0,25.69,25.6,17.5,4.72,5.5
2015,3,MT,6592.32,3456445.76,175.6,983.83,478.52,26.39,24.7,21.3,25.78,25.3,17.8,4.34,4.6
2015,4,MT,9888.48,5184668.64,140.0,984.8,352.86,26.29,24.3,21.7,25.74,25.9,18.6,3.84,5.1
2015,5,MT,26369.28,13825783.04,48.8,986.28,293.9,25.97,23.1,20.1,25.44,24.0,14.9,3.78,4.0
2015,6,MT,49442.4,25923343.2,0.4,987.91,297.21,25.73,22.6,15.9,25.08,22.8,4.8,3.81,4.8
2015,7,MT,65923.2,34564457.6,29.6,987.5,231.43,25.04,21.3,15.7,24.4,21.6,7.0,4.33,4.6
2015,8,MT,65923.2,34564457.6,0.0,985.38,287.17,29.21,20.4,19.8,28.41,20.5,3.3,4.55,4.5
2015,9,MT,49442.4,25923343.2,23.0,983.54,311.14,29.99,22.6,16.2,29.31,23.0,3.8,4.89,5.6
2015,10,MT,26369.28,13825783.04,46.0,983.59,442.37,28.94,23.8,17.6,28.32,24.1,10.6,4.96,5.8
2015,11,MT,9888.48,5184668.64,134.0,982.26,528.35,28.23,24.1,22.1,27.62,24.8,9.6,4.65,7.2
2015,12,MT,6592.32,3456445.76,142.2,983.76,570.02,28.14,23.7,21.5,27.55,25.0,16.0,4.88,4.9
2016,1,MT,11758.76,6146106.42,402.6,982.17,409.08,26.49,25.6,22.2,26.01,25.8,15.8,5.23,4.6
2016,2,MT,11758.76,6146106.42,33.0,984.23,1373.78,29.85,24.5,22.2,28.64,25.8,18.5,5.66,4.2
2016,3,MT,11758.76,6146106.42,197.8,985.22,315.38,26.87,25.0,22.1,26.23,26.2,16.9,4.22,4.2
2016,4,MT,17638.14,9219159.63,3447.11,985.92,159.87,26.42,24.9,23.1,26.1,25.4,17.5,4.97,4.6
2016,5,MT,47035.04,24584425.68,120.49,987.78,132.66,25.2,23.7,16.6,24.74,23.9,13.2,3.99,3.6
2016,6,MT,88190.7,46095798.15,4.8,989.48,131.95,23.04,23.3,13.3,22.5,23.5,5.1,3.98,3.6
2016,7,MT,117587.6,61461064.2,0.0,987.59,131.08,25.59,19.0,13.3,24.81,19.6,1.8,4.22,5.9
2016,8,MT,117587.6,61461064.2,48.0,986.38,131.69,26.53,22.1,13.7,25.79,22.5,2.7,4.82,6.3
2016,9,MT,88190.7,46095798.15,17.6,986.56,161.03,26.1,21.1,12.2,25.51,21.7,5.8,4.59,5.1
2016,10,MT,47035.04,24584425.68,189.4,983.4,337.75,27.54,23.4,18.0,26.91,24.2,7.8,4.53,5.6
2016,11,MT,17638.14,9219159.63,238.8,982.61,442.36,26.38,24.5,20.0,25.82,25.1,14.0,4.56,5.0
2016,12,MT,11758.76,6146106.42,241.8,983.03,426.02,26.29,23.8,22.0,25.76,25.2,17.0,4.73,5.3
2017,1,MT,17741.44,9419078.2,134.4,983.64,293.89,25.76,23.3,21.4,25.34,24.2,17.2,4.3,5.6
2017,2,MT,17741.44,9419078.2,174.0,983.33,356.97,26.1,24.9,21.6,25.59,25.7,17.8,4.31,5.5
2017,3,MT,17741.44,9419078.2,201.8,983.8,288.47,26.6,24.2,21.3,26.03,26.1,17.4,3.95,5.5
2017,4,MT,26612.16,14128617.3,64.4,984.84,170.66,26.42,24.7,18.7,25.87,25.9,16.4,4.17,4.8
2017,5,MT,70965.76,37676312.8,35.4,985.49,111.85,26.64,23.6,20.1,26.11,24.4,12.4,3.65,4.1
2017,6,MT,133060.8,70643086.5,0.0,987.48,119.88,24.52,22.5,12.6,23.87,22.6,5.9,3.76,5.2
2017,7,MT,177414.4,94190782.0,0.8,989.89,103.57,24.63,17.1,9.1,23.86,17.3,0.5,4.12,4.0
2017,8,MT,177414.4,94190782.0,22.8,985.4,144.25,28.34,22.7,16.3,27.59,22.9,4.0,4.46,5.0
2017,9,MT,133060.8,70643086.5,2.6,985.21,249.26,30.02,21.4,18.3,29.08,21.6,2.9,4.54,4.5
2017,10,MT,70965.76,37676312.8,47.6,983.71,382.6,29.87,23.0,22.1,28.84,23.4,12.1,5.34,7.0
2017,11,MT,26612.16,14128617.3,94.5,981.69,507.62,27.78,23.8,22.0,27.17,24.2,13.0,4.66,3.9
2017,12,MT,17741.44,9419078.2,227.1,982.61,729.45,27.78,23.8,21.0,26.79,25.4,17.8,5.5,4.0
2018,1,MT,8668.8,4834447.04,90.0,983.05,553.75,27.02,24.1,22.1,26.35,25.2,16.8,4.59,4.1
2018,2,MT,8668.8,4834447.04,266.9,982.66,345.7,26.24,24.8,22.2,25.7,25.4,17.8,4.21,3.8
2018,3,MT,8668.8,4834447.04,154.9,983.38,252.6,26.87,24.6,22.5,26.37,25.2,16.8,3.88,4.0
2018,4,MT,13003.2,7251670.56,43.6,985.39,137.68,26.33,24.2,21.4,25.76,25.0,13.7,3.39,3.4
2018,5,MT,34675.2,19337788.16,27.3,986.92,90.16,25.46,23.2,12.3,24.84,23.5,7.9,3.65,4.4
2018,6,MT,65016.0,36258352.8,2.7,988.99,76.22,22.89,21.7,13.1,22.31,23.5,7.9,4.22,4.2
2018,7,MT,86688.0,48344470.4,0.4,988.18,78.14,24.52,18.4,11.9,23.79,18.4,6.7,4.07,4.4
2018,8,MT,86688.0,48344470.4,5.4,987.86,111.84,25.21,19.8,12.1,24.53,20.0,3.1,4.6,4.7
2018,9,MT,65016.0,36258352.8,72.0,983.99,347.88,28.07,22.2,11.8,27.3,22.7,1.4,4.7,4.9
2018,10,MT,34675.2,19337788.16,86.8,983.11,613.32,27.58,23.6,22.4,27.0,25.0,16.0,4.54,4.4
2018,11,MT,13003.2,7251670.56,546.6,982.39,678.69,26.97,24.7,22.2,26.34,25.6,18.7,4.51,4.3
2018,12,MT,8668.8,4834447.04,214.9,983.81,722.1,26.94,24.1,21.8,26.36,25.7,14.2,4.4,4.7
2019,1,MT,8572.56,4807054.58,106.4,985.03,629.22,26.61,24.1,21.2,26.05,24.7,17.1,4.16,3.9
2019,2,MT,8572.56,4807054.58,148.8,983.81,547.57,26.92,24.7,22.0,26.36,25.7,16.2,4.6,3.6
2019,3,MT,8572.56,4807054.58,100.0,984.58,279.8,27.09,24.4,21.9,26.52,27.0,16.7,4.35,5.3
2019,4,MT,12858.84,7210581.87,304.8,984.7,240.83,26.06,25.9,19.5,25.53,26.1,17.6,3.62,4.6
2019,5,MT,34290.24,19228218.32,55.1,985.93,218.62,25.07,23.6,16.3,24.48,25.4,11.0,3.77,5.0
2019,6,MT,64294.2,36052909.35,0.0,987.86,531.54,26.31,21.8,18.6,25.57,21.8,8.9,3.54,3.3
2019,7,MT,85725.6,48070545.8,0.0,986.11,873.32,23.59,20.1,11.5,23.35,20.7,1.6,3.73,3.4
2019,8,MT,85725.6,48070545.8,0.0,982.53,910.87,30.62,9.21,27.18,30.62,9.63,7.18,3.99,1.1
2019,9,MT,64294.2,36052909.35,51.8,982.75,678.42,34.38,22.2,23.8,34.0,22.3,6.3,4.8,4.1
2019,10,MT,34290.24,19228218.32,166.5,989.77,925.59,29.35,23.6,21.2,28.71,23.6,11.9,4.97,7.3
2019,11,MT,12858.84,7210581.87,82.9,988.42,909.33,28.84,24.5,23.5,28.24,26.3,14.7,4.85,5.9
2019,12,MT,8572.56,4807054.58,145.4,989.14,857.51,28.2,23.9,23.3,27.65,25.0,15.2,4.52,5.9
2020,1,MT,17248.88,8872608.84,140.6,988.92,5.0,29.23,24.2,23.8,28.62,24.8,15.7,5.14,5.1
2020,2,MT,17248.88,8872608.84,380.0,990.03,5.0,27.87,25.1,22.9,27.35,25.2,15.8,4.47,4.7
2020,3,MT,17248.88,8872608.84,91.1,989.63,5.0,29.07,24.0,22.7,28.47,24.7,12.7,3.99,6.1
2020,4,MT,25873.32,13308913.26,103.4,992.04,5.0,28.03,23.8,19.0,27.46,24.0,12.5,3.64,4.1
2020,5,MT,68995.52,35490435.36,70.4,994.13,5.0,24.88,22.0,14.0,24.32,22.6,7.6,3.38,4.4
2020,6,MT,129366.6,66544566.3,0.0,993.34,5.0,26.33,21.4,16.7,25.68,21.6,5.8,3.79,4.6
2020,7,MT,172488.8,88726088.4,0.0,993.09,5.0,26.63,19.5,15.6,25.88,20.0,2.7,3.72,3.9
2020,8,MT,172488.8,88726088.4,1.2,991.89,5.0,28.95,18.5,11.8,28.15,18.9,0.0,4.04,5.0
2020,9,MT,129366.6,66544566.3,1.4,989.99,5.0,31.63,20.1,19.6,30.87,21.1,0.4,4.07,4.8
2020,10,MT,68995.52,35490435.36,105.4,988.53,5.0,31.11,22.9,22.2,30.43,24.1,6.2,4.99,8.0
2020,11,MT,25873.32,13308913.26,98.3,988.79,5.0,30.07,22.6,21.0,29.4,24.4,4.7,4.59,4.7
2020,12,MT,17248.88,8872608.84,116.7,988.82,5.0,29.0,23.6,23.2,28.38,24.2,13.7,5.06,7.2
2021,1,MT,10564.1,5910609.66,198.7,989.37,5.0,28.33,23.6,22.0,27.65,24.0,12.7,4.6,5.8
2021,2,MT,10564.1,5910609.66,128.5,988.67,5.0,28.29,24.0,22.7,27.71,24.5,11.6,4.32,5.2
2021,3,MT,10564.1,5910609.66,153.0,990.2,5.0,27.28,23.1,21.6,26.74,23.9,11.4,4.45,5.6
2021,4,MT,15846.15,8865914.49,50.1,991.29,5.0,27.07,22.5,20.5,26.52,23.5,12.5,3.62,5.6
2021,5,MT,42256.4,23642438.64,12.6,993.45,5.0,26.09,21.6,14.6,25.47,21.7,7.7,3.52,5.4
2021,6,MT,79230.75,44329572.45,12.0,994.25,5.0,25.44,20.5,8.5,24.81,20.9,0.5,3.63,3.9
2021,7,MT,105641.0,59106096.6,0.0,995.43,5.0,24.55,16.8,9.1,23.75,17.0,0.0,3.5,4.4
2021,8,MT,105641.0,59106096.6,0.0,992.74,5.0,28.65,16.1,15.4,27.85,17.0,1.4,4.11,4.6
2021,9,MT,79230.75,44329572.45,30.0,990.03,5.0,31.87,22.7,20.9,31.14,24.1,1.3,4.57,5.3
2021,10,MT,42256.4,23642438.64,116.1,989.2,5.0,30.13,22.1,22.0,29.53,22.8,11.4,5.1,8.4
2021,11,MT,15846.15,8865914.49,277.25,988.4,5.0,27.89,23.9,20.1,27.37,24.0,16.0,4.65,7.6
2021,12,MT,10564.1,5910609.66,244.15,987.25,5.0,28.25,24.0,23.1,27.71,25.7,16.6,4.57,4.6
2022,1,MT,10924.0,6621374.08,231.8,988.54,5.0,27.97,23.9,22.9,27.39,24.9,12.8,4.75,4.6
2022,2,MT,10924.0,6621374.08,237.6,989.28,5.0,27.93,24.8,22.7,27.34,25.3,17.0,4.72,4.8
2022,3,MT,10924.0,6621374.08,2.4,990.47,5.0,29.32,23.5,23.5,28.16,24.6,16.3,4.79,3.8
2022,4,MT,16386.0,9932061.12,32.9,990.66,5.0,29.69,22.7,21.0,29.04,23.2,10.9,4.16,5.0
2022,5,MT,43696.0,26485496.32,0.4,993.89,5.0,24.67,21.1,10.6,24.03,21.6,0.5,3.55,4.3
2022,6,MT,81930.0,49660305.6,41.2,993.69,5.0,24.05,21.2,12.3,23.48,21.6,5.9,3.25,3.5
2022,7,MT,109240.0,66213740.8,0.0,992.73,5.0,27.26,18.3,16.6,26.46,18.7,3.8,3.69,4.2
2022,8,MT,109240.0,66213740.8,39.6,992.98,5.0,26.64,20.9,11.5,25.9,21.1,1.7,4.22,5.5
2022,9,MT,81930.0,49660305.6,66.1,990.83,5.0,29.03,22.0,18.7,28.41,23.1,4.3,4.73,4.9
2022,10,MT,43696.0,26485496.32,81.5,989.73,5.0,28.63,22.9,19.4,28.09,23.2,13.1,4.5,5.6
2022,11,MT,16386.0,9932061.12,57.3,989.43,5.0,27.9,22.4,14.0,27.24,22.8,3.5,4.61,5.3
2022,12,MT,10924.0,6621374.08,106.9,987.69,5.0,28.35,23.3,23.2,27.8,23.7,13.0,6.38,3.8
2023,1,MT,6260.08,3538677.4,273.8,989.64,5.0,27.32,23.0,22.4,26.77,23.7,12.3,6.37,3.36
2023,2,MT,6260.08,3538677.4,298.7,990.48,5.0,27.47,23.5,21.7,26.88,24.2,14.5,5.83,3.06
2023,3,MT,6260.08,3538677.4,169.9,990.46,5.0,27.46,23.0,22.9,26.9,24.1,15.8,5.29,2.79
2023,4,MT,9390.12,5308016.1,174.8,990.78,5.0,27.07,24.0,18.5,26.54,24.3,11.5,4.72,2.48
2023,5,MT,25040.32,14154709.6,18.2,992.93,5.0,26.56,23.5,19.2,26.0,24.0,6.7,4.15,2.3
2023,6,MT,46950.6,26540080.5,19.2,995.22,5.0,24.07,21.0,10.2,23.42,21.3,5.4,3.25,3.5
2023,7,MT,62600.8,35386774.0,0.0,994.11,5.0,26.62,18.8,15.2,25.87,19.1,2.9,3.44,4.5
2023,8,MT,62600.8,35386774.0,9.8,991.29,5.0,30.23,21.5,20.2,29.49,22.2,4.2,4.06,5.0
2023,9,MT,46950.6,26540080.5,34.6,989.92,5.0,31.47,23.3,19.3,30.78,24.8,6.5,4.7,5.2
2023,10,MT,25040.32,14154709.6,58.8,988.14,5.0,32.08,24.3,24.3,31.38,24.3,8.2,5.39,7.7
2023,11,MT,9390.12,5308016.1,44.6,988.12,5.0,31.8,23.3,23.1,31.16,24.4,5.6,5.4,5.8
2023,12,MT,6260.08,3538677.4,97.4,988.79,5.0,30.91,23.8,24.3,30.24,24.9,5.3,5.11,8.6
2003,1,PR,1110.78,346314.38,0.0,914.0,56.0,20.0,17.0,22.0,20.0,18.0,17.0,6.0,2.0
2003,2,PR,1110.78,346314.38,0.0,914.0,56.0,20.0,17.0,22.0,20.0,18.0,17.0,6.0,2.0
2003,3,PR,1110.78,346314.38,53.0,914.1,339.63,19.25,18.0,12.0,19.01,19.0,3.0,5.38,6.0
2003,4,PR,1666.17,519471.57,83.0,913.59,643.24,18.79,19.0,7.0,18.33,19.0,0.0,4.43,6.0
2003,5,PR,4443.12,1385257.52,21.5,914.31,567.32,14.85,18.0,4.0,14.31,18.0,0.0,4.5,8.0
2003,6,PR,8330.85,2597357.85,48.0,914.63,111.41,17.76,17.0,9.0,17.68,17.0,7.0,2.53,6.0
2003,7,PR,11107.8,3463143.8,0.0,914.94,96.39,18.39,15.93,18.34,18.39,16.97,15.77,2.33,1.15
2003,8,PR,11107.8,3463143.8,0.0,914.9,140.52,18.7,15.84,18.78,18.7,16.92,15.64,2.6,1.24
2003,9,PR,8330.85,2597357.85,0.0,914.86,183.94,19.0,15.76,19.21,19.0,16.88,15.51,2.85,1.33
2003,10,PR,4443.12,1385257.52,0.0,914.81,227.37,19.3,15.67,19.64,19.3,16.84,15.38,3.11,1.41
2003,11,PR,1666.17,519471.57,0.0,914.77,270.79,19.6,15.59,20.07,19.6,16.79,15.25,3.37,1.5
2003,12,PR,1110.78,346314.38,0.0,914.73,314.21,19.9,15.5,20.5,19.9,16.75,15.12,3.63,1.59
2004,1,PR,1220.08,416018.32,0.0,914.68,358.35,20.21,15.41,20.93,20.21,16.71,14.99,3.89,1.67
2004,2,PR,1220.08,416018.32,0.0,914.64,401.06,20.5,15.33,21.37,20.5,16.66,14.87,4.15,1.76
2004,3,PR,1220.08,416018.32,0.0,914.6,443.77,20.8,15.24,21.78,20.8,16.62,14.73,4.4,1.84
2004,4,PR,1830.12,624027.48,0.0,914.56,487.2,21.1,15.16,22.22,21.1,16.58,14.61,4.66,1.93
2004,5,PR,4880.32,1664073.28,0.0,914.51,530.62,21.4,15.07,22.64,21.4,16.54,14.48,4.92,2.02
2004,6,PR,9150.6,3120137.4,0.0,914.47,574.04,21.7,14.98,23.08,21.7,16.49,14.35,5.17,2.1
2004,7,PR,12200.8,4160183.2,0.0,914.43,617.47,22.01,14.9,23.5,22.01,16.45,14.22,5.43,2.19
2004,8,PR,12200.8,4160183.2,0.0,914.38,661.6,22.31,14.81,23.94,22.31,16.41,14.09,5.7,2.28
2004,9,PR,9150.6,3120137.4,0.0,914.34,705.02,22.61,14.72,24.38,22.61,16.36,13.96,5.95,2.36
2004,10,PR,4880.32,1664073.28,0.0,914.3,748.45,22.91,14.64,24.8,22.91,16.32,13.83,6.21,2.45
2004,11,PR,1830.12,624027.48,0.0,914.25,791.87,23.22,14.55,25.24,23.22,16.28,13.7,6.47,2.53
2004,12,PR,1220.08,416018.32,0.0,914.21,835.29,23.52,14.47,25.66,23.52,16.23,13.57,6.73,2.62
2005,1,PR,1361.16,507045.88,0.0,914.17,879.43,23.82,14.38,26.1,23.82,16.19,13.44,6.99,2.71
2005,2,PR,1361.16,507045.88,0.0,914.13,921.43,24.11,14.29,26.54,24.11,16.15,13.32,7.24,2.79
2005,3,PR,1361.16,507045.88,0.0,914.08,963.43,24.41,14.21,26.93,24.41,16.11,13.19,7.49,2.87
2005,4,PR,2041.74,760568.82,0.0,914.04,1006.85,24.71,14.13,27.37,24.71,16.06,13.06,7.75,2.96
2005,5,PR,5444.64,2028183.52,107.0,913.09,681.13,20.75,18.0,8.0,20.56,18.0,5.0,5.22,4.0
2005,6,PR,10208.7,3802844.1,72.0,915.54,449.93,16.29,17.0,9.0,15.83,17.0,6.0,3.14,2.0
2005,7,PR,13611.6,5070458.8,109.0,917.05,532.15,13.84,16.0,3.0,13.34,16.0,0.0,3.0,2.0
2005,8,PR,13611.6,5070458.8,169.0,914.6,653.92,16.35,16.0,5.0,15.8,17.0,0.0,3.0,2.0
2005,9,PR,10208.7,3802844.1,229.0,914.67,490.62,14.09,16.0,5.0,13.72,17.0,0.0,3.27,2.47
2005,10,PR,5444.64,2028183.52,188.5,912.04,483.55,17.75,20.0,12.0,17.34,20.0,10.0,6.28,3.72
2005,11,PR,2041.74,760568.82,79.0,910.95,726.1,17.22,19.0,12.0,16.85,20.0,0.0,7.29,4.0
2005,12,PR,1361.16,507045.88,0.0,910.35,170.52,14.4,10.58,14.21,14.4,11.26,8.18,5.47,2.37
2006,1,PR,1181.06,471221.22,0.0,910.94,313.35,16.77,12.95,16.58,16.77,13.33,10.26,6.02,2.65
2006,2,PR,1181.06,471221.22,0.0,911.51,449.27,19.03,15.1,18.96,19.03,15.21,12.34,6.54,2.9
2006,3,PR,1181.06,471221.22,96.0,911.88,619.27,20.54,20.0,14.0,20.26,20.0,11.0,5.78,6.0
2006,4,PR,1771.59,706831.83,25.5,912.37,710.96,17.68,18.0,9.0,17.24,18.0,1.0,4.62,6.0
2006,5,PR,4724.24,1884884.88,0.0,914.9,429.19,13.85,15.0,7.0,13.3,15.0,0.0,4.36,8.0
2006,6,PR,8857.95,3534159.15,32.0,916.3,437.28,14.9,15.0,6.0,14.44,15.0,2.0,4.92,8.0
2006,7,PR,11810.6,4712212.2,44.0,915.53,529.23,15.67,16.0,3.0,15.1,16.0,0.0,4.3,7.0
2006,8,PR,11810.6,4712212.2,57.0,914.19,611.49,15.91,16.0,2.0,15.3,16.0,0.0,5.0,7.0
2006,9,PR,8857.95,3534159.15,190.0,913.78,619.88,15.12,17.0,1.0,14.63,17.0,0.0,6.09,9.0
2006,10,PR,4724.24,1884884.88,87.0,911.9,658.42,17.7,18.0,12.0,17.18,20.0,8.0,5.44,6.0
2006,11,PR,1771.59,706831.83,160.0,910.95,687.2,18.69,20.0,8.0,18.21,21.0,0.0,5.66,8.0
2006,12,PR,1181.06,471221.22,28.0,910.88,764.36,21.0,21.0,13.0,20.55,22.0,11.0,5.97,6.0
2007,1,PR,977.1,429310.08,52.0,909.45,713.97,21.19,21.0,15.0,20.68,21.0,4.0,5.54,6.0
2007,2,PR,977.1,429310.08,129.0,911.3,781.59,21.45,21.0,15.0,20.96,21.0,8.0,5.64,6.0
2007,3,PR,977.1,429310.08,139.0,912.19,802.0,22.41,20.0,16.0,21.85,21.0,5.0,4.56,7.0
2007,4,PR,1465.65,643965.12,105.0,913.85,560.57,19.34,20.0,10.0,18.92,21.0,6.0,4.77,6.0
2007,5,PR,3908.4,1717240.32,90.0,914.71,440.16,16.18,17.0,8.0,15.96,17.0,0.0,6.02,7.0
2007,6,PR,7328.25,3219825.6,0.0,915.09,638.42,18.79,15.0,9.0,18.55,16.0,1.0,7.27,7.0
2007,7,PR,9771.0,4293100.8,107.0,914.12,487.9,13.26,16.0,1.0,12.77,16.0,0.0,5.26,7.0
2007,8,PR,9771.0,4293100.8,6.0,915.76,578.21,15.32,14.0,6.0,14.78,14.0,0.0,5.33,9.0
2007,9,PR,7328.25,3219825.6,89.0,915.76,708.97,17.86,18.0,5.0,17.29,18.0,0.0,5.36,7.0
2007,10,PR,3908.4,1717240.32,134.0,912.47,660.74,18.39,21.0,11.0,17.88,21.0,3.0,5.75,7.0
2007,11,PR,1465.65,643965.12,119.0,910.65,828.76,18.37,19.0,11.0,17.88,19.0,1.0,6.57,10.0
2007,12,PR,977.1,429310.08,215.0,909.99,841.24,20.58,20.0,12.0,20.0,21.0,6.0,5.2,6.0
2008,1,PR,1180.2,508944.2,169.0,910.56,644.04,19.63,20.0,14.0,19.19,21.0,10.0,6.16,6.0
2008,2,PR,1180.2,508944.2,136.0,910.58,791.04,20.75,20.0,14.0,20.23,21.0,10.0,5.51,6.0
2008,3,PR,1180.2,508944.2,186.0,911.86,553.61,20.06,20.0,14.0,19.67,20.0,9.0,5.49,8.0
2008,4,PR,1770.3,763416.3,115.0,912.78,346.4,18.25,17.0,10.0,18.01,18.0,7.0,4.44,6.0
2008,5,PR,4720.8,2035776.8,69.5,913.5,554.7,15.14,16.0,7.0,14.6,17.0,0.0,4.65,8.0
2008,6,PR,8851.5,3817081.5,132.0,914.56,496.87,13.71,16.0,0.0,13.21,17.0,0.0,4.73,9.0
2008,7,PR,11802.0,5089442.0,33.0,916.27,625.39,15.38,15.0,6.0,14.76,15.0,0.0,4.29,6.0
2008,8,PR,11802.0,5089442.0,167.0,913.61,580.78,15.81,16.0,6.0,15.31,18.0,2.0,5.32,7.0
2008,9,PR,8851.5,3817081.5,23.0,914.05,669.99,14.59,18.0,5.0,14.08,18.0,0.0,6.11,7.0
2008,10,PR,4720.8,2035776.8,281.5,913.26,657.87,17.71,20.0,11.0,17.29,21.0,7.0,6.3,7.0
2008,11,PR,1770.3,763416.3,54.5,911.25,875.95,18.06,18.0,13.0,17.58,20.0,6.0,6.46,7.0
2008,12,PR,1180.2,508944.2,57.0,909.64,947.75,19.37,20.0,10.0,18.77,20.0,3.0,5.62,6.0
2009,1,PR,965.38,422473.82,299.0,910.36,836.92,20.13,20.0,13.0,19.61,21.0,4.0,6.31,9.0
2009,2,PR,965.38,422473.82,99.0,910.72,772.42,21.48,21.0,14.0,20.92,22.0,10.0,5.28,6.0
2009,3,PR,965.38,422473.82,129.0,910.81,770.7,21.31,22.0,15.0,20.73,22.0,7.0,4.93,6.0
2009,4,PR,1448.07,633710.73,41.5,913.5,676.15,18.51,21.0,11.0,17.96,21.0,0.0,4.66,5.0
2009,5,PR,3861.52,1689895.28,36.0,913.35,569.38,16.5,18.0,5.0,15.97,19.0,2.0,4.84,8.0
2009,6,PR,7240.35,3168553.65,35.5,914.62,563.84,12.75,16.0,1.0,12.06,16.0,0.0,4.68,7.0
2009,7,PR,9653.8,4224738.2,26.1,914.42,554.21,14.02,16.0,6.0,13.35,17.0,4.0,4.84,5.0
2009,8,PR,9653.8,4224738.2,41.9,914.48,764.76,15.72,16.0,7.0,14.9,17.0,0.0,5.46,8.0
2009,9,PR,7240.35,3168553.65,27.0,912.61,665.93,16.98,20.0,10.0,16.31,21.0,5.0,5.27,7.0
2009,10,PR,3861.52,1689895.28,0.0,911.38,827.96,17.62,19.0,12.0,16.97,20.0,2.0,5.59,5.0
2009,11,PR,1448.07,633710.73,218.0,909.09,903.53,22.39,21.0,16.0,21.67,22.0,10.0,6.12,8.0
2009,12,PR,965.38,422473.82,144.0,909.73,912.14,21.28,22.0,15.0,20.62,22.0,7.0,5.78,8.0
2010,1,PR,1260.44,534940.28,41.5,910.71,787.98,21.54,22.0,18.0,20.82,23.0,14.0,5.83,8.0
2010,2,PR,1260.44,534940.28,187.5,911.42,846.47,22.87,22.0,17.0,22.23,22.0,8.0,5.4,8.0
2010,3,PR,1260.44,534940.28,235.0,910.86,768.3,20.73,22.0,14.0,20.1,23.0,11.0,5.2,6.0
2010,4,PR,1890.66,802410.42,150.0,914.08,628.91,18.03,20.0,11.0,17.48,20.0,6.0,5.01,6.0
2010,5,PR,5041.76,2139761.12,62.0,913.27,565.69,15.67,18.0,9.0,15.07,18.0,6.0,5.19,7.0
2010,6,PR,9453.3,4012052.1,39.0,916.26,586.2,14.47,15.0,5.0,13.85,16.0,0.0,4.98,8.0
2010,7,PR,12604.4,5349402.8,40.5,916.33,591.37,15.55,16.0,9.0,14.91,18.0,0.0,5.44,7.0
2010,8,PR,12604.4,5349402.8,62.5,916.26,733.96,14.62,16.0,5.0,13.88,16.0,0.0,5.01,8.0
2010,9,PR,9453.3,4012052.1,34.0,913.33,692.02,16.67,17.0,9.0,16.04,18.0,2.0,5.98,8.0
2010,10,PR,5041.76,2139761.12,144.0,911.42,694.5,15.89,18.0,9.0,15.4,19.0,3.0,5.59,7.0
2010,11,PR,1890.66,802410.42,95.0,909.05,871.71,18.73,20.0,11.0,18.14,22.0,1.0,5.7,8.0
2010,12,PR,1260.44,534940.28,301.0,908.1,707.69,19.76,23.0,10.0,19.26,24.0,11.0,5.49,7.0
2011,1,PR,1185.14,477893.64,325.0,908.42,752.08,21.72,24.0,16.0,21.15,24.0,8.0,4.6,5.0
2011,2,PR,1185.14,477893.64,256.0,910.54,739.71,21.5,22.0,16.0,21.01,22.0,10.0,5.22,6.0
2011,3,PR,1185.14,477893.64,58.0,911.85,528.77,18.9,20.0,13.0,18.48,20.0,10.0,5.7,5.0
2011,4,PR,1777.71,716840.46,96.0,912.94,573.04,18.55,18.0,12.0,18.06,18.0,0.0,4.76,7.0
2011,5,PR,4740.56,1911574.56,26.0,914.56,501.26,14.87,15.0,6.0,14.38,16.0,1.0,4.42,6.0
2011,6,PR,8888.55,3584202.3,107.0,913.83,476.78,12.81,14.0,1.0,12.27,15.0,0.0,4.32,10.0
2011,7,PR,11851.4,4778936.4,155.5,914.28,431.9,14.31,15.0,2.0,13.84,16.0,0.0,4.16,6.0
2011,8,PR,11851.4,4778936.4,215.0,913.85,489.32,14.56,15.0,2.0,14.07,16.0,0.0,5.88,8.0
2011,9,PR,8888.55,3584202.3,58.0,915.72,644.4,14.83,15.0,6.0,14.29,15.0,0.0,5.46,6.0
2011,10,PR,4740.56,1911574.56,176.0,910.99,702.12,17.43,17.0,10.0,16.92,17.0,2.0,6.04,8.0
2011,11,PR,1777.71,716840.46,64.0,911.38,858.68,17.6,18.0,10.0,17.04,18.0,3.0,5.75,7.0
2011,12,PR,1185.14,477893.64,86.0,909.38,798.64,19.8,19.0,12.0,19.25,19.0,0.0,5.56,8.0
2012,1,PR,1588.32,617403.92,46.0,910.26,874.37,20.18,18.0,12.0,19.59,19.0,3.0,5.55,6.0
2012,2,PR,1588.32,617403.92,181.0,911.19,812.19,22.11,20.0,15.0,21.52,20.0,9.0,4.77,7.0
2012,3,PR,1588.32,617403.92,41.0,912.34,830.52,20.3,19.0,10.0,19.71,19.0,0.0,5.11,7.0
2012,4,PR,2382.48,926105.88,165.0,912.07,595.1,18.3,18.0,9.0,17.8,19.0,2.0,4.86,6.0
2012,5,PR,6353.28,2469615.68,67.0,915.23,426.97,15.24,16.0,5.0,14.78,16.0,0.0,4.52,6.0
2012,6,PR,11912.4,4630529.4,157.0,914.38,366.58,14.12,16.0,7.0,13.73,16.0,0.0,4.51,6.0
2012,7,PR,15883.2,6174039.2,104.0,914.6,486.0,13.87,15.0,5.0,13.37,16.0,0.0,5.01,6.0
2012,8,PR,15883.2,6174039.2,25.0,918.01,670.94,16.26,14.0,8.0,15.65,16.0,0.0,4.63,5.0
2012,9,PR,11912.4,4630529.4,57.0,914.7,754.81,16.9,17.0,6.0,16.29,17.0,0.0,5.73,9.0
2012,10,PR,6353.28,2469615.68,137.0,911.53,731.47,18.98,20.0,10.0,18.4,20.0,0.0,5.69,7.0
2012,11,PR,2382.48,926105.88,47.0,910.54,801.4,19.0,20.0,12.0,18.48,20.0,7.0,5.73,5.0
2012,12,PR,1588.32,617403.92,234.0,909.49,840.76,22.29,20.0,16.0,21.73,21.0,7.0,5.62,7.0
2013,1,PR,1198.32,537908.84,67.0,911.31,789.29,19.83,19.0,14.0,19.32,20.0,8.0,5.93,7.0
2013,2,PR,1198.32,537908.84,177.0,911.0,743.21,21.08,20.0,16.0,20.54,20.0,10.0,5.5,6.0
2013,3,PR,1198.32,537908.84,120.0,912.11,616.93,19.49,19.0,13.0,19.03,20.0,8.0,5.56,8.0
2013,4,PR,1797.48,806863.26,49.0,913.41,668.31,17.76,18.0,10.0,17.22,18.0,0.0,4.13,7.0
2013,5,PR,4793.28,2151635.36,64.0,913.57,518.18,16.23,17.0,7.0,15.73,19.0,0.0,4.05,8.0
2013,6,PR,8987.4,4034316.3,295.0,914.01,378.32,14.81,15.0,7.0,14.43,16.0,0.0,3.79,7.0
2013,7,PR,11983.2,5379088.4,136.5,916.02,550.7,13.28,17.0,6.0,12.77,17.0,0.0,4.16,8.0
2013,8,PR,11983.2,5379088.4,32.0,914.75,695.5,14.59,14.0,7.0,14.0,15.0,0.0,5.06,8.0
2013,9,PR,8987.4,4034316.3,177.0,913.89,632.07,15.87,17.0,7.0,15.36,18.0,0.0,4.44,8.0
2013,10,PR,4793.28,2151635.36,94.0,912.78,782.15,17.39,18.0,9.0,16.85,19.0,3.0,5.69,7.0
2013,11,PR,1797.48,806863.26,84.0,911.32,726.95,18.75,19.0,11.0,18.24,19.0,7.0,5.93,7.0
2013,12,PR,1198.32,537908.84,39.0,909.17,862.14,20.99,21.0,15.0,20.42,22.0,5.0,5.39,6.0
2014,1,PR,1251.02,720274.28,242.0,912.03,946.31,22.78,20.0,16.0,22.14,21.0,0.0,4.99,7.0
2014,2,PR,1251.02,720274.28,99.0,911.92,832.39,22.62,22.0,14.0,22.03,22.0,6.0,5.21,6.0
2014,3,PR,1251.02,720274.28,196.0,912.2,679.43,20.39,20.0,13.0,19.89,20.0,6.0,5.0,5.0
2014,4,PR,1876.53,1080411.42,63.0,913.77,498.31,18.2,20.0,10.0,17.79,20.0,7.0,4.61,5.0
2014,5,PR,5004.08,2881097.12,77.0,913.74,453.63,16.06,17.0,10.0,15.6,18.0,3.0,4.33,8.0
2014,6,PR,9382.65,5402057.1,192.0,914.46,428.48,15.43,18.0,7.0,14.98,18.0,0.0,4.67,7.0
2014,7,PR,12510.2,7202742.8,25.0,917.43,297.3,12.55,15.0,7.0,12.26,16.0,0.0,4.29,7.0
2014,8,PR,12510.2,7202742.8,0.0,915.57,303.99,13.91,6.3,11.68,13.56,7.83,3.26,4.69,2.0
2014,9,PR,9382.65,5402057.1,0.0,912.95,574.81,20.26,9.24,18.14,19.54,11.14,6.3,5.44,2.0
2014,10,PR,5004.08,2881097.12,19.0,912.13,839.28,21.3,19.0,12.0,20.57,19.0,0.0,5.37,8.0
2014,11,PR,1876.53,1080411.42,106.0,911.14,809.93,19.29,20.0,11.0,18.8,21.0,1.0,5.64,5.0
2014,12,PR,1251.02,720274.28,142.0,910.85,824.23,20.99,20.0,14.0,20.44,21.0,8.0,5.95,7.0
2015,1,PR,864.24,612113.86,167.0,912.35,918.46,22.67,21.0,16.0,22.09,21.0,10.0,5.64,7.0
2015,2,PR,864.24,612113.86,237.0,911.15,732.75,21.25,21.0,16.0,20.71,21.0,11.0,4.99,8.0
2015,3,PR,864.24,612113.86,190.0,912.09,636.84,20.07,20.0,15.0,19.62,21.0,9.0,4.61,5.0
2015,4,PR,1296.36,918170.79,49.0,913.35,588.71,18.41,20.0,11.0,17.92,20.0,8.0,4.57,6.0
2015,5,PR,3456.96,2448455.44,110.0,914.66,433.81,15.96,20.0,8.0,15.54,21.0,2.0,4.59,7.0
2015,6,PR,6481.8,4590853.95,78.0,916.55,475.86,14.97,17.0,8.0,14.46,17.0,2.0,4.89,9.0
2015,7,PR,8642.4,6121138.6,169.0,914.8,434.11,15.01,17.0,7.0,14.59,17.0,0.0,4.96,9.0
2015,8,PR,8642.4,6121138.6,23.0,915.21,661.36,17.56,17.0,10.0,16.96,18.0,0.0,4.76,8.0
2015,9,PR,6481.8,4590853.95,92.0,911.66,639.65,18.29,19.0,8.0,17.77,20.0,1.0,5.26,7.0
2015,10,PR,3456.96,2448455.44,209.0,912.7,583.29,18.21,20.0,10.0,17.76,20.0,7.0,5.7,7.0
2015,11,PR,1296.36,918170.79,212.0,910.22,554.11,18.9,20.0,13.0,18.49,22.0,9.0,5.54,7.0
2015,12,PR,864.24,612113.86,255.0,910.91,694.9,21.37,21.0,14.0,20.87,22.0,12.0,5.51,7.0
2016,1,PR,1394.0,891671.68,168.0,910.65,838.97,21.18,22.0,13.0,20.66,23.0,3.0,5.73,7.0
2016,2,PR,1394.0,891671.68,301.0,911.71,696.83,22.13,22.0,16.0,21.65,23.0,12.0,5.31,7.0
2016,3,PR,1394.0,891671.68,96.0,912.95,687.67,20.54,21.0,13.0,20.04,21.0,7.0,5.38,6.0
2016,4,PR,2091.0,1337507.52,138.0,913.0,741.89,21.24,22.0,6.0,20.68,22.0,0.0,4.56,6.0
2016,5,PR,5576.0,3566686.72,146.0,914.88,442.97,14.97,18.0,5.0,14.59,18.0,1.0,4.72,7.0
2016,6,PR,10455.0,6687537.6,136.5,916.5,637.71,12.37,16.0,6.0,11.85,17.0,0.0,3.99,6.0
2016,7,PR,13940.0,8916716.8,117.0,915.13,618.52,14.44,15.0,6.0,13.84,16.0,0.0,4.99,7.0
2016,8,PR,13940.0,8916716.8,174.5,914.44,655.56,14.86,18.0,6.0,14.32,18.0,0.0,4.82,7.0
2016,9,PR,10455.0,6687537.6,87.0,914.38,818.24,15.52,16.0,7.0,14.94,16.0,0.0,5.52,9.0
2016,10,PR,5576.0,3566686.72,173.0,912.3,651.61,16.85,20.0,9.0,16.39,21.0,0.0,5.97,8.0
2016,11,PR,2091.0,1337507.52,104.0,911.28,789.38,18.33,20.0,9.0,17.78,21.0,2.0,5.82,7.0
2016,12,PR,1394.0,891671.68,81.0,910.49,732.03,20.76,22.0,12.0,20.26,22.0,7.0,5.5,6.0
2017,1,PR,2073.98,1177284.68,196.0,911.1,803.59,21.78,21.0,14.0,21.24,22.0,6.0,5.33,8.0
2017,2,PR,2073.98,1177284.68,84.0,911.35,866.67,22.59,22.0,17.0,22.01,22.0,8.0,5.03,8.0
2017,3,PR,2073.98,1177284.68,42.0,912.77,610.69,19.89,22.0,13.0,19.43,22.0,10.0,5.22,7.0
2017,4,PR,3110.97,1765927.02,68.0,913.76,537.95,17.67,20.0,8.0,17.23,22.0,0.0,5.27,5.0
2017,5,PR,8295.92,4709138.72,101.0,913.93,466.8,16.75,19.0,10.0,16.35,19.0,5.0,4.66,7.0
2017,6,PR,15554.85,8829635.1,182.0,915.59,539.09,15.01,18.0,7.0,14.48,20.0,0.0,4.81,9.0
2017,7,PR,20739.8,11772846.8,2.0,919.91,675.83,14.1,13.0,6.0,13.48,14.0,1.0,4.24,7.0
2017,8,PR,20739.8,11772846.8,94.0,915.01,543.56,15.36,18.0,7.0,14.85,18.0,1.0,5.23,8.0
2017,9,PR,15554.85,8829635.1,44.0,915.69,733.48,19.21,17.0,11.0,18.58,18.0,2.0,5.15,5.0
2017,10,PR,8295.92,4709138.72,223.0,911.46,627.78,17.97,18.0,9.0,17.46,20.0,0.0,6.24,7.0
2017,11,PR,3110.97,1765927.02,132.0,910.11,855.9,18.47,20.0,11.0,17.9,20.0,0.0,5.77,6.0
2017,12,PR,2073.98,1177284.68,164.0,909.82,724.27,20.48,21.0,15.0,19.94,22.0,3.0,5.46,6.0
2018,1,PR,1166.68,773783.5,355.0,910.74,745.04,20.73,21.0,15.0,20.19,22.0,5.0,5.91,7.0
2018,2,PR,1166.68,773783.5,91.0,911.21,759.56,19.95,22.0,14.0,19.42,23.0,4.0,5.32,7.0
2018,3,PR,1166.68,773783.5,320.0,910.67,648.4,21.34,21.0,16.0,20.83,22.0,10.0,4.55,6.0
2018,4,PR,1750.02,1160675.25,17.0,914.83,726.37,19.4,19.0,12.0,18.84,20.0,3.0,4.38,6.0
2018,5,PR,4666.72,3095134.0,26.0,915.3,636.19,16.79,19.0,7.0,16.25,20.0,0.0,4.69,7.0
2018,6,PR,8750.1,5803376.25,84.5,915.39,440.23,15.01,17.0,8.0,14.54,18.0,0.0,4.19,6.0
2018,7,PR,11666.8,7737835.0,4.0,915.44,618.11,16.13,15.0,8.0,15.53,16.0,0.0,4.45,6.0
2018,8,PR,11666.8,7737835.0,45.0,915.69,719.17,14.46,16.0,7.0,13.89,16.0,0.0,5.15,8.0
2018,9,PR,8750.1,5803376.25,61.0,912.55,600.58,16.74,17.0,7.0,16.25,19.0,3.0,5.06,6.0
2018,10,PR,4666.72,3095134.0,272.0,911.81,519.84,17.17,21.0,12.0,16.74,21.0,7.0,5.43,8.0
2018,11,PR,1750.02,1160675.25,69.0,911.71,761.65,18.99,20.0,11.0,18.44,21.0,9.0,6.08,6.0
2018,12,PR,1166.68,773783.5,83.0,911.23,989.13,22.03,21.0,12.0,21.37,24.0,0.0,5.84,8.0
2019,1,PR,1249.04,735632.42,191.0,912.69,890.64,23.44,23.0,18.0,22.8,23.0,8.0,5.3,9.0
2019,2,PR,1249.04,735632.42,271.0,911.05,721.05,20.87,24.0,16.0,20.34,24.0,10.0,5.4,8.0
2019,3,PR,1249.04,735632.42,61.0,913.16,647.9,20.44,21.0,14.0,19.94,22.0,8.0,5.23,6.0
2019,4,PR,1873.56,1103448.63,115.0,912.37,580.4,19.76,20.0,12.0,19.27,22.0,5.0,4.27,7.0
2019,5,PR,4996.16,2942529.68,242.0,913.13,391.67,17.55,20.0,9.0,17.16,22.0,5.0,4.4,6.0
2019,6,PR,9367.8,5517243.15,72.0,916.45,520.19,16.27,17.0,9.0,15.71,18.0,3.0,3.82,6.0
2019,7,PR,12490.4,7356324.2,11.0,915.7,686.96,14.91,17.0,6.0,14.26,17.0,0.0,4.69,6.0
2019,8,PR,12490.4,7356324.2,50.0,917.56,642.02,14.97,15.0,6.0,14.43,16.0,0.0,5.35,6.0
2019,9,PR,9367.8,5517243.15,133.0,914.09,578.95,17.05,20.0,8.0,16.57,20.0,5.0,5.5,6.0
2019,10,PR,4996.16,2942529.68,89.0,912.58,809.12,19.77,19.0,12.0,19.17,20.0,5.0,5.63,6.0
2019,11,PR,1873.56,1103448.63,94.0,911.02,803.59,19.2,20.0,12.0,18.64,21.0,5.0,5.93,7.0
2019,12,PR,1249.04,735632.42,66.0,910.78,838.03,20.51,20.0,14.0,19.96,21.0,6.0,5.22,7.0
2020,1,PR,1105.22,657624.92,202.0,909.97,163.0,21.39,22.0,15.0,20.81,23.0,7.0,5.34,7.0
2020,2,PR,1105.22,657624.92,101.0,911.83,163.0,20.46,21.0,12.0,19.93,22.0,8.0,4.94,5.0
2020,3,PR,1105.22,657624.92,11.0,913.29,163.0,20.08,22.0,13.0,19.43,22.0,6.0,5.02,5.0
2020,4,PR,1657.83,986437.38,21.0,914.12,163.0,17.94,20.0,8.0,17.29,20.0,0.0,4.99,6.0
2020,5,PR,4420.88,2630499.68,23.0,914.2,163.0,15.5,17.0,7.0,14.86,18.0,0.0,4.61,7.0
2020,6,PR,8289.15,4932186.9,137.0,914.62,163.0,16.02,20.0,8.0,15.56,20.0,5.0,4.94,9.0
2020,7,PR,11052.2,6576249.2,27.0,914.74,163.0,15.07,16.0,8.0,14.47,18.0,0.0,5.25,8.0
2020,8,PR,11052.2,6576249.2,153.0,915.89,163.0,15.17,16.0,7.0,14.56,18.0,2.0,4.61,8.0
2020,9,PR,8289.15,4932186.9,44.0,913.98,163.0,18.57,18.0,9.0,17.97,19.0,0.0,5.6,7.0
2020,10,PR,4420.88,2630499.68,117.0,911.88,163.0,18.89,20.0,12.0,18.33,21.0,0.0,5.9,7.0
2020,11,PR,1657.83,986437.38,205.0,912.02,163.0,18.58,20.0,8.0,17.98,21.0,0.0,5.51,8.0
2020,12,PR,1105.22,657624.92,162.0,910.44,163.0,20.69,21.0,15.0,20.11,21.0,7.0,5.72,8.0
2021,1,PR,1396.86,1080883.18,210.0,910.82,163.0,21.21,22.0,15.0,20.72,22.0,12.0,5.61,6.0
2021,2,PR,1396.86,1080883.18,83.0,910.09,163.0,21.07,22.0,14.0,20.44,23.0,6.0,5.18,6.0
2021,3,PR,1396.86,1080883.18,124.0,911.2,163.0,21.11,22.0,12.0,20.56,22.0,6.0,4.8,6.0
2021,4,PR,2095.29,1621324.77,10.0,914.13,163.0,17.57,18.0,11.0,17.02,19.0,6.0,4.83,6.0
2021,5,PR,5587.44,4323532.72,124.0,913.9,163.0,15.85,18.0,8.0,15.26,18.0,0.0,4.49,8.0
2021,6,PR,10476.45,8106623.85,101.0,915.14,163.0,14.15,14.0,7.0,13.41,15.0,9.0,4.27,6.0
2021,7,PR,13968.6,10808831.8,15.0,916.93,163.0,13.48,13.87,7.0,10.48,14.0,12.87,4.68,6.0
2021,8,PR,13968.6,10808831.8,113.5,916.24,163.0,15.87,13.73,8.0,15.36,14.0,12.79,4.8,6.0
2021,9,PR,10476.45,8106623.85,65.0,913.37,163.0,18.02,13.59,10.0,17.43,14.0,12.73,5.39,6.0
2021,10,PR,5587.44,4323532.72,175.0,912.43,163.0,16.19,13.45,10.0,15.8,14.0,12.66,5.39,6.0
2021,11,PR,2095.29,1621324.77,44.0,910.32,163.0,19.22,13.31,12.0,18.67,14.0,12.59,5.66,8.0
2021,12,PR,1396.86,1080883.18,149.0,909.9,163.0,19.99,13.18,12.0,19.36,14.0,12.52,5.75,6.0
2022,1,PR,1140.16,898834.24,221.0,910.26,163.0,21.35,13.03,14.0,20.75,14.0,12.45,4.68,6.0
2022,2,PR,1140.16,898834.24,114.0,910.86,163.0,21.93,12.89,13.0,21.28,14.0,12.38,4.57,5.0
2022,3,PR,1140.16,898834.24,223.0,911.57,163.0,21.01,12.77,12.0,20.51,14.0,12.31,4.7,7.0
2022,4,PR,1710.24,1348251.36,99.0,912.98,163.0,17.79,12.63,9.0,17.3,14.0,12.24,4.16,8.0
2022,5,PR,4560.64,3595336.96,161.0,913.45,163.0,15.12,12.49,7.0,14.6,14.0,12.17,4.67,8.0
2022,6,PR,8551.2,6741256.8,136.0,914.14,163.0,14.36,12.35,8.0,13.86,14.0,12.11,4.27,7.0
2022,7,PR,11401.6,8988342.4,31.0,914.78,163.0,16.5,12.21,8.0,15.89,14.0,12.04,4.33,7.0
2022,8,PR,11401.6,8988342.4,121.5,915.36,163.0,14.27,15.0,8.0,13.82,16.0,1.0,5.14,7.0
2022,9,PR,8551.2,6741256.8,161.5,914.15,163.0,14.02,17.0,8.0,13.6,18.0,0.0,5.72,6.0
2022,10,PR,4560.64,3595336.96,136.0,911.83,163.0,17.64,19.0,10.0,17.13,20.0,2.0,5.41,8.0
2022,11,PR,1710.24,1348251.36,169.5,912.4,163.0,16.98,20.0,8.0,16.43,20.0,1.0,5.82,7.0
2022,12,PR,1140.16,898834.24,159.0,909.64,163.0,20.24,22.0,13.0,19.72,23.0,8.0,5.4,6.0
2023,1,PR,906.78,771126.96,108.0,910.65,163.0,21.0,21.0,14.0,20.41,22.0,8.0,5.21,6.0
2023,2,PR,906.78,771126.96,120.0,910.91,163.0,21.05,21.0,13.0,20.5,22.0,11.0,5.51,7.0
2023,3,PR,906.78,771126.96,89.0,912.67,163.0,21.34,22.0,14.0,20.8,23.0,5.0,4.93,6.0
2023,4,PR,1360.17,1156690.44,79.0,912.61,163.0,17.92,19.0,9.0,17.41,20.0,2.0,4.77,8.0
2023,5,PR,3627.12,3084507.84,52.0,915.09,163.0,16.69,20.0,8.0,16.16,20.0,0.0,3.7,4.0
2023,6,PR,6800.85,5783452.2,50.5,915.77,163.0,15.44,16.0,7.0,14.93,16.0,6.0,4.53,7.0
2023,7,PR,9067.8,7711269.6,75.0,916.26,163.0,14.62,17.0,4.0,14.15,18.0,0.0,4.71,10.0
2023,8,PR,9067.8,7711269.6,109.0,914.17,163.0,15.78,17.0,6.0,15.26,19.0,0.0,5.02,9.0
2023,9,PR,6800.85,5783452.2,104.0,912.78,163.0,19.21,21.0,11.0,18.66,22.0,3.0,5.79,8.0
2023,10,PR,3627.12,3084507.84,425.0,911.03,163.0,17.72,21.0,11.0,17.31,22.0,10.0,5.55,7.0
2023,11,PR,1360.17,1156690.44,221.0,910.6,163.0,20.31,22.0,9.0,19.8,22.0,6.0,5.71,10.0
2023,12,PR,906.78,771126.96,53.0,911.28,163.0,22.34,22.0,14.0,21.73,23.0,8.0,5.62,7.0
2003,1,SC,884.2,280609.68,0.0,1016.2,66.0,25.2,17.5,25.7,24.9,18.8,16.4,10.2,4.6
2003,2,SC,884.2,280609.68,0.0,1016.2,66.0,25.2,17.5,25.7,24.9,18.8,16.4,10.2,4.6
2003,3,SC,884.2,280609.68,35.4,1016.53,415.51,24.18,22.6,17.4,23.81,22.7,11.9,7.89,8.0
2003,4,SC,1326.3,420914.52,87.4,1015.67,637.18,22.29,22.4,13.0,21.85,23.1,3.0,4.74,6.3
2003,5,SC,3536.8,1122438.72,39.1,1016.98,540.58,19.32,20.4,9.3,18.78,20.6,0.3,4.29,7.0
2003,6,SC,6631.5,2104572.6,86.0,1017.29,401.85,18.67,19.1,12.9,18.25,19.6,9.8,4.28,7.9
2003,7,SC,8842.0,2806096.8,24.7,1020.52,385.74,17.38,17.4,5.6,17.01,17.7,0.0,4.7,7.2
2003,8,SC,8842.0,2806096.8,11.8,1020.68,631.38,16.46,17.2,6.5,15.98,17.5,0.3,5.3,7.3
2003,9,SC,6631.5,2104572.6,110.2,1019.09,659.49,17.82,19.2,7.3,17.44,19.6,0.1,5.88,7.9
2003,10,SC,3536.8,1122438.72,57.7,1016.44,704.29,20.99,19.9,15.1,20.42,20.1,6.3,5.84,7.6
2003,11,SC,1326.3,420914.52,114.2,1012.56,891.74,22.22,21.8,12.7,21.81,22.3,8.3,6.23,9.3
2003,12,SC,884.2,280609.68,282.4,1012.6,827.07,23.54,23.2,16.6,23.16,24.0,7.2,6.17,9.4
2004,1,SC,814.92,280539.74,324.4,1011.97,826.85,24.27,23.7,17.1,23.87,24.3,11.5,5.11,7.7
2004,2,SC,814.92,280539.74,190.2,1013.36,909.3,24.14,24.4,17.5,23.69,24.4,13.4,5.22,8.4
2004,3,SC,814.92,280539.74,208.4,1014.23,762.05,23.42,23.5,17.4,23.06,23.5,11.3,5.07,7.2
2004,4,SC,1222.38,420809.61,103.0,1017.66,683.88,23.5,23.1,19.4,23.27,23.3,16.66,5.22,8.5
2004,5,SC,3259.68,1122158.96,66.6,1026.03,1250.81,19.3,18.7,9.8,18.85,19.0,5.1,5.03,7.3
2004,6,SC,6111.9,2104048.05,101.0,1019.55,441.45,17.8,19.3,5.5,17.47,19.6,0.1,4.76,7.8
2004,7,SC,8149.2,2805397.4,85.6,1020.64,400.33,16.46,20.2,5.9,16.13,20.3,0.0,5.07,9.9
2004,8,SC,8149.2,2805397.4,6.62,1023.03,274.64,15.68,18.0,6.5,15.55,18.8,1.1,3.46,6.5
2004,9,SC,6111.9,2104048.05,19.29,1024.39,242.83,16.32,12.18,16.02,16.17,12.38,10.84,3.29,1.4
2004,10,SC,3259.68,1122158.96,36.34,1025.71,369.0,17.49,13.35,17.14,17.22,13.55,11.98,3.94,1.63
2004,11,SC,1222.38,420809.61,51.04,1027.02,495.17,18.66,14.49,18.29,18.27,14.69,13.15,4.59,1.86
2004,12,SC,814.92,280539.74,69.14,1028.33,621.34,19.83,15.67,19.41,19.31,15.87,14.29,5.24,2.09
2005,1,SC,956.06,363192.86,85.82,1029.66,749.58,21.01,16.84,20.56,20.38,17.04,15.47,5.9,2.33
2005,2,SC,956.06,363192.86,91.84,1030.93,871.61,22.14,17.91,21.72,21.39,18.11,16.64,6.53,2.54
2005,3,SC,956.06,363192.86,117.55,1032.2,993.64,23.27,19.08,22.76,22.4,19.28,17.71,7.16,2.78
2005,4,SC,1434.09,544789.29,129.63,1033.51,1119.81,24.44,20.22,23.91,23.45,20.42,18.88,7.81,3.0
2005,5,SC,3824.24,1452771.44,134.02,1021.53,705.2,22.63,21.6,12.0,21.98,22.2,9.4,5.89,6.3
2005,6,SC,7170.45,2723946.45,36.4,1017.65,436.74,20.17,20.7,9.2,19.73,20.7,4.4,4.31,7.7
2005,7,SC,9560.6,3631928.6,79.0,1020.0,512.67,17.12,18.8,6.9,16.62,19.5,0.8,4.71,6.9
2005,8,SC,9560.6,3631928.6,194.0,1017.54,584.39,18.81,18.4,9.7,18.36,18.5,1.3,5.77,13.4
2005,9,SC,7170.45,2723946.45,240.1,1019.61,571.01,17.26,18.8,9.0,16.93,19.1,0.3,5.39,8.6
2005,10,SC,3824.24,1452771.44,200.2,1015.06,581.17,20.41,20.7,15.8,20.11,21.4,9.3,6.1,9.2
2005,11,SC,1434.09,544789.29,91.8,1014.02,818.3,22.02,21.9,16.1,21.66,22.2,7.6,6.74,7.7
2005,12,SC,956.06,363192.86,98.4,1012.77,906.83,23.2,22.6,15.9,22.78,22.7,6.8,6.34,7.9
2006,1,SC,963.96,380720.2,175.6,1012.26,964.26,25.78,23.6,20.3,25.37,24.2,11.1,5.76,7.6
2006,2,SC,963.96,380720.2,182.0,1010.4,807.44,24.97,24.2,19.3,24.53,24.2,11.2,4.61,6.9
2006,3,SC,963.96,380720.2,69.6,1012.39,757.4,25.27,24.1,18.2,24.83,24.8,11.7,5.2,7.0
2006,4,SC,1445.94,571080.3,64.8,1014.76,635.64,21.82,21.4,15.1,21.34,22.1,7.2,4.02,6.7
2006,5,SC,3855.84,1522880.8,45.0,1018.74,426.89,17.59,18.4,12.1,17.0,18.4,1.9,4.58,7.2
2006,6,SC,7229.7,2855401.5,36.0,1020.06,435.76,18.24,18.3,10.3,17.87,18.4,3.3,4.78,7.9
2006,7,SC,9639.6,3807202.0,13.8,1018.77,815.27,18.45,18.4,12.9,18.05,18.9,7.5,5.13,5.9
2006,8,SC,9639.6,3807202.0,221.4,1016.35,1310.26,18.67,18.7,6.2,18.26,18.9,0.0,6.74,7.9
2006,9,SC,7229.7,2855401.5,46.0,1017.63,643.27,17.82,17.7,6.1,17.41,18.2,0.0,5.81,7.3
2006,10,SC,3855.84,1522880.8,98.8,1015.62,708.38,20.53,19.6,14.3,20.19,20.1,10.0,5.74,7.5
2006,11,SC,1445.94,571080.3,246.6,1014.1,699.6,21.48,21.7,11.3,21.12,22.3,3.0,6.21,8.8
2006,12,SC,963.96,380720.2,80.2,1012.47,973.68,24.63,23.7,17.2,24.22,23.8,13.2,5.96,7.1
2007,1,SC,622.02,278736.36,91.2,1010.93,902.47,25.16,23.6,19.9,24.73,24.3,10.6,6.04,7.7
2007,2,SC,622.02,278736.36,141.4,1012.82,831.43,24.92,24.1,18.6,24.48,24.1,8.0,5.84,7.8
2007,3,SC,622.02,278736.36,216.3,1012.85,785.86,25.57,24.6,19.4,25.16,25.0,15.0,5.07,8.4
2007,4,SC,933.03,418104.54,44.4,1015.88,603.06,23.27,22.8,15.4,22.87,23.2,4.4,2.49,11.2
2007,5,SC,2488.08,1114945.44,369.02,1016.34,268.07,19.43,20.9,11.5,18.9,21.0,0.7,3.8,6.7
2007,6,SC,4665.15,2090522.7,140.98,1013.75,275.31,20.11,17.0,10.9,18.88,17.2,4.4,6.41,8.9
2007,7,SC,6220.2,2787363.6,184.2,1018.33,446.2,14.96,17.6,4.8,14.49,17.8,0.2,4.77,7.0
2007,8,SC,6220.2,2787363.6,120.8,1020.45,413.51,16.12,18.0,8.3,15.78,18.3,2.8,5.59,8.5
2007,9,SC,4665.15,2090522.7,118.2,1019.73,641.73,19.69,20.0,11.8,19.31,20.3,1.5,5.94,8.0
2007,10,SC,2488.08,1114945.44,156.4,1015.51,676.34,21.48,22.0,14.6,21.09,22.2,10.2,6.11,9.3
2007,11,SC,933.03,418104.54,88.0,1012.68,981.97,21.63,22.3,15.9,21.19,22.7,5.9,7.14,9.9
2007,12,SC,622.02,278736.36,151.4,1011.66,924.25,24.07,24.9,18.0,23.62,24.9,10.7,6.13,7.3
2008,1,SC,812.34,360625.16,531.6,1012.96,825.06,24.17,23.9,19.3,23.71,24.4,14.0,6.2,9.0
2008,2,SC,812.34,360625.16,328.4,1012.3,920.95,24.42,24.2,17.7,23.94,24.5,7.7,5.31,7.7
2008,3,SC,812.34,360625.16,197.0,1013.3,752.47,24.03,23.3,16.8,23.56,23.9,12.7,5.2,7.6
2008,4,SC,1218.51,540937.74,221.6,1012.65,588.98,21.43,22.3,11.6,20.94,22.9,0.5,4.67,8.5
2008,5,SC,3249.36,1442500.64,76.6,1016.48,595.66,18.77,22.9,7.0,18.18,22.9,0.5,4.53,7.8
2008,6,SC,6092.55,2704688.7,73.3,1018.76,467.87,16.26,18.8,4.6,15.79,18.9,0.2,4.19,6.6
2008,7,SC,8123.4,3606251.6,12.2,1019.92,531.35,18.29,17.9,10.0,17.81,18.2,4.9,4.66,6.3
2008,8,SC,8123.4,3606251.6,61.0,1017.54,503.9,18.1,20.1,10.1,17.72,20.2,1.8,5.73,8.3
2008,9,SC,6092.55,2704688.7,234.2,1018.8,610.8,17.65,19.8,9.8,17.25,20.5,0.9,5.98,7.5
2008,10,SC,3249.36,1442500.64,294.0,1017.02,546.72,19.99,21.1,14.5,19.65,21.5,5.6,6.1,9.4
2008,11,SC,1218.51,540937.74,632.4,1015.37,644.11,21.16,21.9,16.9,20.76,22.7,12.2,5.86,6.7
2008,12,SC,812.34,360625.16,305.8,1012.26,1007.63,23.04,23.6,15.4,22.57,24.0,10.0,6.35,7.2
2009,1,SC,657.76,273678.92,223.0,1012.27,882.43,23.97,23.9,16.2,23.48,24.7,11.8,5.77,11.0
2009,2,SC,657.76,273678.92,140.0,1012.21,768.94,25.07,24.4,18.9,24.65,25.3,13.6,5.54,6.8
2009,3,SC,657.76,273678.92,218.8,1012.26,801.2,24.82,25.6,20.0,24.34,26.3,13.5,5.12,8.9
2009,4,SC,986.64,410518.38,321.4,1016.21,660.35,22.34,23.0,14.9,21.89,23.6,8.7,5.37,7.4
2009,5,SC,2631.04,1094715.68,88.6,1016.07,483.06,20.02,20.8,10.6,19.53,21.2,3.4,4.66,6.1
2009,6,SC,4933.2,2052591.9,36.0,1018.92,470.59,16.23,17.5,6.6,15.72,17.7,0.9,4.51,5.9
2009,7,SC,6577.6,2736789.2,131.2,1019.1,401.06,15.54,18.6,8.7,15.15,18.8,2.5,4.65,8.8
2009,8,SC,6577.6,2736789.2,127.5,1018.14,583.71,17.49,18.2,8.8,17.01,18.5,5.8,5.45,7.1
2009,9,SC,4933.2,2052591.9,225.1,1016.32,492.32,18.77,19.6,10.0,18.41,20.0,3.7,5.89,7.7
2009,10,SC,2631.04,1094715.68,104.4,1015.08,698.82,19.7,20.6,11.5,19.33,20.8,8.2,6.23,7.7
2009,11,SC,986.64,410518.38,128.2,1010.0,830.77,24.55,24.3,17.6,24.13,25.1,15.0,6.39,10.6
2009,12,SC,657.76,273678.92,124.4,1011.26,916.62,24.89,25.3,17.3,24.46,26.2,11.4,6.49,7.7
2010,1,SC,736.78,280669.1,217.4,1011.48,809.19,25.41,25.5,20.7,24.95,26.0,14.8,5.76,6.9
2010,2,SC,736.78,280669.1,175.0,1011.89,811.59,26.43,26.9,17.9,25.97,27.5,10.1,5.57,7.5
2010,3,SC,736.78,280669.1,286.0,1012.42,693.69,24.24,24.6,18.7,23.8,24.9,14.6,4.85,8.0
2010,4,SC,1105.17,421003.65,127.4,1017.03,527.11,21.78,22.4,15.6,21.31,22.5,9.4,5.53,8.3
2010,5,SC,2947.12,1122676.4,452.8,1016.51,423.79,19.53,21.1,13.8,19.1,21.2,6.3,5.38,6.9
2010,6,SC,5525.85,2105018.25,89.8,1020.49,431.24,17.25,18.6,9.4,16.78,18.6,2.5,4.9,7.4
2010,7,SC,7367.8,2806691.0,99.3,1020.96,402.16,17.18,18.4,6.7,16.79,18.6,2.6,5.3,6.8
2010,8,SC,7367.8,2806691.0,67.7,1021.01,532.17,16.27,19.3,7.9,15.85,19.9,1.4,5.74,6.8
2010,9,SC,5525.85,2105018.25,160.0,1017.55,553.04,18.74,19.3,10.8,18.38,19.4,5.1,5.54,7.6
2010,10,SC,2947.12,1122676.4,136.2,1015.33,753.77,19.4,20.5,12.8,18.95,20.5,4.9,6.1,7.9
2010,11,SC,1105.17,421003.65,154.2,1012.01,898.4,21.62,22.2,12.2,21.16,23.0,6.8,6.06,7.7
2010,12,SC,736.78,280669.1,115.2,1010.1,805.5,23.35,23.6,15.0,22.94,24.0,7.1,5.84,8.3
2011,1,SC,658.02,230066.0,293.8,1009.29,793.05,25.73,24.7,20.4,25.27,25.5,17.6,5.29,7.5
2011,2,SC,658.02,230066.0,278.6,1011.78,748.15,25.34,25.5,20.2,24.91,25.5,13.7,5.76,6.6
2011,3,SC,658.02,230066.0,283.6,1014.96,639.53,23.13,23.7,17.2,22.71,24.4,12.1,5.13,8.0
2011,4,SC,987.03,345099.0,53.4,1015.29,649.8,22.02,22.5,15.8,21.51,22.7,10.1,4.58,6.6
2011,5,SC,2632.08,920264.0,111.8,1018.37,491.61,19.24,20.1,10.3,18.77,20.5,5.9,4.96,6.2
2011,6,SC,4935.15,1725495.0,84.7,1017.67,418.26,16.51,18.6,5.8,16.03,19.0,0.0,4.62,5.9
2011,7,SC,6580.2,2300660.0,137.4,1018.86,405.46,15.87,17.9,5.3,15.5,18.6,0.0,5.21,7.3
2011,8,SC,6580.2,2300660.0,360.4,1018.1,449.17,16.69,19.0,6.1,16.32,19.3,0.1,6.16,8.5
2011,9,SC,4935.15,1725495.0,255.4,1020.79,663.94,17.17,19.2,7.6,16.74,19.5,2.8,5.66,8.1
2011,10,SC,2632.08,920264.0,79.0,1014.38,756.94,20.66,20.7,13.8,20.24,21.4,8.7,5.79,8.3
2011,11,SC,987.03,345099.0,93.8,1015.17,867.73,21.26,21.7,14.7,20.81,22.3,7.8,5.81,7.2
2011,12,SC,658.02,230066.0,251.1,1011.62,899.81,22.96,23.9,16.0,22.47,23.9,8.9,5.59,7.3
2012,1,SC,864.22,303192.4,311.8,1012.29,882.96,24.21,23.6,17.7,23.74,24.1,13.0,5.54,6.6
2012,2,SC,864.22,303192.4,74.4,1012.07,907.03,25.89,24.7,18.9,25.46,25.2,12.7,5.2,5.8
2012,3,SC,864.22,303192.4,105.4,1014.24,885.23,24.11,23.3,13.2,23.55,24.3,2.6,5.13,6.7
2012,4,SC,1296.33,454788.6,80.4,1014.65,584.77,21.91,22.9,12.6,21.46,23.5,5.5,4.63,5.8
2012,5,SC,3456.88,1212769.6,115.0,1019.0,541.67,19.74,21.2,9.8,19.23,22.0,5.2,4.02,7.2
2012,6,SC,6481.65,2273943.0,133.6,1018.24,427.13,17.39,19.2,7.3,16.94,20.2,1.0,4.57,7.3
2012,7,SC,8642.2,3031924.0,173.9,1018.8,411.08,15.98,19.0,8.3,15.52,19.1,0.3,4.73,7.7
2012,8,SC,8642.2,3031924.0,52.0,1022.59,586.77,18.91,19.1,11.2,18.53,19.5,6.2,5.41,7.6
2012,9,SC,6481.65,2273943.0,64.7,1018.69,656.81,19.26,20.6,9.3,18.78,21.1,0.7,6.02,8.2
2012,10,SC,3456.88,1212769.6,106.8,1014.36,618.96,21.33,22.7,15.2,20.96,22.8,9.3,5.6,6.9
2012,11,SC,1296.33,454788.6,99.8,1013.76,941.61,22.79,22.4,15.6,22.34,23.1,5.9,6.16,7.1
2012,12,SC,864.22,303192.4,79.2,1010.26,882.08,25.52,25.0,19.8,25.05,25.4,14.1,6.34,8.2
2013,1,SC,703.7,347612.02,87.0,1013.62,913.06,24.24,23.8,18.9,23.77,24.8,12.1,5.2,7.0
2013,2,SC,703.7,347612.02,184.0,1012.09,793.22,25.09,25.2,19.6,24.61,25.7,13.6,4.04,7.7
2013,3,SC,703.7,347612.02,306.6,1014.74,667.0,23.02,24.2,16.9,22.62,25.2,11.9,3.95,7.4
2013,4,SC,1055.55,521418.03,160.2,1016.25,686.26,21.82,22.8,13.1,21.32,23.4,4.0,2.91,5.5
2013,5,SC,2814.8,1390448.08,52.2,1016.53,515.22,19.33,22.0,8.9,18.85,22.2,0.2,3.48,6.9
2013,6,SC,5277.75,2607090.15,120.2,1017.62,382.35,18.1,18.9,10.5,17.71,19.8,6.2,2.97,6.9
2013,7,SC,7037.0,3476120.2,93.0,1020.62,474.34,15.53,19.2,4.4,15.03,19.2,0.1,3.73,6.4
2013,8,SC,7037.0,3476120.2,129.2,1019.28,551.92,16.2,17.1,8.2,15.75,17.5,3.8,4.36,6.6
2013,9,SC,5277.75,2607090.15,214.8,1017.66,590.48,18.3,19.2,11.7,17.88,20.2,1.4,4.1,6.4
2013,10,SC,2814.8,1390448.08,64.0,1016.74,806.27,20.42,21.5,13.4,20.02,22.0,7.1,4.69,7.8
2013,11,SC,1055.55,521418.03,103.0,1014.56,814.29,22.14,22.9,13.2,21.72,23.5,9.1,5.26,6.7
2013,12,SC,703.7,347612.02,95.8,1010.89,914.3,24.51,24.6,17.8,24.06,25.9,12.1,4.59,5.9
2014,1,SC,930.76,565109.34,176.0,1012.71,961.84,25.97,26.3,19.0,25.5,26.5,16.3,4.54,7.8
2014,2,SC,930.76,565109.34,118.4,1013.15,952.52,26.44,26.2,19.3,25.94,26.4,15.3,5.0,8.3
2014,3,SC,930.76,565109.34,122.0,1014.07,755.37,24.23,24.9,15.7,23.77,25.2,7.9,3.4,7.5
2014,4,SC,1396.14,847664.01,104.0,1016.85,598.58,22.42,23.5,15.5,22.0,24.0,9.8,3.85,7.7
2014,5,SC,3723.04,2260437.36,88.4,1017.18,498.28,19.62,21.2,10.1,19.18,21.6,6.9,3.14,6.2
2014,6,SC,6980.7,4238320.05,231.0,1018.1,334.33,17.96,20.4,8.2,17.57,20.4,0.3,3.35,5.2
2014,7,SC,9307.6,5651093.4,54.6,1021.98,430.01,17.51,18.6,9.2,17.09,19.0,2.2,3.22,6.4
2014,8,SC,9307.6,5651093.4,93.0,1019.48,618.13,17.71,18.5,7.1,17.18,18.9,0.0,4.01,7.4
2014,9,SC,6980.7,4238320.05,154.2,1016.65,542.86,19.75,20.1,12.9,19.37,20.8,8.7,4.6,7.0
2014,10,SC,3723.04,2260437.36,127.4,1017.0,841.31,21.93,21.5,15.0,21.49,21.8,6.4,5.52,7.7
2014,11,SC,1396.14,847664.01,90.4,1013.86,855.48,23.21,23.1,15.8,22.8,23.5,4.3,5.42,7.2
2014,12,SC,930.76,565109.34,170.8,1012.42,905.84,24.54,24.2,17.6,24.11,24.7,12.1,5.13,7.4
2015,1,SC,576.5,400570.88,176.2,1012.98,943.36,26.22,25.6,20.1,25.66,26.7,14.5,4.49,7.2
2015,2,SC,576.5,400570.88,304.4,1012.52,833.72,25.26,25.4,20.2,24.8,25.9,16.3,4.33,6.0
2015,3,SC,576.5,400570.88,143.6,1014.16,710.99,24.23,24.1,18.9,23.79,24.5,13.6,3.95,6.5
2015,4,SC,864.75,600856.32,115.6,1016.53,609.23,22.49,22.5,17.0,22.07,22.7,11.5,3.76,6.9
2015,5,SC,2306.0,1602283.52,186.6,1018.42,447.01,19.93,21.9,12.7,19.56,22.1,6.9,2.94,6.9
2015,6,SC,4323.75,3004281.6,88.2,1020.12,456.71,18.22,19.9,7.4,17.69,20.6,2.9,2.91,6.5
2015,7,SC,5765.0,4005708.8,268.4,1018.22,388.05,18.01,19.1,10.6,17.63,19.4,3.9,3.19,5.8
2015,8,SC,5765.0,4005708.8,72.4,1018.21,570.11,20.29,19.7,12.7,19.87,20.0,9.5,4.68,7.2
2015,9,SC,4323.75,3004281.6,244.0,1014.76,510.25,19.34,22.1,10.7,18.96,22.9,0.8,4.32,7.9
2015,10,SC,2306.0,1602283.52,308.4,1016.35,432.16,19.71,20.7,14.6,19.41,21.4,7.3,5.76,6.7
2015,11,SC,864.75,600856.32,154.4,1013.04,610.81,21.85,22.0,17.5,21.51,22.7,3.1,6.25,6.9
2015,12,SC,576.5,400570.88,229.6,1012.16,711.55,24.33,25.5,18.4,23.91,26.0,13.3,5.86,6.4
2016,1,SC,1134.4,756854.54,243.6,1012.57,868.11,25.41,24.6,21.0,24.95,24.9,13.2,5.6,7.3
2016,2,SC,1134.4,756854.54,213.0,1012.59,769.05,25.81,25.0,19.8,25.36,25.4,9.0,5.15,7.1
2016,3,SC,1134.4,756854.54,272.4,1014.92,739.54,24.23,23.8,17.4,23.74,23.9,12.9,4.91,6.2
2016,4,SC,1701.6,1135281.81,100.4,1014.21,603.87,24.31,24.9,10.8,23.9,25.2,2.5,5.07,6.4
2016,5,SC,4537.6,3027418.16,71.8,1019.0,441.25,18.11,19.4,10.1,17.71,20.0,3.6,4.03,6.3
2016,6,SC,8508.0,5676409.05,45.2,1022.06,392.9,14.17,16.1,3.8,13.73,16.2,0.0,3.81,5.5
2016,7,SC,11344.0,7568545.4,116.6,1019.36,499.74,15.91,18.6,5.5,15.45,19.2,0.2,4.88,6.6
2016,8,SC,11344.0,7568545.4,79.5,1018.11,567.89,17.16,18.4,6.8,16.68,19.1,1.4,5.6,7.2
2016,9,SC,8508.0,5676409.05,116.2,1018.53,730.35,18.48,19.3,11.5,17.99,19.5,0.0,6.01,7.5
2016,10,SC,4537.6,3027418.16,178.2,1016.04,655.69,20.05,21.2,13.7,19.66,22.7,2.5,5.95,7.2
2016,11,SC,1701.6,1135281.81,48.2,1014.49,877.95,21.94,22.2,15.3,21.49,22.7,2.9,6.39,7.6
2016,12,SC,1134.4,756854.54,259.0,1012.02,804.11,23.78,24.6,15.3,23.27,25.4,7.7,6.04,7.3
2017,1,SC,1483.76,943267.3,201.4,1012.2,926.12,25.84,24.3,19.9,25.34,25.3,11.8,5.52,6.8
2017,2,SC,1483.76,943267.3,117.4,1012.48,910.48,26.43,24.8,22.0,25.98,25.0,16.0,5.19,5.2
2017,3,SC,1483.76,943267.3,225.2,1014.95,700.17,24.16,24.3,17.8,23.7,25.0,12.1,5.36,7.6
2017,4,SC,2225.64,1414900.95,141.4,1016.88,554.21,21.79,24.0,11.0,21.35,24.4,4.7,4.93,6.9
2017,5,SC,5935.04,3773069.2,279.0,1017.44,427.75,20.31,20.4,14.1,19.93,21.2,8.2,4.88,5.7
2017,6,SC,11128.2,7074504.75,132.4,1019.04,418.05,18.34,20.7,9.5,17.86,21.2,0.7,4.38,6.2
2017,7,SC,14837.6,9432673.0,11.6,1024.85,573.2,17.65,18.1,5.7,17.13,19.0,1.5,4.74,7.2
2017,8,SC,14837.6,9432673.0,124.2,1019.23,543.65,18.69,19.2,10.1,18.27,19.7,1.5,5.75,8.5
2017,9,SC,11128.2,7074504.75,119.2,1019.49,607.14,20.98,20.0,15.3,20.64,20.3,11.7,6.24,6.6
2017,10,SC,5935.04,3773069.2,120.4,1013.8,738.33,21.35,21.4,12.6,20.91,22.2,2.4,6.21,8.9
2017,11,SC,2225.64,1414900.95,134.2,1012.94,906.94,21.69,20.5,14.5,21.22,21.2,2.6,6.16,7.8
2017,12,SC,1483.76,943267.3,192.0,1011.98,857.45,23.82,23.6,19.1,23.44,24.6,9.9,5.98,8.6
2018,1,SC,948.38,693288.74,377.6,1011.94,831.4,24.71,23.8,17.9,24.25,25.2,10.0,5.54,9.0
2018,2,SC,948.38,693288.74,131.2,1013.34,860.73,24.23,24.0,18.6,23.75,24.3,12.7,5.05,5.9
2018,3,SC,948.38,693288.74,249.3,1012.15,654.39,24.4,23.9,17.6,23.99,24.8,13.3,5.2,7.5
2018,4,SC,1422.57,1039933.11,75.8,1017.21,725.44,23.58,22.8,17.5,23.07,23.5,14.2,4.5,5.8
2018,5,SC,3793.52,2773154.96,76.6,1018.67,512.67,20.33,22.4,9.9,19.86,22.6,4.2,4.2,5.8
2018,6,SC,7112.85,5199665.55,71.0,1019.15,394.63,17.05,19.0,8.5,16.62,19.5,0.3,4.45,6.7
2018,7,SC,9483.8,6932887.4,114.6,1019.15,438.25,17.06,18.4,8.4,16.65,18.8,4.3,5.32,7.1
2018,8,SC,9483.8,6932887.4,73.6,1020.47,562.26,16.27,17.4,7.6,15.77,17.8,0.7,5.06,7.6
2018,9,SC,7112.85,5199665.55,205.0,1016.23,572.66,19.89,20.6,10.5,19.49,20.9,5.2,4.74,5.7
2018,10,SC,3793.52,2773154.96,124.6,1015.35,612.08,20.84,21.1,14.2,20.48,21.8,7.3,6.07,8.1
2018,11,SC,1422.57,1039933.11,109.0,1014.72,825.79,22.85,23.3,16.3,22.4,23.4,6.9,5.93,6.6
2018,12,SC,948.38,693288.74,130.6,1013.0,1004.13,24.52,24.1,15.2,24.03,24.5,8.2,5.97,7.7
2019,1,SC,912.92,677962.6,225.2,1013.15,895.0,27.24,26.2,22.1,26.73,26.3,16.5,5.61,7.0
2019,2,SC,912.92,677962.6,257.2,1012.63,762.97,24.77,25.0,19.2,24.26,25.3,11.6,5.58,8.6
2019,3,SC,912.92,677962.6,82.6,1015.28,698.85,24.43,23.3,18.8,23.98,23.8,9.2,5.07,5.9
2019,4,SC,1369.38,1016943.9,87.2,1014.32,604.98,23.34,23.6,16.8,22.9,23.9,11.9,4.89,6.4
2019,5,SC,3651.68,2711850.4,156.6,1015.84,393.92,21.42,22.5,13.3,21.05,23.0,10.2,4.84,7.5
2019,6,SC,6846.9,5084719.5,56.2,1019.3,477.9,19.93,20.1,11.9,19.41,20.3,7.6,4.29,6.5
2019,7,SC,9129.2,6779626.0,47.0,1019.97,413.56,16.72,18.9,5.3,16.26,19.0,0.1,4.7,6.3
2019,8,SC,9129.2,6779626.0,18.7,1022.43,544.38,17.2,18.3,7.1,16.76,18.8,0.2,5.92,8.8
2019,9,SC,6846.9,5084719.5,60.0,1018.48,529.91,18.49,19.1,12.0,18.16,19.6,4.2,6.12,7.1
2019,10,SC,3651.68,2711850.4,76.4,1015.55,731.63,21.54,21.4,16.3,21.12,22.1,9.7,6.43,10.0
2019,11,SC,1369.38,1016943.9,0.0,1013.95,837.73,22.74,22.1,15.7,22.3,22.6,8.8,6.52,7.1
2019,12,SC,912.92,677962.6,109.2,1012.79,992.05,24.06,22.3,15.9,23.58,22.9,7.1,6.25,7.4
2020,1,SC,919.1,689769.54,141.2,1011.48,1.0,25.2,24.7,17.9,24.71,25.2,10.4,5.95,7.3
2020,2,SC,919.1,689769.54,194.0,1014.16,1.0,24.58,24.5,16.7,24.12,25.0,8.4,5.75,7.0
2020,3,SC,919.1,689769.54,39.6,1015.8,1.0,24.52,23.0,18.1,24.04,23.2,12.7,5.13,6.6
2020,4,SC,1378.65,1034654.31,15.2,1016.97,1.0,21.82,22.4,12.2,21.26,22.9,3.0,5.0,7.1
2020,5,SC,3676.4,2759078.16,14.4,1016.91,1.0,19.13,20.0,9.4,18.54,20.9,2.8,4.4,6.1
2020,6,SC,6893.25,5173271.55,126.0,1017.59,1.0,18.95,20.3,11.2,18.5,20.8,5.3,4.97,7.2
2020,7,SC,9191.0,6897695.4,95.0,1018.61,1.0,16.59,17.5,6.8,16.14,18.1,2.3,5.05,7.4
2020,8,SC,9191.0,6897695.4,113.4,1020.19,1.0,17.43,18.1,7.2,16.97,18.9,0.8,5.42,7.0
2020,9,SC,6893.25,5173271.55,148.6,1017.92,1.0,19.27,20.4,10.4,18.92,20.6,1.0,5.54,8.6
2020,10,SC,3676.4,2759078.16,138.4,1015.37,1.0,21.14,21.1,14.4,20.72,21.5,8.5,6.33,6.4
2020,11,SC,1378.65,1034654.31,114.1,1015.29,1.0,22.18,22.7,14.3,21.73,22.8,4.6,5.59,7.3
2020,12,SC,919.1,689769.54,301.8,1012.48,1.0,23.8,23.3,18.6,23.39,23.6,11.7,5.48,7.1
2021,1,SC,1019.0,977033.9,390.8,1012.38,1.0,24.9,25.2,19.0,24.5,25.6,11.1,5.18,6.5
2021,2,SC,1019.0,977033.9,253.4,1011.85,1.0,24.73,24.9,18.1,24.21,25.2,8.2,4.73,6.8
2021,3,SC,1019.0,977033.9,350.0,1012.58,1.0,24.67,23.4,18.4,24.21,23.8,10.3,4.57,6.2
2021,4,SC,1528.5,1465550.85,79.2,1017.43,1.0,21.96,22.1,15.3,21.49,22.2,6.8,4.26,5.4
2021,5,SC,4076.0,3908135.6,118.0,1017.48,1.0,18.34,20.4,9.9,17.81,20.6,1.2,3.83,5.3
2021,6,SC,7642.5,7327754.25,300.3,1019.56,1.0,17.06,19.5,6.9,16.63,19.8,0.0,4.29,8.8
2021,7,SC,10190.0,9770339.0,22.2,1021.38,1.0,15.78,17.3,4.6,15.2,17.3,0.1,4.03,5.9
2021,8,SC,10190.0,9770339.0,55.4,1020.87,1.0,17.6,18.0,10.2,17.21,18.4,6.4,4.78,7.1
2021,9,SC,7642.5,7327754.25,137.6,1017.2,1.0,19.69,20.0,14.3,19.33,20.2,6.7,5.37,6.5
2021,10,SC,4076.0,3908135.6,290.0,1016.58,1.0,19.72,20.0,14.8,19.37,20.3,8.0,4.98,6.7
2021,11,SC,1528.5,1465550.85,132.4,1013.52,1.0,21.85,21.8,16.0,21.42,22.1,11.2,4.83,8.2
2021,12,SC,1019.0,977033.9,89.8,1012.78,1.0,23.47,23.2,17.3,23.03,23.8,11.2,5.52,6.8
2022,1,SC,1017.2,967031.32,28.0,1011.73,1.0,25.72,24.2,18.8,25.26,24.4,13.2,5.83,6.8
2022,2,SC,1017.2,967031.32,71.0,1012.36,1.0,25.49,24.3,18.2,25.0,24.4,11.3,5.12,5.9
2022,3,SC,1017.2,967031.32,242.8,1013.32,1.0,24.22,24.9,17.5,23.79,25.1,3.4,5.24,7.6
2022,4,SC,1525.8,1450546.98,29.2,1015.79,1.0,21.69,21.8,14.4,21.27,22.2,3.0,4.6,7.2
2022,5,SC,4068.8,3868125.28,128.4,1016.93,1.0,18.43,19.6,9.2,17.96,20.4,0.1,4.75,6.0
2022,6,SC,7629.0,7252734.9,110.2,1018.25,1.0,16.33,18.0,5.5,15.93,18.4,0.2,4.05,5.7
2022,7,SC,10172.0,9670313.2,30.0,1017.73,1.0,18.45,18.4,9.6,18.02,19.1,3.5,4.48,7.8
2022,8,SC,10172.0,9670313.2,228.2,1020.27,1.0,17.07,17.6,7.4,16.62,18.1,1.1,5.04,7.3
2022,9,SC,7629.0,7252734.9,104.8,1018.7,1.0,17.69,20.0,7.5,17.23,20.1,0.0,5.2,7.3
2022,10,SC,4068.8,3868125.28,206.2,1015.06,1.0,20.39,21.3,13.4,19.97,21.8,8.1,5.38,7.4
2022,11,SC,1525.8,1450546.98,163.8,1016.5,1.0,21.33,22.0,12.8,20.82,22.2,4.3,6.07,7.0
2022,12,SC,1017.2,967031.32,460.4,1011.94,1.0,23.66,23.1,16.3,23.21,24.4,8.9,4.69,7.6
2023,1,SC,868.9,877071.78,101.8,1012.15,1.0,25.56,23.7,17.9,25.08,24.3,13.3,4.83,7.8
2023,2,SC,868.9,877071.78,303.2,1011.96,1.0,25.06,24.0,17.2,24.58,24.7,9.1,4.16,6.0
2023,3,SC,868.9,877071.78,160.4,1014.12,1.0,25.48,24.1,20.0,25.0,24.4,12.9,3.59,5.7
2023,4,SC,1303.35,1315607.67,102.6,1015.52,1.0,21.81,21.4,12.1,21.36,21.7,4.1,2.9,7.2
2023,5,SC,3475.6,3508287.12,45.0,1018.36,1.0,20.62,21.7,12.4,20.15,22.1,6.9,3.26,4.9
2023,6,SC,6516.75,6578038.35,113.8,1019.0,1.0,18.56,19.1,8.6,17.99,19.2,3.5,3.89,5.6
2023,7,SC,8689.0,8770717.8,106.6,1020.03,1.0,17.94,19.1,10.1,17.54,19.1,5.1,3.75,7.1
2023,8,SC,8689.0,8770717.8,118.8,1017.26,1.0,18.44,19.0,8.6,17.96,19.8,0.9,4.59,7.0
2023,9,SC,6516.75,6578038.35,209.8,1015.26,1.0,20.45,21.2,10.7,20.05,22.2,2.2,4.72,6.9
2023,10,SC,3475.6,3508287.12,417.8,1014.34,1.0,19.88,21.5,15.1,19.58,22.2,8.9,4.16,5.4
2023,11,SC,1303.35,1315607.67,409.4,1012.53,1.0,22.35,23.4,12.7,21.94,23.8,2.4,4.05,6.2
2023,12,SC,868.9,877071.78,61.2,1012.75,1.0,25.15,24.2,18.8,24.72,24.3,11.6,4.34,5.6
2003,2,CE,229.12,49534.42,182.8,1008.91,1469.83,26.12,25.2,22.2,25.71,25.4,20.4,4.58,4.6
2003,3,CE,229.12,49534.42,532.4,1008.26,8268.22,26.01,25.3,21.7,25.62,25.9,20.2,4.38,5.8
2003,4,CE,343.68,74301.63,511.2,1008.72,962.1,26.22,25.2,23.0,25.8,25.9,18.2,4.53,5.3
2003,5,CE,916.48,198137.68,272.55,1009.47,656.74,26.87,24.9,23.0,26.34,25.6,19.2,5.3,6.4
2003,6,CE,1718.4,371508.15,118.41,1009.58,607.99,28.23,24.1,24.4,27.65,25.1,16.6,7.58,5.5
2003,7,CE,2291.2,495344.2,2.94,1011.04,581.75,28.68,23.1,26.1,27.94,23.6,15.4,8.78,6.7
2003,8,CE,2291.2,495344.2,19.4,1011.44,856.35,27.77,24.3,23.3,27.1,24.6,13.8,8.32,6.8
2003,9,CE,1718.4,371508.15,9.4,1010.49,562.39,27.14,22.9,22.8,26.67,23.2,13.5,8.27,6.9
2003,10,CE,916.48,198137.68,4.2,1008.88,769.75,27.56,23.1,23.7,27.12,23.3,15.4,8.82,7.7
2003,11,CE,343.68,74301.63,19.6,1007.88,967.39,27.76,23.5,23.3,27.3,24.5,15.7,7.92,7.3
2003,12,CE,229.12,49534.42,39.4,1008.52,870.98,27.58,24.4,24.9,27.27,25.1,18.0,6.75,6.9
2004,1,CE,304.0,63334.38,478.0,1007.49,2054.55,26.7,25.1,22.7,26.34,25.6,18.9,5.19,5.9
2004,2,CE,304.0,63334.38,387.9,1008.08,4489.13,26.27,25.4,22.7,25.81,25.9,17.6,4.8,6.4
2004,3,CE,304.0,63334.38,498.2,1007.44,1044.39,26.84,24.9,23.1,26.39,25.5,19.5,5.3,6.1
2004,4,CE,456.0,95001.57,107.4,1007.97,848.29,27.05,24.9,23.0,26.61,25.5,18.5,5.21,5.7
2004,5,CE,1216.0,253337.52,40.0,1009.26,3437.13,27.33,24.3,23.6,26.73,25.2,18.5,5.75,6.2
2004,6,CE,2280.0,475007.85,157.2,1011.29,1235.84,26.76,23.8,22.7,26.21,24.5,13.9,6.65,6.6
2004,7,CE,3040.0,633343.8,122.9,1010.41,971.68,27.4,23.5,22.8,26.8,24.3,15.6,7.75,6.1
2004,8,CE,3040.0,633343.8,10.9,1011.74,886.36,27.5,22.8,22.7,26.87,23.5,14.9,8.41,6.4
2004,9,CE,2280.0,475007.85,24.2,1010.23,511.74,26.95,22.8,22.3,26.5,23.4,13.1,8.28,7.2
2004,10,CE,1216.0,253337.52,2.8,1009.04,715.15,27.27,23.5,23.3,26.81,23.6,16.0,8.38,6.9
2004,11,CE,456.0,95001.57,1.6,1008.29,874.42,27.52,22.9,23.5,27.06,23.8,14.6,8.0,7.7
2004,12,CE,304.0,63334.38,26.0,1008.13,852.72,27.66,24.1,23.0,27.24,25.1,17.2,7.27,6.3
2005,1,CE,132.74,27968.26,10.1,1007.45,1229.69,28.04,24.0,24.0,27.62,24.9,17.0,6.43,6.5
2005,2,CE,132.74,27968.26,99.9,1007.06,8309.16,28.32,25.2,23.9,27.88,26.2,18.7,6.62,6.3
2005,3,CE,132.74,27968.26,184.2,1008.24,9265.54,27.64,25.3,23.1,27.22,26.3,14.3,5.33,6.3
2005,4,CE,199.11,41952.39,196.4,1007.96,3500.12,27.6,25.5,23.1,27.16,25.9,18.7,5.62,6.9
2005,5,CE,530.96,111873.04,295.4,1008.63,8963.23,27.04,24.8,23.3,26.54,25.9,19.7,5.94,6.0
2005,6,CE,995.55,209761.95,154.4,1010.05,1227.51,25.93,24.1,21.5,25.51,24.5,17.8,5.61,7.0
2005,7,CE,1327.4,279682.6,49.2,1011.61,1859.11,26.13,23.7,22.2,25.68,24.2,14.7,6.18,6.1
2005,8,CE,1327.4,279682.6,14.8,1011.13,2067.17,26.66,22.5,21.6,26.18,22.7,13.9,8.01,7.3
2005,9,CE,995.55,209761.95,1.4,1010.73,2006.07,26.95,22.4,22.3,26.48,22.5,13.2,8.1,7.3
2005,10,CE,530.96,111873.04,0.8,1009.52,1944.96,27.34,22.2,23.0,26.9,22.4,15.9,8.59,7.5
2005,11,CE,199.11,41952.39,0.8,1007.74,1883.86,27.88,23.1,23.3,27.45,23.2,14.5,8.18,7.7
2005,12,CE,132.74,27968.26,14.34,1005.65,1822.76,27.55,23.0,25.8,27.25,23.4,18.3,5.79,6.2
2006,1,CE,270.16,60904.72,57.55,1006.91,1760.66,27.32,22.28,27.55,26.76,22.51,21.72,5.57,2.17
2006,2,CE,270.16,60904.72,89.82,1008.38,1701.57,27.33,21.88,27.52,26.43,22.16,21.34,5.7,2.36
2006,3,CE,270.16,60904.72,141.34,1009.84,1642.47,27.35,21.52,27.49,26.11,21.84,20.91,5.83,2.57
2006,4,CE,405.24,91357.08,178.7,1011.35,1581.37,27.36,21.12,27.46,25.77,21.48,20.49,5.96,2.77
2006,5,CE,1080.64,243618.88,227.98,1012.87,1520.27,27.38,20.73,27.43,25.44,21.14,20.06,6.09,2.98
2006,6,CE,2026.2,456785.4,262.54,1014.38,1459.17,27.39,20.33,27.4,25.1,20.78,19.65,6.22,3.18
2006,7,CE,2701.6,609047.2,68.12,1011.7,1398.07,26.22,23.6,21.2,25.52,24.1,16.5,5.98,6.5
2006,8,CE,2701.6,609047.2,18.2,1010.83,1335.97,26.54,22.8,21.9,26.07,23.3,12.8,7.26,6.8
2006,9,CE,2026.2,456785.4,12.2,1010.73,1274.86,27.21,23.6,23.1,26.75,23.9,13.4,8.04,7.3
2006,10,CE,1080.64,243618.88,6.2,1008.91,1213.76,27.51,23.4,23.1,27.06,23.6,16.5,8.0,7.0
2006,11,CE,405.24,91357.08,8.0,1007.92,1152.66,27.66,23.2,23.4,27.2,24.0,15.6,7.6,7.7
2006,12,CE,270.16,60904.72,5.2,1008.95,1091.56,27.92,23.3,22.9,27.5,24.1,16.2,6.97,6.3
2007,1,CE,455.98,107401.34,34.8,1008.43,1029.46,28.13,24.2,23.5,27.72,24.7,17.6,6.77,6.9
2007,2,CE,455.98,107401.34,274.8,1008.53,970.36,26.95,24.5,22.6,26.54,25.2,19.7,5.0,5.8
2007,3,CE,455.98,107401.34,262.4,1007.78,911.27,26.86,25.1,22.4,26.42,25.7,15.9,5.25,5.6
2007,4,CE,683.97,161102.01,291.4,1008.36,850.17,26.95,25.2,22.6,26.53,25.6,18.5,4.92,5.8
2007,5,CE,1823.92,429605.36,143.6,1008.78,789.07,26.98,25.0,23.5,26.53,26.9,16.9,5.26,5.9
2007,6,CE,3419.85,805510.05,56.6,1010.62,727.97,26.36,23.7,22.1,25.89,24.9,15.6,6.1,6.6
2007,7,CE,4559.8,1074013.4,46.4,1011.03,666.87,26.48,23.4,22.1,26.02,23.7,13.7,6.89,6.7
2007,8,CE,4559.8,1074013.4,1.2,1010.69,604.76,26.54,24.9,21.9,26.08,26.0,12.5,8.29,7.0
2007,9,CE,3419.85,805510.05,3.2,1010.95,543.66,26.82,22.7,22.3,26.39,22.8,11.8,8.3,7.0
2007,10,CE,1823.92,429605.36,1.4,1009.06,482.56,27.12,23.0,23.2,26.71,23.3,14.2,8.61,7.5
2007,11,CE,683.97,161102.01,4.6,1007.74,421.46,27.43,23.2,24.4,27.08,23.9,16.4,7.61,7.1
2007,12,CE,455.98,107401.34,0.0,1006.73,360.36,26.48,22.13,26.19,26.2,22.2,21.38,5.11,2.33
2008,1,CE,303.38,76146.6,0.0,1005.7,298.26,27.06,22.67,26.8,26.81,22.81,21.93,5.6,2.62
2008,2,CE,303.38,76146.6,0.0,1004.71,238.16,27.61,23.19,27.41,27.4,23.38,22.48,6.06,2.89
2008,3,CE,303.38,76146.6,310.4,1007.58,178.06,26.27,24.0,22.3,25.86,24.5,18.9,3.83,5.3
2008,4,CE,455.07,114219.9,257.79,1006.54,116.96,28.39,24.1,23.3,27.92,24.6,20.6,5.27,3.8
2008,5,CE,1213.52,304586.4,976.22,1007.32,55.86,27.69,22.79,27.51,27.49,23.51,22.5,5.73,2.69
2008,6,CE,2275.35,571099.5,312.59,1009.46,271.58,25.0,23.2,22.3,24.27,23.3,19.7,4.46,4.4
2008,7,CE,3033.8,761466.0,0.0,1009.54,274.71,25.09,21.62,24.77,24.11,21.72,20.86,4.35,2.48
2008,8,CE,3033.8,761466.0,0.0,1009.15,244.37,25.94,21.51,25.79,24.98,21.61,20.6,4.91,2.71
2008,9,CE,2275.35,571099.5,0.0,1008.76,214.52,26.78,21.39,26.81,25.83,21.49,20.35,5.45,2.93
2008,10,CE,1213.52,304586.4,0.0,1008.37,184.68,27.62,21.28,27.79,26.69,21.38,20.09,6.0,3.16
2008,11,CE,455.07,114219.9,0.0,1007.99,154.83,28.46,21.17,28.81,27.54,21.27,19.83,6.55,3.38
2008,12,CE,303.38,76146.6,4.2,1007.18,549.42,28.61,22.9,23.9,27.95,24.7,17.4,7.1,5.7
2009,1,CE,79.82,19388.66,171.2,1008.27,860.93,27.43,24.4,22.5,27.03,25.3,16.9,5.79,5.6
2009,2,CE,79.82,19388.66,312.0,1007.46,786.37,26.74,24.8,22.3,26.34,25.3,16.2,4.9,5.8
2009,3,CE,79.82,19388.66,492.0,1007.41,649.03,26.1,25.5,23.1,25.69,25.6,17.9,3.56,5.3
2009,4,CE,119.73,29082.99,552.2,1008.54,564.17,25.89,24.5,22.8,25.5,25.3,20.7,3.32,5.1
2009,5,CE,319.28,77554.64,301.2,1008.74,529.87,25.83,24.5,22.7,25.45,25.3,19.7,3.34,4.1
2009,6,CE,598.65,145414.95,242.0,1010.12,681.87,25.99,24.3,22.1,25.57,25.2,17.4,4.87,7.0
2009,7,CE,798.2,193886.6,204.0,1010.85,798.69,25.84,23.3,22.0,25.39,25.0,16.7,5.69,5.9
2009,8,CE,798.2,193886.6,41.0,1010.6,901.2,26.29,23.7,21.6,25.83,23.9,14.6,6.67,5.8
2009,9,CE,598.65,145414.95,4.2,1010.9,957.99,27.11,23.0,22.3,26.69,23.8,15.2,8.16,6.4
2009,10,CE,319.28,77554.64,7.6,1008.83,1008.15,27.15,23.5,22.8,26.68,24.2,15.3,7.18,6.2
2009,11,CE,119.73,29082.99,6.6,1008.08,987.55,27.68,23.4,23.8,27.25,23.8,16.1,8.26,6.5
2009,12,CE,79.82,19388.66,13.9,1008.25,865.36,27.94,24.2,23.6,27.56,24.9,18.4,7.04,5.9
2010,1,CE,757.06,198227.76,63.5,1008.3,919.11,27.87,24.7,23.3,27.4,25.2,13.3,5.88,5.7
2010,2,CE,757.06,198227.76,73.4,1007.42,924.24,28.56,25.1,23.8,28.16,25.9,19.4,7.08,6.8
2010,3,CE,757.06,198227.76,39.8,1007.76,730.34,27.83,25.3,24.6,27.54,26.2,18.1,4.53,5.8
2010,4,CE,1135.59,297341.64,0.0,1007.99,579.76,26.36,23.44,26.72,26.28,23.73,22.15,2.84,1.74
2010,5,CE,3028.24,792911.04,0.0,1009.03,1144.98,26.9,22.47,27.3,26.73,22.72,20.98,4.64,2.53
2010,6,CE,5677.95,1486708.2,0.0,1010.08,1710.2,27.44,21.46,27.9,27.18,21.68,19.85,6.43,3.29
2010,7,CE,7570.6,1982277.6,0.0,1011.12,2275.42,27.98,20.49,28.49,27.63,20.67,18.68,8.23,4.07
2010,8,CE,7570.6,1982277.6,0.0,1012.18,2849.9,28.53,19.49,29.09,28.09,19.63,17.51,10.06,4.86
2010,9,CE,5677.95,1486708.2,0.0,1009.97,1548.5,27.71,23.2,22.7,27.1,37.9,6.1,9.14,6.7
2010,10,CE,3028.24,792911.04,0.0,1009.41,1025.45,27.88,20.34,27.21,27.73,20.78,19.44,7.56,6.4
2010,11,CE,1135.59,297341.64,0.0,1008.79,1020.88,29.63,21.5,27.4,29.25,21.6,18.6,8.84,5.1
2010,12,CE,757.06,198227.76,128.1,1006.25,842.74,27.79,24.2,23.3,27.4,25.1,16.2,6.67,5.7
2011,1,CE,137.22,35914.52,861.7,1006.51,795.51,26.37,25.0,22.0,25.91,25.5,17.2,5.13,5.2
2011,2,CE,137.22,35914.52,344.0,1007.34,541.1,26.47,24.8,23.2,26.1,25.6,19.1,4.7,5.3
2011,3,CE,137.22,35914.52,3.0,1007.35,664.18,26.61,25.2,22.5,26.15,26.7,19.6,4.26,4.9
2011,4,CE,205.83,53871.78,140.9,1007.84,704.82,26.77,25.1,23.2,26.26,25.7,18.1,4.35,5.2
2011,5,CE,548.88,143658.08,107.6,1008.26,581.4,26.7,25.6,23.4,26.25,26.6,17.4,4.67,5.2
2011,6,CE,1029.15,269358.9,106.4,1009.88,603.88,26.39,24.3,21.5,25.95,24.7,16.9,5.34,5.7
2011,7,CE,1372.2,359145.2,91.8,1010.22,634.82,26.05,23.6,21.4,25.62,24.2,16.2,5.67,5.7
2011,8,CE,1372.2,359145.2,18.6,1010.96,762.4,26.68,23.1,21.7,26.21,23.4,13.6,7.16,6.5
2011,9,CE,1029.15,269358.9,0.0,1010.87,845.07,27.05,22.5,22.5,26.59,22.7,13.7,7.98,6.4
2011,10,CE,548.88,143658.08,28.6,1008.07,785.01,27.36,23.8,23.3,26.94,24.7,15.3,7.88,7.1
2011,11,CE,205.83,53871.78,15.1,1008.19,876.88,27.72,23.9,24.3,27.08,24.2,17.5,7.81,6.2
2011,12,CE,137.22,35914.52,6.2,1008.26,947.47,28.16,23.7,25.5,27.43,24.6,16.8,7.93,5.9
2012,1,CE,640.88,176591.7,100.5,1008.38,876.12,28.03,23.8,24.2,27.4,24.7,17.1,7.65,6.1
2012,2,CE,640.88,176591.7,0.0,1008.03,764.83,27.03,24.9,22.2,26.43,25.8,17.7,6.18,7.1
2012,3,CE,640.88,176591.7,267.6,1008.38,686.8,26.93,27.0,22.3,26.48,27.0,17.8,5.79,6.0
2012,4,CE,961.32,264887.55,145.0,1008.24,688.68,27.31,25.1,24.0,26.88,26.0,18.0,5.88,5.8
2012,5,CE,2563.52,706366.8,132.2,1009.55,691.05,27.23,24.3,23.0,26.79,24.9,14.1,6.44,5.8
2012,6,CE,4806.6,1324437.75,128.4,1010.87,647.33,26.7,24.9,22.6,26.25,25.2,14.7,6.14,5.9
2012,7,CE,6408.8,1765917.0,7.2,1010.75,721.64,26.74,23.2,21.0,26.3,23.7,12.6,7.28,7.0
2012,8,CE,6408.8,1765917.0,0.2,1011.69,810.04,26.83,22.8,21.9,26.38,22.9,12.4,8.13,6.3
2012,9,CE,4806.6,1324437.75,1.4,1011.69,849.62,27.07,22.7,22.0,26.62,23.1,12.2,8.46,6.8
2012,10,CE,2563.52,706366.8,11.4,1009.2,873.35,27.32,23.0,23.2,26.86,24.0,13.3,9.16,6.8
2012,11,CE,961.32,264887.55,4.6,1008.29,852.17,27.68,22.8,22.8,27.21,23.4,15.9,7.49,6.4
2012,12,CE,640.88,176591.7,16.2,1007.73,791.3,28.06,23.9,24.2,27.61,24.9,17.3,7.67,6.1
2013,1,CE,467.58,135960.22,46.4,1008.63,783.84,27.99,25.0,23.6,27.57,26.1,18.0,6.98,6.1
2013,2,CE,467.58,135960.22,102.8,1007.6,790.77,28.17,25.4,24.2,27.75,26.7,17.1,7.43,6.3
2013,3,CE,467.58,135960.22,69.2,1008.17,788.68,28.41,26.4,24.8,27.99,26.7,15.5,6.81,6.5
2013,4,CE,701.37,203940.33,175.8,1008.67,664.49,27.47,27.2,22.9,27.01,28.6,18.4,4.8,5.5
2013,5,CE,1870.32,543840.88,133.2,1009.28,638.63,27.24,26.1,22.9,26.81,28.0,17.5,5.37,5.6
2013,6,CE,3506.85,1019701.65,224.6,1010.23,612.29,26.44,25.7,22.1,26.0,27.0,16.9,5.23,5.8
2013,7,CE,4675.8,1359602.2,88.6,1011.2,681.09,26.29,25.4,21.6,25.85,25.7,13.8,5.78,5.5
2013,8,CE,4675.8,1359602.2,13.8,1010.38,776.49,27.11,23.6,23.1,26.68,24.1,13.5,8.05,6.5
2013,9,CE,3506.85,1019701.65,11.2,1010.46,844.07,27.33,23.4,23.1,26.89,23.8,13.4,8.99,6.8
2013,10,CE,1870.32,543840.88,11.4,1009.75,876.57,27.68,23.5,23.2,27.2,24.3,14.6,8.68,6.7
2013,11,CE,701.37,203940.33,13.4,1007.89,799.28,27.72,23.2,23.9,27.28,24.0,16.4,8.56,6.4
2013,12,CE,467.58,135960.22,11.8,1008.42,802.08,27.99,24.6,24.0,27.54,24.7,14.9,7.58,6.1
2014,1,CE,476.48,142380.8,72.2,1008.75,742.24,27.72,26.6,24.1,27.28,26.9,17.3,7.24,6.0
2014,2,CE,476.48,142380.8,136.6,1007.76,731.01,27.31,27.8,22.1,26.89,28.8,17.4,6.12,5.8
2014,3,CE,476.48,142380.8,142.2,1008.52,711.41,27.28,28.1,22.9,26.81,28.4,18.7,5.32,5.2
2014,4,CE,714.72,213571.2,276.0,1008.74,588.37,26.96,29.1,23.2,26.5,30.4,6.02,4.3,4.7
2014,5,CE,1905.92,569523.2,260.0,1008.92,558.49,26.77,30.8,23.2,26.32,31.4,0.0,4.24,4.7
2014,6,CE,3573.6,1067856.0,58.6,1010.2,634.12,27.12,23.4,22.7,26.68,24.0,12.9,6.14,5.5
2014,7,CE,4764.8,1423808.0,36.8,1012.4,688.89,26.64,23.0,22.1,26.17,23.5,12.6,6.7,6.6
2014,8,CE,4764.8,1423808.0,2.4,1011.57,776.65,26.99,22.2,22.0,26.52,22.3,11.4,8.23,6.8
2014,9,CE,3573.6,1067856.0,8.4,1010.99,800.34,27.24,22.3,22.6,26.77,23.0,14.2,8.44,6.6
2014,10,CE,1905.92,569523.2,5.2,1009.87,867.88,27.67,22.6,22.6,27.2,23.3,12.8,8.95,7.1
2014,11,CE,714.72,213571.2,19.0,1008.9,816.27,27.57,23.1,23.8,27.11,24.4,14.3,7.83,6.4
2014,12,CE,476.48,142380.8,52.6,1009.13,778.87,27.72,24.2,23.9,27.27,24.2,16.5,7.89,6.5
2015,1,CE,200.88,60803.82,75.0,1009.76,779.41,27.46,24.0,22.7,27.05,24.0,15.6,7.1,5.8
2015,2,CE,200.88,60803.82,147.8,1008.97,673.24,27.51,24.4,21.9,27.1,25.3,17.0,6.2,6.3
2015,3,CE,200.88,60803.82,379.4,1008.68,649.55,26.82,24.6,23.1,26.38,25.3,17.3,4.86,6.7
2015,4,CE,301.32,91205.73,301.0,1008.99,598.81,26.82,24.5,23.1,26.36,25.5,17.9,4.42,5.4
2015,5,CE,803.52,243215.28,86.6,1009.58,688.2,27.72,24.6,23.9,27.26,25.0,17.3,6.13,5.5
2015,6,CE,1506.6,456028.65,75.2,1011.3,655.84,26.87,24.2,22.1,26.42,24.6,14.9,6.15,5.6
2015,7,CE,2008.8,608038.2,155.8,1011.43,642.3,26.41,23.8,21.8,25.98,24.7,16.2,6.97,5.8
2015,8,CE,2008.8,608038.2,12.8,1011.26,781.08,26.72,22.4,22.1,26.27,23.3,13.6,8.17,6.4
2015,9,CE,1506.6,456028.65,18.0,1010.96,798.69,27.08,23.1,23.4,26.63,23.9,13.5,8.56,6.4
2015,10,CE,803.52,243215.28,1.2,1010.49,836.88,27.42,22.3,23.7,26.95,23.7,13.9,8.47,6.8
2015,11,CE,301.32,91205.73,2.2,1008.9,850.17,27.8,22.7,23.7,27.3,22.9,13.5,7.4,6.6
2015,12,CE,200.88,60803.82,52.8,1009.78,793.89,28.2,24.4,24.1,27.75,25.0,13.3,7.5,6.1
2016,1,CE,335.84,105885.1,117.98,1009.05,817.13,28.14,24.6,24.0,27.64,25.3,17.6,5.71,5.1
2016,2,CE,335.84,105885.1,56.32,1009.18,1726.1,29.81,24.8,26.1,28.89,25.1,18.3,8.09,5.4
2016,3,CE,335.84,105885.1,294.8,1009.19,1082.35,28.89,25.4,24.0,28.32,26.0,18.5,6.52,5.8
2016,4,CE,503.76,158827.65,269.9,1008.48,712.72,27.82,26.0,23.8,27.35,26.2,16.8,2.22,10.0
2016,5,CE,1343.36,423540.4,116.7,1010.38,1062.4,28.46,25.4,23.9,27.71,26.2,16.2,0.26,12.8
2016,6,CE,2518.8,794138.25,3.9,1011.62,1154.3,28.8,23.7,22.5,27.96,24.5,11.7,0.69,14.6
2016,7,CE,3358.4,1058851.0,6.0,1011.29,721.7,27.3,23.1,23.0,26.82,24.4,11.6,7.23,6.0
2016,8,CE,3358.4,1058851.0,10.8,1011.44,792.57,27.19,22.6,22.8,26.72,23.2,10.7,7.88,6.6
2016,9,CE,2518.8,794138.25,10.8,1011.06,852.22,27.49,23.1,23.8,27.03,23.6,13.5,8.6,6.4
2016,10,CE,1343.36,423540.4,8.2,1008.99,867.73,27.96,23.5,24.0,27.48,24.0,13.9,8.68,6.4
2016,11,CE,503.76,158827.65,9.0,1008.25,845.74,28.25,24.2,24.3,27.78,25.3,13.3,8.57,6.7
2016,12,CE,335.84,105885.1,0.0,1008.14,752.34,28.2,24.2,23.0,27.75,24.8,16.4,7.28,5.6
2017,1,CE,384.4,126680.96,109.8,1008.44,751.51,27.65,24.6,23.8,27.24,25.3,17.4,6.33,5.5
2017,2,CE,384.4,126680.96,209.6,1008.19,700.5,27.31,24.4,23.0,26.88,25.6,18.1,5.59,5.0
2017,3,CE,384.4,126680.96,474.0,1008.31,524.44,26.45,25.3,22.5,25.98,26.1,19.8,4.05,4.7
2017,4,CE,576.6,190021.44,335.2,1008.42,586.29,27.07,24.9,23.1,26.63,25.7,16.4,4.82,5.0
2017,5,CE,1537.6,506723.84,129.8,1009.35,615.62,27.29,24.7,23.3,26.84,25.7,17.1,5.19,5.3
2017,6,CE,2883.0,950107.2,47.0,1010.2,653.13,27.31,24.5,23.3,26.82,25.0,16.0,5.97,5.1
2017,7,CE,3844.0,1266809.6,79.2,1012.24,687.38,26.46,23.6,21.7,25.97,24.3,13.6,6.3,5.5
2017,8,CE,3844.0,1266809.6,1.8,1011.15,806.6,27.06,22.3,22.5,26.59,22.3,13.3,7.64,6.1
2017,9,CE,2883.0,950107.2,7.6,1011.03,860.1,27.34,22.4,23.3,26.86,22.6,11.8,8.67,6.6
2017,10,CE,1537.6,506723.84,11.7,1009.25,833.2,27.68,24.5,24.0,27.2,24.5,12.9,8.93,6.5
2017,11,CE,576.6,190021.44,9.8,1008.35,807.55,27.73,23.4,23.9,27.24,25.0,16.1,7.89,6.2
2017,12,CE,384.4,126680.96,14.6,1008.23,755.38,28.13,23.7,24.8,27.67,25.0,17.1,7.45,5.6
2018,1,CE,256.48,86690.46,139.6,1008.33,704.46,27.47,24.3,21.8,27.03,25.5,17.4,6.03,5.9
2018,2,CE,256.48,86690.46,211.7,1008.04,575.44,26.55,24.5,22.8,26.12,25.2,19.1,4.35,4.8
2018,3,CE,256.48,86690.46,275.0,1008.29,726.84,27.41,25.0,23.5,26.96,26.5,18.2,4.93,5.0
2018,4,CE,384.72,130035.69,192.1,1008.95,628.93,26.65,25.0,22.6,26.2,26.1,17.7,4.56,5.2
2018,5,CE,1025.92,346761.84,226.9,1009.75,624.9,26.75,25.2,22.6,26.29,25.5,16.0,4.8,5.0
2018,6,CE,1923.6,650178.45,49.5,1011.35,692.76,26.61,24.1,22.0,26.14,24.8,14.7,5.91,5.1
2018,7,CE,2564.8,866904.6,194.2,1011.42,711.24,26.39,23.4,21.8,25.93,23.9,12.3,6.37,5.7
2018,8,CE,2564.8,866904.6,20.1,1011.89,800.38,26.87,23.4,22.8,26.42,25.0,13.1,7.45,5.8
2018,9,CE,1923.6,650178.45,10.6,1009.77,848.86,27.24,23.5,23.0,26.77,23.5,10.7,8.52,6.5
2018,10,CE,1025.92,346761.84,7.0,1009.2,841.27,27.7,23.1,23.8,27.24,24.9,12.8,7.77,5.9
2018,11,CE,384.72,130035.69,20.4,1008.05,793.51,28.29,23.3,24.8,27.84,23.8,16.0,8.1,6.1
2018,12,CE,256.48,86690.46,180.7,1009.1,728.49,27.56,24.7,22.9,27.12,25.0,16.7,6.02,5.8
2019,1,CE,160.2,55703.34,201.1,1009.45,782.78,27.59,25.3,23.5,27.14,25.8,16.2,5.6,5.6
2019,2,CE,160.2,55703.34,48.2,1008.8,1556.51,29.36,25.7,24.4,28.59,26.8,19.0,6.17,4.4
2019,3,CE,160.2,55703.34,0.0,1009.91,98.44,26.15,22.91,25.85,26.13,23.17,21.91,2.12,1.0
2019,4,CE,240.3,83555.01,0.0,1009.74,137.81,27.35,23.48,27.5,27.29,23.99,22.29,4.57,1.94
2019,5,CE,640.8,222813.36,280.4,1009.29,433.83,27.46,24.9,23.8,27.11,26.1,18.6,5.42,4.8
2019,6,CE,1201.5,417775.05,206.8,1011.12,622.39,26.79,24.2,22.1,26.32,25.3,17.0,5.92,5.2
2019,7,CE,1602.0,557033.4,53.4,1011.34,673.15,26.58,24.2,22.8,26.12,24.4,15.1,6.46,5.6
2019,8,CE,1602.0,557033.4,20.4,1012.56,762.04,26.79,22.7,22.4,26.31,23.0,14.2,7.81,6.5
2019,9,CE,1201.5,417775.05,13.6,1010.93,798.49,27.21,22.7,23.4,26.75,23.3,12.4,8.43,6.7
2019,10,CE,640.8,222813.36,11.2,1009.29,834.16,27.47,23.4,22.3,26.98,23.6,13.4,8.07,6.4
2019,11,CE,240.3,83555.01,4.6,1007.83,845.56,28.11,23.4,24.3,27.61,24.2,15.3,7.59,6.6
2019,12,CE,160.2,55703.34,60.8,1008.02,788.71,28.33,24.8,24.6,27.83,25.4,15.6,7.19,6.3
2020,1,CE,152.28,54195.62,237.8,1008.7,1.0,27.61,25.4,23.2,27.16,26.4,18.1,4.96,4.9
2020,2,CE,152.28,54195.62,311.3,1008.7,1.0,27.02,25.9,22.8,26.56,26.7,20.4,4.26,4.9
2020,3,CE,152.28,54195.62,408.6,1008.38,1.0,27.18,26.1,23.2,26.71,26.7,19.0,3.65,4.5
2020,4,CE,228.42,81293.43,440.8,1008.86,1.0,26.98,25.7,23.0,26.54,26.6,20.1,4.08,4.8
2020,5,CE,609.12,216782.48,298.4,1009.88,1.0,27.04,25.1,22.6,26.58,25.7,18.2,4.73,5.1
2020,6,CE,1142.1,406467.15,97.8,1010.35,1.0,26.49,24.4,22.8,26.06,26.1,15.0,5.32,5.0
2020,7,CE,1522.8,541956.2,63.6,1010.5,1.0,26.3,23.7,21.9,25.83,24.5,14.9,6.06,5.8
2020,8,CE,1522.8,541956.2,1.0,1010.62,1.0,26.81,22.6,21.7,26.32,22.8,12.6,7.65,7.0
2020,9,CE,1142.1,406467.15,6.6,1010.48,1.0,27.21,23.1,22.9,26.73,23.7,13.1,8.24,6.4
2020,10,CE,609.12,216782.48,18.0,1009.26,1.0,27.79,23.9,22.9,27.31,24.6,14.7,7.62,6.3
2020,11,CE,228.42,81293.43,18.6,1008.27,1.0,28.3,23.5,24.1,27.83,24.3,15.1,7.84,6.4
2020,12,CE,152.28,54195.62,27.2,1008.35,1.0,28.27,23.8,24.8,27.8,24.5,14.2,7.94,5.9
2021,1,CE,167.54,63170.0,121.8,1007.95,1.0,27.86,24.9,24.2,27.43,25.3,16.6,6.86,5.8
2021,2,CE,167.54,63170.0,67.8,1007.87,1.0,27.81,25.1,23.5,27.39,25.6,17.6,6.22,5.6
2021,3,CE,167.54,63170.0,422.0,1008.06,1.0,26.68,25.2,20.9,26.22,25.7,18.4,4.76,5.4
2021,4,CE,251.31,94755.0,139.0,1008.05,1.0,27.38,25.1,23.3,26.91,25.9,18.6,5.3,5.5
2021,5,CE,670.16,252680.0,235.0,1009.55,1.0,26.5,24.4,22.6,26.05,25.1,16.8,4.79,5.2
2021,6,CE,1256.55,473775.0,92.2,1010.24,1.0,27.09,24.7,22.6,26.62,25.5,15.4,5.42,5.0
2021,7,CE,1675.4,631700.0,35.9,1011.55,1.0,27.02,23.3,22.6,26.58,24.0,14.6,6.55,5.4
2021,8,CE,1675.4,631700.0,2.2,1010.8,1.0,27.52,22.7,23.4,27.06,22.8,11.4,7.96,6.4
2021,9,CE,1256.55,473775.0,3.3,1010.34,1.0,27.86,22.9,24.1,27.4,23.2,13.0,8.13,6.6
2021,10,CE,670.16,252680.0,11.2,1008.95,1.0,28.44,23.8,25.2,27.93,24.8,16.1,8.11,6.7
2021,11,CE,251.31,94755.0,4.8,1007.56,1.0,30.29,23.0,25.2,29.7,23.9,17.9,9.06,6.0
2021,12,CE,167.54,63170.0,40.0,1007.22,1.0,28.68,25.4,25.3,28.23,25.8,18.9,7.61,5.9
2022,1,CE,165.0,64706.0,260.4,1008.5,1.0,26.91,25.3,21.9,26.42,25.8,18.7,5.0,6.4
2022,2,CE,165.0,64706.0,147.2,1007.96,1.0,27.67,25.3,22.6,27.15,25.6,19.3,5.64,5.5
2022,3,CE,165.0,64706.0,596.0,1007.44,1.0,26.51,25.6,23.0,26.07,25.9,17.9,4.51,4.9
2022,4,CE,247.5,97059.0,479.0,1007.92,1.0,26.5,25.6,22.0,26.02,26.2,18.5,4.34,4.9
2022,5,CE,660.0,258824.0,276.2,1009.64,1.0,26.31,25.1,22.5,25.87,26.4,18.6,4.71,4.9
2022,6,CE,1237.5,485295.0,185.4,1009.84,1.0,25.86,24.2,22.2,25.41,24.9,14.4,4.71,5.2
2022,7,CE,1650.0,647060.0,110.6,1010.59,1.0,26.15,24.2,21.1,25.71,24.9,13.6,5.89,5.5
2022,8,CE,1650.0,647060.0,0.0,1010.8,1.0,26.62,23.2,21.9,26.14,23.8,11.2,6.85,5.5
2022,9,CE,1237.5,485295.0,7.0,1010.45,1.0,27.23,23.3,23.3,26.77,23.4,12.3,7.95,6.5
2022,10,CE,660.0,258824.0,9.0,1009.16,1.0,27.81,23.1,24.2,27.35,24.0,14.0,8.29,6.3
2022,11,CE,247.5,97059.0,25.8,1008.36,1.0,27.69,24.3,23.6,27.19,24.6,14.8,6.6,5.6
2022,12,CE,165.0,64706.0,19.1,1008.11,1.0,27.94,23.7,23.5,27.46,24.6,16.3,6.97,5.8
2023,1,CE,202.6,78575.36,230.6,1008.75,1.0,27.31,24.3,23.0,26.82,25.8,17.5,5.94,5.5
2023,2,CE,202.6,78575.36,300.2,1008.41,1.0,27.06,25.0,23.1,26.65,25.9,16.9,5.31,5.3
2023,3,CE,202.6,78575.36,353.4,1008.68,1.0,26.59,25.8,22.4,26.16,26.7,18.2,4.64,5.1
2023,4,CE,303.9,117863.04,268.7,1008.04,1.0,26.32,25.2,22.4,25.87,26.6,17.2,3.99,5.0
2023,5,CE,810.4,314301.44,167.8,1009.37,1.0,27.35,25.9,23.7,26.88,26.7,18.4,4.83,4.8
2023,6,CE,1519.5,589315.2,62.2,1010.86,1.0,27.14,25.1,22.7,26.7,26.1,16.3,5.77,4.9
2023,7,CE,2026.0,785753.6,23.6,1011.68,1.0,27.09,24.2,21.6,26.62,26.1,14.4,6.51,5.4
2023,8,CE,2026.0,785753.6,14.2,1010.97,1.0,27.35,23.6,23.2,26.87,24.2,13.8,7.26,5.9
2023,9,CE,1519.5,589315.2,5.4,1010.33,1.0,27.74,23.0,23.0,27.26,24.0,13.6,8.04,6.3
2023,10,CE,810.4,314301.44,4.2,1009.21,1.0,28.02,23.1,23.7,27.54,25.0,12.5,8.08,6.3
2023,11,CE,303.9,117863.04,45.8,1008.69,1.0,28.38,25.1,23.9,27.88,25.3,14.2,7.4,6.2
2023,12,CE,202.6,78575.36,50.9,1008.18,1.0,28.39,24.8,24.6,27.96,26.5,16.9,6.93,6.4
2001,5,GO,5914.32,1517317.36,0.0,934.31,1109.34,22.98,19.0,16.0,21.45,20.0,11.0,3.41,6.0
2001,6,GO,11089.35,2844970.05,0.0,935.49,730.42,20.16,18.0,9.0,19.44,18.0,6.0,3.4,7.0
2001,7,GO,14785.8,3793293.4,0.0,934.81,778.67,21.0,17.0,9.0,19.72,17.0,1.0,3.46,8.0
2001,8,GO,14785.8,3793293.4,16.0,935.9,1045.95,23.58,18.0,11.0,21.98,18.0,1.0,5.16,8.0
2001,9,GO,11089.35,2844970.05,132.0,931.74,972.22,25.59,20.0,12.0,24.93,21.0,4.0,4.82,8.0
2001,10,GO,5914.32,1517317.36,148.0,930.95,629.82,22.97,21.0,18.0,22.64,22.0,12.0,3.57,5.0
2001,11,GO,2217.87,568994.01,264.0,930.47,786.22,23.56,22.0,18.0,23.0,23.0,13.0,3.54,7.0
2001,12,GO,1478.58,379329.34,179.86,930.4,838.98,23.89,22.0,19.0,23.15,23.0,12.0,3.55,7.0
2002,1,GO,1762.7,473666.34,579.14,929.14,1093.22,24.37,22.0,19.0,23.08,23.0,11.0,3.8,7.0
2002,2,GO,1762.7,473666.34,232.0,931.37,792.79,23.51,22.0,17.0,22.91,23.0,13.0,3.43,7.0
2002,3,GO,1762.7,473666.34,223.0,931.96,870.76,24.1,22.0,17.0,23.44,23.0,12.0,3.53,6.0
2002,4,GO,2644.05,710499.51,32.0,931.87,897.23,24.01,21.0,16.0,23.31,22.0,10.0,3.45,7.0
2002,5,GO,7050.8,1894665.36,4.0,933.2,773.68,22.21,20.0,10.0,21.52,20.0,4.0,3.25,6.0
2002,6,GO,13220.25,3552497.55,0.0,935.77,761.44,21.02,16.0,11.0,20.16,16.0,4.0,3.54,6.0
2002,7,GO,17627.0,4736663.4,0.0,935.17,771.29,22.29,16.0,11.0,21.46,17.0,1.0,3.9,7.0
2002,8,GO,17627.0,4736663.4,10.0,934.32,843.08,24.12,18.0,13.0,23.33,18.0,0.0,4.58,8.0
2002,9,GO,13220.25,3552497.55,46.0,932.82,848.93,24.13,19.0,10.0,23.45,19.0,0.0,4.45,7.0
2002,10,GO,7050.8,1894665.36,38.0,930.3,846.87,26.93,21.0,18.0,26.26,22.0,4.0,3.86,7.0
2002,11,GO,2644.05,710499.51,127.0,931.18,817.52,24.45,22.0,19.0,23.85,22.0,12.0,3.5,7.0
2002,12,GO,1762.7,473666.34,252.0,930.92,802.93,24.36,22.0,20.0,23.77,24.0,11.0,3.41,6.0
2003,1,GO,1691.56,476469.6,275.0,931.28,841.12,23.86,23.0,19.0,23.28,23.0,16.0,3.77,8.0
2003,2,GO,1691.56,476469.6,252.0,932.17,945.39,24.12,22.0,17.0,23.45,23.0,13.0,3.53,9.0
2003,3,GO,1691.56,476469.6,142.0,932.07,707.53,23.47,21.0,18.0,22.99,22.0,14.0,3.32,7.0
2003,4,GO,2537.34,714704.4,147.0,932.99,794.65,23.47,22.0,15.0,22.82,24.0,6.0,3.31,6.0
2003,5,GO,6766.24,1905878.4,1.0,933.81,675.2,21.34,20.0,8.0,20.76,20.0,4.0,3.28,6.0
2003,6,GO,12686.7,3573522.0,3.0,934.6,748.53,20.62,18.0,9.0,19.8,19.0,2.0,3.17,8.0
2003,7,GO,16915.6,4764696.0,0.0,936.16,786.36,20.53,16.0,8.0,19.69,16.0,0.0,4.01,8.0
2003,8,GO,16915.6,4764696.0,7.0,934.81,854.87,22.56,16.0,7.0,21.74,17.0,0.0,4.03,8.0
2003,9,GO,12686.7,3573522.0,26.0,933.27,812.93,25.05,19.0,16.0,24.35,19.0,3.0,4.53,7.0
2003,10,GO,6766.24,1905878.4,57.0,932.24,685.08,24.82,20.0,16.0,24.44,21.0,3.0,4.22,10.0
2003,11,GO,2537.34,714704.4,121.0,930.79,695.84,24.51,22.0,19.0,24.09,22.0,13.0,4.1,9.0
2003,12,GO,1691.56,476469.6,198.0,930.65,950.63,25.15,22.0,18.0,24.51,22.0,9.0,3.69,8.0
2004,1,GO,1717.62,496079.9,334.0,928.92,686.52,23.67,23.0,19.0,23.2,24.0,16.0,3.44,6.0
2004,2,GO,1717.62,496079.9,343.5,931.19,712.45,23.01,23.0,17.0,22.51,23.0,16.0,3.18,6.0
2004,3,GO,1717.62,496079.9,246.0,931.15,918.18,23.65,22.0,16.0,23.01,22.0,12.0,3.36,5.0
2004,4,GO,2576.43,744119.85,90.0,932.19,739.94,23.07,22.0,16.0,22.4,22.0,11.0,3.09,5.0
2004,5,GO,6870.48,1984319.6,15.0,934.23,589.2,23.35,21.0,14.0,20.84,21.0,12.0,3.14,5.0
2004,6,GO,12882.15,3720599.25,0.0,936.44,714.6,20.02,18.0,9.0,19.26,18.0,6.0,3.29,6.0
2004,7,GO,17176.2,4960799.0,2.0,935.12,760.83,19.95,18.0,7.0,19.19,19.0,3.0,4.0,9.0
2004,8,GO,17176.2,4960799.0,0.0,935.22,923.89,22.12,16.0,10.0,21.21,16.0,0.0,4.01,8.0
2004,9,GO,12882.15,3720599.25,8.0,932.56,1006.02,26.19,18.0,13.0,25.28,18.0,0.0,4.59,7.0
2004,10,GO,6870.48,1984319.6,120.5,930.85,861.37,25.39,21.0,16.0,24.72,22.0,3.0,4.12,8.0
2004,11,GO,2576.43,744119.85,72.0,931.4,638.75,24.18,21.0,20.0,23.85,22.0,13.0,4.11,7.0
2004,12,GO,1717.62,496079.9,251.5,930.64,815.8,23.69,22.0,19.0,23.12,23.0,13.0,3.65,6.0
2005,1,GO,1399.32,425105.24,192.0,929.9,865.87,24.08,23.0,20.0,23.49,24.0,16.0,3.41,5.0
2005,2,GO,1399.32,425105.24,36.0,932.66,1521.5,26.33,22.0,19.0,25.68,23.0,17.0,3.77,5.0
2005,3,GO,1399.32,425105.24,601.0,931.32,810.78,23.97,23.0,19.0,23.37,24.0,16.0,3.07,6.0
2005,4,GO,2098.98,637657.86,53.0,932.47,887.86,25.01,22.0,18.0,24.55,23.0,14.0,3.49,6.0
2005,5,GO,5597.28,1700420.96,25.0,933.53,781.78,21.63,20.0,13.0,20.94,21.0,6.0,3.35,6.0
2005,6,GO,10494.9,3188289.3,1.0,935.1,692.97,21.03,18.0,12.0,20.22,19.0,6.0,3.53,6.0
2005,7,GO,13993.2,4251052.4,0.0,936.33,732.89,20.91,16.0,10.0,20.09,17.0,3.0,3.85,8.0
2005,8,GO,13993.2,4251052.4,2.0,934.58,843.31,23.19,17.0,11.0,22.33,17.0,3.0,4.33,7.0
2005,9,GO,10494.9,3188289.3,31.5,932.8,827.85,26.41,24.0,18.0,25.79,25.0,5.0,4.6,8.0
2005,10,GO,5597.28,1700420.96,132.5,930.99,927.12,26.82,26.0,21.0,26.4,26.0,13.0,4.12,13.0
2005,11,GO,2098.98,637657.86,264.0,929.66,964.42,25.97,26.0,21.0,25.31,27.0,18.0,3.72,4.0
2005,12,GO,1399.32,425105.24,309.5,929.73,995.48,26.34,42.0,19.0,25.8,43.0,15.0,3.48,5.0
2007,1,GO,1350.08,438534.4,185.0,931.06,761.75,24.58,24.0,20.0,24.18,24.0,16.0,3.48,6.0
2007,2,GO,1350.08,438534.4,233.0,930.87,770.32,23.98,25.0,19.0,23.56,25.0,15.0,3.38,5.0
2007,3,GO,1350.08,438534.4,26.5,932.07,951.15,24.58,25.0,18.0,24.03,25.0,12.0,3.61,6.0
2007,4,GO,2025.12,657801.6,106.5,932.45,808.56,24.27,24.0,17.0,23.7,24.0,11.0,3.2,8.0
2007,5,GO,5400.32,1754137.6,12.0,933.7,764.92,21.52,21.0,8.0,20.88,21.0,5.0,3.23,7.0
2007,6,GO,10125.6,3289008.0,0.0,935.46,749.56,20.94,18.0,10.0,20.2,19.0,5.0,3.36,6.0
2007,7,GO,13500.8,4385344.0,0.0,934.67,718.77,21.61,19.0,12.0,20.88,19.0,2.0,3.45,6.0
2007,8,GO,13500.8,4385344.0,0.0,934.83,910.34,22.86,15.0,11.0,22.08,15.0,0.0,5.17,8.0
2007,9,GO,10125.6,3289008.0,0.0,933.66,947.28,26.15,19.0,15.0,25.43,20.0,0.0,5.06,8.0
2007,10,GO,5400.32,1754137.6,19.0,930.76,808.2,26.57,20.0,19.0,25.97,20.0,0.0,4.12,9.0
2007,11,GO,2025.12,657801.6,195.5,929.61,822.17,24.71,24.0,19.0,24.23,24.0,12.0,3.83,5.0
2007,12,GO,1350.08,438534.4,211.0,930.16,815.06,23.7,23.0,17.0,23.23,23.0,6.0,3.56,8.0
2008,1,GO,794.5,268959.38,330.0,930.27,787.77,23.61,24.0,19.0,23.17,24.0,13.0,3.71,6.0
2008,2,GO,794.5,268959.38,241.0,931.16,738.45,23.51,24.0,19.0,23.04,25.0,15.0,3.28,6.0
2008,3,GO,794.5,268959.38,290.0,929.87,791.71,23.37,24.0,19.0,22.91,25.0,14.0,3.46,5.0
2008,4,GO,1191.75,403439.07,196.0,929.64,737.79,23.56,25.0,17.0,23.01,26.0,13.0,2.99,4.0
2008,5,GO,3178.0,1075837.52,32.5,929.41,726.5,21.1,22.0,12.0,20.45,26.0,7.0,3.06,4.0
2008,6,GO,5958.75,2017195.35,0.0,929.18,689.95,20.49,21.0,12.0,19.7,21.0,5.0,3.06,5.0
2008,7,GO,7945.0,2689593.8,0.0,928.95,761.13,19.84,15.0,8.0,18.96,15.0,0.0,3.72,6.0
2008,8,GO,7945.0,2689593.8,0.0,928.72,867.86,21.94,16.0,-9.0,21.35,16.0,0.0,3.97,6.0
2008,9,GO,5958.75,2017195.35,66.0,928.49,882.82,24.67,20.0,11.0,23.82,21.0,0.0,4.16,6.0
2008,10,GO,3178.0,1075837.52,138.0,928.26,836.19,25.47,22.0,17.0,24.76,22.0,4.0,4.15,7.0
2008,11,GO,1191.75,403439.07,204.0,928.92,733.22,24.16,22.0,18.0,23.55,25.0,11.0,3.88,6.0
2008,12,GO,794.5,268959.38,134.0,929.53,758.79,23.86,23.0,17.0,23.25,24.0,12.0,3.98,4.0
2009,1,GO,973.26,336203.92,165.0,930.96,868.85,24.15,22.0,19.0,23.46,23.0,11.0,3.9,5.0
2009,2,GO,973.26,336203.92,164.0,930.86,868.24,24.23,23.0,18.0,23.53,23.0,12.0,3.75,5.0
2009,3,GO,973.26,336203.92,183.0,930.53,820.73,24.23,22.0,18.0,23.57,24.0,8.0,3.61,5.0
2009,4,GO,1459.89,504305.88,171.0,932.18,746.46,22.85,22.0,14.0,22.21,23.0,9.0,3.11,5.0
2009,5,GO,3893.04,1344815.68,55.0,933.44,1009.2,23.59,21.0,15.0,22.37,21.0,9.0,3.67,5.0
2009,6,GO,7299.45,2521529.4,40.0,934.89,694.22,20.3,19.0,8.0,19.55,19.0,6.0,3.14,4.0
2009,7,GO,9732.6,3362039.2,0.0,934.57,764.96,21.73,18.0,11.0,20.91,19.0,3.0,3.43,5.0
2009,8,GO,9732.6,3362039.2,29.0,933.93,790.19,22.99,18.0,12.0,22.19,18.0,3.0,4.22,5.0
2009,9,GO,7299.45,2521529.4,104.0,932.9,794.79,24.95,22.0,17.0,24.31,23.0,8.0,3.99,6.0
2009,10,GO,3893.04,1344815.68,196.0,930.42,795.57,24.5,23.0,19.0,23.96,23.0,14.0,4.03,6.0
2009,11,GO,1459.89,504305.88,157.0,927.79,758.42,24.74,24.0,20.0,24.22,24.0,16.0,3.72,7.0
2009,12,GO,973.26,336203.92,357.0,929.36,709.7,23.72,24.0,19.0,23.26,24.0,16.0,4.19,6.0
2010,1,GO,801.72,286446.98,126.0,929.75,831.15,24.53,23.0,19.0,24.0,24.0,15.0,3.56,6.0
2010,2,GO,801.72,286446.98,105.0,929.28,938.26,25.0,23.0,18.0,24.41,23.0,13.0,4.08,5.0
2010,3,GO,801.72,286446.98,135.0,929.9,732.63,24.46,23.0,20.0,23.89,26.0,13.0,3.88,5.0
2010,4,GO,1202.58,429670.47,131.0,932.5,848.64,23.33,23.0,14.0,22.6,23.0,9.0,3.49,5.0
2010,5,GO,3206.88,1145787.92,0.0,932.89,743.17,21.98,19.0,9.0,21.2,19.0,3.0,3.26,5.0
2010,6,GO,6012.9,2148352.35,13.0,935.66,726.06,20.66,20.0,10.0,19.82,20.0,1.0,3.48,6.0
2010,7,GO,8017.2,2864469.8,0.0,935.36,766.07,22.08,17.0,12.0,21.21,17.0,0.0,4.66,8.0
2010,8,GO,8017.2,2864469.8,0.0,934.84,884.97,22.58,12.0,11.0,21.65,12.0,0.0,4.26,6.0
2010,9,GO,6012.9,2148352.35,231.0,932.08,954.93,26.49,20.0,16.0,25.53,21.0,0.0,5.15,6.0
2010,10,GO,3206.88,1145787.92,108.0,930.58,810.33,25.43,22.0,18.0,24.79,22.0,6.0,4.31,8.0
2010,11,GO,1202.58,429670.47,233.0,929.52,766.75,24.06,21.0,18.0,23.5,22.0,12.0,4.11,6.0
2010,12,GO,801.72,286446.98,298.0,928.34,800.68,24.15,23.0,18.0,23.53,23.0,11.0,3.95,8.0
2011,1,GO,829.98,323006.0,172.5,929.43,836.04,23.93,22.0,19.0,23.31,23.0,10.0,4.34,6.0
2011,2,GO,829.98,323006.0,131.0,930.76,791.91,23.88,21.0,19.0,23.25,22.0,11.0,3.79,5.0
2011,3,GO,829.98,323006.0,172.0,930.15,723.34,23.49,22.0,18.0,22.91,23.0,15.0,3.68,4.0
2011,4,GO,1244.97,484509.0,27.0,932.06,874.6,23.7,22.0,15.0,23.0,22.0,10.0,3.76,5.0
2011,5,GO,3319.92,1292024.0,0.0,933.3,737.82,21.69,20.0,13.0,20.95,20.0,7.0,3.62,6.0
2011,6,GO,6224.85,2422545.0,19.0,934.37,706.66,20.57,17.0,10.0,19.78,18.0,4.0,3.58,8.0
2011,7,GO,8299.8,3230060.0,0.0,934.46,750.84,21.06,16.0,10.0,20.19,16.0,1.0,3.71,7.0
2011,8,GO,8299.8,3230060.0,0.0,933.76,876.74,23.69,15.0,10.0,22.77,15.0,0.0,4.29,6.0
2011,9,GO,6224.85,2422545.0,0.0,933.45,930.9,25.68,18.0,12.0,24.83,18.0,0.0,4.74,6.0
2011,10,GO,3319.92,1292024.0,265.0,930.62,735.07,23.54,21.0,17.0,22.95,22.0,7.0,4.32,6.0
2011,11,GO,1244.97,484509.0,168.0,930.23,846.54,23.76,22.0,18.0,23.17,22.0,7.0,4.19,8.0
2011,12,GO,829.98,323006.0,290.0,930.13,700.94,23.25,22.0,19.0,22.72,23.0,16.0,3.99,6.0
2012,1,GO,1142.36,451271.96,203.0,931.13,791.6,22.67,21.0,19.0,22.12,22.0,14.0,3.79,6.0
2012,2,GO,1142.36,451271.96,357.0,931.34,900.13,23.41,21.0,18.0,22.71,22.0,10.0,3.92,7.0
2012,3,GO,1142.36,451271.96,247.0,931.79,815.75,23.74,21.0,18.0,23.09,22.0,10.0,3.51,10.0
2012,4,GO,1713.54,676907.94,87.0,931.78,781.9,23.82,22.0,18.0,23.14,22.0,13.0,3.32,6.0
2012,5,GO,4569.44,1805087.84,44.0,934.03,718.47,21.31,20.0,13.0,20.65,20.0,8.0,3.64,7.0
2012,6,GO,8567.7,3384539.7,66.0,934.76,696.19,21.79,20.0,13.0,21.08,20.0,9.0,3.43,5.0
2012,7,GO,11423.6,4512719.6,6.0,935.03,759.03,20.77,17.0,10.0,19.97,18.0,2.0,3.53,6.0
2012,8,GO,11423.6,4512719.6,0.0,936.22,855.92,22.35,13.0,12.0,21.58,13.0,1.0,5.41,8.0
2012,9,GO,8567.7,3384539.7,67.0,933.73,895.54,25.28,19.0,15.0,24.46,20.0,0.0,4.39,7.0
2012,10,GO,4569.44,1805087.84,129.0,930.7,950.51,26.38,21.0,17.0,25.6,22.0,1.0,4.63,6.0
2012,11,GO,1713.54,676907.94,268.5,929.25,760.83,24.12,22.0,19.0,23.57,23.0,13.0,4.42,6.0
2012,12,GO,1142.36,451271.96,185.0,930.07,873.23,24.84,22.0,19.0,24.16,23.0,12.0,4.0,7.0
2013,1,GO,720.92,294917.88,378.0,930.58,745.36,23.62,23.0,19.0,23.1,24.0,10.0,4.21,4.0
2013,2,GO,720.92,294917.88,136.0,930.96,817.07,24.09,22.0,19.0,23.43,23.0,11.0,3.6,5.0
2013,3,GO,720.92,294917.88,238.0,931.24,782.9,24.52,22.0,19.0,23.86,23.0,13.0,3.79,5.0
2013,4,GO,1081.38,442376.82,44.0,932.52,754.26,23.04,22.0,16.0,22.44,23.0,9.0,3.52,6.0
2013,5,GO,2883.68,1179671.52,34.0,933.29,734.96,22.24,19.0,13.0,21.44,20.0,7.0,3.32,5.0
2013,6,GO,5406.9,2211884.1,9.0,934.18,624.26,22.0,20.0,14.0,21.24,21.0,6.0,3.12,6.0
2013,7,GO,7209.2,2949178.8,0.0,935.3,696.29,20.95,17.0,10.0,20.09,18.0,3.0,3.85,6.0
2013,8,GO,7209.2,2949178.8,1.0,934.04,813.81,22.62,15.0,11.0,21.7,18.0,0.0,4.22,6.0
2013,9,GO,5406.9,2211884.1,54.0,932.74,846.67,25.14,20.0,15.0,24.31,21.0,0.0,5.01,8.0
2013,10,GO,2883.68,1179671.52,123.0,931.44,827.28,24.8,21.0,17.0,24.14,21.0,7.0,4.17,8.0
2013,11,GO,1081.38,442376.82,252.0,929.85,831.93,23.97,22.0,18.0,23.35,23.0,10.0,3.88,7.0
2013,12,GO,720.92,294917.88,436.0,929.13,788.95,23.81,22.0,19.0,23.22,23.0,17.0,4.12,4.0
2014,1,GO,1020.16,433251.6,150.0,931.92,953.32,24.27,21.0,18.0,23.55,22.0,8.0,4.01,5.0
2014,2,GO,1020.16,433251.6,188.0,930.98,856.92,23.99,21.0,18.0,23.33,22.0,9.0,3.89,7.0
2014,3,GO,1020.16,433251.6,298.0,931.65,713.65,23.38,22.0,18.0,22.76,23.0,12.0,3.51,4.0
2014,4,GO,1530.24,649877.4,241.0,932.22,770.04,23.78,22.0,14.0,23.14,23.0,10.0,3.44,4.0
2014,5,GO,4080.64,1733006.4,15.0,933.21,730.13,21.93,20.0,11.0,21.12,21.0,4.0,3.13,5.0
2014,6,GO,7651.2,3249387.0,0.0,934.56,642.08,21.19,18.0,12.0,20.36,19.0,4.0,3.38,7.0
2014,7,GO,10201.6,4332516.0,14.0,936.42,644.84,20.94,18.0,12.0,20.07,18.0,4.0,3.87,5.0
2014,8,GO,10201.6,4332516.0,0.0,934.65,824.92,23.19,14.0,10.0,22.22,16.0,0.0,4.2,6.0
2014,9,GO,7651.2,3249387.0,41.0,932.39,889.28,26.06,19.0,17.0,25.21,20.0,0.0,4.53,7.0
2014,10,GO,4080.64,1733006.4,0.0,931.6,889.76,26.5,21.0,17.0,25.64,21.0,1.0,4.47,7.0
2014,11,GO,1530.24,649877.4,198.0,930.36,797.25,24.53,21.0,19.0,23.85,24.0,9.0,3.76,6.0
2014,12,GO,1020.16,433251.6,220.0,931.07,771.3,23.72,22.0,18.0,23.16,22.0,6.0,3.84,6.0
2015,1,GO,896.12,418878.52,40.0,931.99,1017.07,25.74,21.0,19.0,24.94,22.0,4.0,4.08,5.0
2015,2,GO,896.12,418878.52,167.0,931.59,798.47,23.99,21.0,19.0,23.35,22.0,11.0,4.08,6.0
2015,3,GO,896.12,418878.52,208.0,931.76,693.48,23.32,22.0,19.0,22.72,22.0,13.0,3.51,4.0
2015,4,GO,1344.18,628317.78,125.0,932.08,726.02,24.07,22.0,19.0,23.47,22.0,13.0,3.31,5.0
2015,5,GO,3584.48,1675514.08,92.0,933.91,677.68,22.38,21.0,15.0,21.72,22.0,4.0,3.47,5.0
2015,6,GO,6720.9,3141588.9,0.0,935.83,675.3,21.62,18.0,13.0,20.85,19.0,7.0,3.8,6.0
2015,7,GO,8961.2,4188785.2,2.0,935.14,660.78,21.94,18.0,12.0,21.11,18.0,4.0,3.62,5.0
2015,8,GO,8961.2,4188785.2,7.0,934.31,818.4,23.33,17.0,12.0,22.38,18.0,1.0,4.28,6.0
2015,9,GO,6720.9,3141588.9,25.0,931.66,838.08,26.52,21.0,16.0,25.66,21.0,0.0,3.93,6.0
2015,10,GO,3584.48,1675514.08,32.0,931.12,888.3,28.03,22.0,18.0,27.19,22.0,2.0,4.36,8.0
2015,11,GO,1344.18,628317.78,259.0,930.14,867.68,25.76,23.0,18.0,25.11,24.0,7.0,4.27,7.0
2015,12,GO,896.12,418878.52,107.0,931.92,822.51,25.28,22.0,20.0,24.61,23.0,8.0,3.91,8.0
2016,1,GO,980.9,495896.62,421.0,930.15,662.96,24.0,24.0,20.0,23.49,24.0,13.0,4.2,5.0
2016,2,GO,980.9,495896.62,147.0,932.07,871.34,25.12,22.0,18.0,24.42,23.0,11.0,3.73,5.0
2016,3,GO,980.9,495896.62,149.0,932.67,782.61,24.78,23.0,19.0,24.13,23.0,11.0,3.63,5.0
2016,4,GO,1471.35,743844.93,0.0,932.32,871.9,25.02,20.0,15.0,24.2,20.0,9.0,3.67,5.0
2016,5,GO,3923.6,1983586.48,57.0,934.33,709.76,23.45,20.0,14.0,22.7,21.0,8.0,3.29,6.0
2016,6,GO,7356.75,3719224.65,0.0,935.81,666.44,21.46,18.0,11.0,20.67,19.0,1.0,3.6,7.0
2016,7,GO,9809.0,4958966.2,0.0,935.12,725.93,22.02,15.0,11.0,21.11,15.0,1.0,3.74,5.0
2016,8,GO,9809.0,4958966.2,2.0,933.92,764.02,23.68,18.0,12.0,22.79,18.0,0.0,3.98,5.0
2016,9,GO,7356.75,3719224.65,6.0,932.71,911.14,26.33,19.0,17.0,25.46,19.0,0.0,4.4,6.0
2016,10,GO,3923.6,1983586.48,135.0,930.87,871.74,25.57,21.0,15.0,24.82,21.0,5.0,4.22,6.0
2016,11,GO,1471.35,743844.93,96.0,930.3,718.26,24.1,21.0,19.0,23.53,23.0,11.0,4.03,5.0
2016,12,GO,980.9,495896.62,178.0,930.82,846.86,24.37,22.0,19.0,23.74,22.0,10.0,4.34,5.0
2017,1,GO,1905.02,924279.6,136.0,931.27,865.48,24.55,22.0,19.0,23.93,22.0,6.0,3.85,5.0
2017,2,GO,1905.02,924279.6,167.0,931.1,814.52,24.06,22.0,18.0,23.45,23.0,10.0,3.79,5.0
2017,3,GO,1905.02,924279.6,226.0,931.41,777.96,24.44,23.0,19.0,23.78,23.0,12.0,3.55,4.0
2017,4,GO,2857.53,1386419.4,110.0,932.2,776.59,24.5,22.0,18.0,23.84,23.0,11.0,3.33,4.0
2017,5,GO,7620.08,3697118.4,53.0,933.25,724.51,23.24,21.0,13.0,22.52,22.0,1.0,3.28,4.0
2017,6,GO,14287.65,6932097.0,6.0,935.13,679.46,21.49,20.0,13.0,20.73,20.0,5.0,3.95,7.0
2017,7,GO,19050.2,9242796.0,0.0,937.91,752.26,19.62,13.0,9.0,18.8,14.0,2.0,4.95,7.0
2017,8,GO,19050.2,9242796.0,0.0,933.55,826.94,23.63,15.0,12.0,22.66,15.0,0.0,3.76,5.0
2017,9,GO,14287.65,6932097.0,19.0,933.99,905.23,25.24,18.0,14.0,24.38,19.0,0.0,5.2,6.0
2017,10,GO,7620.08,3697118.4,66.0,930.56,908.25,27.13,21.0,16.0,26.26,21.0,0.0,4.58,5.0
2017,11,GO,2857.53,1386419.4,198.0,929.77,777.62,24.41,21.0,17.0,23.81,22.0,7.0,4.06,4.0
2017,12,GO,1905.02,924279.6,245.0,930.08,732.66,23.72,22.0,18.0,23.13,24.0,10.0,3.75,4.0
2018,1,GO,664.02,365340.9,161.0,930.88,873.86,24.23,24.0,18.0,23.55,24.0,6.0,3.67,6.0
2018,2,GO,664.02,365340.9,231.0,930.36,796.4,24.08,22.0,19.0,23.45,23.0,10.0,3.66,4.0
2018,3,GO,664.02,365340.9,200.0,930.86,818.26,24.55,23.0,18.0,23.83,25.0,10.0,3.43,7.0
2018,4,GO,996.03,548011.35,131.0,933.08,718.57,23.17,22.0,17.0,22.52,22.0,11.0,3.58,5.0
2018,5,GO,2656.08,1461363.6,8.0,934.4,712.56,21.62,19.0,7.0,20.86,19.0,1.0,3.42,5.0
2018,6,GO,4980.15,2740056.75,0.0,935.39,664.95,21.68,19.0,12.0,20.88,19.0,4.0,3.16,4.0
2018,7,GO,6640.2,3653409.0,0.0,935.28,724.36,21.14,14.0,12.0,20.28,15.0,2.0,3.42,6.0
2018,8,GO,6640.2,3653409.0,19.0,934.46,783.02,23.86,18.0,10.0,22.99,18.0,0.0,3.91,6.0
2018,9,GO,4980.15,2740056.75,37.0,931.48,868.06,25.28,20.0,12.0,24.41,21.0,0.0,4.02,4.0
2018,10,GO,2656.08,1461363.6,146.0,930.75,769.26,25.4,21.0,19.0,24.75,22.0,9.0,3.73,7.0
2018,11,GO,996.03,548011.35,177.0,930.41,651.13,23.82,22.0,19.0,23.24,23.0,13.0,3.7,4.0
2018,12,GO,664.02,365340.9,179.0,931.44,883.85,24.68,22.0,18.0,23.97,23.0,5.0,4.0,5.0
2019,1,GO,805.22,377117.44,54.0,932.71,939.09,25.17,21.0,18.0,24.41,23.0,7.0,3.92,5.0
2019,2,GO,805.22,377117.44,213.0,931.3,820.0,24.58,22.0,19.0,23.88,24.0,8.0,3.81,5.0
2019,3,GO,805.22,377117.44,131.0,932.17,763.88,24.44,22.0,19.0,23.8,23.0,12.0,3.57,5.0
2019,4,GO,1207.83,565676.16,262.0,932.19,748.92,24.12,22.0,18.0,23.45,23.0,11.0,3.05,5.0
2019,5,GO,3220.88,1508469.76,44.0,932.99,677.02,23.23,21.0,14.0,22.51,22.0,8.0,3.04,3.0
2019,6,GO,6039.15,2828380.8,0.0,935.87,673.99,21.43,18.0,12.0,20.58,19.0,6.0,3.71,5.0
2019,7,GO,8052.2,3771174.4,0.0,935.42,691.18,20.89,18.0,7.0,20.0,18.0,1.0,3.68,5.0
2019,8,GO,8052.2,3771174.4,0.0,935.66,762.97,23.91,14.0,13.0,23.01,14.0,0.0,4.12,6.0
2019,9,GO,6039.15,2828380.8,18.0,932.22,853.76,27.38,19.0,17.0,26.42,19.0,0.0,4.05,5.0
2019,10,GO,3220.88,1508469.76,70.0,930.78,867.22,26.75,20.0,18.0,25.95,20.0,1.0,4.06,5.0
2019,11,GO,1207.83,565676.16,163.0,929.85,835.26,25.49,22.0,20.0,24.73,23.0,7.0,3.88,6.0
2019,12,GO,805.22,377117.44,212.0,930.56,827.34,24.81,23.0,19.0,24.13,23.0,10.0,3.72,5.0
2020,1,GO,759.84,358957.84,303.0,930.36,34.0,24.66,22.0,20.0,24.04,24.0,10.0,4.05,5.0
2020,2,GO,759.84,358957.84,434.0,931.6,34.0,24.15,22.0,20.0,23.54,24.0,14.0,3.51,5.0
2020,3,GO,759.84,358957.84,109.0,931.4,34.0,24.52,22.0,19.0,23.88,23.0,11.0,3.26,4.0
2020,4,GO,1139.76,538436.76,109.0,933.06,34.0,23.79,22.0,16.0,23.13,24.0,11.0,3.27,4.0
2020,5,GO,3039.36,1435831.36,8.0,934.59,34.0,21.02,20.0,8.0,20.3,21.0,1.0,2.97,4.0
2020,6,GO,5698.8,2692183.8,0.0,935.01,34.0,21.46,18.0,11.0,20.66,18.0,4.0,3.38,6.0
2020,7,GO,7598.4,3589578.4,0.0,934.79,34.0,21.77,15.0,13.0,20.88,16.0,2.0,3.69,5.0
2020,8,GO,7598.4,3589578.4,0.0,934.28,34.0,23.11,14.0,11.0,22.2,15.0,0.0,4.4,5.0
2020,9,GO,5698.8,2692183.8,0.0,932.62,34.0,26.79,18.0,17.0,25.84,18.0,0.0,4.39,5.0
2020,10,GO,3039.36,1435831.36,111.0,930.43,34.0,26.56,22.0,18.0,25.78,23.0,0.0,4.11,4.0
2020,11,GO,1139.76,538436.76,161.0,930.68,34.0,25.01,21.0,17.0,24.25,22.0,8.0,3.83,6.0
2020,12,GO,759.84,358957.84,218.0,930.48,34.0,25.07,21.0,19.0,24.44,22.0,8.0,3.57,4.0
2021,1,GO,810.42,522595.9,207.0,930.72,34.0,24.71,22.0,19.0,24.04,24.0,11.0,3.28,5.0
2021,2,GO,810.42,522595.9,471.0,929.96,34.0,23.73,22.0,19.0,23.14,24.0,12.0,3.53,4.0
2021,3,GO,810.42,522595.9,205.0,931.45,34.0,23.53,22.0,17.0,22.89,22.0,7.0,2.99,4.0
2021,4,GO,1215.63,783893.85,127.0,932.02,34.0,23.22,21.0,14.0,22.49,22.0,4.0,3.1,5.0
2021,5,GO,3241.68,2090383.6,0.0,934.01,34.0,22.15,19.0,13.0,21.36,20.0,6.0,2.93,5.0
2021,6,GO,6078.15,3919469.25,0.0,934.67,34.0,21.15,18.0,7.0,20.34,18.0,0.0,3.12,4.0
2021,7,GO,8104.2,5225959.0,0.0,936.07,34.0,20.06,14.0,7.0,19.08,16.0,0.0,3.49,4.0
2021,8,GO,8104.2,5225959.0,9.0,934.4,34.0,23.72,17.0,13.0,22.77,17.0,1.0,3.84,4.0
2021,9,GO,6078.15,3919469.25,2.0,931.86,34.0,27.31,19.0,16.0,26.34,19.0,0.0,3.64,6.0
2021,10,GO,3241.68,2090383.6,76.0,930.78,34.0,26.77,21.0,20.0,25.83,22.0,6.0,4.43,8.0
2021,11,GO,1215.63,783893.85,241.0,929.74,34.0,24.03,22.0,19.0,23.43,23.0,12.0,3.5,4.0
2021,12,GO,810.42,522595.9,172.0,928.77,34.0,24.19,23.0,18.0,23.57,24.0,11.0,3.5,4.0
2022,1,GO,889.6,556178.2,0.0,930.4,34.0,23.99,22.0,18.0,23.37,23.0,9.0,3.79,4.0
2022,2,GO,889.6,556178.2,0.0,930.81,34.0,24.12,22.0,18.0,23.48,22.0,11.0,3.52,6.0
2022,3,GO,889.6,556178.2,54.0,931.11,34.0,24.69,22.0,18.0,23.97,23.0,10.0,3.26,4.0
2022,4,GO,1334.4,834267.3,13.0,931.7,34.0,24.59,22.0,15.0,23.82,22.0,5.0,3.33,4.0
2022,5,GO,3558.4,2224712.8,3.0,933.98,34.0,21.36,18.0,6.0,20.56,20.0,0.0,3.26,4.0
2022,6,GO,6672.0,4171336.5,3.0,934.0,34.0,21.48,19.0,12.0,20.63,19.0,0.0,3.17,4.0
2022,7,GO,8896.0,5561782.0,0.0,934.87,34.0,21.56,13.0,11.0,20.63,14.0,0.0,3.46,4.0
2022,8,GO,8896.0,5561782.0,0.0,933.96,34.0,23.54,15.0,9.0,22.59,15.0,0.0,4.14,5.0
2022,9,GO,6672.0,4171336.5,38.0,932.07,34.0,26.02,20.0,14.0,25.17,21.0,0.0,4.17,4.0
2022,10,GO,3558.4,2224712.8,104.0,931.1,34.0,25.54,21.0,18.0,24.76,23.0,0.0,3.98,7.0
2022,11,GO,1334.4,834267.3,111.0,930.13,34.0,23.69,21.0,16.0,22.95,24.0,6.0,4.02,5.0
2022,12,GO,889.6,556178.2,433.0,929.6,34.0,23.53,22.0,19.0,22.9,23.0,13.0,3.6,6.0
2023,1,GO,819.2,524944.44,347.0,931.21,34.0,23.26,22.0,19.0,22.63,23.0,11.0,3.43,6.0
2023,2,GO,819.2,524944.44,165.0,931.61,34.0,24.65,21.0,19.0,23.94,22.0,13.0,3.36,4.0
2023,3,GO,819.2,524944.44,144.0,932.1,34.0,23.85,22.0,17.0,23.23,22.0,3.0,2.87,4.0
2023,4,GO,1228.8,787416.66,143.0,931.78,34.0,23.56,22.0,16.0,22.86,24.0,11.0,3.18,4.0
2023,5,GO,3276.8,2099777.76,1.0,933.92,34.0,21.94,19.0,12.0,21.11,19.0,4.0,2.77,4.0
2023,6,GO,6144.0,3937083.3,12.0,935.6,34.0,21.05,18.0,12.0,20.25,19.0,3.0,2.87,3.0
2023,7,GO,8192.0,5249444.4,0.0,935.53,34.0,21.72,16.0,11.0,20.85,17.0,2.0,3.04,5.0
2023,8,GO,8192.0,5249444.4,18.0,933.54,34.0,24.02,20.0,13.0,23.12,20.0,0.0,3.32,5.0
2023,9,GO,6144.0,3937083.3,34.0,932.05,34.0,26.99,22.0,17.0,26.14,23.0,1.0,3.78,5.0
2023,10,GO,3276.8,2099777.76,74.0,930.44,34.0,27.61,22.0,20.0,26.8,23.0,5.0,3.65,6.0
2023,11,GO,1228.8,787416.66,166.0,930.33,34.0,27.05,22.0,18.0,26.25,22.0,3.0,3.79,5.0
2023,12,GO,819.2,524944.44,210.0,930.56,34.0,25.89,23.0,20.0,25.17,24.0,4.0,3.62,5.0
2007,7,PB,1923.6,567936.2,40.1,1010.23,774.46,24.39,22.7,20.5,23.98,23.1,17.1,6.36,6.6
2007,8,PB,1923.6,567936.2,264.3,1010.68,811.35,24.48,23.1,19.9,24.01,23.5,15.4,8.08,7.0
2007,9,PB,1442.7,425952.15,76.8,1011.09,876.99,24.91,22.9,20.6,24.45,23.7,16.0,8.41,6.3
2007,10,PB,769.44,227174.48,23.8,1008.95,972.03,25.7,22.4,21.3,25.26,23.1,15.5,7.48,6.1
2007,11,PB,288.54,85190.43,28.4,1007.22,1025.09,26.32,23.2,22.9,25.93,23.8,16.6,6.67,5.8
2007,12,PB,192.36,56793.62,11.8,1007.0,1001.79,26.94,23.5,22.2,26.52,24.1,16.1,6.58,5.4
2008,1,PB,263.14,79408.64,94.6,1006.39,919.92,27.08,23.8,23.0,26.65,24.0,16.2,6.26,5.7
2008,2,PB,263.14,79408.64,20.2,1007.13,1055.49,27.73,23.8,23.1,27.29,24.2,17.5,5.83,4.6
2008,3,PB,263.14,79408.64,252.4,1006.03,922.21,27.05,24.4,23.0,26.59,25.1,18.2,4.6,4.0
2008,4,PB,394.71,119112.96,310.8,1005.72,809.81,26.29,24.5,21.9,25.85,25.5,18.5,4.55,4.8
2008,5,PB,1052.56,317634.56,354.6,1007.36,725.73,25.75,24.6,22.0,25.33,25.1,19.3,5.34,6.2
2008,6,PB,1973.55,595564.8,376.8,1009.2,690.89,24.65,23.5,19.9,24.24,24.1,17.1,6.57,6.1
2008,7,PB,2631.4,794086.4,238.2,1010.75,683.65,24.19,23.1,20.3,23.76,23.6,16.9,7.5,7.3
2008,8,PB,2631.4,794086.4,299.8,1009.53,820.82,24.22,22.8,19.9,23.78,23.4,15.8,6.88,6.0
2008,9,PB,1973.55,595564.8,97.0,1010.04,930.89,25.58,23.3,21.1,25.17,23.5,17.4,7.71,6.2
2008,10,PB,1052.56,317634.56,45.8,1009.23,960.35,26.13,22.9,22.1,25.71,24.1,17.0,7.69,6.9
2008,11,PB,394.71,119112.96,7.6,1007.43,1003.03,26.71,23.6,22.9,26.28,24.1,17.4,6.36,5.4
2008,12,PB,263.14,79408.64,44.6,1006.64,985.28,26.96,23.6,23.2,26.54,24.4,17.7,5.83,4.8
2009,1,PB,88.9,27674.78,89.0,1007.25,996.59,27.19,24.1,21.9,26.74,24.8,17.0,5.92,5.0
2009,2,PB,88.9,27674.78,243.4,1006.33,851.21,26.64,24.9,22.0,26.19,25.2,19.7,5.17,4.8
2009,3,PB,88.9,27674.78,146.4,1005.96,987.6,27.32,25.0,23.1,26.88,25.4,18.8,4.92,4.2
2009,4,PB,133.35,41512.17,443.0,1006.87,782.81,26.63,25.6,23.0,26.21,26.0,19.2,4.16,4.7
2009,5,PB,355.6,110699.12,511.0,1007.33,652.05,25.75,25.0,22.6,25.38,25.1,20.1,4.52,5.5
2009,6,PB,666.75,207560.85,285.8,1009.28,679.73,25.08,24.7,21.1,24.67,25.6,18.6,5.53,5.4
2009,7,PB,889.0,276747.8,439.2,1010.19,691.6,24.52,23.7,20.8,24.05,24.4,18.9,5.76,5.4
2009,8,PB,889.0,276747.8,160.8,1010.11,867.63,25.13,23.5,20.6,24.66,24.1,13.6,6.43,6.5
2009,9,PB,666.75,207560.85,49.6,1010.53,881.72,25.99,23.7,20.2,25.56,24.0,16.6,6.32,5.4
2009,10,PB,355.6,110699.12,5.4,1008.08,1090.35,26.61,23.0,21.2,26.18,23.5,16.1,6.06,5.4
2009,11,PB,133.35,41512.17,58.0,1007.64,1049.03,26.86,23.8,22.7,26.41,24.4,16.4,6.5,4.7
2009,12,PB,88.9,27674.78,37.2,1007.49,941.76,27.14,24.6,23.2,26.75,25.2,17.5,5.81,4.6
2010,1,PB,226.58,70506.18,109.8,1007.33,876.0,27.08,24.8,22.1,26.64,25.0,18.9,5.37,5.1
2010,2,PB,226.58,70506.18,51.8,1006.74,896.76,27.9,24.7,23.3,27.51,25.7,20.0,5.92,5.8
2010,3,PB,226.58,70506.18,40.0,1006.72,974.6,28.19,25.3,23.1,27.71,26.1,18.7,5.26,4.9
2010,4,PB,339.87,105759.27,167.4,1006.53,820.43,27.54,26.2,23.7,27.11,26.7,20.4,5.67,5.4
2010,5,PB,906.32,282024.72,93.0,1007.34,816.29,26.98,26.3,22.7,26.53,26.4,19.4,5.51,6.5
2010,6,PB,1699.35,528796.35,220.8,1009.81,1240.77,26.65,24.6,21.6,26.03,25.0,17.9,6.98,5.9
2010,7,PB,2265.8,705061.8,17.6,1010.21,1706.32,26.84,24.2,22.8,26.03,25.1,17.3,9.48,5.9
2010,8,PB,2265.8,705061.8,52.0,1011.1,2088.16,26.3,22.5,22.0,25.27,23.6,14.6,9.73,7.2
2010,9,PB,1699.35,528796.35,81.3,1009.96,1176.05,25.47,22.7,20.9,24.89,23.1,14.6,8.17,7.3
2010,10,PB,906.32,282024.72,43.2,1008.14,1011.38,26.46,23.3,20.3,26.07,23.6,16.0,6.41,6.5
2010,11,PB,339.87,105759.27,5.2,1006.8,1048.81,26.99,22.8,22.2,26.58,23.5,15.7,6.66,5.8
2010,12,PB,226.58,70506.18,49.8,1005.42,981.22,27.12,23.4,22.8,26.71,24.5,17.0,6.37,5.7
2011,1,PB,72.54,23939.04,181.0,1005.57,912.68,26.71,25.0,22.4,26.27,25.2,17.7,5.7,5.1
2011,2,PB,72.54,23939.04,121.8,1006.24,966.78,27.28,24.7,22.9,26.88,25.7,16.9,5.75,4.6
2011,3,PB,72.54,23939.04,98.0,1005.87,1062.53,27.44,24.6,22.9,26.97,25.7,18.3,4.69,4.0
2011,4,PB,108.81,35908.56,542.1,1006.21,977.52,26.23,25.3,22.4,25.81,26.2,19.1,5.08,5.5
2011,5,PB,290.16,95756.16,387.6,1007.33,955.44,25.65,25.0,21.8,25.26,25.8,19.0,6.12,5.6
2011,6,PB,544.05,179542.8,281.1,1009.17,942.43,25.02,23.7,20.3,24.64,24.5,15.7,6.3,6.1
2011,7,PB,725.4,239390.4,432.7,1009.75,892.04,24.14,24.0,20.7,23.75,24.4,15.4,6.67,6.0
2011,8,PB,725.4,239390.4,172.8,1010.65,1149.52,24.47,22.9,20.0,24.04,23.9,16.6,6.56,6.2
2011,9,PB,544.05,179542.8,27.2,1011.01,936.17,25.34,22.6,20.6,24.9,23.1,16.1,8.44,6.5
2011,10,PB,290.16,95756.16,21.2,1007.61,965.48,26.23,24.1,21.7,25.78,24.2,14.1,6.44,5.2
2011,11,PB,108.81,35908.56,40.4,1007.5,983.85,26.73,24.7,22.4,26.3,24.8,18.0,6.28,5.1
2011,12,PB,72.54,23939.04,29.2,1007.54,1003.76,27.01,23.0,22.4,26.6,23.9,14.8,6.43,4.4
2012,1,PB,246.22,79541.46,203.4,1007.64,862.63,26.45,23.9,22.4,26.04,24.6,14.4,5.94,4.9
2012,2,PB,246.22,79541.46,8.2,1007.99,952.34,27.45,22.9,22.7,26.89,23.3,18.6,6.81,5.3
2012,3,PB,246.22,79541.46,0.0,1008.77,927.1,27.92,21.65,27.87,27.23,21.88,20.98,6.91,2.98
2012,4,PB,369.33,119312.19,0.0,1009.02,861.48,28.14,21.56,28.19,27.46,21.84,20.84,6.92,3.03
2012,5,PB,984.88,318165.84,0.0,1009.27,795.86,28.35,21.47,28.5,27.68,21.8,20.7,6.93,3.08
2012,6,PB,1846.65,596560.95,0.0,1009.53,730.25,28.56,21.38,28.82,27.9,21.76,20.56,6.94,3.13
2012,7,PB,2462.2,795414.6,0.0,1009.78,664.63,28.77,21.29,29.13,28.12,21.72,20.41,6.95,3.18
2012,8,PB,2462.2,795414.6,0.0,1010.04,597.94,28.99,21.19,29.44,28.35,21.67,20.27,6.96,3.23
2012,9,PB,1846.65,596560.95,0.0,1010.3,532.32,29.2,21.1,29.76,28.57,21.63,20.13,6.97,3.28
2012,10,PB,984.88,318165.84,0.0,1010.55,466.7,29.42,21.01,30.07,28.8,21.59,19.98,6.98,3.33
2012,11,PB,369.33,119312.19,0.0,1010.8,401.08,29.63,20.92,30.39,29.02,21.55,19.85,6.99,3.38
2012,12,PB,246.22,79541.46,2.0,1008.91,847.68,28.19,23.0,25.4,27.68,23.5,18.1,6.58,4.2
2013,1,PB,89.94,28715.88,40.4,1009.05,1056.95,27.52,24.3,23.8,27.0,25.3,18.3,6.3,4.9
2013,2,PB,89.94,28715.88,42.8,1008.26,1044.68,27.96,24.8,23.8,27.47,25.1,18.9,7.23,5.2
2013,3,PB,89.94,28715.88,24.2,1008.55,1074.52,28.26,25.2,24.1,27.8,26.3,18.0,6.49,5.6
2013,4,PB,134.91,43073.82,278.8,1008.71,905.07,27.21,25.5,22.6,26.67,26.2,18.8,5.63,5.1
2013,5,PB,359.76,114863.52,167.4,1009.64,835.39,26.52,25.0,21.4,26.03,25.6,17.8,5.85,5.4
2013,6,PB,674.55,215369.1,159.3,1010.83,1579.17,24.74,25.4,21.4,24.11,25.9,16.29,4.66,5.3
2013,7,PB,899.4,287158.8,162.7,1012.18,1525.64,25.51,24.6,20.7,24.01,25.1,11.0,6.19,4.8
2013,8,PB,899.4,287158.8,262.2,1011.48,833.01,24.92,23.1,20.3,24.45,24.0,16.8,7.37,5.9
2013,9,PB,674.55,215369.1,299.6,1011.63,939.68,25.35,24.2,20.5,24.83,24.9,16.4,7.38,5.6
2013,10,PB,359.76,114863.52,38.4,1010.63,1039.92,26.47,23.4,22.8,25.95,24.5,16.8,6.82,5.8
2013,11,PB,134.91,43073.82,39.8,1008.74,1020.01,26.54,23.5,22.2,26.04,24.4,17.7,6.79,4.6
2013,12,PB,89.94,28715.88,12.8,1008.76,1026.01,27.26,23.5,24.6,26.73,23.8,18.3,6.55,4.5
2014,1,PB,95.72,30745.6,77.2,1009.25,1033.38,27.09,23.5,23.0,26.58,25.0,17.8,6.89,4.8
2014,2,PB,95.72,30745.6,161.4,1008.1,967.59,26.9,24.6,22.3,26.37,25.0,19.2,5.81,4.2
2014,3,PB,95.72,30745.6,160.8,1008.6,1008.65,27.3,25.5,22.9,26.77,25.9,17.6,5.77,4.2
2014,4,PB,143.58,46118.4,127.6,1008.68,938.08,27.36,25.4,22.6,26.84,25.5,19.2,5.33,4.5
2014,5,PB,382.88,122982.4,304.2,1009.13,808.67,25.74,25.5,21.3,25.24,25.7,19.4,5.73,4.9
2014,6,PB,717.9,230592.0,287.4,1010.88,734.56,25.24,24.7,20.5,24.73,25.2,17.7,6.79,4.8
2014,7,PB,957.2,307456.0,146.4,1013.24,779.58,24.79,23.8,20.1,24.26,25.2,17.2,6.84,5.9
2014,8,PB,957.2,307456.0,43.4,1012.87,1027.64,25.15,23.1,20.1,24.63,24.3,15.3,7.67,6.0
2014,9,PB,717.9,230592.0,221.2,1011.99,948.06,25.29,23.8,20.5,24.72,24.7,18.2,7.28,5.4
2014,10,PB,382.88,122982.4,27.6,1010.9,1214.08,26.79,23.0,23.1,26.24,24.4,18.0,7.91,5.5
2014,11,PB,143.58,46118.4,19.6,1009.43,643.9,26.85,22.9,23.7,26.32,24.0,17.1,6.32,3.8
2014,12,PB,95.72,30745.6,0.0,1009.72,175.25,26.97,25.1,23.1,26.43,25.3,18.4,6.35,4.4
2015,1,PB,48.62,15413.36,0.0,1010.3,370.49,27.18,24.3,21.5,26.64,25.2,17.6,6.43,4.3
2015,2,PB,48.62,15413.36,0.0,1009.24,556.28,27.65,25.0,23.1,27.16,25.6,20.0,6.08,4.9
2015,3,PB,48.62,15413.36,0.0,1008.72,742.07,27.07,26.2,22.6,26.58,28.2,18.8,5.68,4.6
2015,4,PB,72.93,23120.04,0.0,1008.92,934.15,27.92,25.3,21.4,27.41,26.5,18.6,5.51,3.5
2015,5,PB,194.48,61653.44,0.0,1010.04,1126.24,27.36,25.5,22.2,26.94,26.1,19.0,5.89,5.5
2015,6,PB,364.65,115600.2,219.0,1011.8,1214.89,26.09,24.7,21.3,25.89,25.0,16.7,6.57,4.5
2015,7,PB,486.2,154133.6,321.6,1012.31,841.65,25.13,24.5,20.4,24.63,25.8,18.0,6.8,4.3
2015,8,PB,486.2,154133.6,63.6,1012.49,823.69,25.15,23.9,20.5,24.59,24.2,17.8,7.36,5.3
2015,9,PB,364.65,115600.2,32.0,1011.88,955.59,25.94,23.0,21.3,25.43,23.5,16.2,6.52,3.9
2015,10,PB,194.48,61653.44,9.4,1011.42,1029.92,26.44,22.4,22.6,25.89,24.1,16.9,7.06,4.9
2015,11,PB,72.93,23120.04,0.8,1009.42,1065.9,27.1,22.9,23.0,26.56,23.8,17.8,6.25,4.3
2015,12,PB,48.62,15413.36,139.4,1010.4,961.16,27.11,24.2,21.8,26.6,24.7,17.4,6.41,4.4
2016,1,PB,61.94,20843.46,83.4,1009.07,860.63,27.37,24.9,22.1,26.88,25.4,16.5,5.48,4.1
2016,2,PB,61.94,20843.46,110.8,1009.25,909.32,27.44,25.0,22.8,26.96,26.2,19.0,6.57,4.5
2016,3,PB,61.94,20843.46,122.2,1009.53,1058.72,27.9,25.7,23.3,27.4,26.4,20.5,6.45,4.6
2016,4,PB,92.91,31265.19,280.4,1008.82,774.16,27.3,25.4,23.3,26.83,26.2,19.4,6.68,4.5
2016,5,PB,247.76,83373.84,299.4,1010.84,724.57,26.04,26.0,21.9,25.64,26.5,19.7,5.86,4.7
2016,6,PB,464.55,156325.95,109.8,1012.36,739.5,25.69,25.4,19.8,25.21,25.7,17.5,6.26,4.4
2016,7,PB,619.4,208434.6,52.4,1012.4,728.83,24.95,24.0,19.8,24.38,24.6,17.5,7.11,5.3
2016,8,PB,619.4,208434.6,55.0,1012.54,967.67,25.87,23.4,20.0,25.31,24.8,14.8,7.63,5.2
2016,9,PB,464.55,156325.95,7.8,1012.17,1058.29,26.71,23.6,22.6,26.38,24.6,15.2,7.89,5.0
2016,10,PB,247.76,83373.84,16.2,1009.91,1135.01,26.97,22.9,22.4,26.47,24.3,17.4,7.6,5.2
2016,11,PB,92.91,31265.19,3.0,1008.99,1277.98,27.61,23.6,23.3,27.02,24.2,18.3,6.99,4.0
2016,12,PB,61.94,20843.46,59.0,1008.73,1002.7,27.37,24.1,23.1,26.85,25.1,18.5,6.99,4.7
2017,1,PB,80.5,27964.2,51.7,1008.91,1006.9,27.62,23.8,23.7,27.13,25.0,18.2,6.76,4.6
2017,2,PB,80.5,27964.2,35.4,1008.38,975.62,27.94,24.2,23.4,27.42,25.3,18.4,6.4,4.8
2017,3,PB,80.5,27964.2,134.0,1008.16,882.44,27.7,26.0,23.1,27.18,26.9,19.2,5.69,4.2
2017,4,PB,120.75,41946.3,344.2,1008.56,841.92,27.28,26.0,22.8,26.81,26.7,20.2,6.03,4.6
2017,5,PB,322.0,111856.8,587.5,1009.65,731.96,26.16,26.3,21.8,25.7,26.9,18.6,5.25,4.2
2017,6,PB,603.75,209731.5,460.4,1010.86,680.9,25.46,25.9,21.1,24.98,26.9,18.9,6.49,4.7
2017,7,PB,805.0,279642.0,487.8,1013.19,600.86,23.95,24.9,20.5,23.45,25.2,16.9,7.96,5.2
2017,8,PB,805.0,279642.0,83.8,1012.28,822.54,24.77,24.6,20.0,24.29,24.8,17.9,6.88,5.3
2017,9,PB,603.75,209731.5,106.8,1012.54,917.75,25.31,23.6,20.4,24.78,24.7,17.1,8.7,5.0
2017,10,PB,322.0,111856.8,46.0,1010.45,936.5,26.18,24.4,23.0,25.71,25.1,18.4,7.68,5.0
2017,11,PB,120.75,41946.3,7.0,1009.03,1091.27,27.14,23.7,22.8,26.66,24.0,17.2,6.4,4.1
2017,12,PB,80.5,27964.2,2.7,1008.97,1252.28,29.13,24.6,25.3,28.65,23.3,18.7,6.9,4.2
2018,1,PB,60.48,21621.3,0.0,1010.31,1522.24,28.9,23.3,30.14,29.38,23.1,20.3,7.34,3.9
2018,2,PB,60.48,21621.3,0.0,1008.68,988.65,28.11,22.38,29.41,28.74,22.63,20.93,6.6,2.56
2018,3,PB,60.48,21621.3,0.0,1006.16,490.03,27.92,22.93,28.6,28.17,23.23,21.63,5.69,2.31
2018,4,PB,90.72,32431.95,499.0,1008.74,608.32,26.08,24.9,22.6,25.72,25.9,19.4,5.3,4.0
2018,5,PB,241.92,86485.2,240.8,1010.05,743.43,25.84,25.3,21.7,25.35,25.9,18.3,6.26,4.2
2018,6,PB,453.6,162159.75,100.8,1012.04,691.94,25.25,24.7,20.0,24.75,25.2,17.1,6.45,4.3
2018,7,PB,604.8,216213.0,198.0,1012.41,692.11,24.67,23.9,20.1,24.21,24.6,16.0,7.24,4.7
2018,8,PB,604.8,216213.0,74.8,1012.97,812.63,25.19,23.2,20.1,24.69,24.4,15.7,7.41,5.1
2018,9,PB,453.6,162159.75,65.2,1010.96,878.6,25.62,24.2,20.9,25.15,24.8,15.1,7.44,4.7
2018,10,PB,241.92,86485.2,4.6,1009.87,1004.83,26.82,22.6,23.3,26.33,23.7,17.5,6.74,4.3
2018,11,PB,90.72,32431.95,15.8,1008.93,1000.16,27.36,24.2,24.8,26.87,25.0,17.9,7.06,4.7
2018,12,PB,60.48,21621.3,48.6,1009.49,1015.5,27.55,24.3,24.1,27.06,24.7,17.3,6.55,4.3
2019,1,PB,34.98,12990.36,56.0,1009.8,955.86,27.49,24.7,22.4,27.01,25.1,18.9,6.69,4.4
2019,2,PB,34.98,12990.36,234.4,1008.43,844.63,27.55,26.3,23.3,27.09,26.8,19.8,5.43,4.4
2019,3,PB,34.98,12990.36,249.0,1008.63,757.37,27.38,26.6,23.8,26.94,26.9,19.7,5.17,3.8
2019,4,PB,52.47,19485.54,195.4,1008.54,773.55,27.05,26.0,22.4,26.55,27.3,19.6,4.73,3.8
2019,5,PB,139.92,51961.44,184.0,1009.08,718.33,26.94,25.6,22.9,26.46,26.6,19.7,5.25,3.7
2019,6,PB,262.35,97427.7,728.8,1011.66,601.98,25.41,24.4,21.4,24.93,25.1,17.1,6.13,4.3
2019,7,PB,349.8,129903.6,362.8,1011.85,656.07,24.68,24.6,20.2,24.16,25.8,18.2,5.9,4.3
2019,8,PB,349.8,129903.6,79.6,1013.62,750.2,25.16,23.6,20.0,24.66,24.4,15.2,7.15,4.6
2019,9,PB,262.35,97427.7,69.8,1011.96,839.23,25.64,23.7,21.4,25.15,24.4,17.3,6.92,4.2
2019,10,PB,139.92,51961.44,83.3,1010.16,1117.17,26.63,24.5,21.8,26.11,24.6,15.6,7.05,4.4
2019,11,PB,52.47,19485.54,0.2,1007.31,965.74,27.44,22.6,24.1,26.93,22.9,13.3,5.05,2.5
2019,12,PB,34.98,12990.36,19.4,1007.39,950.88,27.77,23.8,24.1,27.25,24.7,16.5,4.92,2.5
2020,1,PB,41.68,15435.02,36.4,1007.54,46.1,28.2,25.4,24.0,27.73,26.1,16.6,4.47,2.3
2020,2,PB,41.68,15435.02,123.8,1007.35,46.1,28.2,25.1,23.7,27.74,26.0,18.7,4.2,2.3
2020,3,PB,41.68,15435.02,281.2,1006.83,46.1,27.67,26.1,23.2,27.22,26.6,17.1,3.71,2.8
2020,4,PB,62.52,23152.53,207.77,1007.67,46.1,27.29,25.4,23.0,26.85,26.1,19.6,3.59,2.6
2020,5,PB,166.72,61740.08,509.73,1008.8,46.1,26.02,25.8,23.2,25.55,26.8,19.9,3.98,3.8
2020,6,PB,312.6,115762.65,184.8,1009.64,46.1,26.37,24.5,21.1,25.71,25.2,16.0,5.17,2.8
2020,7,PB,416.8,154350.2,513.7,1010.15,46.1,25.94,23.5,20.8,25.2,24.1,16.1,5.65,2.5
2020,8,PB,416.8,154350.2,47.1,1010.57,46.1,26.12,22.8,19.8,25.74,23.5,16.1,5.99,3.0
2020,9,PB,312.6,115762.65,32.2,1009.59,46.1,25.46,24.4,21.5,25.15,25.3,16.8,4.93,2.4
2020,10,PB,166.72,61740.08,4.0,1006.02,46.1,28.82,23.4,24.5,28.36,24.8,18.9,5.46,2.6
2020,11,PB,62.52,23152.53,8.2,1006.44,46.1,28.27,23.3,22.5,27.87,24.0,17.9,5.31,2.3
2020,12,PB,41.68,15435.02,16.2,1007.96,46.1,28.32,24.4,23.7,27.76,25.0,17.0,5.64,2.4
2021,1,PB,55.26,21215.42,7.8,1007.7,46.1,28.85,23.2,23.8,27.89,24.4,18.3,6.74,2.4
2021,2,PB,55.26,21215.42,296.6,1007.27,46.1,28.45,24.3,22.4,27.84,24.9,19.8,5.88,2.3
2021,3,PB,55.26,21215.42,43.0,1006.72,46.1,28.72,25.3,23.9,28.01,26.1,19.1,4.4,2.5
2021,4,PB,82.89,31823.13,34.0,1008.39,46.1,28.0,25.3,23.6,27.04,26.0,19.2,6.27,2.2
2021,5,PB,221.04,84861.68,303.9,1010.73,46.1,27.12,24.3,22.2,26.23,25.5,19.5,5.74,2.9
2021,6,PB,414.45,159115.65,0.0,1013.81,46.1,27.87,21.98,27.34,26.87,22.87,20.94,5.76,1.5
2021,7,PB,552.6,212154.2,41.8,1011.17,46.1,28.66,23.1,21.0,27.54,24.3,18.7,5.82,3.0
2021,8,PB,552.6,212154.2,0.0,1010.45,46.1,30.06,22.2,29.88,28.65,22.76,21.33,6.04,1.37
2021,9,PB,414.45,159115.65,43.01,1009.68,46.1,27.47,23.1,22.4,26.66,23.6,17.0,4.93,2.6
2021,10,PB,221.04,84861.68,541.7,1007.98,46.1,26.28,21.52,25.21,25.96,22.03,20.65,3.88,1.26
2021,11,PB,82.89,31823.13,1093.29,1006.75,46.1,28.71,22.6,26.4,28.26,23.1,21.1,5.04,2.0
2021,12,PB,55.26,21215.42,48.5,1006.2,46.1,28.07,24.6,24.0,27.58,25.5,19.0,4.99,2.5
2022,1,PB,62.3,26942.44,282.5,1007.1,46.1,27.43,25.0,22.5,26.92,25.4,17.6,4.08,3.9
2022,2,PB,62.3,26942.44,36.4,1006.58,46.1,28.22,24.3,23.7,27.73,25.3,17.5,4.5,2.5
2022,3,PB,62.3,26942.44,301.7,1005.83,46.1,27.6,25.9,23.6,27.1,26.5,19.4,4.1,2.5
2022,4,PB,93.45,40413.66,241.6,1006.43,46.1,27.18,25.0,22.5,26.65,25.9,19.5,3.88,2.7
2022,5,PB,249.2,107769.76,724.2,1008.34,46.1,26.15,26.0,22.3,25.69,27.0,19.2,4.25,3.5
2022,6,PB,467.25,202068.3,369.9,1008.66,46.1,24.9,25.1,20.4,24.48,25.5,17.9,4.11,4.3
2022,7,PB,623.0,269424.4,478.7,1009.91,46.1,24.71,24.7,20.0,24.24,25.2,10.5,5.08,3.5
2022,8,PB,623.0,269424.4,110.0,1010.48,46.1,24.92,23.6,20.6,24.43,24.2,13.5,5.24,3.3
2022,9,PB,467.25,202068.3,49.3,1010.0,46.1,25.62,23.0,20.1,25.13,23.7,11.7,4.88,3.1
2022,10,PB,249.2,107769.76,31.0,1008.64,46.1,26.85,24.8,22.0,26.37,25.3,15.8,5.14,2.4
2022,11,PB,93.45,40413.66,44.7,1007.17,46.1,26.97,24.1,23.4,26.5,25.4,18.8,4.66,2.8
2022,12,PB,62.3,26942.44,46.4,1006.95,46.1,27.54,24.4,23.2,27.05,24.9,18.7,4.89,3.0
2023,1,PB,52.42,21672.94,74.8,1007.54,46.1,27.47,25.0,22.4,26.96,25.2,18.2,4.36,2.3
2023,2,PB,52.42,21672.94,76.1,1007.18,46.1,27.98,25.5,22.8,27.5,26.1,16.1,4.44,2.6
2023,3,PB,52.42,21672.94,217.7,1007.17,46.1,27.43,25.3,22.5,26.95,25.8,18.4,3.99,2.5
2023,4,PB,78.63,32509.41,198.1,1006.44,46.1,27.26,25.6,23.2,26.79,26.0,19.3,3.68,2.4
2023,5,PB,209.68,86691.76,246.8,1008.24,46.1,27.02,25.4,23.1,26.55,26.3,19.9,4.03,2.5
2023,6,PB,393.15,162547.05,634.0,1010.05,46.1,25.49,26.1,21.6,25.03,26.1,18.0,4.32,2.9
2023,7,PB,524.2,216729.4,216.8,1011.22,46.1,25.3,24.2,20.9,24.85,24.9,16.9,4.79,3.0
2023,8,PB,524.2,216729.4,126.6,1010.34,46.1,25.5,25.1,20.9,25.02,25.6,17.1,4.48,2.7
2023,9,PB,393.15,162547.05,139.7,1009.95,46.1,25.98,25.0,21.8,25.48,25.3,17.6,4.84,2.3
2023,10,PB,209.68,86691.76,11.3,1008.58,46.1,27.05,24.3,21.4,26.55,24.4,14.7,4.91,2.6
2023,11,PB,78.63,32509.41,31.8,1007.77,46.1,27.67,24.7,23.8,27.16,25.9,15.0,4.9,2.9
2023,12,PB,52.42,21672.94,84.2,1007.22,46.1,27.7,25.8,23.5,27.22,26.3,17.1,4.45,2.7
2013,12,AP,289.26,193091.98,49.8,1007.56,1347.2,28.09,24.5,22.3,27.63,25.2,18.3,6.04,5.9
2014,1,AP,320.86,220269.24,195.8,1009.45,763.22,26.17,24.6,21.5,25.73,25.5,16.9,5.11,5.3
2014,2,AP,320.86,220269.24,466.2,1008.69,595.33,25.54,24.8,22.8,25.17,25.0,18.3,4.73,5.0
2014,3,AP,320.86,220269.24,360.8,1009.48,605.85,25.75,25.1,22.9,25.35,25.4,20.4,4.85,6.5
2014,4,AP,481.29,330403.86,312.8,1009.8,693.17,26.26,25.0,22.7,25.86,25.4,20.3,4.76,6.1
2014,5,AP,1283.44,881076.96,383.2,1009.92,657.95,26.18,25.2,23.0,25.8,25.7,18.8,4.14,4.1
2014,6,AP,2406.45,1652019.3,382.0,1010.4,783.08,26.8,24.8,23.6,26.31,25.5,19.8,4.66,5.2
2014,7,AP,3208.6,2202692.4,151.2,1012.22,892.63,27.16,24.8,23.2,26.67,25.1,16.5,5.06,6.0
2014,8,AP,3208.6,2202692.4,15.2,1011.1,994.49,27.95,24.9,22.6,27.44,25.1,17.7,5.79,7.4
2014,9,AP,2406.45,1652019.3,41.2,1010.46,1059.59,28.12,23.9,22.9,27.64,24.3,16.7,6.39,5.9
2014,10,AP,1283.44,881076.96,38.8,1009.33,1068.15,28.44,24.3,23.7,27.93,24.7,17.0,6.48,6.0
2014,11,AP,481.29,330403.86,54.2,1008.44,1026.19,28.29,24.5,21.9,27.82,25.0,17.0,6.41,5.5
2014,12,AP,320.86,220269.24,21.0,1008.88,920.84,27.92,24.8,23.6,27.45,25.0,17.6,6.21,6.4
2015,1,AP,284.02,198689.52,138.6,1009.93,886.38,27.13,25.0,22.6,26.68,25.4,18.5,5.77,5.7
2015,2,AP,284.02,198689.52,281.9,1009.86,809.45,26.31,24.7,22.0,25.84,25.3,18.1,5.25,6.1
2015,3,AP,284.02,198689.52,37.7,1010.18,1568.07,27.74,25.4,23.5,27.16,25.9,20.0,21.13,3.1
2015,4,AP,426.03,298034.28,0.0,1010.58,862.47,31.3,23.1,31.2,30.22,24.1,22.54,17.88,2.45
2015,5,AP,1136.08,794758.08,0.0,1010.21,1645.56,31.1,22.95,31.2,30.26,23.98,22.38,14.63,2.94
2015,6,AP,2130.15,1490171.4,489.62,1011.24,2545.85,30.81,23.9,29.5,29.88,24.7,20.4,11.38,3.41
2015,7,AP,2840.2,1986895.2,10203.58,1012.99,1795.01,30.88,23.43,30.85,29.79,23.49,20.2,8.13,3.9
2015,8,AP,2840.2,1986895.2,42.0,1010.45,1107.85,28.41,25.0,23.2,27.9,25.6,16.9,6.02,5.9
2015,9,AP,2130.15,1490171.4,0.0,1010.18,1056.52,28.52,24.6,22.9,28.04,24.9,17.3,6.48,5.1
2015,10,AP,1136.08,794758.08,2.0,1009.7,1057.93,28.66,24.2,23.6,28.17,24.6,13.4,6.82,5.8
2015,11,AP,426.03,298034.28,0.0,1008.42,1020.19,28.76,24.8,23.3,28.28,24.9,17.1,6.75,5.6
2015,12,AP,284.02,198689.52,17.6,1009.71,882.91,28.27,24.3,23.1,27.78,25.0,18.8,6.88,6.4
2016,1,AP,768.5,531034.94,135.8,1009.87,672.81,27.04,24.7,22.8,26.57,25.8,18.8,5.72,6.4
2016,2,AP,768.5,531034.94,322.2,1009.53,729.02,26.7,25.2,23.0,26.26,25.9,20.5,5.6,5.4
2016,3,AP,768.5,531034.94,464.4,1010.36,652.87,26.63,26.2,23.0,26.24,26.3,21.2,4.79,5.8
2016,4,AP,1152.75,796552.41,81.2,1010.68,1313.13,27.6,25.7,23.9,26.36,26.5,21.6,5.08,5.3
2016,5,AP,3074.0,2124139.76,0.0,1013.25,1629.01,28.79,24.3,27.7,27.5,24.61,21.85,5.07,2.23
2016,6,AP,5763.75,3982762.05,62.4,1013.0,1125.81,28.07,24.8,22.2,27.5,26.3,18.6,4.83,5.4
2016,7,AP,7685.0,5310349.4,18.0,1011.26,908.99,27.42,25.0,23.0,26.92,25.4,16.7,5.96,6.3
2016,8,AP,7685.0,5310349.4,38.8,1010.92,1003.23,28.22,24.8,23.1,27.72,25.2,14.9,5.66,7.3
2016,9,AP,5763.75,3982762.05,50.2,1010.61,1031.85,28.29,24.6,23.3,27.82,25.0,15.5,6.03,5.5
2016,10,AP,3074.0,2124139.76,0.0,1007.43,1121.67,29.07,23.6,23.8,28.18,24.2,18.3,6.78,5.1
2016,11,AP,1152.75,796552.41,0.0,1007.86,986.64,28.72,24.1,23.9,28.26,24.4,16.4,6.71,5.6
2016,12,AP,768.5,531034.94,261.8,1008.48,827.28,27.38,25.1,23.0,26.9,25.7,18.1,5.77,5.4
2017,1,AP,762.82,515117.0,173.4,1009.41,648.26,26.05,25.2,22.1,25.67,25.5,18.5,4.55,5.4
2017,2,AP,762.82,515117.0,447.0,1009.47,598.51,25.58,24.6,22.1,25.21,25.7,20.8,4.5,5.9
2017,3,AP,762.82,515117.0,497.4,1009.62,598.54,25.67,24.9,22.7,25.32,25.4,19.6,4.11,4.5
2017,4,AP,1144.23,772675.5,298.6,1009.56,702.41,26.47,25.5,23.5,26.08,25.9,20.1,4.39,4.5
2017,5,AP,3051.28,2060468.0,207.0,1009.97,800.76,27.12,25.3,23.3,26.67,25.8,19.1,4.47,6.3
2017,6,AP,5721.15,3863377.5,109.26,1010.32,926.61,27.43,25.6,23.2,27.02,25.9,19.7,4.71,6.2
2017,7,AP,7628.2,5151170.0,245.37,1010.16,2225.98,30.33,22.72,31.0,30.06,23.76,21.46,6.1,2.62
2017,8,AP,7628.2,5151170.0,444.28,1010.31,1888.07,30.59,24.1,24.1,30.09,24.7,19.3,6.53,7.2
2017,9,AP,5721.15,3863377.5,34.4,1010.16,1020.44,28.54,25.2,23.9,28.03,25.6,18.8,6.64,6.6
2017,10,AP,3051.28,2060468.0,2.6,1008.78,1062.8,28.64,24.6,24.1,28.17,24.8,18.5,6.75,6.5
2017,11,AP,1144.23,772675.5,0.4,1007.86,1021.68,28.57,24.3,23.6,28.08,24.9,17.1,6.36,5.6
2017,12,AP,762.82,515117.0,133.2,1008.44,808.2,27.22,24.8,22.4,26.78,26.1,19.4,5.55,6.6
2018,1,AP,262.52,180942.3,242.0,1009.09,804.61,26.43,24.6,21.8,26.0,25.3,19.0,5.15,6.9
2018,2,AP,262.52,180942.3,227.4,1009.38,626.27,25.57,24.9,22.5,25.19,25.0,18.8,4.51,5.5
2018,3,AP,262.52,180942.3,272.8,1009.24,684.11,26.28,25.4,22.5,25.87,25.6,19.7,4.89,5.9
2018,4,AP,393.78,271413.45,626.6,1010.26,710.64,25.81,24.8,22.6,25.39,25.2,19.9,4.24,6.0
2018,5,AP,1050.08,723769.2,507.2,1010.71,702.48,26.2,25.2,23.3,25.8,25.7,20.2,4.25,6.3
2018,6,AP,1968.9,1357067.25,235.0,1011.41,768.79,26.6,25.7,22.0,26.1,26.1,18.8,4.44,5.7
2018,7,AP,2625.2,1809423.0,111.4,1011.31,872.24,26.84,25.3,22.0,26.35,25.5,16.4,4.98,7.2
2018,8,AP,2625.2,1809423.0,69.4,1011.78,999.33,27.64,24.6,22.4,27.16,25.2,14.6,5.43,7.0
2018,9,AP,1968.9,1357067.25,194.4,1009.31,1048.85,28.25,24.4,23.8,27.77,25.4,17.6,6.27,5.8
2018,10,AP,1050.08,723769.2,0.0,1008.59,1675.26,30.17,24.3,24.2,29.72,24.9,18.2,7.22,4.9
2018,11,AP,393.78,271413.45,0.0,1007.83,2270.6,32.07,22.76,33.21,32.18,22.49,20.77,8.13,3.94
2018,12,AP,262.52,180942.3,0.0,1008.88,1493.91,30.88,23.15,32.79,31.86,22.65,21.08,8.32,3.98
2019,1,AP,193.96,126982.4,0.0,1009.27,1109.98,30.24,23.4,30.99,31.45,23.16,18.1,8.45,4.0
2019,2,AP,193.96,126982.4,321.4,1009.58,793.39,26.86,25.1,22.8,25.95,25.4,18.77,6.05,4.9
2019,3,AP,193.96,126982.4,220.8,1010.44,601.57,26.07,25.4,22.1,25.65,25.6,19.8,4.61,6.5
2019,4,AP,290.94,190473.6,371.6,1010.77,705.79,25.88,25.6,22.9,25.27,26.3,19.4,4.57,4.3
2019,5,AP,775.84,507929.6,480.8,1009.63,762.86,26.68,26.0,23.9,26.26,26.3,20.2,4.44,6.0
2019,6,AP,1454.7,952368.0,254.8,1011.21,808.32,26.96,26.3,23.1,26.5,26.8,19.5,4.41,6.5
2019,7,AP,1939.6,1269824.0,377.2,1011.29,879.23,27.14,25.1,22.4,26.62,25.6,19.1,4.69,5.4
2019,8,AP,1939.6,1269824.0,89.8,1011.87,999.09,28.1,25.3,22.8,27.58,25.7,18.6,5.83,4.4
2019,9,AP,1454.7,952368.0,2.8,1010.3,1084.18,28.67,24.7,23.9,28.18,25.1,14.6,7.22,5.4
2019,10,AP,775.84,507929.6,0.0,1008.8,1093.36,28.97,24.9,24.0,28.45,25.3,16.8,6.4,5.5
2019,11,AP,290.94,190473.6,26.6,1007.67,965.75,28.71,25.8,23.5,28.21,26.3,14.9,5.84,5.8
2019,12,AP,193.96,126982.4,186.2,1008.15,880.87,27.84,25.3,23.3,27.39,25.8,18.4,5.9,6.2
2020,1,AP,168.2,118868.72,262.3,1010.03,2.1,26.28,25.2,22.1,25.85,26.5,19.7,4.63,5.1
2020,2,AP,168.2,118868.72,216.8,1010.14,2.1,26.3,25.3,22.7,25.86,26.3,17.1,4.73,4.8
2020,3,AP,168.2,118868.72,251.8,1009.94,2.1,26.44,25.7,23.0,26.04,26.5,18.7,4.35,5.3
2020,4,AP,252.3,178303.08,501.6,1010.37,2.1,26.47,26.0,21.6,26.05,26.3,19.9,4.32,5.7
2020,5,AP,672.8,475474.88,361.2,1010.73,2.1,27.06,27.3,23.9,26.65,27.3,18.4,4.16,8.1
2020,6,AP,1261.5,891515.4,257.4,1010.63,2.1,26.99,26.0,22.8,26.52,26.7,20.6,4.22,4.7
2020,7,AP,1682.0,1188687.2,67.8,1010.23,2.1,27.52,25.2,23.3,27.02,26.3,16.4,4.27,6.0
2020,8,AP,1682.0,1188687.2,70.2,1010.05,2.1,28.39,25.3,23.1,27.88,25.6,17.2,5.24,7.5
2020,9,AP,1261.5,891515.4,57.8,1009.74,2.1,28.5,25.0,23.3,28.0,25.9,18.5,5.79,5.3
2020,10,AP,672.8,475474.88,0.2,1008.93,2.1,29.06,24.3,23.8,28.57,25.0,14.0,6.19,4.9
2020,11,AP,252.3,178303.08,395.6,1008.49,2.1,27.6,26.1,23.8,27.14,26.7,18.6,5.09,4.7
2020,12,AP,168.2,118868.72,102.3,1008.54,2.1,27.5,25.2,23.1,27.04,25.9,17.6,5.13,5.5
2021,1,AP,119.28,94354.48,184.3,1008.56,2.1,26.57,25.4,22.7,26.15,26.0,19.6,4.45,6.4
2021,2,AP,119.28,94354.48,341.4,1009.1,2.1,25.8,25.7,22.4,25.36,26.3,19.1,4.81,5.1
2021,3,AP,119.28,94354.48,473.7,1009.36,2.1,25.92,25.1,22.5,25.53,26.0,18.8,4.24,4.9
2021,4,AP,178.92,141531.72,251.1,1009.14,2.1,26.43,25.6,23.4,26.03,26.3,19.0,4.19,6.2
2021,5,AP,477.12,377417.92,427.6,1010.4,2.1,26.43,26.1,23.2,26.04,27.0,20.2,3.99,5.6
2021,6,AP,894.6,707658.6,56.8,1009.55,2.1,28.31,25.5,23.2,27.98,26.7,18.9,5.35,5.5
2021,7,AP,1192.8,943544.8,0.0,1009.89,2.1,29.97,23.31,29.78,29.12,23.83,22.12,6.1,1.96
2021,8,AP,1192.8,943544.8,0.0,1011.44,2.1,30.57,22.23,29.63,28.92,23.85,22.18,5.79,1.88
2021,9,AP,894.6,707658.6,0.0,1012.18,2.1,30.8,21.53,29.49,28.73,23.87,22.23,5.48,1.99
2021,10,AP,477.12,377417.92,0.0,1011.9,2.1,30.57,21.99,29.34,28.54,23.89,22.28,5.18,2.2
2021,11,AP,178.92,141531.72,0.0,1011.63,2.1,30.34,22.44,29.19,28.35,23.92,22.34,4.87,2.4
2021,12,AP,119.28,94354.48,0.0,1011.35,2.1,30.11,22.91,29.04,28.16,23.94,22.39,4.57,2.61
2022,1,AP,162.52,118336.32,0.0,1011.26,2.1,29.68,23.1,28.89,27.97,23.96,22.44,4.25,2.7
2022,2,AP,162.52,118336.32,0.0,1011.93,2.1,28.49,23.05,28.75,27.78,23.98,22.5,3.96,2.44
2022,3,AP,162.52,118336.32,0.0,1012.69,2.1,27.2,22.98,28.6,27.6,24.0,22.55,3.66,2.05
2022,4,AP,243.78,177504.48,417.1,1009.2,2.1,26.4,25.1,22.7,26.05,25.5,19.3,4.15,5.8
2022,5,AP,650.08,473345.28,304.4,1010.72,2.1,26.32,25.6,23.1,25.91,26.2,20.7,3.96,5.5
2022,6,AP,1218.9,887522.4,277.2,1010.26,2.1,26.67,24.9,22.4,26.19,25.7,18.9,3.94,7.3
2022,7,AP,1625.2,1183363.2,249.0,1010.69,2.1,26.89,25.0,22.7,26.39,25.5,19.5,4.19,5.3
2022,8,AP,1625.2,1183363.2,70.4,1010.46,2.1,27.92,24.8,23.5,27.42,25.3,17.7,4.98,4.6
2022,9,AP,1218.9,887522.4,50.8,1009.88,2.1,28.56,24.6,23.5,28.06,25.0,13.7,6.04,4.7
2022,10,AP,650.08,473345.28,12.2,1008.72,2.1,28.93,25.4,24.2,28.44,26.0,18.1,6.37,5.2
2022,11,AP,243.78,177504.48,81.6,1008.58,2.1,27.89,24.8,23.1,27.39,26.2,15.9,5.12,5.0
2022,12,AP,162.52,118336.32,148.2,1008.59,2.1,26.65,25.4,21.7,26.21,25.9,19.1,4.85,5.1
2023,1,AP,432.7,309140.4,215.3,1009.81,2.1,26.08,25.1,22.3,25.65,25.8,19.0,4.67,5.0
2023,2,AP,432.7,309140.4,240.8,1009.66,2.1,25.85,24.7,22.4,25.47,26.9,20.2,4.42,5.4
2023,3,AP,432.7,309140.4,330.7,1009.99,2.1,26.01,25.4,22.6,25.58,26.1,20.1,4.58,5.0
2023,4,AP,649.05,463710.6,275.8,1009.24,2.1,26.77,25.6,22.6,26.34,26.2,18.4,4.31,4.2
2023,5,AP,1730.8,1236561.6,300.8,1010.08,2.1,27.2,25.9,23.5,26.79,26.6,21.0,4.2,4.8
2023,6,AP,3245.25,2318553.0,203.0,1011.2,2.1,27.45,25.5,23.7,26.97,26.3,15.1,4.26,5.3
2023,7,AP,4327.0,3091404.0,179.6,1011.57,2.1,27.77,25.3,23.7,27.27,26.4,17.0,4.96,5.6
2023,8,AP,4327.0,3091404.0,53.6,1010.56,2.1,28.75,25.6,23.3,28.26,25.7,13.8,5.47,4.7
2023,9,AP,3245.25,2318553.0,26.2,1009.81,2.1,29.17,25.0,24.2,28.68,25.4,18.5,6.23,7.2
2023,10,AP,1730.8,1236561.6,14.0,1008.77,2.1,29.42,25.8,24.4,28.91,26.0,17.1,6.45,5.4
2023,11,AP,649.05,463710.6,29.4,1008.38,2.1,29.41,25.1,24.6,28.93,25.9,15.4,6.35,5.1
2023,12,AP,432.7,309140.4,181.4,1008.49,2.1,28.18,26.8,24.4,27.72,27.1,18.8,5.39,7.1
2003,2,AL,142.12,39710.78,3.6,1003.09,14988.47,27.29,23.7,23.9,26.79,24.4,17.4,6.12,5.4
2003,3,AL,142.12,39710.78,130.4,1002.51,10902.72,26.59,24.3,22.4,26.1,25.0,15.7,4.78,7.3
2003,4,AL,213.18,59566.17,133.8,1003.14,10158.48,26.26,24.1,22.2,25.77,24.6,14.7,4.51,6.5
2003,5,AL,568.48,158843.12,205.7,1004.13,8654.04,25.32,24.0,20.4,24.84,24.3,17.3,4.45,5.9
2003,6,AL,1065.9,297830.85,254.4,1005.47,7222.25,23.81,23.1,19.5,23.34,23.8,16.3,4.22,5.8
2003,7,AL,1421.2,397107.8,243.6,1007.52,7570.73,23.51,22.5,18.2,23.0,22.7,14.9,5.05,6.9
2003,8,AL,1421.2,397107.8,168.6,1007.35,8590.31,23.47,23.3,19.3,22.97,23.5,14.7,4.58,6.0
2003,9,AL,1065.9,297830.85,148.8,1006.46,10064.84,24.14,22.3,19.8,23.63,23.0,15.0,5.46,7.0
2003,10,AL,568.48,158843.12,86.2,1004.59,11309.15,24.94,22.9,20.3,24.4,24.1,11.8,5.61,6.9
2003,11,AL,213.18,59566.17,76.4,1002.86,12284.35,25.76,23.3,21.5,25.25,23.9,14.4,5.82,6.9
2003,12,AL,142.12,39710.78,18.4,1003.09,12484.78,26.27,23.6,20.9,25.76,24.2,13.9,6.24,7.6
2004,1,AL,30.52,7877.56,273.6,1001.66,1345.48,25.86,24.1,22.5,25.43,24.6,17.7,5.35,7.2
2004,2,AL,30.52,7877.56,137.0,1002.85,1113.29,25.97,24.2,21.8,25.51,24.7,17.8,4.92,6.4
2004,3,AL,30.52,7877.56,166.6,1002.49,767.4,26.13,24.0,21.7,25.63,25.3,16.6,4.97,6.3
2004,4,AL,45.78,11816.34,149.0,1003.1,990.36,25.69,24.7,21.5,25.23,24.9,16.9,4.49,6.5
2004,5,AL,122.08,31510.24,195.4,1004.49,1162.54,25.08,24.0,20.6,24.62,24.4,17.0,4.33,5.5
2004,6,AL,228.9,59081.7,768.4,1007.27,1158.29,23.76,23.5,20.1,23.3,23.6,16.8,5.11,6.2
2004,7,AL,305.2,78775.6,333.7,1006.5,1041.28,23.3,25.9,18.4,22.55,27.1,15.5,5.29,6.3
2004,8,AL,305.2,78775.6,223.6,1007.81,722.45,23.63,26.7,17.1,22.73,27.7,15.4,4.72,6.0
2004,9,AL,228.9,59081.7,226.7,1006.55,915.89,24.6,27.3,18.1,23.63,29.3,14.0,5.47,6.1
2004,10,AL,122.08,31510.24,38.2,1004.3,842.51,25.99,28.0,19.0,24.79,29.6,16.7,5.77,7.4
2004,11,AL,45.78,11816.34,20.5,1003.14,832.34,27.42,28.0,19.7,26.11,31.1,17.0,6.42,7.9
2004,12,AL,30.52,7877.56,15.0,1002.74,1470.57,28.13,28.5,20.5,26.81,30.3,18.1,6.33,7.8
2005,1,AL,115.68,38558.66,16.8,1001.74,1475.56,28.8,29.5,20.6,27.59,30.6,16.9,6.38,8.4
2005,2,AL,115.68,38558.66,58.1,1001.67,1141.56,28.7,30.2,22.5,27.57,31.1,16.4,6.04,7.5
2005,3,AL,115.68,38558.66,80.6,1002.39,790.83,28.84,29.9,22.8,27.83,30.6,18.0,5.59,7.4
2005,4,AL,173.52,57837.99,145.5,1003.0,885.6,27.43,28.4,22.5,26.58,30.3,19.1,4.83,6.2
2005,5,AL,462.72,154234.64,376.0,1003.9,906.76,25.18,26.4,21.4,24.53,28.1,17.9,4.79,6.5
2005,6,AL,867.6,289189.95,326.8,1005.55,1149.55,24.54,24.0,21.0,24.06,24.1,16.3,5.33,6.3
2005,7,AL,1156.8,385586.6,184.4,1007.71,971.08,23.78,22.5,19.2,23.41,23.0,12.1,4.97,6.4
2005,8,AL,1156.8,385586.6,244.9,1007.36,1059.91,23.79,22.6,19.6,23.42,22.8,14.3,5.56,6.2
2005,9,AL,867.6,289189.95,55.8,1006.45,10318.07,24.32,22.4,19.9,23.94,22.8,15.5,5.29,6.8
2005,10,AL,462.72,154234.64,34.3,1005.04,12463.36,25.15,22.4,20.6,24.62,22.8,15.6,6.04,7.5
2005,11,AL,173.52,57837.99,14.0,1002.78,12528.9,25.99,22.6,21.1,25.46,22.9,14.9,6.76,8.2
2005,12,AL,115.68,38558.66,92.8,1001.86,12138.36,25.95,23.3,21.9,25.42,24.7,14.8,6.09,7.8
2006,1,AL,157.74,53007.16,64.6,1002.72,13090.39,26.06,23.1,21.5,25.54,23.5,13.9,5.44,6.3
2006,2,AL,157.74,53007.16,0.0,1001.48,20533.33,28.47,23.1,23.3,27.89,23.1,15.7,7.49,7.8
2006,3,AL,157.74,53007.16,99.8,1001.75,19832.07,28.71,24.1,23.4,28.1,24.3,12.0,7.41,7.5
2006,4,AL,236.61,79510.74,281.0,1001.63,9740.92,26.28,24.5,23.0,25.8,24.8,18.8,4.35,6.8
2006,5,AL,630.96,212028.64,391.6,1004.71,10483.59,25.45,24.1,21.9,24.78,24.2,16.5,4.31,5.3
2006,6,AL,1183.05,397553.7,98.3,1005.26,4455.54,24.39,23.0,19.9,24.1,23.4,16.8,4.94,5.5
2006,7,AL,1577.4,530071.6,0.0,1005.57,527.54,24.25,22.09,24.42,24.15,22.09,21.11,5.76,3.33
2006,8,AL,1577.4,530071.6,0.0,1005.92,996.66,24.48,21.55,24.81,24.38,21.55,20.41,7.3,3.99
2006,9,AL,1183.05,397553.7,135.2,1006.38,876.36,24.09,24.1,18.8,23.64,24.2,16.0,5.48,6.8
2006,10,AL,630.96,212028.64,70.2,1003.88,964.26,25.12,23.8,20.6,24.67,24.3,17.1,5.95,8.0
2006,11,AL,236.61,79510.74,58.0,1002.38,1019.62,25.72,24.6,20.3,25.24,24.7,17.6,6.64,8.4
2006,12,AL,157.74,53007.16,18.4,1003.13,1539.86,27.29,25.0,21.8,26.74,25.3,18.5,6.53,7.2
2007,1,AL,79.26,26130.46,0.0,1002.99,3128.32,30.8,21.95,30.94,30.0,22.58,21.43,7.64,4.41
2007,2,AL,79.26,26130.46,0.0,1003.25,3022.7,30.68,21.74,30.83,29.86,22.48,21.24,7.68,4.41
2007,3,AL,79.26,26130.46,0.0,1003.5,2917.07,30.55,21.55,30.7,29.73,22.39,21.02,7.73,4.42
2007,4,AL,118.89,39195.69,0.0,1003.76,2807.87,30.42,21.34,30.58,29.59,22.29,20.82,7.78,4.42
2007,5,AL,317.04,104521.84,0.0,1004.02,2698.66,30.29,21.13,30.45,29.45,22.2,20.6,7.83,4.43
2007,6,AL,594.45,195978.45,0.0,1004.28,2589.46,30.16,20.92,30.33,29.31,22.1,20.39,7.87,4.43
2007,7,AL,792.6,261304.6,0.0,1004.54,2480.25,30.03,20.72,30.2,29.17,22.0,20.18,7.92,4.43
2007,8,AL,792.6,261304.6,0.0,1004.8,2369.26,29.9,20.51,30.07,29.02,21.91,19.96,7.97,4.44
2007,9,AL,594.45,195978.45,0.0,1005.06,2260.05,29.77,20.3,29.95,28.88,21.81,19.75,8.02,4.44
2007,10,AL,317.04,104521.84,0.0,1005.32,2150.85,29.64,20.1,29.82,28.74,21.71,19.54,8.07,4.45
2007,11,AL,118.89,39195.69,0.0,1005.58,2041.64,29.51,19.88,29.7,28.6,21.62,19.33,8.12,4.45
2007,12,AL,79.26,26130.46,0.0,1005.84,1932.44,29.38,19.68,29.57,28.47,21.52,19.11,8.16,4.46
2008,1,AL,115.06,36972.52,0.0,1006.11,1821.44,29.25,19.47,29.44,28.32,21.42,18.9,8.21,4.46
2008,2,AL,115.06,36972.52,0.0,1006.36,1714.03,29.12,19.26,29.32,28.19,21.33,18.69,8.26,4.47
2008,3,AL,115.06,36972.52,0.0,1006.62,1606.61,28.99,19.06,29.2,28.05,21.23,18.48,8.31,4.47
2008,4,AL,172.59,55458.78,0.0,1006.88,1497.41,28.86,18.85,29.07,27.91,21.14,18.27,8.36,4.48
2008,5,AL,460.24,147890.08,0.0,1007.14,1388.2,28.73,18.65,28.95,27.77,21.04,18.06,8.4,4.48
2008,6,AL,862.95,277293.9,0.0,1007.4,1279.0,28.6,18.44,28.82,27.63,20.94,17.85,8.45,4.49
2008,7,AL,1150.6,369725.2,0.0,1007.66,1169.79,28.47,18.23,28.7,27.49,20.85,17.63,8.5,4.49
2008,8,AL,1150.6,369725.2,0.0,1007.93,1058.8,28.34,18.02,28.57,27.35,20.75,17.42,8.55,4.5
2008,9,AL,862.95,277293.9,10.2,1007.32,978.2,26.67,23.5,19.3,25.89,24.1,14.6,7.1,6.6
2008,10,AL,460.24,147890.08,63.8,1005.96,958.3,25.05,22.7,20.5,24.5,24.2,15.4,6.13,6.6
2008,11,AL,172.59,55458.78,14.2,1003.4,1088.3,25.93,23.5,20.7,25.37,24.0,14.8,6.61,7.6
2008,12,AL,115.06,36972.52,22.2,1002.52,1106.27,26.46,23.2,20.9,25.91,24.3,14.4,6.44,8.7
2009,1,AL,72.66,26759.82,30.8,1003.26,1053.16,26.73,24.0,21.0,26.21,24.4,12.3,6.14,8.2
2009,2,AL,72.66,26759.82,180.0,1002.56,949.49,26.3,24.1,22.2,25.81,24.6,16.0,5.34,6.8
2009,3,AL,72.66,26759.82,167.2,1001.9,1014.96,26.84,24.0,22.6,26.35,24.6,17.7,5.29,6.9
2009,4,AL,108.99,40139.73,187.2,1002.98,846.72,26.63,25.0,22.2,26.17,25.4,13.5,4.69,6.8
2009,5,AL,290.64,107039.28,652.8,1003.81,607.6,25.12,24.2,21.6,24.72,25.1,18.6,4.42,6.2
2009,6,AL,544.95,200698.65,319.8,1006.05,605.45,24.24,24.0,20.0,23.79,24.2,18.3,4.59,7.2
2009,7,AL,726.6,267598.2,229.4,1007.0,681.61,23.81,23.1,18.8,23.32,23.6,15.5,4.71,6.2
2009,8,AL,726.6,267598.2,286.8,1006.92,705.27,23.67,23.0,18.7,23.19,24.0,14.1,5.08,7.0
2009,9,AL,544.95,200698.65,89.6,1006.88,906.71,24.47,23.9,18.8,23.95,24.4,13.2,5.33,6.4
2009,10,AL,290.64,107039.28,15.4,1003.64,1092.31,25.78,23.8,20.6,25.23,24.2,14.0,6.5,8.4
2009,11,AL,108.99,40139.73,18.0,1003.59,1075.5,26.05,23.3,21.1,25.47,24.3,14.2,6.32,7.6
2009,12,AL,72.66,26759.82,31.2,1003.51,1046.42,26.71,24.4,21.9,26.2,25.3,16.4,6.11,8.2
2010,1,AL,131.04,46369.36,187.4,1003.57,908.16,26.15,24.7,22.4,25.69,25.2,16.4,5.04,6.6
2010,2,AL,131.04,46369.36,144.8,1003.15,939.94,26.79,25.4,22.1,26.34,26.1,18.2,5.01,6.0
2010,3,AL,131.04,46369.36,131.4,1002.72,951.11,27.03,24.7,22.7,26.53,25.3,14.7,5.02,7.5
2010,4,AL,196.56,69554.04,139.8,1003.0,829.9,26.67,25.4,22.4,26.2,26.1,19.2,4.63,8.2
2010,5,AL,524.16,185477.44,132.4,1003.89,740.73,25.85,25.0,22.1,25.36,26.0,18.1,4.03,5.0
2010,6,AL,982.8,347770.2,527.6,1006.53,597.95,24.79,24.7,19.9,24.32,25.7,16.6,5.58,7.8
2010,7,AL,1310.4,463693.6,218.4,1007.2,679.23,23.91,23.8,17.9,23.38,24.3,15.4,5.65,6.8
2010,8,AL,1310.4,463693.6,152.0,1008.16,686.07,23.27,21.5,18.6,22.78,22.5,15.6,5.64,7.4
2010,9,AL,982.8,347770.2,117.8,1006.83,853.04,23.79,22.3,18.3,23.25,23.1,14.0,6.12,7.0
2010,10,AL,524.16,185477.44,84.0,1004.25,928.72,25.33,23.8,19.1,24.85,24.2,16.5,5.66,7.5
2010,11,AL,196.56,69554.04,12.6,1002.84,1062.03,25.8,23.3,20.8,25.27,24.7,14.9,6.24,6.9
2010,12,AL,131.04,46369.36,31.2,1001.31,1030.63,26.43,23.8,21.8,25.91,24.0,16.3,6.26,7.2
2011,1,AL,54.32,18734.68,129.2,1001.86,966.0,26.11,24.5,21.7,25.61,25.2,14.5,5.33,6.6
2011,2,AL,54.32,18734.68,137.6,1002.53,979.66,26.26,24.5,22.2,25.76,25.3,15.8,5.08,6.8
2011,3,AL,54.32,18734.68,27.2,1001.8,1027.48,27.03,24.7,22.4,26.54,25.2,13.3,5.01,6.8
2011,4,AL,81.48,28102.02,526.0,1002.67,741.53,25.98,24.5,22.2,25.51,25.3,16.7,5.18,6.1
2011,5,AL,217.28,74938.72,360.6,1004.07,597.14,25.07,24.6,20.9,24.63,25.3,18.6,5.34,6.5
2011,6,AL,407.4,140510.1,196.8,1006.02,668.42,24.17,24.1,19.5,23.71,25.1,16.9,4.76,6.2
2011,7,AL,543.2,187346.8,368.2,1006.84,572.89,23.31,24.0,18.6,22.84,25.3,16.6,5.75,6.8
2011,8,AL,543.2,187346.8,200.4,1007.54,737.27,23.37,23.0,18.5,22.87,23.3,14.5,4.87,6.8
2011,9,AL,407.4,140510.1,113.6,1008.08,760.78,23.84,23.3,18.7,23.35,23.6,13.0,5.81,6.4
2011,10,AL,217.28,74938.72,53.4,1003.8,958.14,25.06,23.2,20.8,24.56,23.5,15.8,5.66,6.8
2011,11,AL,81.48,28102.02,117.6,1003.63,982.85,25.42,23.7,20.7,24.91,24.0,14.7,6.06,6.9
2011,12,AL,54.32,18734.68,16.2,1003.38,2119.66,26.22,23.2,20.8,25.7,23.8,14.3,6.54,7.7
2012,1,AL,116.84,47409.04,176.0,1003.8,297.14,25.87,23.8,21.4,25.37,24.1,12.8,5.87,7.8
2012,2,AL,116.84,47409.04,68.8,1003.45,1172.15,26.07,23.8,21.6,25.57,24.1,16.5,5.47,6.3
2012,3,AL,116.84,47409.04,134.6,1003.99,105.82,25.98,23.8,20.9,25.47,24.9,17.0,5.1,6.4
2012,4,AL,175.26,71113.56,56.4,1003.92,113.04,25.64,23.7,19.4,25.11,24.5,15.2,4.5,5.7
2012,5,AL,467.36,189636.16,95.0,1005.51,179.48,25.33,23.5,20.0,24.82,24.4,16.1,4.68,6.6
2012,6,AL,876.3,355567.8,262.4,1007.02,610.93,24.16,23.5,19.5,23.69,24.1,16.8,4.51,5.9
2012,7,AL,1168.4,474090.4,230.4,1007.57,417.75,23.53,23.1,18.8,23.07,23.5,15.5,5.1,6.7
2012,8,AL,1168.4,474090.4,37.7,1009.19,410.18,24.52,21.6,19.1,24.05,22.8,14.5,6.87,5.9
2012,9,AL,876.3,355567.8,28.2,1008.41,871.18,23.94,22.1,18.7,23.4,22.5,13.9,5.33,6.2
2012,10,AL,467.36,189636.16,79.6,1005.68,948.12,24.56,23.6,20.4,24.05,24.0,11.6,5.85,7.9
2012,11,AL,175.26,71113.56,10.2,1003.15,1066.71,25.88,22.7,20.8,25.36,23.3,14.7,6.93,8.3
2012,12,AL,116.84,47409.04,23.0,1003.16,1031.33,26.24,23.4,21.6,25.72,23.7,16.1,6.23,6.9
2013,1,AL,37.92,15363.84,65.6,1003.8,1028.65,26.66,24.1,22.4,26.14,24.7,15.4,6.4,8.3
2013,2,AL,37.92,15363.84,18.2,1003.46,1009.04,27.13,23.9,22.4,26.61,25.2,15.9,5.96,7.0
2013,3,AL,37.92,15363.84,28.0,1003.58,979.48,27.33,24.3,22.7,26.84,25.0,13.6,5.64,7.2
2013,4,AL,56.88,23045.76,222.2,1003.82,836.28,26.55,24.5,22.2,26.06,24.7,17.7,5.21,6.3
2013,5,AL,151.68,61455.36,250.2,1004.98,712.09,25.3,24.4,21.1,24.85,25.2,18.7,4.25,6.1
2013,6,AL,284.4,115228.8,229.4,1006.09,658.83,24.44,24.0,19.5,23.99,24.9,17.6,4.36,5.7
2013,7,AL,379.2,153638.4,361.0,1007.45,621.66,23.72,23.5,18.8,23.26,24.1,13.0,5.02,7.5
2013,8,AL,379.2,153638.4,167.4,1007.2,696.63,23.6,23.0,18.9,23.11,23.8,16.1,5.2,6.3
2013,9,AL,284.4,115228.8,92.0,1007.11,871.42,24.28,23.1,19.4,23.78,24.1,15.1,5.55,6.4
2013,10,AL,151.68,61455.36,201.8,1005.72,948.85,24.88,23.2,20.1,24.34,23.9,16.3,5.97,6.8
2013,11,AL,56.88,23045.76,106.6,1003.61,920.65,25.16,23.5,20.3,24.64,24.4,15.2,5.88,7.3
2013,12,AL,37.92,15363.84,23.8,1003.22,1005.63,26.09,23.8,20.9,25.56,24.9,16.0,6.62,8.5
2014,1,AL,39.54,15204.14,56.4,1004.37,1019.37,26.09,23.8,21.6,25.52,24.3,16.5,5.46,7.0
2014,2,AL,39.54,15204.14,105.2,1003.18,976.14,26.04,24.2,21.8,25.51,24.6,16.7,5.16,6.6
2014,3,AL,39.54,15204.14,46.0,1003.73,959.01,26.51,24.6,22.4,26.0,25.2,17.9,5.17,6.1
2014,4,AL,59.31,22806.21,161.6,1003.72,813.1,26.49,25.3,22.5,26.0,26.0,18.0,4.86,6.1
2014,5,AL,158.16,60816.56,335.8,1004.62,685.91,25.04,24.9,20.3,24.58,25.2,17.8,4.58,6.2
2014,6,AL,296.55,114031.05,172.0,1006.6,687.9,24.43,23.7,20.0,23.96,23.9,15.7,4.93,6.1
2014,7,AL,395.4,152041.4,206.8,1008.95,680.66,23.75,23.1,18.7,23.28,23.8,14.9,5.14,6.3
2014,8,AL,395.4,152041.4,154.2,1008.51,762.96,23.54,22.8,18.2,23.06,23.8,11.9,5.19,6.0
2014,9,AL,296.55,114031.05,123.6,1007.42,864.51,24.05,22.9,19.4,23.52,23.7,16.4,5.78,7.3
2014,10,AL,158.16,60816.56,243.0,1006.39,881.98,24.73,23.3,20.9,24.24,23.7,15.6,6.14,6.7
2014,11,AL,59.31,22806.21,48.0,1004.07,916.65,25.44,23.7,21.0,24.94,24.8,15.2,6.03,7.5
2014,12,AL,39.54,15204.14,33.2,1004.56,941.31,25.95,23.8,21.4,25.47,24.4,15.5,5.84,7.5
2015,1,AL,7.98,3006.78,32.6,1005.35,1017.93,26.33,23.8,21.9,25.83,25.1,13.0,5.64,6.5
2015,2,AL,7.98,3006.78,95.6,1004.26,943.23,26.5,25.7,21.6,26.02,27.3,17.4,5.43,6.2
2015,3,AL,7.98,3006.78,58.0,1003.81,989.18,26.74,24.6,22.3,26.28,24.9,16.1,5.04,6.1
2015,4,AL,11.97,4510.17,17.2,1003.7,933.91,27.23,25.3,22.5,26.74,25.5,16.0,5.12,7.1
2015,5,AL,31.92,12027.12,207.6,1005.28,774.73,25.96,24.7,21.3,25.5,25.3,15.5,4.4,7.7
2015,6,AL,59.85,22550.85,337.6,1007.39,626.14,24.5,23.9,20.7,24.04,25.1,17.8,4.88,6.8
2015,7,AL,79.8,30067.8,319.2,1007.99,595.88,23.91,24.2,20.0,23.47,24.7,15.5,5.26,6.6
2015,8,AL,79.8,30067.8,157.2,1008.15,768.86,23.75,22.6,19.2,23.27,23.9,14.6,5.31,6.8
2015,9,AL,59.85,22550.85,48.0,1006.98,881.38,24.42,22.8,19.4,23.89,23.4,14.9,5.1,6.8
2015,10,AL,31.92,12027.12,60.4,1006.42,982.31,25.06,22.9,20.4,24.54,23.6,16.0,5.81,6.9
2015,11,AL,11.97,4510.17,6.2,1003.86,1053.35,26.11,23.9,20.7,25.57,24.8,16.1,6.98,7.8
2015,12,AL,7.98,3006.78,62.4,1005.27,954.95,26.35,23.9,21.5,25.84,24.6,15.6,6.16,8.3
2016,1,AL,17.88,7463.16,154.6,1003.77,851.94,26.53,25.2,20.7,26.07,25.8,17.8,5.59,7.4
2016,2,AL,17.88,7463.16,67.8,1004.58,956.46,26.64,25.2,22.1,26.16,25.8,18.2,5.03,6.2
2016,3,AL,17.88,7463.16,136.0,1004.75,849.16,26.73,26.1,22.5,26.24,26.4,18.3,4.82,5.7
2016,4,AL,26.82,11194.74,120.2,1004.35,785.74,26.39,25.6,22.1,25.89,26.4,19.1,4.93,6.0
2016,5,AL,71.52,29852.64,270.6,1006.28,676.78,25.25,25.0,20.4,24.78,25.8,16.2,4.44,6.2
2016,6,AL,134.1,55973.7,139.8,1007.87,681.45,24.61,24.7,19.8,24.1,25.4,14.5,4.72,6.4
2016,7,AL,178.8,74631.6,115.2,1008.16,669.4,23.88,23.6,18.7,23.36,23.9,14.4,5.08,6.4
2016,8,AL,178.8,74631.6,75.2,1008.09,780.61,23.83,23.8,17.8,23.29,23.9,11.7,4.87,6.9
2016,9,AL,134.1,55973.7,45.2,1007.5,898.38,24.56,23.5,19.4,24.02,23.8,12.3,5.43,6.4
2016,10,AL,71.52,29852.64,22.2,1005.18,1021.56,25.9,23.0,21.3,25.39,24.1,15.0,6.78,7.8
2016,11,AL,26.82,11194.74,28.6,1004.07,980.66,26.27,24.5,21.9,25.75,24.7,16.0,6.89,7.8
2016,12,AL,17.88,7463.16,39.2,1003.68,959.98,26.69,23.6,22.1,26.19,24.2,14.8,6.76,7.9
2017,1,AL,59.72,27195.96,58.4,1004.08,1030.51,26.78,24.0,22.3,26.31,24.8,14.7,6.05,7.1
2017,2,AL,59.72,27195.96,19.4,1003.5,996.83,27.14,23.9,22.0,26.67,24.7,16.3,5.88,6.8
2017,3,AL,59.72,27195.96,54.2,1003.23,946.59,27.23,25.5,22.3,26.77,26.4,13.9,5.34,7.0
2017,4,AL,89.58,40793.94,210.8,1003.88,812.58,26.58,25.6,22.3,26.11,26.1,18.0,4.85,7.8
2017,5,AL,238.88,108783.84,666.4,1005.07,638.05,25.41,25.8,21.7,24.99,26.0,18.1,4.99,6.0
2017,6,AL,447.9,203969.7,551.2,1006.7,586.32,24.41,25.1,20.8,23.95,25.5,17.9,5.45,6.4
2017,7,AL,597.2,271959.6,436.0,1009.48,550.79,23.14,23.4,17.9,22.62,24.2,14.4,6.79,6.6
2017,8,AL,597.2,271959.6,224.6,1007.92,688.85,23.31,23.3,19.2,22.81,24.3,17.3,4.91,5.7
2017,9,AL,447.9,203969.7,169.4,1008.45,836.77,23.85,23.3,20.1,23.28,23.7,16.2,6.44,7.0
2017,10,AL,238.88,108783.84,67.4,1005.87,937.25,24.94,23.9,20.2,24.42,24.6,17.0,5.84,6.7
2017,11,AL,89.58,40793.94,12.4,1003.66,989.98,25.74,23.7,20.6,25.19,24.3,15.5,6.35,8.3
2017,12,AL,59.72,27195.96,42.0,1003.25,960.27,26.47,24.1,22.1,25.94,25.1,16.7,6.35,8.4
2018,1,AL,29.74,15065.7,168.4,1003.66,971.12,26.43,24.1,22.1,25.9,25.4,16.7,5.87,7.4
2018,2,AL,29.74,15065.7,160.8,1002.78,949.09,26.41,25.1,22.4,25.89,26.3,18.6,5.57,6.9
2018,3,AL,29.74,15065.7,120.4,1002.99,925.03,26.56,25.2,22.6,26.05,25.7,18.9,5.51,7.3
2018,4,AL,44.61,22598.55,489.2,1004.33,681.37,25.33,25.3,21.3,24.84,25.8,17.4,4.4,5.2
2018,5,AL,118.96,60262.8,156.4,1005.63,727.74,25.04,24.9,20.5,24.51,26.2,16.4,4.79,6.1
2018,6,AL,223.05,112992.75,40.2,1007.65,690.53,24.17,24.8,19.2,23.61,25.9,16.1,4.77,5.9
2018,7,AL,297.4,150657.0,69.4,1008.24,645.19,23.25,23.3,18.6,22.73,24.4,14.2,4.79,5.6
2018,8,AL,297.4,150657.0,45.8,1008.48,802.47,24.02,22.6,17.6,23.46,23.0,14.9,5.13,6.4
2018,9,AL,223.05,112992.75,49.6,1006.37,883.61,24.57,23.6,19.2,24.04,23.6,14.9,5.67,6.2
2018,10,AL,118.96,60262.8,5.2,1004.67,1031.47,25.93,23.6,20.9,25.35,24.4,15.3,6.35,7.4
2018,11,AL,44.61,22598.55,49.0,1004.08,977.26,26.3,24.0,21.3,25.75,24.5,16.2,6.51,6.7
2018,12,AL,29.74,15065.7,72.8,1004.48,981.08,26.4,24.3,21.3,25.86,25.4,17.1,6.03,7.4
2019,1,AL,17.02,8694.74,187.4,1005.17,888.62,26.06,24.8,21.8,25.52,25.4,18.5,5.1,6.5
2019,2,AL,17.02,8694.74,95.0,1003.4,967.0,27.06,26.5,23.0,26.55,26.5,18.5,5.09,6.1
2019,3,AL,17.02,8694.74,128.4,1003.59,906.24,27.19,26.5,22.5,26.67,26.6,18.7,4.98,6.4
2019,4,AL,25.53,13042.11,122.2,1003.62,786.37,26.64,25.6,22.7,26.13,26.2,17.4,4.27,5.9
2019,5,AL,68.08,34778.96,148.8,1004.34,730.56,25.97,25.1,21.5,25.43,25.8,14.4,4.08,5.5
2019,6,AL,127.65,65210.55,254.6,1007.35,605.82,24.59,24.1,20.4,24.03,25.4,17.0,5.08,6.4
2019,7,AL,170.2,86947.4,268.0,1007.5,614.91,23.89,24.1,18.6,23.35,24.7,14.4,5.14,6.2
2019,8,AL,170.2,86947.4,178.2,1009.38,710.98,23.71,22.8,19.0,23.16,23.4,14.1,5.6,7.2
2019,9,AL,127.65,65210.55,103.0,1007.33,854.5,24.57,23.2,20.0,24.02,24.3,15.7,5.35,5.9
2019,10,AL,68.08,34778.96,25.4,1005.32,991.12,25.49,23.2,20.6,24.92,23.8,15.5,5.97,6.6
2019,11,AL,25.53,13042.11,8.0,1003.36,1040.95,26.28,23.0,21.3,25.69,23.6,16.0,5.99,7.2
2019,12,AL,17.02,8694.74,1.6,1003.48,1057.47,26.9,23.8,22.0,26.29,24.5,16.6,6.1,7.1
2020,1,AL,29.16,16204.8,0.0,1003.55,14.0,27.33,24.9,22.9,26.8,25.4,15.6,5.78,6.7
2020,2,AL,29.16,16204.8,0.0,1003.54,14.0,27.48,25.4,22.8,26.96,26.1,18.6,5.2,6.9
2020,3,AL,29.16,16204.8,0.0,1002.88,14.0,27.29,27.4,22.9,26.79,27.4,17.8,4.78,6.1
2020,4,AL,43.74,24307.2,0.0,1003.41,14.0,28.25,25.9,24.1,27.33,26.6,19.5,7.2,4.9
2020,5,AL,116.64,64819.2,0.0,1003.33,14.0,29.15,22.13,29.81,29.06,22.54,20.44,7.58,3.72
2020,6,AL,218.7,121536.0,0.0,1003.82,14.0,29.22,21.74,29.9,29.0,22.21,20.23,7.69,3.91
2020,7,AL,291.6,162048.0,0.0,1004.31,14.0,29.29,21.36,29.99,28.95,21.88,20.01,7.81,4.1
2020,8,AL,291.6,162048.0,0.0,1004.81,14.0,29.37,20.96,30.08,28.89,21.54,19.79,7.93,4.29
2020,9,AL,218.7,121536.0,0.0,1005.3,14.0,29.44,20.56,30.16,28.83,21.21,19.58,8.04,4.47
2020,10,AL,116.64,64819.2,0.0,1005.79,14.0,29.51,20.18,30.25,28.77,20.88,19.36,8.16,4.66
2020,11,AL,43.74,24307.2,2.2,1005.94,14.0,28.77,22.5,22.5,28.01,22.7,15.8,7.73,7.3
2020,12,AL,29.16,16204.8,30.6,1004.02,14.0,26.25,26.3,21.8,25.78,27.0,17.4,6.13,7.3
2021,1,AL,16.76,20186.88,2.8,1003.48,14.0,26.06,26.3,22.0,25.62,26.8,21.6,5.42,6.5
2021,2,AL,16.76,20186.88,0.0,1002.91,14.0,26.73,26.02,22.7,26.28,26.55,21.8,5.59,7.6
2021,3,AL,16.76,20186.88,0.0,1003.19,14.0,26.19,25.78,22.2,25.73,26.32,21.9,5.21,6.7
2021,4,AL,25.14,30280.32,0.0,1003.51,14.0,26.04,25.5,22.1,25.64,26.08,20.4,4.49,6.0
2021,5,AL,67.04,80747.52,0.0,1005.36,14.0,25.14,25.24,21.4,24.73,25.84,20.6,4.8,5.8
2021,6,AL,125.7,151401.6,0.0,1006.41,14.0,24.04,24.96,19.9,23.66,25.59,24.2,4.56,6.1
2021,7,AL,167.6,201868.8,0.0,1008.08,14.0,23.79,24.7,19.8,23.35,25.35,23.86,4.72,5.3
2021,8,AL,167.6,201868.8,83.2,1008.03,14.0,23.52,24.42,19.8,23.11,25.1,23.52,5.61,6.3
2021,9,AL,125.7,151401.6,95.2,1006.72,14.0,24.78,24.15,20.3,24.34,24.85,23.19,5.15,5.7
2021,10,AL,67.04,80747.52,21.6,1004.66,14.0,25.96,23.89,20.9,25.46,24.61,22.85,5.78,6.9
2021,11,AL,25.14,30280.32,31.6,1002.78,14.0,26.98,23.61,21.8,26.49,24.36,22.52,6.68,7.8
2021,12,AL,16.76,20186.88,6.0,1002.34,14.0,26.66,23.35,22.0,26.19,24.12,22.18,6.51,7.5
2022,1,AL,36.42,31709.62,15.0,1003.45,14.0,26.74,23.07,22.0,26.28,23.87,21.85,5.2,6.3
2022,2,AL,36.42,31709.62,39.6,1002.78,14.0,27.43,22.8,23.2,26.91,23.62,21.54,5.73,7.1
2022,3,AL,36.42,31709.62,371.6,1002.55,14.0,26.43,22.55,22.6,25.99,23.4,21.2,4.57,7.1
2022,4,AL,54.63,47564.43,206.0,1003.02,14.0,26.24,22.28,22.1,25.78,23.15,20.87,4.51,5.6
2022,5,AL,145.68,126838.48,571.2,1005.15,14.0,25.26,22.01,21.8,24.87,22.91,20.53,4.8,6.0
2022,6,AL,273.15,237822.15,450.7,1005.53,14.0,24.09,21.74,21.3,23.75,22.66,20.21,4.77,6.1
2022,7,AL,364.2,317096.2,435.3,1007.26,14.0,23.7,21.47,19.3,23.3,22.42,19.87,5.74,6.5
2022,8,AL,364.2,317096.2,285.6,1007.84,14.0,23.91,21.2,20.9,23.42,22.17,19.53,5.9,6.3
2022,9,AL,273.15,237822.15,85.4,1006.85,14.0,24.11,23.3,19.3,23.61,23.6,14.8,5.17,5.9
2022,10,AL,145.68,126838.48,88.6,1005.29,14.0,25.35,24.0,20.2,24.87,24.3,14.2,5.75,6.8
2022,11,AL,54.63,47564.43,194.0,1003.19,14.0,25.73,24.6,21.8,25.26,26.0,16.1,5.59,7.0
2022,12,AL,36.42,31709.62,88.6,1003.03,14.0,26.27,24.7,21.8,25.77,25.7,17.3,6.15,7.4
2023,1,AL,26.02,19419.32,78.8,1003.84,14.0,26.41,25.0,22.2,25.9,25.4,13.0,5.55,6.7
2023,2,AL,26.02,19419.32,54.6,1003.81,14.0,26.61,25.4,21.5,26.14,25.8,16.6,4.83,5.7
2023,3,AL,26.02,19419.32,133.4,1003.71,14.0,26.62,25.4,22.6,26.17,26.3,18.3,5.01,6.8
2023,4,AL,39.03,29128.98,183.6,1002.97,14.0,26.45,25.7,21.6,26.02,26.6,18.4,4.4,5.7
2023,5,AL,104.08,77677.28,345.8,1005.0,14.0,25.67,25.8,22.0,25.26,26.6,19.8,4.38,5.2
2023,6,AL,195.15,145644.9,423.6,1007.12,14.0,24.45,25.0,21.0,24.09,25.3,18.0,4.85,5.6
2023,7,AL,260.2,194193.2,286.2,1008.23,14.0,24.01,24.0,20.5,23.64,24.5,16.6,4.77,6.5
2023,8,AL,260.2,194193.2,153.6,1007.15,14.0,24.2,24.6,19.8,23.79,24.7,15.7,5.06,6.3
2023,9,AL,195.15,145644.9,130.2,1006.79,14.0,24.65,24.2,21.0,24.26,25.0,16.9,5.54,6.6
2023,10,AL,104.08,77677.28,31.2,1005.36,14.0,24.88,24.4,20.6,24.57,25.0,17.2,4.6,6.2
2023,11,AL,39.03,29128.98,0.0,1004.07,14.0,26.48,23.16,24.99,26.15,23.43,21.12,5.02,3.86
2023,12,AL,26.02,19419.32,56.8,1003.56,14.0,27.47,25.6,21.5,26.92,26.5,17.3,6.29,6.6
2001,1,AM,1628.78,1024395.58,102.1,1004.78,845.72,25.63,24.7,22.8,25.29,25.1,19.8,3.28,5.8
2001,2,AM,1628.78,1024395.58,104.8,1003.5,397.93,24.88,24.2,22.3,26.08,25.0,20.4,6.59,4.7
2001,3,AM,1628.78,1024395.58,223.2,1003.97,743.72,26.2,25.1,21.8,25.78,25.5,19.0,3.54,6.4
2001,4,AM,2443.17,1536593.37,178.6,1004.4,738.5,25.94,25.5,22.4,25.5,25.8,20.5,3.24,4.5
2001,5,AM,6515.12,4097582.32,200.4,1004.36,749.16,26.6,25.4,22.5,26.13,26.2,21.2,2.94,4.3
2001,6,AM,12215.85,7682966.85,158.6,1006.53,631.26,25.04,24.5,20.0,24.64,25.2,17.5,3.0,5.3
2001,7,AM,16287.8,10243955.8,7.4,1005.21,530.99,26.88,24.0,21.2,26.67,25.6,19.3,3.23,4.2
2001,8,AM,16287.8,10243955.8,15.4,1005.81,964.42,28.03,24.6,22.0,27.44,24.9,15.5,3.1,4.0
2001,9,AM,12215.85,7682966.85,79.8,1003.88,912.74,27.57,24.8,22.2,26.96,25.6,18.7,3.36,4.1
2001,10,AM,6515.12,4097582.32,203.7,1002.89,891.92,28.66,25.4,22.8,28.86,25.3,18.0,3.6,4.4
2001,11,AM,2443.17,1536593.37,66.4,1002.02,1090.78,28.09,30.9,21.7,27.5,30.9,20.1,3.27,4.1
2001,12,AM,1628.78,1024395.58,71.9,1001.91,959.69,27.15,26.3,24.1,26.6,26.6,21.1,3.02,3.7
2002,1,AM,1982.8,1278506.46,386.4,1003.72,1113.09,26.82,25.7,21.7,26.18,26.0,20.2,3.91,5.4
2002,2,AM,1982.8,1278506.46,94.0,1003.49,765.34,26.61,25.0,24.1,26.35,25.8,21.3,4.32,4.5
2002,3,AM,1982.8,1278506.46,122.4,1003.96,1060.95,27.01,25.2,23.1,26.5,25.8,20.8,4.4,5.5
2002,4,AM,2974.2,1917759.69,345.7,1003.44,733.68,26.21,25.3,22.7,25.83,26.0,19.5,3.32,3.9
2002,5,AM,7931.2,5114025.84,261.0,1004.17,716.3,26.4,25.6,22.3,25.99,26.1,21.2,2.93,3.9
2002,6,AM,14871.0,9588798.45,176.9,1006.0,751.33,26.22,25.3,22.5,25.68,25.6,20.3,2.69,6.8
2002,7,AM,19828.0,12785064.6,0.0,1007.48,161.66,29.87,24.11,24.78,25.5,23.98,22.81,1.46,1.71
2002,8,AM,19828.0,12785064.6,0.0,1005.63,495.41,28.8,24.8,23.6,27.74,25.2,19.0,3.54,3.9
2002,9,AM,14871.0,9588798.45,62.4,1003.95,964.4,28.41,25.3,22.5,27.84,25.8,17.2,3.38,4.1
2002,10,AM,7931.2,5114025.84,126.0,1002.76,819.01,27.46,25.6,22.5,26.99,26.4,18.2,3.31,4.5
2002,11,AM,2974.2,1917759.69,47.0,1003.21,1415.19,27.76,25.5,23.1,27.24,26.1,18.5,3.29,3.9
2002,12,AM,1982.8,1278506.46,198.1,1003.96,991.48,27.16,26.1,23.7,26.58,26.7,20.3,3.66,4.3
2003,1,AM,2040.26,1427329.42,154.8,1004.12,1009.54,27.89,25.9,24.1,27.28,26.5,18.8,4.47,5.5
2003,2,AM,2040.26,1427329.42,210.9,1004.28,900.0,26.74,25.3,23.7,26.07,26.0,19.6,4.56,4.8
2003,3,AM,2040.26,1427329.42,129.3,1004.38,581.4,26.52,25.1,23.3,25.91,26.1,21.1,3.65,4.6
2003,4,AM,3060.39,2140994.13,15.75,1004.59,1089.91,28.19,25.5,24.5,27.22,26.2,20.7,4.44,3.2
2003,5,AM,8161.04,5709317.68,26.95,1004.46,906.93,28.25,25.3,23.4,27.39,26.1,21.5,3.23,3.1
2003,6,AM,15301.95,10704970.65,15.0,1004.96,740.64,27.53,25.5,24.0,26.73,26.0,21.3,3.29,3.6
2003,7,AM,20402.6,14273294.2,0.0,1003.41,273.56,30.51,24.3,24.7,30.1,24.6,21.6,4.25,2.9
2003,8,AM,20402.6,14273294.2,0.0,1003.69,385.07,30.05,23.54,29.97,29.31,24.1,22.59,3.55,1.85
2003,9,AM,15301.95,10704970.65,0.0,1004.4,522.43,29.23,24.08,29.03,28.1,24.62,23.26,2.67,1.34
2003,10,AM,8161.04,5709317.68,0.0,1005.1,659.79,28.41,24.64,28.06,26.89,25.15,23.91,1.78,0.85
2003,11,AM,3060.39,2140994.13,18.9,1003.91,892.21,28.78,26.0,26.8,27.49,26.0,20.3,2.68,3.7
2003,12,AM,2040.26,1427329.42,15.15,1002.93,1518.34,29.7,25.9,24.3,28.69,26.1,21.4,4.69,3.9
2004,1,AM,1887.78,1302665.26,20.15,1003.12,870.46,28.76,25.5,24.5,27.83,26.3,20.1,4.0,3.7
2004,2,AM,1887.78,1302665.26,129.9,1004.3,800.98,28.0,25.8,23.8,27.14,26.3,20.1,4.93,3.8
2004,3,AM,1887.78,1302665.26,339.1,1003.16,505.98,27.16,25.7,22.0,26.67,26.3,21.3,3.59,4.8
2004,4,AM,2831.67,1953997.89,224.5,1003.78,736.66,26.16,27.5,22.3,25.83,27.7,19.8,3.3,5.6
2004,5,AM,7551.12,5210661.04,335.3,1004.91,816.21,26.33,27.9,22.3,25.94,28.2,20.3,2.93,3.6
2004,6,AM,14158.35,9769989.45,124.8,1006.54,822.45,26.2,27.1,22.6,25.8,27.1,17.5,3.12,5.1
2004,7,AM,18877.8,13026652.6,58.8,1005.36,829.58,26.39,27.1,22.4,26.01,27.3,18.5,2.8,5.0
2004,8,AM,18877.8,13026652.6,119.9,1006.13,1043.09,26.99,26.7,22.0,26.59,27.3,18.2,2.95,4.7
2004,9,AM,14158.35,9769989.45,59.2,1004.19,947.36,27.23,28.0,22.3,26.79,28.2,18.1,3.17,5.4
2004,10,AM,7551.12,5210661.04,38.2,1002.89,815.63,27.37,27.6,23.2,26.98,28.4,18.2,3.29,5.4
2004,11,AM,2831.67,1953997.89,11.4,1001.84,768.51,29.15,27.9,24.0,27.65,28.0,19.7,5.88,4.4
2004,12,AM,1887.78,1302665.26,2.0,1003.51,282.63,25.69,28.3,23.5,25.27,28.5,20.8,3.91,4.2
2005,1,AM,3493.34,2394464.32,0.0,1004.0,432.07,26.13,22.68,25.72,25.69,22.69,21.99,4.36,2.23
2005,2,AM,3493.34,2394464.32,0.0,1004.22,748.27,26.99,22.52,26.67,26.52,22.55,21.84,4.48,2.13
2005,3,AM,3493.34,2394464.32,0.0,1004.45,1064.48,27.84,22.38,27.52,27.34,22.42,21.67,4.6,2.05
2005,4,AM,5240.01,3591696.48,0.0,1004.68,1391.41,28.72,22.22,28.46,28.18,22.28,21.5,4.72,1.95
2005,5,AM,13973.36,9577857.28,0.0,1004.91,1718.33,29.6,22.07,29.37,29.03,22.15,21.33,4.84,1.86
2005,6,AM,26200.05,17958482.4,18.2,1005.13,1703.71,29.66,26.0,23.7,29.1,26.1,21.2,4.5,4.0
2005,7,AM,34933.4,23944643.2,52.4,1006.18,814.94,28.05,25.9,23.5,27.51,26.5,18.5,3.04,4.3
2005,8,AM,34933.4,23944643.2,17.6,1004.81,873.74,29.09,26.0,24.4,28.48,26.3,17.0,3.01,4.4
2005,9,AM,26200.05,17958482.4,48.4,1004.14,874.69,29.24,26.1,23.0,28.63,27.5,18.1,3.6,5.0
2005,10,AM,13973.36,9577857.28,79.0,1002.76,931.59,29.56,26.4,23.7,28.96,26.8,19.3,3.75,5.4
2005,11,AM,5240.01,3591696.48,218.9,1001.42,790.23,28.29,26.6,23.6,27.81,27.0,20.0,3.39,5.4
2005,12,AM,3493.34,2394464.32,284.4,1002.25,612.84,26.9,26.6,23.4,26.47,26.8,21.3,3.32,4.5
2006,1,AM,3096.96,2159559.28,217.6,1002.56,747.83,27.25,26.4,23.9,26.74,27.2,20.9,3.56,6.0
2006,2,AM,3096.96,2159559.28,265.8,1003.23,770.72,27.1,25.9,23.9,26.63,26.5,21.5,3.38,4.5
2006,3,AM,3096.96,2159559.28,256.7,1003.81,678.53,27.17,26.7,24.1,26.71,27.2,20.9,3.39,5.2
2006,4,AM,4645.44,3239338.92,230.4,1003.47,663.72,27.07,25.9,23.6,26.66,26.2,20.8,3.18,4.0
2006,5,AM,12387.84,8638237.12,348.4,1005.66,493.52,26.75,26.0,24.0,26.39,26.7,21.6,2.8,3.4
2006,6,AM,23227.2,16196694.6,79.0,1005.42,809.94,27.67,25.7,23.3,27.17,26.1,19.2,3.0,4.4
2006,7,AM,30969.6,21595592.8,68.2,1005.79,816.53,28.11,25.5,23.3,27.56,26.0,18.9,2.96,5.3
2006,8,AM,30969.6,21595592.8,17.0,1004.64,925.72,28.91,25.9,23.5,28.33,26.5,17.5,3.14,4.9
2006,9,AM,23227.2,16196694.6,33.2,1004.29,957.03,29.31,25.8,24.4,28.71,26.3,15.3,3.52,4.8
2006,10,AM,12387.84,8638237.12,62.6,1002.22,884.29,30.0,26.6,24.7,29.41,26.8,16.9,3.52,4.4
2006,11,AM,4645.44,3239338.92,279.6,1002.35,747.21,27.84,25.9,22.8,27.36,26.6,20.0,3.45,4.5
2006,12,AM,3096.96,2159559.28,315.4,1003.31,846.86,28.28,26.2,23.4,27.76,27.3,17.7,3.25,4.2
2007,1,AM,1787.12,1231645.58,375.4,1003.24,580.76,27.24,26.3,23.5,26.76,27.3,21.5,2.99,4.6
2007,2,AM,1787.12,1231645.58,133.4,1003.7,776.65,28.62,26.2,23.2,28.14,26.2,19.0,4.12,4.3
2007,3,AM,1787.12,1231645.58,334.6,1003.62,699.83,26.97,26.0,23.4,26.54,26.7,21.5,3.29,4.3
2007,4,AM,2680.68,1847468.37,321.6,1004.36,698.58,27.29,26.5,23.6,26.86,26.7,21.9,2.92,3.5
2007,5,AM,7148.48,4926582.32,154.0,1004.53,690.98,27.52,26.2,23.7,27.09,26.8,21.4,2.88,3.8
2007,6,AM,13403.4,9237341.85,96.4,1005.48,829.26,27.58,25.5,23.5,27.05,26.4,18.4,2.66,3.9
2007,7,AM,17871.2,12316455.8,130.6,1005.54,803.14,27.91,26.0,23.1,27.39,26.5,19.8,2.89,6.1
2007,8,AM,17871.2,12316455.8,122.6,1004.49,812.39,27.93,26.2,22.5,27.4,26.4,19.3,2.82,5.0
2007,9,AM,13403.4,9237341.85,67.6,1004.66,829.86,28.32,26.5,23.3,27.76,26.8,19.6,2.82,3.6
2007,10,AM,7148.48,4926582.32,49.2,1002.78,815.73,28.75,25.8,23.8,28.19,26.6,19.9,3.47,3.9
2007,11,AM,2680.68,1847468.37,191.8,1001.59,809.97,28.96,25.9,23.4,28.43,26.8,19.4,3.49,5.2
2007,12,AM,1787.12,1231645.58,317.4,1002.59,703.45,27.21,25.9,22.7,26.73,26.6,20.5,3.21,4.5
2008,1,AM,1889.9,1310287.98,374.4,1003.02,609.64,26.74,25.6,23.5,26.29,26.3,21.1,3.2,4.1
2008,2,AM,1889.9,1310287.98,287.8,1004.06,667.78,26.78,25.6,23.3,26.34,26.5,21.3,3.18,4.0
2008,3,AM,1889.9,1310287.98,653.3,1004.24,723.85,26.21,26.9,23.2,25.81,27.1,20.7,3.36,5.5
2008,4,AM,2834.85,1965431.97,330.6,1003.12,732.88,27.2,25.8,23.0,26.75,26.8,20.1,3.1,4.8
2008,5,AM,7559.6,5241151.92,252.4,1004.72,633.94,26.86,25.4,23.8,26.46,26.3,21.4,2.67,3.5
2008,6,AM,14174.25,9827159.85,193.4,1005.52,717.58,27.03,25.5,23.0,26.57,26.0,20.2,2.51,5.5
2008,7,AM,18899.0,13102879.8,77.2,1005.55,867.38,27.93,26.0,23.4,27.38,26.0,17.5,2.75,4.2
2008,8,AM,18899.0,13102879.8,0.0,1004.46,1580.62,30.78,25.3,24.3,29.73,25.7,19.3,3.62,3.7
2008,9,AM,14174.25,9827159.85,18.73,1003.17,1029.46,30.01,25.5,24.6,29.28,26.6,19.3,3.34,3.9
2008,10,AM,7559.6,5241151.92,41.44,1002.75,1090.74,30.6,24.82,30.57,29.85,25.01,24.13,3.55,1.41
2008,11,AM,2834.85,1965431.97,72.55,1002.38,1101.86,30.68,24.57,30.67,29.97,24.88,23.93,3.67,1.53
2008,12,AM,1889.9,1310287.98,108.51,1002.01,1112.97,30.77,24.32,30.77,30.09,24.75,23.71,3.79,1.65
2009,1,AM,2565.32,1651329.7,142.59,1001.63,1124.28,30.85,24.07,30.87,30.21,24.62,23.5,3.91,1.77
2009,2,AM,2565.32,1651329.7,158.09,1001.28,1135.03,30.93,23.82,30.96,30.33,24.49,23.31,4.03,1.88
2009,3,AM,2565.32,1651329.7,207.46,1000.92,1145.78,31.01,23.59,31.05,30.44,24.37,23.09,4.14,2.0
2009,4,AM,3847.98,2476994.55,233.22,1000.55,1156.9,31.09,23.34,31.15,30.56,24.24,22.89,4.26,2.12
2009,5,AM,10261.28,6605318.8,274.53,1000.19,1168.02,31.18,23.1,31.25,30.68,24.12,22.67,4.38,2.24
2009,6,AM,19239.9,12384972.75,298.13,999.82,1179.14,31.26,22.84,31.35,30.8,23.99,22.46,4.5,2.36
2009,7,AM,25653.2,16513297.0,341.6,999.45,1190.26,31.34,22.6,31.45,30.92,23.86,22.25,4.62,2.49
2009,8,AM,25653.2,16513297.0,375.69,999.08,1201.56,31.43,22.35,31.54,31.05,23.73,22.04,4.75,2.61
2009,9,AM,19239.9,12384972.75,396.02,998.71,1212.67,31.51,22.1,31.64,31.17,23.6,21.83,4.87,2.73
2009,10,AM,10261.28,6605318.8,264.92,999.21,1156.45,30.96,24.6,25.1,30.37,26.0,17.0,4.62,4.6
2009,11,AM,3847.98,2476994.55,0.0,1004.99,2306.29,32.27,21.17,30.91,28.9,23.6,22.6,3.83,2.2
2009,12,AM,2565.32,1651329.7,0.0,1014.88,2865.87,32.04,22.14,31.18,29.65,23.6,22.6,4.81,2.88
2010,1,AM,3009.36,1994273.44,11.8,1022.24,3143.12,31.38,25.0,24.7,30.04,25.1,21.2,5.68,3.7
2010,2,AM,3009.36,1994273.44,328.8,1000.92,664.46,26.83,27.1,23.2,26.35,27.2,18.7,4.02,5.3
2010,3,AM,3009.36,1994273.44,179.0,1004.36,751.8,28.03,25.9,23.1,27.2,26.9,19.5,3.98,4.7
2010,4,AM,4514.04,2991410.16,284.6,1002.1,684.83,26.43,26.5,23.0,26.0,26.7,20.3,3.59,5.3
2010,5,AM,12037.44,7977093.76,148.2,1003.45,711.07,27.0,26.4,23.6,26.54,26.7,19.7,3.55,4.2
2010,6,AM,22570.2,14957050.8,105.2,1005.16,799.65,26.78,25.7,23.0,26.24,26.5,18.4,3.3,4.9
2010,7,AM,30093.6,19942734.4,101.0,1004.9,765.1,26.76,25.3,21.4,26.24,25.6,17.1,3.73,3.9
2010,8,AM,30093.6,19942734.4,39.4,1004.32,871.52,27.89,26.0,23.0,27.29,26.2,15.4,3.28,4.3
2010,9,AM,22570.2,14957050.8,24.6,1002.63,924.55,28.95,26.4,22.6,28.33,26.7,14.5,3.95,4.6
2010,10,AM,12037.44,7977093.76,109.4,1002.29,866.91,28.26,25.9,22.8,27.63,26.4,17.3,4.16,6.0
2010,11,AM,4514.04,2991410.16,128.4,1001.26,807.62,27.35,26.9,22.8,26.8,27.1,17.2,3.96,5.0
2010,12,AM,3009.36,1994273.44,262.2,1001.34,720.86,26.77,26.6,21.5,26.24,27.0,17.0,3.87,5.4
2011,1,AM,1716.52,1201496.92,205.0,1002.58,581.73,26.25,25.9,22.0,25.8,26.0,18.3,3.97,5.1
2011,2,AM,1716.52,1201496.92,404.8,1003.72,595.62,25.92,25.4,22.4,25.47,25.8,19.2,3.79,4.1
2011,3,AM,1716.52,1201496.92,306.8,1003.51,607.95,26.31,26.0,22.0,25.86,26.0,18.2,3.79,4.3
2011,4,AM,2574.78,1802245.38,451.4,1003.9,639.0,26.18,25.7,21.7,25.73,26.4,17.5,3.6,3.8
2011,5,AM,6866.08,4805987.68,197.2,1004.0,585.54,26.89,26.4,22.7,26.47,26.5,18.5,3.45,4.5
2011,6,AM,12873.9,9011226.9,108.2,1005.02,749.6,27.94,25.6,23.2,27.44,25.9,16.7,4.07,4.5
2011,7,AM,17165.2,12014969.2,19.6,1005.07,871.51,28.54,25.2,22.9,28.02,25.7,13.2,4.16,4.4
2011,8,AM,17165.2,12014969.2,51.8,1005.29,901.58,29.33,23.9,22.0,28.76,24.3,7.6,4.36,4.4
2011,9,AM,12873.9,9011226.9,38.0,1005.13,784.19,28.73,24.4,22.2,28.13,25.4,14.4,3.94,4.5
2011,10,AM,6866.08,4805987.68,253.4,1002.54,686.85,28.16,27.4,22.9,27.59,27.6,15.5,3.91,5.1
2011,11,AM,2574.78,1802245.38,241.6,1002.46,682.35,27.75,25.5,22.8,27.21,26.4,17.9,3.89,3.9
2011,12,AM,1716.52,1201496.92,182.8,1004.7,651.67,27.56,25.7,22.8,27.04,27.2,16.9,3.69,5.1
2012,1,AM,3272.08,2278138.42,340.0,1003.7,598.54,26.04,25.8,22.3,25.57,26.1,18.0,3.63,4.5
2012,2,AM,3272.08,2278138.42,278.6,1003.49,564.59,25.75,25.5,22.2,25.29,26.2,17.4,3.86,5.1
2012,3,AM,3272.08,2278138.42,243.4,1004.29,649.6,26.05,25.3,21.8,25.58,26.4,18.6,3.72,4.2
2012,4,AM,4908.12,3417207.63,180.4,1004.03,646.06,26.72,25.9,22.8,26.29,26.7,19.1,3.54,5.1
2012,5,AM,13088.32,9112553.68,157.8,1004.66,693.5,27.13,25.9,22.7,26.64,26.5,18.5,3.64,4.6
2012,6,AM,24540.6,17086038.15,77.2,1005.86,773.23,27.73,25.8,23.4,27.22,25.9,17.0,3.93,4.8
2012,7,AM,32720.8,22781384.2,78.0,1005.71,776.73,27.4,24.7,22.6,26.88,25.2,15.1,3.7,4.5
2012,8,AM,32720.8,22781384.2,32.4,1005.72,843.76,28.62,25.9,23.5,28.06,25.9,8.4,3.78,4.6
2012,9,AM,24540.6,17086038.15,73.8,1005.39,801.85,28.76,24.9,22.9,28.18,25.3,14.5,4.05,5.1
2012,10,AM,13088.32,9112553.68,143.6,1002.85,806.66,29.03,25.8,23.1,28.48,25.9,14.8,4.23,4.5
2012,11,AM,4908.12,3417207.63,288.0,1002.19,730.92,28.8,26.3,23.5,28.29,26.4,16.1,3.76,3.8
2012,12,AM,3272.08,2278138.42,238.4,1002.63,643.44,26.84,25.7,23.1,26.39,26.6,18.0,4.02,4.2
2013,1,AM,2520.44,1720720.68,272.4,1004.03,644.78,27.03,25.6,23.3,26.52,26.9,17.5,4.01,4.5
2013,2,AM,2520.44,1720720.68,292.6,1003.49,577.23,26.08,25.7,22.3,25.61,26.9,19.1,3.65,4.0
2013,3,AM,2520.44,1720720.68,446.6,1004.15,576.46,26.42,26.4,22.4,25.96,26.5,19.6,3.79,5.5
2013,4,AM,3780.66,2581081.02,363.8,1004.57,667.9,27.09,26.4,23.3,26.59,26.7,19.1,3.75,4.6
2013,5,AM,10081.76,6882882.72,198.4,1005.13,652.27,26.94,26.2,23.5,26.44,27.5,19.1,3.48,4.4
2013,6,AM,18903.3,12905405.1,37.6,1005.12,862.82,28.4,26.0,23.8,27.9,26.3,16.6,3.99,5.6
2013,7,AM,25204.4,17207206.8,126.2,1006.64,711.23,27.25,25.4,21.9,26.72,26.4,14.7,3.83,4.6
2013,8,AM,25204.4,17207206.8,45.2,1005.16,772.54,27.97,25.6,22.6,27.44,27.2,14.0,3.84,3.7
2013,9,AM,18903.3,12905405.1,191.8,1004.58,812.32,28.51,25.9,22.7,27.96,26.7,15.1,4.12,5.8
2013,10,AM,10081.76,6882882.72,92.8,1003.55,781.64,28.94,25.1,22.8,28.38,26.7,15.4,4.06,4.7
2013,11,AM,3780.66,2581081.02,236.4,1002.34,664.86,27.04,25.6,21.7,26.55,26.0,17.0,4.05,6.1
2013,12,AM,2520.44,1720720.68,88.6,1002.97,717.74,28.38,26.3,23.3,27.87,26.9,15.4,3.94,4.3
2014,1,AM,2926.86,2021185.34,217.6,1003.94,703.94,27.27,26.2,22.4,26.77,26.4,16.4,4.29,4.7
2014,2,AM,2926.86,2021185.34,208.8,1003.58,587.54,26.22,26.0,22.7,25.77,26.0,17.8,3.96,5.1
2014,3,AM,2926.86,2021185.34,458.0,1004.14,630.35,26.46,25.7,22.6,26.01,26.3,18.5,4.27,5.0
2014,4,AM,4390.29,3031778.01,201.6,1004.67,678.33,27.0,25.7,23.1,26.54,26.4,18.7,3.74,5.7
2014,5,AM,11707.44,8084741.36,344.2,1004.87,630.15,26.9,25.6,22.7,26.46,26.1,20.2,3.69,4.6
2014,6,AM,21951.45,15158890.05,159.0,1005.36,743.06,27.68,24.8,22.5,27.21,25.1,16.6,4.0,5.3
2014,7,AM,29268.6,20211853.4,40.0,1007.01,876.27,27.9,24.3,23.4,27.28,25.1,18.5,4.08,5.2
2014,8,AM,29268.6,20211853.4,26.8,1005.73,815.13,28.78,24.6,22.7,28.22,25.0,11.9,3.71,4.2
2014,9,AM,21951.45,15158890.05,0.4,1004.5,860.7,30.04,24.3,23.6,29.43,24.5,13.9,4.55,7.4
2014,10,AM,11707.44,8084741.36,159.8,1004.12,676.38,27.78,25.2,22.5,27.27,25.6,18.4,3.9,6.4
2014,11,AM,4390.29,3031778.01,161.2,1003.0,661.41,28.05,25.1,23.2,27.58,25.9,17.0,3.97,4.3
2014,12,AM,2926.86,2021185.34,146.4,1003.19,651.67,27.98,25.6,23.3,27.46,26.1,18.6,3.9,5.2
2015,1,AM,3137.52,2222121.28,256.8,1004.86,624.08,26.56,24.9,23.0,26.05,25.4,18.7,3.99,5.7
2015,2,AM,3137.52,2222121.28,177.6,1004.4,693.39,27.34,25.2,21.5,26.85,25.6,16.7,4.46,4.6
2015,3,AM,3137.52,2222121.28,320.8,1004.63,634.73,26.53,25.1,22.9,26.06,25.7,19.3,3.89,5.0
2015,4,AM,4706.28,3333181.92,123.4,1004.78,673.34,27.27,24.9,22.9,26.79,25.6,18.1,3.86,5.6
2015,5,AM,12550.08,8888485.12,267.2,1005.37,614.53,26.99,25.1,23.0,26.48,25.5,19.6,3.47,6.1
2015,6,AM,23531.4,16665909.6,71.4,1006.31,746.94,27.85,25.1,23.6,27.33,25.5,17.7,4.12,5.0
2015,7,AM,31375.2,22221212.8,40.2,1006.03,797.88,28.26,24.9,22.7,27.72,25.1,15.9,4.24,6.5
2015,8,AM,31375.2,22221212.8,8.8,1004.81,898.12,29.95,25.0,23.9,29.4,25.3,15.8,4.57,4.7
2015,9,AM,23531.4,16665909.6,13.6,1003.89,917.2,31.44,24.5,25.2,30.86,25.1,13.1,4.95,4.1
2015,10,AM,12550.08,8888485.12,26.6,1003.55,772.67,30.79,25.6,24.3,30.24,25.7,12.7,4.61,4.8
2015,11,AM,4706.28,3333181.92,83.2,1002.42,729.48,29.63,25.2,23.8,29.08,25.6,15.5,4.14,4.9
2015,12,AM,3137.52,2222121.28,113.0,1003.73,624.3,29.27,25.4,23.8,28.77,25.6,17.1,3.9,4.4
2016,1,AM,10950.4,7568382.4,118.8,1003.51,737.26,29.33,25.1,24.2,28.87,26.1,17.9,4.76,4.8
2016,2,AM,10950.4,7568382.4,217.0,1003.93,682.97,27.82,25.7,23.9,27.34,26.5,18.4,4.46,6.0
2016,3,AM,10950.4,7568382.4,252.2,1005.16,654.3,27.56,25.5,24.1,27.12,26.1,20.0,4.44,4.6
2016,4,AM,16425.6,11352573.6,273.6,1004.29,666.66,27.56,25.9,23.1,27.11,26.2,20.4,4.16,4.4
2016,5,AM,43801.6,30273529.6,102.0,1005.81,657.98,28.06,31.8,23.7,27.48,32.8,19.6,3.66,6.3
2016,6,AM,82128.0,56762868.0,89.4,1007.07,737.65,28.13,29.1,22.9,27.51,32.2,16.1,3.68,4.3
2016,7,AM,109504.0,75683824.0,93.0,1006.17,824.0,28.54,24.8,23.1,28.02,24.9,13.5,3.88,4.3
2016,8,AM,109504.0,75683824.0,44.8,1005.55,824.47,29.31,24.6,22.3,28.77,24.9,14.1,4.01,7.9
2016,9,AM,82128.0,56762868.0,108.6,1005.65,716.61,28.14,24.9,23.2,27.62,25.2,12.8,4.08,4.5
2016,10,AM,43801.6,30273529.6,107.4,1003.14,755.34,29.16,24.9,22.6,28.65,25.4,17.2,4.6,6.3
2016,11,AM,16425.6,11352573.6,167.6,1002.3,744.76,28.91,25.6,22.8,28.43,25.8,17.9,4.07,5.2
2016,12,AM,10950.4,7568382.4,470.2,1003.55,555.8,26.7,25.4,22.5,26.22,26.6,19.1,3.63,5.0
2017,1,AM,5276.14,3727119.74,363.2,1004.51,638.33,26.49,24.6,21.2,26.01,25.6,19.3,3.95,4.8
2017,2,AM,5276.14,3727119.74,230.0,1004.49,542.85,26.38,24.8,22.8,25.96,25.7,18.3,3.74,5.8
2017,3,AM,5276.14,3727119.74,249.0,1004.54,636.73,26.63,25.2,22.6,26.18,25.4,19.5,3.76,5.4
2017,4,AM,7914.21,5590679.61,307.0,1004.77,628.96,26.88,25.6,22.6,26.39,26.1,19.6,3.59,3.7
2017,5,AM,21104.56,14908478.96,125.0,1004.94,762.93,28.22,25.6,23.6,27.72,26.4,19.5,3.83,5.1
2017,6,AM,39571.05,27953398.05,110.4,1005.62,729.74,28.15,24.9,22.6,27.66,25.9,17.7,3.61,5.9
2017,7,AM,52761.4,37271197.4,67.6,1007.43,824.69,28.09,24.3,22.9,27.58,24.6,14.4,4.07,4.7
2017,8,AM,52761.4,37271197.4,17.4,1004.98,874.37,29.97,24.8,23.3,29.39,25.2,12.9,4.24,4.2
2017,9,AM,39571.05,27953398.05,143.6,1004.79,704.24,28.65,25.2,23.2,28.11,25.4,16.8,3.73,4.2
2017,10,AM,21104.56,14908478.96,127.6,1003.48,740.45,28.27,25.2,21.9,27.77,25.5,16.6,4.12,6.1
2017,11,AM,7914.21,5590679.61,251.8,1002.24,656.13,28.18,25.5,23.4,27.7,26.5,18.9,4.02,5.8
2017,12,AM,5276.14,3727119.74,412.4,1003.3,551.19,27.12,25.7,23.6,26.65,26.0,18.8,3.78,4.0
2018,1,AM,3876.04,2850170.88,205.0,1003.97,605.6,26.48,24.7,22.0,25.96,25.6,19.3,3.39,1.04
2018,2,AM,3876.04,2850170.88,291.2,1004.27,638.85,26.91,26.2,22.6,26.42,27.0,16.0,3.52,1.08
2018,3,AM,3876.04,2850170.88,238.0,1004.09,645.42,27.29,25.3,23.1,26.78,25.6,19.2,3.65,1.12
2018,4,AM,5814.06,4275256.32,246.2,1005.41,624.47,26.5,24.9,22.6,26.01,25.2,18.5,3.79,1.15
2018,5,AM,15504.16,11400683.52,160.2,1005.89,592.13,26.69,24.7,23.0,26.24,25.4,19.9,3.93,1.19
2018,6,AM,29070.3,21376281.6,166.2,1006.72,765.4,27.51,25.3,22.6,27.0,25.8,17.7,4.06,1.23
2018,7,AM,38760.4,28501708.8,48.2,1006.38,754.44,28.1,24.3,22.7,27.55,24.6,15.3,4.2,1.26
2018,8,AM,38760.4,28501708.8,44.8,1006.52,843.49,28.79,24.4,23.8,28.2,25.4,16.0,4.31,2.5
2018,9,AM,29070.3,21376281.6,72.4,1003.86,795.93,29.38,25.1,23.7,28.84,25.2,15.5,4.19,5.1
2018,10,AM,15504.16,11400683.52,52.2,1002.88,810.03,30.34,25.4,23.9,29.77,25.6,16.5,4.51,4.0
2018,11,AM,5814.06,4275256.32,130.2,1002.7,637.71,28.59,25.0,24.1,28.05,25.6,17.0,3.97,4.3
2018,12,AM,3876.04,2850170.88,263.0,1005.19,549.13,26.36,24.6,22.9,25.9,25.4,18.7,3.7,4.4
2019,1,AM,4310.08,3183657.62,238.8,1005.26,629.27,26.8,25.1,22.6,26.27,25.6,19.2,4.09,5.4
2019,2,AM,4310.08,3183657.62,352.0,1004.79,565.2,26.7,25.0,23.5,26.19,26.1,19.5,3.78,5.1
2019,3,AM,4310.08,3183657.62,307.6,1004.74,681.45,27.67,25.2,23.6,27.15,26.3,19.3,4.41,4.1
2019,4,AM,6465.12,4775486.43,247.8,1004.82,597.15,27.28,25.9,23.5,26.82,25.9,20.4,3.78,4.0
2019,5,AM,17240.32,12734630.48,276.2,1004.98,561.91,27.1,25.4,23.0,26.63,26.1,17.9,3.33,3.8
2019,6,AM,32325.6,23877432.15,51.6,1006.23,694.43,27.89,25.7,23.9,27.42,26.2,15.8,3.61,3.8
2019,7,AM,43100.8,31836576.2,109.2,1006.38,755.92,28.18,25.0,23.1,27.68,25.5,15.8,3.9,4.7
2019,8,AM,43100.8,31836576.2,41.4,1006.8,771.22,28.79,24.3,22.5,28.22,25.1,13.3,3.8,4.5
2019,9,AM,32325.6,23877432.15,160.4,1004.84,751.13,29.28,26.0,23.3,28.72,26.3,14.0,3.96,4.0
2019,10,AM,17240.32,12734630.48,210.6,1003.97,717.72,27.66,25.9,23.0,27.08,26.5,15.0,3.82,5.6
2019,11,AM,6465.12,4775486.43,142.4,1002.71,649.41,28.01,25.8,23.7,27.51,26.7,16.4,3.83,5.2
2019,12,AM,4310.08,3183657.62,160.0,1003.36,599.69,27.16,24.9,23.2,26.68,26.2,16.3,3.73,4.4
2020,1,AM,4859.56,3580546.1,341.2,1004.59,9.0,27.75,25.3,23.5,27.22,26.5,17.1,3.83,4.6
2020,2,AM,4859.56,3580546.1,211.8,1004.78,9.0,27.81,25.8,24.0,27.29,26.4,18.0,4.21,4.6
2020,3,AM,4859.56,3580546.1,426.0,1004.4,9.0,27.86,25.3,22.6,27.38,25.6,17.9,4.07,3.8
2020,4,AM,7289.34,5370819.15,323.6,1005.69,9.0,26.87,25.6,22.7,26.44,26.2,19.4,3.42,5.2
2020,5,AM,19438.24,14322184.4,283.8,1006.17,9.0,27.04,25.6,23.6,26.6,26.0,20.6,3.46,5.6
2020,6,AM,36446.7,26854095.75,181.3,1005.84,9.0,27.61,25.4,22.3,27.12,25.7,16.5,3.44,4.4
2020,7,AM,48595.6,35805461.0,55.6,1005.24,9.0,28.71,24.9,23.0,28.16,25.2,11.3,3.68,4.2
2020,8,AM,48595.6,35805461.0,27.8,1005.07,9.0,29.41,24.8,23.0,28.84,25.0,14.4,4.01,4.6
2020,9,AM,36446.7,26854095.75,116.1,1004.32,9.0,29.2,25.2,22.4,28.63,25.6,10.6,3.87,4.2
2020,10,AM,19438.24,14322184.4,133.8,1003.87,9.0,27.94,25.3,21.6,27.41,26.8,18.4,3.7,6.0
2020,11,AM,7289.34,5370819.15,439.9,1003.53,9.0,27.62,25.9,22.8,27.14,27.1,17.1,3.61,3.8
2020,12,AM,4859.56,3580546.1,272.8,1003.74,9.0,27.21,25.3,22.4,26.67,26.9,18.4,3.79,5.1
2021,1,AM,6270.42,4760078.86,514.5,1004.01,9.0,26.33,24.8,22.1,25.81,25.9,19.0,3.63,4.5
2021,2,AM,6270.42,4760078.86,346.8,1003.96,9.0,26.54,25.1,22.2,26.08,26.2,19.1,3.79,3.9
2021,3,AM,6270.42,4760078.86,533.2,1004.56,9.0,25.89,25.0,21.6,25.43,25.6,18.5,3.5,3.6
2021,4,AM,9405.63,7140118.29,140.3,1004.42,9.0,26.86,25.0,22.8,26.38,25.9,18.9,3.35,4.1
2021,5,AM,25081.68,19040315.44,140.3,1005.6,9.0,27.18,24.7,23.3,26.73,25.9,18.8,3.31,3.5
2021,6,AM,47028.15,35700591.45,206.2,1006.22,9.0,27.25,25.0,21.9,26.78,25.4,15.5,4.81,3.6
2021,7,AM,62704.2,47600788.6,142.8,1007.12,9.0,27.42,25.0,22.0,26.95,25.7,14.4,3.52,3.4
2021,8,AM,62704.2,47600788.6,169.0,1005.66,9.0,28.42,25.0,22.2,27.9,25.5,16.3,3.77,5.0
2021,9,AM,47028.15,35700591.45,54.4,1005.35,9.0,28.12,25.0,23.4,27.58,25.2,15.7,3.58,3.9
2021,10,AM,25081.68,19040315.44,205.4,1003.96,9.0,28.5,24.9,22.2,27.94,26.1,15.9,3.95,5.4
2021,11,AM,9405.63,7140118.29,323.6,1003.4,9.0,27.21,25.3,22.7,26.67,26.1,16.2,3.49,5.2
2021,12,AM,6270.42,4760078.86,280.2,1003.01,9.0,26.72,25.4,22.1,26.24,27.0,20.1,3.39,5.1
2022,1,AM,7914.54,6050680.86,319.9,1004.38,9.0,26.76,24.5,22.7,26.29,24.9,18.6,3.96,4.6
2022,2,AM,7914.54,6050680.86,334.2,1004.15,9.0,26.17,24.6,22.5,25.71,25.7,19.7,3.49,4.1
2022,3,AM,7914.54,6050680.86,382.2,1004.09,9.0,25.96,24.5,23.0,25.49,25.2,19.6,3.29,4.4
2022,4,AM,11871.81,9076021.29,440.4,1004.23,9.0,26.4,25.2,23.0,25.96,25.6,19.1,3.32,4.8
2022,5,AM,31658.16,24202723.44,125.4,1005.92,9.0,27.17,24.6,22.9,26.73,25.0,14.5,3.61,3.7
2022,6,AM,59359.05,45380106.45,148.4,1005.78,9.0,26.72,24.1,22.5,26.23,24.6,14.8,3.56,4.0
2022,7,AM,79145.4,60506808.6,27.1,1005.49,9.0,28.59,23.7,23.3,28.07,24.3,15.0,3.94,4.4
2022,8,AM,79145.4,60506808.6,36.2,1005.37,9.0,28.92,24.1,23.6,28.38,25.0,14.2,4.12,3.6
2022,9,AM,59359.05,45380106.45,9.6,1004.17,9.0,29.76,24.4,23.5,29.14,24.7,13.8,3.86,4.5
2022,10,AM,31658.16,24202723.44,157.8,1003.59,9.0,28.75,24.7,22.4,28.22,25.3,14.4,4.1,5.0
2022,11,AM,11871.81,9076021.29,100.1,1003.59,9.0,28.27,25.3,23.4,27.76,25.4,16.8,4.16,3.9
2022,12,AM,7914.54,6050680.86,378.0,1003.37,9.0,27.33,25.4,22.5,26.78,26.1,18.8,3.76,4.3
2023,1,AM,6630.68,4585402.7,274.8,1005.06,9.0,25.87,25.3,22.3,25.39,25.9,19.8,3.66,4.4
2023,2,AM,6630.68,4585402.7,358.5,1004.7,9.0,25.94,25.4,21.7,25.44,27.1,20.7,3.61,4.8
2023,3,AM,6630.68,4585402.7,411.2,1004.71,9.0,26.52,25.7,23.0,26.04,26.7,19.1,3.77,5.3
2023,4,AM,9946.02,6878104.05,273.8,1004.28,9.0,27.09,25.8,22.8,26.61,26.7,20.1,3.68,4.0
2023,5,AM,26522.72,18341610.8,135.0,1005.14,9.0,27.84,25.9,23.5,27.35,26.6,21.2,3.75,3.9
2023,6,AM,49730.1,34390520.25,48.4,1006.5,9.0,28.08,25.7,20.9,27.61,26.3,18.3,3.9,4.2
2023,7,AM,66306.8,45854027.0,69.8,1006.26,9.0,29.43,25.3,23.3,28.9,25.8,16.6,4.07,4.0
2023,8,AM,66306.8,45854027.0,18.0,1004.98,9.0,30.49,25.4,24.6,29.91,25.8,16.7,4.26,3.9
2023,9,AM,49730.1,34390520.25,42.8,1003.95,9.0,30.74,25.9,23.9,30.15,26.8,16.8,4.22,4.2
2023,10,AM,26522.72,18341610.8,90.2,1002.84,9.0,30.77,26.4,22.9,30.21,26.6,17.5,4.01,4.6
2023,11,AM,9946.02,6878104.05,134.8,1002.67,9.0,29.87,26.8,22.7,29.34,27.8,17.9,3.93,4.3
2023,12,AM,6630.68,4585402.7,321.0,1003.42,9.0,27.59,27.9,23.1,27.12,28.1,21.0,3.51,4.3
2003,2,RN,69.32,15280.58,57.0,1006.48,10435.46,26.74,24.0,23.0,26.24,25.0,21.0,7.9,8.0
2003,3,RN,69.32,15280.58,302.0,1005.68,10568.72,26.85,24.0,22.0,26.44,26.0,20.0,7.08,9.0
2003,4,RN,103.98,22920.87,120.0,1006.24,10049.28,26.92,25.0,23.0,26.54,26.0,20.0,7.21,8.0
2003,5,RN,277.28,61122.32,244.5,1007.19,11378.91,26.85,25.0,23.0,26.24,25.0,18.0,7.51,8.0
2003,6,RN,519.9,114604.35,145.0,1008.14,11868.73,25.55,24.0,22.0,24.96,24.0,16.0,8.38,10.0
2003,7,RN,693.2,152805.8,91.5,1008.52,18251.8,26.14,23.0,20.0,25.86,24.0,16.0,10.25,9.0
2003,8,RN,693.2,152805.8,0.0,1008.81,28440.77,26.92,21.0,22.0,26.89,22.0,18.0,10.53,9.0
2003,9,RN,519.9,114604.35,33.0,1008.94,12911.88,25.73,23.0,22.0,25.35,24.0,15.0,9.74,10.0
2003,10,RN,277.28,61122.32,18.0,1007.29,1562.07,26.55,23.0,22.0,26.18,24.0,18.0,10.24,10.0
2003,11,RN,103.98,22920.87,13.0,1006.08,13710.66,27.18,23.0,24.0,26.78,24.0,18.0,9.69,9.0
2003,12,RN,69.32,15280.58,0.0,1006.3,1929.7,26.65,23.0,26.0,25.93,23.46,20.0,7.18,7.0
2004,1,RN,124.9,25735.1,0.0,1007.46,96.02,25.54,23.0,25.0,25.27,24.0,22.46,4.34,3.14
2004,2,RN,124.9,25735.1,254.0,1005.98,1161.06,26.96,25.0,23.0,26.56,26.0,20.0,7.62,9.0
2004,3,RN,124.9,25735.1,228.0,1005.51,912.62,27.3,25.0,23.0,26.89,25.0,18.0,8.17,9.0
2004,4,RN,187.35,38602.65,170.5,1005.98,758.4,26.96,24.0,23.0,26.54,25.0,19.0,7.85,9.0
2004,5,RN,499.6,102940.4,133.0,1007.4,630.68,26.25,24.0,22.0,25.89,25.0,18.0,7.14,9.0
2004,6,RN,936.75,193013.25,577.5,1008.85,1421.64,25.88,24.0,21.0,25.68,24.0,19.0,7.15,8.0
2004,7,RN,1249.0,257351.0,348.0,1008.89,955.23,24.49,24.0,21.0,24.15,24.0,15.0,7.64,9.0
2004,8,RN,1249.0,257351.0,77.0,1010.17,922.36,24.94,23.0,20.0,24.53,24.0,16.0,9.03,10.0
2004,9,RN,936.75,193013.25,34.0,1008.77,1033.15,25.65,22.0,21.0,25.26,23.0,17.0,10.58,11.0
2004,10,RN,499.6,102940.4,11.0,1007.4,1575.0,26.52,22.0,23.0,26.16,24.0,16.0,10.01,10.0
2004,11,RN,187.35,38602.65,8.0,1006.24,562.54,26.92,23.0,24.0,26.54,24.0,17.0,9.81,10.0
2004,12,RN,124.9,25735.1,0.0,1004.13,253.12,27.26,21.47,28.08,27.26,21.7,21.06,9.0,6.0
2005,1,RN,215.1,49598.42,0.0,1004.34,497.05,27.67,21.88,28.7,27.67,22.31,21.47,9.0,6.0
2005,2,RN,215.1,49598.42,0.0,1004.53,729.19,28.06,22.25,29.32,28.06,22.87,21.88,9.0,6.0
2005,3,RN,215.1,49598.42,0.0,1004.73,961.32,28.45,22.66,29.87,28.45,23.49,22.25,9.0,6.0
2005,4,RN,322.65,74397.63,7.0,1005.17,1135.92,28.71,26.0,25.0,28.66,26.0,22.0,8.74,7.0
2005,5,RN,860.4,198393.68,503.0,1006.52,986.16,26.36,25.0,23.0,25.93,26.0,20.0,7.44,8.0
2005,6,RN,1613.25,371988.15,680.0,1008.06,1744.12,25.03,24.0,22.0,24.68,25.0,19.0,7.32,10.0
2005,7,RN,2151.0,495984.2,93.0,1010.01,632.94,24.93,24.0,21.0,24.54,24.0,17.0,8.57,10.0
2005,8,RN,2151.0,495984.2,116.0,1009.62,883.51,24.86,23.0,20.0,24.4,24.0,18.0,8.74,9.0
2005,9,RN,1613.25,371988.15,31.5,1009.06,12024.41,25.59,23.0,21.0,25.16,24.0,16.0,9.36,10.0
2005,10,RN,860.4,198393.68,28.5,1007.91,13892.07,26.38,23.0,23.0,26.01,23.0,18.0,10.26,10.0
2005,11,RN,322.65,74397.63,1.0,1006.05,10653.88,26.7,22.07,25.0,26.42,23.0,18.0,9.61,10.0
2005,12,RN,215.1,49598.42,0.0,1005.2,6731.44,26.8,22.33,26.27,26.2,23.0,22.0,9.0,6.0
2006,1,RN,192.9,47380.9,0.0,1005.47,15205.6,27.87,22.6,27.34,26.47,23.8,22.0,9.0,6.0
2006,2,RN,192.9,47380.9,0.0,1005.72,23269.72,28.88,22.84,28.4,26.72,24.52,22.0,9.0,6.0
2006,3,RN,192.9,47380.9,137.0,1005.83,21863.49,28.83,25.0,24.0,27.01,26.0,20.0,8.19,8.0
2006,4,RN,289.35,71071.35,330.0,1004.96,10329.33,27.14,25.0,23.0,26.77,25.0,20.0,6.12,7.0
2006,5,RN,771.6,189523.6,179.0,1007.41,10225.69,26.73,24.0,23.0,26.17,25.0,18.0,7.54,10.0
2006,6,RN,1446.75,355356.75,344.0,1008.44,8822.8,25.15,24.0,22.0,24.75,24.0,16.0,8.07,9.0
2006,7,RN,1929.0,473809.0,118.0,1009.56,9784.96,24.9,23.0,21.0,24.53,24.0,15.0,8.92,10.0
2006,8,RN,1929.0,473809.0,76.0,1009.15,11045.59,25.24,24.0,21.0,24.83,24.0,14.0,12.08,6.15
2006,9,RN,1446.75,355356.75,36.0,1009.08,12340.82,25.79,23.0,21.0,25.42,24.0,16.0,12.22,6.28
2006,10,RN,771.6,189523.6,10.0,1007.16,13583.65,26.83,23.0,24.0,26.47,23.0,19.0,12.35,6.42
2006,11,RN,289.35,71071.35,72.0,1006.0,13566.64,27.01,23.0,23.0,26.62,24.0,18.0,12.49,6.55
2006,12,RN,192.9,47380.9,44.0,1006.9,13317.38,27.21,24.0,24.0,26.87,25.0,19.0,12.62,6.69
2007,1,RN,179.04,46641.76,74.0,1006.41,12666.49,27.58,25.0,24.0,27.2,25.0,20.0,12.76,6.82
2007,2,RN,179.04,46641.76,67.0,1006.02,12031.99,27.66,24.0,24.0,27.23,25.0,19.0,12.89,6.95
2007,3,RN,179.04,46641.76,137.0,1005.35,7512.12,27.68,25.0,24.0,27.45,25.0,20.0,13.02,7.08
2007,4,RN,268.56,69962.64,0.0,1005.0,6514.31,28.0,22.8,28.0,28.0,23.8,22.36,13.15,7.22
2007,5,RN,716.16,186567.04,32.0,1005.5,11970.03,27.73,25.0,23.0,27.64,25.0,21.0,13.29,7.35
2007,6,RN,1342.8,349813.2,457.0,1008.77,8952.93,24.92,24.0,22.0,24.51,25.0,17.0,13.42,7.49
2007,7,RN,1790.4,466417.6,180.0,1009.37,9392.38,24.78,23.0,21.0,24.35,24.0,17.0,13.55,7.62
2007,8,RN,1790.4,466417.6,86.0,1009.26,10754.02,24.53,23.0,20.0,24.06,24.0,17.0,13.69,7.76
2007,9,RN,1342.8,349813.2,42.0,1009.59,12366.64,25.09,22.0,21.0,24.67,23.0,17.0,13.83,7.89
2007,10,RN,716.16,186567.04,13.0,1007.54,13377.44,25.93,23.0,22.0,25.52,23.0,16.0,13.15,9.0
2007,11,RN,268.56,69962.64,37.0,1005.98,13470.26,26.4,23.0,22.0,26.0,24.0,16.0,9.61,10.0
2007,12,RN,179.04,46641.76,12.0,1005.71,13381.9,27.16,23.0,23.0,26.77,24.0,19.0,9.54,9.0
2008,1,RN,136.82,37806.66,67.0,1005.18,12552.49,27.3,25.0,23.0,26.9,25.0,18.0,8.89,9.0
2008,2,RN,136.82,37806.66,24.0,1006.02,12928.12,27.83,25.0,24.0,27.41,25.0,19.0,8.28,8.0
2008,3,RN,136.82,37806.66,303.0,1005.06,11265.84,27.14,24.0,23.0,26.72,26.0,19.0,6.11,8.0
2008,4,RN,205.23,56709.99,388.0,1004.71,9687.43,26.27,24.0,23.0,25.88,25.0,20.0,6.0,8.0
2008,5,RN,547.28,151226.64,232.0,1006.25,9008.42,26.06,24.0,22.0,25.71,25.0,19.0,6.78,9.0
2008,6,RN,1026.15,283549.95,479.0,1007.92,8273.7,24.82,24.0,21.0,24.48,24.0,17.0,8.02,10.0
2008,7,RN,1368.2,378066.6,434.0,1009.33,8779.03,24.34,23.0,20.0,23.96,24.0,16.0,9.02,10.0
2008,8,RN,1368.2,378066.6,371.0,1008.14,10334.06,24.42,23.0,20.0,24.01,24.0,16.0,8.66,10.0
2008,9,RN,1026.15,283549.95,32.0,1008.61,11612.18,25.58,23.0,22.0,25.21,24.0,18.0,9.54,10.0
2008,10,RN,547.28,151226.64,25.0,1007.72,12738.53,26.33,23.0,22.0,25.91,24.0,17.0,10.51,10.0
2008,11,RN,205.23,56709.99,8.0,1006.11,13385.32,26.93,23.0,23.0,26.54,24.0,16.0,9.4,9.0
2008,12,RN,136.82,37806.66,0.0,1005.41,13043.2,27.42,23.0,24.0,27.06,23.0,19.0,8.73,9.0
2009,1,RN,107.48,28742.66,144.0,1006.1,12042.94,27.32,24.0,23.0,26.95,25.0,19.0,8.19,8.0
2009,2,RN,107.48,28742.66,231.0,1005.2,11764.78,27.16,24.0,23.0,26.76,25.0,20.0,7.57,7.0
2009,3,RN,107.48,28742.66,200.0,1004.9,12024.32,27.41,25.0,24.0,27.0,26.0,20.0,7.0,7.0
2009,4,RN,161.22,43113.99,336.0,1005.92,10227.74,26.79,25.0,24.0,26.4,26.0,20.0,5.54,8.0
2009,5,RN,429.92,114970.64,343.0,1006.26,8617.72,26.08,25.0,23.0,25.72,26.0,20.0,6.19,7.0
2009,6,RN,806.1,215569.95,284.0,1008.04,8094.7,25.32,24.0,22.0,24.96,25.0,19.0,7.31,3.81
2009,7,RN,1074.8,287426.6,309.0,1008.93,8885.98,24.96,24.0,21.0,24.58,24.0,17.0,8.34,4.86
2009,8,RN,1074.8,287426.6,212.0,1008.8,10367.49,25.23,24.0,21.0,24.77,24.0,17.0,9.39,5.91
2009,9,RN,806.1,215569.95,68.0,1009.21,11475.87,26.15,24.0,21.0,25.74,24.0,18.0,9.24,9.0
2009,10,RN,429.92,114970.64,0.0,1006.9,13952.54,26.72,23.0,22.0,26.34,23.0,17.0,8.67,9.0
2009,11,RN,161.22,43113.99,4.0,1006.36,13410.02,27.06,23.0,24.0,26.67,24.0,18.0,9.58,8.0
2009,12,RN,107.48,28742.66,9.0,1006.28,11806.37,27.34,24.0,24.0,26.99,24.0,19.0,8.48,8.0
2010,1,RN,204.94,56100.8,66.0,1006.12,11779.28,27.63,24.0,23.0,27.21,24.0,19.0,8.04,9.0
2010,2,RN,204.94,56100.8,77.0,1005.52,11011.52,27.94,25.0,24.0,27.58,26.0,21.0,8.44,9.0
2010,3,RN,204.94,56100.8,62.0,1005.56,12737.69,28.53,25.0,24.0,28.11,26.0,20.0,7.57,8.0
2010,4,RN,307.41,84151.2,33.0,1005.3,13796.36,27.91,25.0,24.0,27.49,26.0,21.0,7.77,9.0
2010,5,RN,819.76,224403.2,0.0,1006.12,18948.21,27.33,25.0,23.0,26.94,26.0,20.0,7.54,8.0
2010,6,RN,1537.05,420756.0,94.0,1008.38,24253.1,26.15,24.0,22.0,25.77,25.0,17.0,7.78,9.0
2010,7,RN,2049.4,561008.0,22.0,1008.71,29558.0,24.91,24.0,21.0,24.54,24.0,16.0,8.67,10.0
2010,8,RN,2049.4,561008.0,80.0,1009.5,34949.86,24.58,23.0,20.0,24.16,24.0,16.0,9.42,10.0
2010,9,RN,1537.05,420756.0,32.0,1008.4,20930.97,25.24,23.0,21.0,24.83,24.0,15.0,10.03,10.0
2010,10,RN,819.76,224403.2,7.0,1006.85,13271.54,26.78,23.0,22.0,26.4,23.0,18.0,8.9,10.0
2010,11,RN,307.41,84151.2,3.0,1005.44,13731.25,27.19,23.0,23.0,26.78,24.0,16.0,9.72,10.0
2010,12,RN,204.94,56100.8,31.0,1004.2,12123.61,27.24,23.0,23.0,26.86,24.0,18.0,8.7,9.0
2011,1,RN,84.08,24249.4,228.0,1004.42,10765.45,26.67,24.0,22.0,26.28,25.0,19.0,7.41,8.0
2011,2,RN,84.08,24249.4,68.0,1005.08,12371.68,27.55,25.0,23.0,27.12,25.0,19.0,8.8,8.0
2011,3,RN,84.08,24249.4,131.0,1004.85,11967.15,27.58,25.0,23.0,27.08,26.0,17.0,8.76,4.94
2011,4,RN,126.12,36374.1,322.0,1005.11,9281.16,26.56,25.0,23.0,26.14,26.0,19.0,8.51,4.82
2011,5,RN,336.32,96997.6,351.0,1006.04,7838.3,25.88,25.0,23.0,25.56,26.0,19.0,8.26,4.69
2011,6,RN,630.6,181870.5,339.0,1007.85,7610.8,25.23,24.0,21.0,24.88,25.0,18.0,8.01,4.57
2011,7,RN,840.8,242494.0,137.0,1008.34,8135.18,24.63,24.0,21.0,24.25,24.0,13.0,7.76,4.44
2011,8,RN,840.8,242494.0,74.0,1009.25,10106.2,24.92,24.0,21.0,24.52,24.0,17.0,7.51,4.32
2011,9,RN,630.6,181870.5,6.0,1009.44,1131.2,25.36,23.0,21.0,24.91,24.0,15.0,7.26,4.19
2011,10,RN,336.32,96997.6,12.0,1006.24,1038.35,26.46,23.0,22.0,26.09,24.0,17.0,7.77,8.0
2011,11,RN,126.12,36374.1,38.0,1006.07,1047.0,26.98,24.0,24.0,26.54,24.0,19.0,8.98,7.0
2011,12,RN,84.08,24249.4,16.0,1006.16,1043.12,27.21,23.0,24.0,26.82,24.0,18.0,8.83,7.0
2012,1,RN,224.88,65350.52,66.0,1006.25,982.53,27.17,24.0,23.0,26.73,24.0,18.0,8.4,7.0
2012,2,RN,224.88,65350.52,99.0,1005.62,960.61,26.93,25.0,23.0,26.52,26.0,19.0,8.64,8.0
2012,3,RN,224.88,65350.52,131.0,1006.1,965.6,27.09,24.0,23.0,26.7,25.0,19.0,8.63,8.0
2012,4,RN,337.32,98025.78,56.0,1006.02,904.3,27.2,25.0,23.0,26.8,25.0,18.0,8.33,8.0
2012,5,RN,899.52,261402.08,167.0,1007.52,840.2,26.6,24.0,23.0,26.22,25.0,18.0,8.11,8.0
2012,6,RN,1686.6,490128.9,270.5,1008.92,693.86,25.16,24.0,21.0,24.78,24.0,18.0,7.39,7.0
2012,7,RN,2248.8,653505.2,207.0,1009.08,768.32,24.79,23.0,21.0,24.35,24.0,16.0,8.63,9.0
2012,8,RN,2248.8,653505.2,52.0,1010.28,931.88,24.65,22.0,21.0,24.2,23.0,16.0,9.98,10.0
2012,9,RN,1686.6,490128.9,20.5,1010.2,1265.99,25.89,23.0,22.0,25.22,24.0,16.0,10.17,9.0
2012,10,RN,899.52,261402.08,15.5,1007.71,1067.73,26.03,23.0,22.0,25.6,24.0,17.0,10.18,9.0
2012,11,RN,337.32,98025.78,1.0,1006.25,1114.09,26.88,23.0,24.0,26.5,23.0,16.0,8.12,7.0
2012,12,RN,224.88,65350.52,1.0,1005.74,1050.33,27.29,23.0,26.0,26.94,24.0,19.0,8.7,7.0
2013,1,RN,55.46,15110.48,17.0,1006.51,1049.66,27.65,24.0,25.0,27.25,25.0,19.0,8.37,7.0
2013,2,RN,55.46,15110.48,54.0,1005.62,1040.01,27.87,24.0,24.0,27.48,25.0,19.0,9.45,8.0
2013,3,RN,55.46,15110.48,28.0,1006.0,1042.32,28.09,25.0,25.0,27.74,25.0,17.0,8.3,8.0
2013,4,RN,83.19,22665.72,164.0,1006.21,951.71,27.79,25.0,24.0,27.35,26.0,19.0,7.25,7.0
2013,5,RN,221.84,60441.92,206.0,1007.14,834.02,26.73,25.0,22.0,26.34,25.0,14.0,7.52,8.0
2013,6,RN,415.95,113328.6,359.0,1008.06,717.6,25.63,24.0,22.0,25.25,25.0,18.0,7.08,8.0
2013,7,RN,554.6,151104.8,371.0,1009.21,657.14,24.76,24.0,21.0,24.39,24.0,16.0,7.63,8.0
2013,8,RN,554.6,151104.8,216.0,1008.74,851.16,25.13,24.0,21.0,24.71,24.0,17.0,8.85,8.0
2013,9,RN,415.95,113328.6,175.0,1008.9,1044.8,25.75,24.0,21.0,25.37,24.0,17.0,9.26,9.0
2013,10,RN,221.84,60441.92,1.0,1008.06,1971.07,27.71,23.0,25.0,27.23,24.0,18.0,9.86,8.0
2013,11,RN,83.19,22665.72,35.0,1006.09,1118.0,26.76,24.0,23.0,26.36,25.0,17.0,9.22,7.0
2013,12,RN,55.46,15110.48,7.0,1006.3,999.72,27.23,24.0,24.0,26.84,25.0,19.0,8.25,7.0
2014,1,RN,75.44,21707.02,72.0,1006.68,940.7,27.09,24.0,23.0,26.67,25.0,19.0,8.64,8.0
2014,2,RN,75.44,21707.02,46.0,1005.59,993.94,27.34,24.0,24.0,26.97,25.0,20.0,7.82,7.0
2014,3,RN,75.44,21707.02,243.0,1006.17,1010.17,27.41,25.0,23.0,26.99,26.0,20.0,7.38,7.0
2014,4,RN,113.16,32560.53,72.0,1006.26,905.46,27.62,25.0,24.0,27.21,26.0,20.0,6.93,7.0
2014,5,RN,301.76,86828.08,179.0,1006.6,759.55,26.34,25.0,23.0,25.92,26.0,19.0,7.21,7.0
2014,6,RN,565.8,162802.65,487.0,1008.26,698.05,25.49,24.0,22.0,25.12,25.0,14.0,8.15,8.0
2014,7,RN,754.4,217070.2,201.0,1010.58,732.8,24.86,24.0,21.0,24.42,24.0,17.0,8.32,8.0
2014,8,RN,754.4,217070.2,80.0,1010.09,887.02,25.03,24.0,21.0,24.6,24.0,16.0,9.13,9.0
2014,9,RN,565.8,162802.65,137.0,1009.3,938.61,25.58,24.0,22.0,25.21,25.0,18.0,8.95,10.0
2014,10,RN,301.76,86828.08,26.0,1008.26,1025.61,26.32,23.0,23.0,25.94,24.0,19.0,9.8,10.0
2014,11,RN,113.16,32560.53,25.0,1006.93,1031.78,26.8,23.0,22.0,26.43,24.0,18.0,8.41,7.0
2014,12,RN,75.44,21707.02,6.0,1006.64,633.83,26.46,23.0,23.0,26.29,24.0,19.0,8.12,7.0
2015,1,RN,42.54,12855.78,27.0,1007.66,1025.15,27.27,24.0,24.0,26.87,25.0,18.0,8.77,8.0
2015,2,RN,42.54,12855.78,75.0,1006.72,958.93,27.59,25.0,24.0,27.16,25.0,21.0,8.04,8.0
2015,3,RN,42.54,12855.78,290.0,1006.26,895.98,27.03,26.0,22.0,26.59,26.0,19.0,7.34,7.0
2015,4,RN,63.81,19283.67,148.0,1006.51,929.6,27.62,25.0,23.0,27.21,26.0,19.0,6.8,6.0
2015,5,RN,170.16,51423.12,72.0,1007.5,852.52,27.38,25.0,24.0,26.93,26.0,21.0,7.49,7.0
2015,6,RN,319.05,96418.35,260.0,1009.28,752.17,25.66,24.0,22.0,25.23,25.0,19.0,7.24,7.0
2015,7,RN,425.4,128557.8,277.0,1009.56,719.47,25.15,25.0,22.0,24.74,25.0,19.0,8.23,8.0
2015,8,RN,425.4,128557.8,36.0,1009.75,872.19,25.28,24.0,21.0,24.86,24.0,18.0,9.21,9.0
2015,9,RN,319.05,96418.35,24.0,1009.18,999.04,26.18,23.0,22.0,25.82,24.0,17.0,9.05,8.0
2015,10,RN,170.16,51423.12,5.0,1008.73,1034.06,26.51,23.0,23.0,26.14,23.0,17.0,9.49,8.0
2015,11,RN,63.81,19283.67,1.0,1006.9,1085.8,27.01,24.0,25.0,26.65,24.0,16.0,8.22,8.0
2015,12,RN,42.54,12855.78,29.0,1008.01,1099.15,27.56,25.0,24.0,27.11,25.0,20.0,8.58,7.0
2016,1,RN,69.18,21899.42,144.0,1006.95,842.82,27.44,26.0,24.0,26.87,26.0,20.0,6.63,8.0
2016,2,RN,69.18,21899.42,77.0,1006.77,1003.65,27.7,25.0,24.0,27.07,26.0,20.0,8.19,8.0
2016,3,RN,69.18,21899.42,140.0,1006.97,1018.78,27.96,26.0,24.0,27.47,26.0,21.0,7.75,8.0
2016,4,RN,103.77,32849.13,154.0,1006.21,782.16,27.43,26.0,24.0,27.06,27.0,21.0,8.33,8.0
2016,5,RN,276.72,87597.68,174.0,1008.34,807.92,26.59,26.0,23.0,26.2,27.0,20.0,7.35,8.0
2016,6,RN,518.85,164245.65,131.0,1009.86,749.98,25.74,25.0,21.0,25.36,26.0,17.0,7.84,8.0
2016,7,RN,691.8,218994.2,32.0,1009.64,824.31,25.39,23.0,22.0,25.01,24.0,16.0,9.11,10.0
2016,8,RN,691.8,218994.2,67.0,1009.8,905.77,25.54,24.0,22.0,25.12,25.0,16.0,9.2,9.0
2016,9,RN,518.85,164245.65,34.0,1009.4,1035.86,26.12,24.0,22.0,25.74,24.0,16.0,9.7,9.0
2016,10,RN,276.72,87597.68,18.0,1007.32,1045.93,26.75,24.0,22.0,26.37,24.0,18.0,9.95,10.0
2016,11,RN,103.77,32849.13,14.0,1006.48,1027.72,27.2,24.0,25.0,26.83,25.0,18.0,9.56,9.0
2016,12,RN,69.18,21899.42,63.0,1006.12,934.16,27.44,24.0,24.0,27.05,25.0,19.0,8.75,8.0
2017,1,RN,53.58,18014.76,69.0,1006.31,969.24,27.44,25.0,23.0,27.05,26.0,20.0,8.66,8.0
2017,2,RN,53.58,18014.76,58.0,1005.85,952.22,27.66,25.0,24.0,27.25,26.0,19.0,8.03,8.0
2017,3,RN,53.58,18014.76,179.5,1005.74,955.43,27.75,26.0,24.0,27.33,27.0,21.0,7.22,6.0
2017,4,RN,80.37,27022.14,136.0,1006.35,904.08,27.57,26.0,23.0,27.04,26.0,20.0,7.58,8.0
2017,5,RN,214.32,72059.04,124.0,1007.34,811.48,26.95,26.0,22.0,26.5,26.0,20.0,6.89,7.0
2017,6,RN,401.85,135110.7,179.0,1008.21,708.54,25.99,25.0,22.0,25.58,26.0,18.0,7.99,8.0
2017,7,RN,535.8,180147.6,375.0,1010.46,592.75,24.21,24.0,21.0,23.84,24.0,16.0,9.28,10.0
2017,8,RN,535.8,180147.6,20.0,1009.53,917.45,25.32,24.0,21.0,24.9,24.0,16.0,9.16,8.0
2017,9,RN,401.85,135110.7,52.0,1009.66,939.88,25.29,24.0,22.0,24.84,24.0,17.0,10.22,9.0
2017,10,RN,214.32,72059.04,63.0,1007.62,983.88,26.31,24.0,22.0,25.93,25.0,18.0,9.98,9.0
2017,11,RN,80.37,27022.14,7.0,1006.39,977.1,27.03,24.0,25.0,26.65,24.0,19.0,8.53,7.0
2017,12,RN,53.58,18014.76,43.0,1006.14,859.37,27.4,24.0,24.0,26.99,25.0,19.0,8.28,7.0
2018,1,RN,29.48,10132.12,66.0,1006.16,854.25,27.3,25.0,23.0,26.93,26.0,20.0,7.78,8.0
2018,2,RN,29.48,10132.12,206.0,1005.44,863.81,27.12,25.0,23.0,26.69,26.0,19.0,6.94,6.0
2018,3,RN,29.48,10132.12,228.0,1005.9,926.25,27.51,26.0,23.0,27.13,26.0,21.0,6.37,6.0
2018,4,RN,44.22,15198.18,17.0,1006.48,752.01,26.57,26.0,23.0,26.17,26.0,20.0,6.78,7.0
2018,5,RN,117.92,40528.48,0.0,1007.46,755.27,26.22,25.0,23.0,25.84,25.0,18.0,7.69,8.0
2018,6,RN,221.1,75990.9,15.0,1009.37,729.89,25.33,25.0,22.0,24.91,25.0,18.0,7.82,9.0
2018,7,RN,294.8,101321.2,231.0,1009.63,714.36,24.79,24.0,21.0,24.4,24.0,17.0,9.09,9.0
2018,8,RN,294.8,101321.2,33.0,1010.16,906.17,25.4,24.0,22.0,25.0,25.0,13.0,9.18,8.0
2018,9,RN,221.1,75990.9,48.0,1008.14,958.56,25.79,24.0,21.0,25.41,24.0,18.0,9.79,8.0
2018,10,RN,117.92,40528.48,2.0,1007.28,1024.13,26.96,24.0,24.0,26.58,25.0,19.0,8.74,8.0
2018,11,RN,44.22,15198.18,5.0,1006.22,866.79,27.45,24.0,24.0,27.06,26.0,19.0,9.45,8.0
2018,12,RN,29.48,10132.12,43.0,1006.91,835.87,27.52,26.0,24.0,27.12,26.0,18.0,8.23,8.0
2019,1,RN,24.62,8545.46,0.0,1007.18,811.91,27.65,25.0,24.0,27.24,26.0,20.0,8.38,8.0
2019,2,RN,24.62,8545.46,49.0,1005.99,784.13,27.69,26.0,23.0,27.26,28.0,12.0,6.62,7.0
2019,3,RN,24.62,8545.46,274.0,1006.28,754.84,27.41,26.0,24.0,27.0,27.0,21.0,5.99,6.0
2019,4,RN,36.93,12818.19,378.0,1006.2,746.16,27.07,26.0,23.0,26.68,27.0,21.0,5.95,7.0
2019,5,RN,98.48,34181.84,236.0,1006.55,759.52,27.16,26.0,23.0,26.72,27.0,20.0,6.87,7.0
2019,6,RN,184.65,64090.95,353.0,1009.09,684.73,25.75,25.0,22.0,25.33,25.0,19.0,7.72,8.0
2019,7,RN,246.2,85454.6,161.0,1009.33,753.4,25.34,25.0,21.0,24.93,25.0,19.0,7.51,8.0
2019,8,RN,246.2,85454.6,58.0,1010.85,852.39,25.32,24.0,22.0,24.88,24.0,15.0,9.1,8.0
2019,9,RN,184.65,64090.95,53.0,1009.21,916.79,25.85,24.0,22.0,25.46,25.0,18.0,9.24,8.0
2019,10,RN,98.48,34181.84,18.0,1007.44,1036.91,26.45,24.0,22.0,26.07,24.0,18.0,9.33,9.0
2019,11,RN,36.93,12818.19,2.0,1005.85,1055.44,27.23,24.0,24.0,26.86,25.0,17.0,8.97,7.0
2019,12,RN,24.62,8545.46,16.0,1006.01,1031.84,27.67,24.0,25.0,27.28,25.0,20.0,8.6,8.0
2020,1,RN,26.9,9583.14,168.0,1006.29,53.0,27.77,26.0,24.0,27.43,27.0,21.0,7.19,6.0
2020,2,RN,26.9,9583.14,174.0,1006.12,53.0,28.1,26.0,24.0,27.75,26.0,21.0,6.89,6.0
2020,3,RN,26.9,9583.14,380.0,1005.75,53.0,27.74,26.0,24.0,27.33,27.0,21.0,5.44,6.0
2020,4,RN,40.35,14374.71,216.0,1006.42,53.0,27.46,26.0,23.0,27.03,27.0,21.0,6.16,6.0
2020,5,RN,107.6,38332.56,422.0,1007.61,53.0,26.56,26.0,23.0,26.17,27.0,21.0,6.33,7.0
2020,6,RN,201.75,71873.55,300.0,1008.24,53.0,25.66,25.0,22.0,25.27,25.0,18.0,7.36,8.0
2020,7,RN,269.0,95831.4,229.0,1008.62,53.0,24.9,24.0,21.0,24.47,24.0,14.0,8.16,8.0
2020,8,RN,269.0,95831.4,30.0,1009.02,53.0,25.23,24.0,21.0,24.81,24.0,17.0,9.53,8.0
2020,9,RN,201.75,71873.55,31.0,1008.83,53.0,25.77,24.0,22.0,25.36,24.0,17.0,9.41,9.0
2020,10,RN,107.6,38332.56,44.5,1007.36,53.0,26.7,25.0,23.0,26.29,26.0,19.0,8.45,8.0
2020,11,RN,40.35,14374.71,69.0,1006.49,53.0,27.42,25.0,23.0,26.9,26.0,20.0,8.94,8.0
2020,12,RN,26.9,9583.14,31.0,1006.7,53.0,27.65,25.0,25.0,27.11,26.0,20.0,8.88,8.0
2021,1,RN,58.64,21235.42,23.0,1006.01,53.0,27.77,25.0,25.0,27.16,25.0,20.0,8.48,7.0
2021,2,RN,58.64,21235.42,0.0,1005.71,53.0,28.39,25.0,25.0,27.74,26.0,20.0,7.97,6.0
2021,3,RN,58.64,21235.42,0.0,1005.58,53.0,27.64,25.0,24.0,26.97,27.0,21.0,7.55,7.0
2021,4,RN,87.96,31853.13,0.0,1005.62,53.0,27.7,26.0,24.0,27.01,27.0,21.0,7.28,8.0
2021,5,RN,234.56,84941.68,1.0,1007.31,53.0,26.93,25.0,24.0,26.21,26.0,20.0,7.83,9.0
2021,6,RN,439.8,159265.65,0.0,1008.16,53.0,26.42,24.0,23.0,25.73,25.0,17.0,8.44,8.0
2021,7,RN,586.4,212354.2,0.0,1009.58,53.0,25.79,24.0,23.0,25.19,25.0,18.0,8.87,9.0
2021,8,RN,586.4,212354.2,0.0,1009.22,53.0,25.64,25.0,22.0,25.02,25.0,17.0,10.11,9.0
2021,9,RN,439.8,159265.65,1.0,1008.36,53.0,26.54,25.0,23.0,26.02,26.0,17.0,9.7,9.0
2021,10,RN,234.56,84941.68,0.0,1006.84,53.0,27.45,25.0,24.0,26.89,26.0,20.0,8.82,8.0
2021,11,RN,87.96,31853.13,0.0,1005.51,53.0,28.31,25.0,25.0,27.65,26.0,21.0,8.11,6.0
2021,12,RN,58.64,21235.42,0.0,1004.99,53.0,28.82,26.0,26.0,28.21,26.0,21.0,8.55,7.0
2022,1,RN,34.6,12950.46,0.0,1005.93,53.0,28.43,25.0,24.0,27.73,26.0,21.0,7.25,6.0
2022,2,RN,34.6,12950.46,0.0,1005.6,53.0,28.96,26.0,27.0,28.33,27.0,20.0,7.73,6.0
2022,3,RN,34.6,12950.46,0.0,1004.58,53.0,28.04,26.0,24.0,27.33,26.0,20.0,7.09,7.0
2022,4,RN,51.9,19425.69,0.0,1005.24,53.0,27.63,26.0,24.0,27.09,27.0,21.0,7.19,7.0
2022,5,RN,138.4,51801.84,0.0,1007.23,53.0,26.42,27.0,22.0,25.98,27.0,21.0,6.78,8.0
2022,6,RN,259.5,97128.45,148.0,1007.55,53.0,25.34,25.0,22.0,24.94,26.0,18.0,6.5,7.0
2022,7,RN,346.0,129504.6,514.0,1008.61,53.0,24.75,25.0,21.0,24.34,26.0,16.0,8.29,9.0
2022,8,RN,346.0,129504.6,153.0,1009.11,53.0,24.96,25.0,21.0,24.56,26.0,16.0,8.78,9.0
2022,9,RN,259.5,97128.45,38.0,1008.71,53.0,25.77,24.0,21.0,25.38,25.0,18.0,8.83,8.0
2022,10,RN,138.4,51801.84,27.0,1007.37,53.0,26.73,25.0,23.0,26.33,26.0,19.0,9.26,9.0
2022,11,RN,51.9,19425.69,13.0,1006.4,53.0,26.84,24.0,24.0,26.58,25.0,21.0,7.4,6.0
2022,12,RN,34.6,12950.46,0.0,1005.8,53.0,28.03,23.0,26.0,27.42,24.0,22.0,8.21,6.0
2023,1,RN,41.08,15336.24,32.0,1006.39,53.0,27.84,25.0,24.0,27.21,25.0,20.0,7.59,7.0
2023,2,RN,41.08,15336.24,62.0,1006.06,53.0,28.01,26.0,24.0,27.58,27.0,20.0,8.15,7.0
2023,3,RN,41.08,15336.24,286.0,1006.16,53.0,27.08,26.0,23.0,26.66,26.0,21.0,6.69,7.0
2023,4,RN,61.62,23004.36,170.0,1005.37,53.0,27.42,26.0,22.0,27.02,27.0,20.0,6.43,7.0
2023,5,RN,164.32,61344.96,57.0,1007.11,53.0,27.47,25.0,24.0,27.04,26.0,21.0,7.13,7.0
2023,6,RN,308.1,115021.8,153.98,1008.56,53.0,25.86,25.0,22.0,25.38,26.0,20.0,8.41,7.0
2023,7,RN,410.8,153362.4,213.02,1009.65,53.0,25.44,25.0,22.0,25.1,25.0,18.0,8.44,8.0
2023,8,RN,410.8,153362.4,133.0,1009.11,53.0,25.56,25.0,22.0,25.13,26.0,19.0,7.96,8.0
2023,9,RN,308.1,115021.8,48.0,1008.66,53.0,26.12,25.0,22.0,25.69,26.0,18.0,8.82,8.0
2023,10,RN,164.32,61344.96,0.0,1007.15,53.0,27.63,24.0,24.0,27.25,24.0,19.0,9.38,7.0
2023,11,RN,61.62,23004.36,0.0,1003.0,53.0,28.0,23.0,29.0,28.0,23.0,22.0,8.0,3.0
2023,12,RN,41.08,15336.24,0.0,1003.0,53.0,28.0,23.0,29.0,28.0,23.0,22.0,8.0,3.0
2004,12,TO,1901.3,540424.68,175.8,977.69,679.43,25.83,23.3,20.9,25.26,24.1,16.8,3.56,5.9
2005,1,TO,1684.92,544462.72,253.6,977.15,752.76,26.3,24.3,21.1,25.71,25.0,14.7,3.78,7.4
2005,2,TO,1684.92,544462.72,240.0,977.23,791.23,26.67,24.0,21.8,26.12,25.5,18.1,4.0,5.5
2005,3,TO,1684.92,544462.72,274.8,978.76,658.57,25.86,24.6,21.3,25.36,25.3,15.7,3.54,6.1
2005,4,TO,2527.38,816694.08,179.8,978.61,781.62,27.13,24.3,22.5,26.52,25.3,14.4,4.07,6.2
2005,5,TO,6739.68,2177850.88,45.4,979.34,720.3,26.7,23.2,19.9,26.1,24.1,11.6,4.71,6.5
2005,6,TO,12636.9,4083470.4,0.0,980.42,802.03,27.18,21.8,19.4,26.47,22.1,11.6,5.26,9.0
2005,7,TO,16849.2,5444627.2,0.0,981.67,804.97,26.62,19.1,18.0,25.79,19.2,4.3,5.43,9.6
2005,8,TO,16849.2,5444627.2,0.0,979.91,864.69,28.93,18.6,19.3,28.09,19.1,4.5,6.08,9.4
2005,9,TO,12636.9,4083470.4,79.6,978.44,841.78,29.94,22.6,21.3,29.18,23.1,4.3,5.39,10.2
2005,10,TO,6739.68,2177850.88,94.7,977.4,826.09,28.44,23.2,20.9,27.8,24.5,5.0,4.0,8.1
2005,11,TO,2527.38,816694.08,138.4,975.56,406.99,28.47,23.7,21.9,28.26,24.3,17.8,3.76,5.1
2005,12,TO,1684.92,544462.72,336.2,976.85,660.83,25.94,23.6,21.8,25.46,23.8,15.4,3.75,5.8
2006,1,TO,1403.52,445167.1,172.8,977.01,818.58,26.89,23.6,21.4,26.31,24.3,11.7,3.75,6.0
2006,2,TO,1403.52,445167.1,319.0,977.93,843.39,26.17,23.9,20.3,25.61,24.0,16.9,3.82,7.0
2006,3,TO,1403.52,445167.1,389.1,978.4,701.32,25.92,23.2,21.3,25.41,24.0,17.7,3.5,8.6
2006,4,TO,2105.28,667750.65,559.8,978.28,609.88,25.34,23.7,21.1,24.89,24.0,17.7,3.4,5.8
2006,5,TO,5614.08,1780668.4,101.6,980.28,580.88,26.02,23.7,20.8,25.46,24.1,10.8,3.56,7.9
2006,6,TO,10526.4,3338753.25,0.0,981.26,769.66,26.25,18.8,18.3,25.5,19.1,8.1,5.29,9.9
2006,7,TO,14035.2,4451671.0,0.0,981.42,747.87,26.68,19.9,17.0,25.84,20.2,2.0,5.16,9.5
2006,8,TO,14035.2,4451671.0,2.0,979.69,829.96,28.69,20.4,20.1,27.86,20.8,3.9,5.69,10.3
2006,9,TO,10526.4,3338753.25,193.8,978.97,833.41,28.81,22.0,21.2,28.05,22.8,4.5,4.92,8.6
2006,10,TO,5614.08,1780668.4,143.6,977.53,773.66,27.47,23.3,21.6,26.9,24.4,13.7,3.91,6.4
2006,11,TO,2105.28,667750.65,121.8,977.06,753.63,26.83,23.7,21.1,26.28,24.7,13.1,4.2,8.7
2006,12,TO,1403.52,445167.1,263.0,978.31,810.12,26.64,23.8,21.5,26.06,23.9,15.1,3.63,6.6
2007,1,TO,2176.72,714809.28,313.2,978.02,728.17,26.31,24.1,21.5,25.71,24.5,17.0,3.76,7.6
2007,2,TO,2176.72,714809.28,588.5,978.85,579.09,24.79,23.8,20.7,24.32,24.7,17.8,3.73,7.3
2007,3,TO,2176.72,714809.28,213.0,978.23,751.46,26.84,23.8,21.1,26.25,24.3,10.6,3.88,7.5
2007,4,TO,3265.08,1072213.92,81.2,978.7,632.02,26.5,23.3,21.5,25.92,23.9,14.4,3.39,8.4
2007,5,TO,8706.88,2859237.12,33.4,978.94,744.65,27.31,23.9,20.9,26.62,24.2,11.7,3.8,6.1
2007,6,TO,16325.4,5361069.6,0.0,980.73,772.6,27.08,21.5,17.1,26.28,21.8,7.2,5.34,10.3
2007,7,TO,21767.2,7148092.8,0.0,980.25,755.5,27.57,19.0,19.1,26.72,19.7,5.2,5.06,10.2
2007,8,TO,21767.2,7148092.8,0.0,979.61,845.54,29.11,19.1,19.9,28.3,19.3,1.9,7.33,11.8
2007,9,TO,16325.4,5361069.6,54.8,979.12,910.61,30.11,21.6,21.2,29.37,22.7,1.3,6.64,11.4
2007,10,TO,8706.88,2859237.12,79.0,977.0,838.08,28.77,21.9,21.2,28.08,22.8,5.2,4.43,10.7
2007,11,TO,3265.08,1072213.92,133.7,976.34,1302.75,28.57,23.3,21.0,27.88,23.6,10.6,4.81,7.8
2007,12,TO,2176.72,714809.28,130.0,977.11,731.08,26.59,24.2,21.6,26.03,24.5,14.2,3.76,8.5
2008,1,TO,1189.14,414486.62,295.8,977.45,678.2,25.7,23.4,21.1,25.16,24.4,15.7,3.45,5.7
2008,2,TO,1189.14,414486.62,292.6,978.52,655.79,25.22,23.4,21.1,24.7,24.7,16.0,3.63,7.3
2008,3,TO,1189.14,414486.62,292.8,978.39,708.67,24.95,23.1,20.6,24.42,24.1,16.7,3.27,6.6
2008,4,TO,1783.71,621729.93,223.4,977.44,648.57,25.92,23.6,21.3,25.37,24.6,16.9,3.21,4.8
2008,5,TO,4756.56,1657946.48,33.0,979.2,661.36,26.58,23.5,20.5,25.93,24.1,11.2,3.47,6.0
2008,6,TO,8918.55,3108649.65,0.0,980.58,771.48,26.36,19.4,18.5,25.54,20.0,8.6,4.26,9.2
2008,7,TO,11891.4,4144866.2,0.0,981.3,776.95,26.71,18.8,18.5,25.87,19.1,3.6,5.28,9.0
2008,8,TO,11891.4,4144866.2,0.0,978.68,831.55,29.2,18.8,20.2,28.33,18.8,4.0,5.49,8.5
2008,9,TO,8918.55,3108649.65,19.2,978.23,883.49,30.54,21.5,22.3,29.69,23.7,3.8,5.45,10.1
2008,10,TO,4756.56,1657946.48,94.2,977.59,880.45,29.7,23.6,21.1,28.98,23.7,5.0,5.16,9.7
2008,11,TO,1783.71,621729.93,304.4,977.02,655.8,26.58,23.2,20.2,26.06,24.0,15.1,3.76,7.3
2008,12,TO,1189.14,414486.62,162.6,977.25,669.27,25.76,24.3,21.1,25.24,25.2,15.7,3.72,7.1
2009,1,TO,1306.12,450835.06,168.6,978.11,783.23,26.5,23.8,20.5,25.89,24.6,14.1,3.84,6.5
2009,2,TO,1306.12,450835.06,343.4,977.91,656.2,25.43,23.7,20.9,24.89,24.1,17.5,3.78,6.0
2009,3,TO,1306.12,450835.06,167.4,977.6,672.74,26.05,23.7,21.2,25.49,25.7,15.5,3.34,7.9
2009,4,TO,1959.18,676252.59,168.2,979.03,633.62,25.84,23.7,21.4,25.35,23.9,17.9,3.16,5.2
2009,5,TO,5224.48,1803340.24,249.2,979.86,634.86,25.71,23.4,19.0,25.05,24.2,9.7,3.17,5.8
2009,6,TO,9795.9,3381262.95,54.2,980.77,714.39,26.65,22.3,19.6,25.87,22.8,11.5,4.15,7.5
2009,7,TO,13061.2,4508350.6,0.0,980.54,751.55,27.09,20.9,17.5,26.2,21.1,7.5,4.5,8.8
2009,8,TO,13061.2,4508350.6,0.4,979.42,837.49,28.99,19.5,20.9,28.13,20.2,5.4,5.19,9.5
2009,9,TO,9795.9,3381262.95,79.6,978.86,795.27,28.9,22.3,20.9,28.11,23.2,7.4,4.13,8.7
2009,10,TO,5224.48,1803340.24,216.2,977.54,702.76,26.58,23.1,21.5,25.99,24.4,16.0,3.7,8.6
2009,11,TO,1959.18,676252.59,256.8,976.85,689.31,26.73,23.4,21.5,26.12,24.5,15.9,3.77,6.1
2009,12,TO,1306.12,450835.06,249.0,978.08,708.15,25.99,23.5,20.8,25.43,24.3,14.9,3.99,7.3
2010,1,TO,1347.02,484834.38,418.0,978.23,731.38,26.19,24.3,19.9,25.6,24.4,15.2,3.73,6.0
2010,2,TO,1347.02,484834.38,204.4,977.64,741.21,27.16,24.1,21.8,26.57,24.9,17.0,3.99,6.0
2010,3,TO,1347.02,484834.38,461.8,978.18,708.78,26.63,25.1,21.4,26.04,25.3,17.8,3.91,8.1
2010,4,TO,2020.53,727251.57,69.4,978.21,712.19,27.83,25.1,21.7,27.16,25.4,11.9,3.84,8.0
2010,5,TO,5388.08,1939337.52,28.4,978.46,669.75,28.17,24.7,20.3,27.45,25.1,10.5,3.33,8.1
2010,6,TO,10102.65,3636257.85,0.2,980.81,740.58,27.63,21.6,17.8,26.84,22.0,5.2,5.07,9.5
2010,7,TO,13470.2,4848343.8,0.0,980.51,780.75,28.41,20.8,17.9,27.62,20.8,2.8,6.65,9.4
2010,8,TO,13470.2,4848343.8,0.0,980.01,844.67,29.16,17.9,20.0,28.32,18.9,0.9,6.3,9.3
2010,9,TO,10102.65,3636257.85,17.6,977.69,888.39,31.36,21.4,22.9,30.59,23.2,1.1,6.89,10.6
2010,10,TO,5388.08,1939337.52,210.4,977.28,725.45,28.05,23.0,20.8,27.45,24.1,9.3,3.76,10.3
2010,11,TO,2020.53,727251.57,183.4,976.51,720.89,26.55,23.2,21.4,25.98,24.0,15.7,3.63,6.9
2010,12,TO,1347.02,484834.38,175.6,975.93,624.22,26.23,23.6,20.7,25.73,24.5,15.7,3.49,7.0
2011,1,TO,1215.88,455644.5,313.6,977.02,649.05,25.18,23.0,20.5,24.66,23.6,16.7,3.53,5.2
2011,2,TO,1215.88,455644.5,306.4,978.06,626.76,24.86,23.5,21.2,24.32,24.3,16.6,3.54,6.2
2011,3,TO,1215.88,455644.5,341.2,977.66,660.45,25.52,23.4,21.1,25.0,23.7,18.5,3.53,6.8
2011,4,TO,1823.82,683466.75,200.8,978.31,670.41,26.29,23.8,21.5,25.69,24.6,16.4,3.6,6.8
2011,5,TO,4863.52,1822578.0,8.8,978.74,707.53,26.94,23.7,18.5,26.25,23.9,9.2,3.54,7.2
2011,6,TO,9119.1,3417333.75,0.0,979.96,762.66,26.85,20.0,18.6,26.04,20.4,9.7,4.16,9.0
2011,7,TO,12158.8,4556445.0,2.0,980.04,791.06,27.29,22.8,18.4,26.47,23.3,3.6,5.19,10.1
2011,8,TO,12158.8,4556445.0,0.0,979.42,848.99,29.53,21.1,19.5,28.61,21.1,4.3,5.04,8.3
2011,9,TO,9119.1,3417333.75,0.0,978.94,928.19,31.04,18.8,21.6,30.18,19.7,2.0,6.36,9.8
2011,10,TO,4863.52,1822578.0,907.16,977.38,341.69,26.0,22.2,22.6,25.55,22.5,10.3,7.04,6.6
2011,11,TO,1823.82,683466.75,463.74,977.12,245.55,25.54,22.6,21.9,25.31,23.2,18.3,6.83,4.8
2011,12,TO,1215.88,455644.5,239.9,977.22,725.26,26.09,23.2,21.1,25.51,24.1,13.9,3.46,5.5
2012,1,TO,1950.48,729736.98,472.7,978.33,594.43,24.59,23.3,21.3,24.09,23.6,17.7,3.49,5.5
2012,2,TO,1950.48,729736.98,239.2,977.85,679.53,25.22,23.1,20.2,24.67,23.8,15.7,3.71,6.4
2012,3,TO,1950.48,729736.98,103.0,978.23,628.24,25.66,24.1,21.0,25.09,24.3,16.5,3.08,4.8
2012,4,TO,2925.72,1094605.47,86.4,977.78,721.39,26.68,24.2,21.9,26.04,24.4,15.6,3.09,6.9
2012,5,TO,7801.92,2918947.92,62.2,979.13,723.5,26.73,23.0,20.8,26.05,23.8,12.6,3.86,9.3
2012,6,TO,14628.6,5473027.35,7.4,980.19,720.08,26.91,23.4,19.1,26.13,23.8,7.9,3.9,8.1
2012,7,TO,19504.8,7297369.8,0.0,980.11,782.32,27.36,19.8,18.4,26.47,19.9,5.7,4.68,7.9
2012,8,TO,19504.8,7297369.8,0.0,980.97,844.97,28.65,17.2,19.5,27.81,17.6,1.7,7.34,10.7
2012,9,TO,14628.6,5473027.35,0.0,979.31,811.95,30.41,20.3,22.5,29.61,20.5,1.9,5.68,10.7
2012,10,TO,7801.92,2918947.92,0.0,979.34,1796.63,32.98,22.3,24.8,30.74,22.5,8.3,7.33,5.2
2012,11,TO,2925.72,1094605.47,250.0,977.32,686.4,26.8,23.8,21.8,26.25,24.2,15.0,3.86,5.7
2012,12,TO,1950.48,729736.98,214.5,977.16,804.67,27.08,23.9,21.6,26.27,24.0,15.2,3.7,7.4
2013,1,TO,2015.72,782543.5,190.3,978.6,700.36,26.11,24.0,21.9,25.5,24.7,17.2,3.63,4.9
2013,2,TO,2015.72,782543.5,185.3,977.51,752.4,26.28,24.1,21.6,25.6,24.5,15.8,3.61,6.2
2013,3,TO,2015.72,782543.5,619.1,978.35,678.79,26.18,24.1,21.6,25.59,25.2,17.3,3.31,4.9
2013,4,TO,3023.58,1173815.25,56.2,978.91,703.4,26.98,24.9,22.5,26.27,26.1,16.9,3.13,4.8
2013,5,TO,8062.88,3130174.0,22.4,979.36,704.72,27.44,23.1,21.3,26.64,23.3,14.5,3.3,5.5
2013,6,TO,15117.9,5869076.25,22.8,979.87,828.93,27.37,22.6,20.1,26.56,23.1,10.5,4.1,8.3
2013,7,TO,20157.2,7825435.0,0.0,980.59,766.55,28.04,19.6,18.5,27.2,20.0,7.2,4.85,9.4
2013,8,TO,20157.2,7825435.0,0.0,979.21,799.71,29.23,19.7,19.7,28.33,19.8,3.2,5.54,8.7
2013,9,TO,15117.9,5869076.25,10.8,978.38,854.26,30.52,21.9,22.7,29.74,22.5,6.2,5.43,8.4
2013,10,TO,8062.88,3130174.0,124.4,978.0,752.11,28.45,22.6,20.8,27.8,23.3,9.4,4.39,7.9
2013,11,TO,3023.58,1173815.25,235.8,976.89,723.71,26.34,23.2,19.8,25.71,23.8,13.9,3.74,6.2
2013,12,TO,2015.72,782543.5,500.8,977.55,586.42,25.37,24.0,20.8,24.9,25.1,15.4,3.67,6.4
2014,1,TO,2723.0,1080652.76,279.8,978.71,682.91,24.99,23.0,20.4,24.44,23.9,15.4,3.4,6.2
2014,2,TO,2723.0,1080652.76,276.4,977.92,588.13,24.46,23.8,20.9,23.98,23.9,17.5,3.26,6.8
2014,3,TO,2723.0,1080652.76,171.4,978.49,828.12,25.56,29.3,20.6,24.93,33.6,17.4,3.16,4.7
2014,4,TO,4084.5,1620979.14,173.6,978.95,692.87,26.43,25.1,21.6,25.81,25.3,14.9,3.31,6.0
2014,5,TO,10892.0,4322611.04,48.8,979.16,696.63,27.28,24.1,20.5,26.57,25.0,15.3,3.14,4.4
2014,6,TO,20422.5,8104895.7,0.0,980.27,774.04,27.08,22.4,19.2,26.33,23.4,11.0,4.28,8.4
2014,7,TO,27230.0,10806527.6,0.0,981.82,785.93,27.77,19.6,18.5,26.93,19.7,8.9,5.39,9.8
2014,8,TO,27230.0,10806527.6,0.0,980.36,827.22,28.98,21.3,20.4,28.08,21.3,5.5,5.51,9.8
2014,9,TO,20422.5,8104895.7,73.2,978.84,839.85,29.41,23.2,21.8,28.63,24.2,6.7,4.54,9.2
2014,10,TO,10892.0,4322611.04,158.4,978.29,843.8,28.57,23.7,22.0,27.89,24.0,0.6,4.71,9.2
2014,11,TO,4084.5,1620979.14,165.2,977.55,721.98,26.96,23.9,21.6,26.39,25.5,12.8,3.49,9.0
2014,12,TO,2723.0,1080652.76,251.4,978.31,678.86,26.3,24.4,21.2,25.74,25.3,15.0,3.66,6.4
2015,1,TO,2659.76,1091985.42,126.6,979.11,741.86,26.15,24.6,20.5,25.53,25.3,14.6,3.46,4.9
2015,2,TO,2659.76,1091985.42,192.8,979.04,724.18,25.73,25.1,20.9,25.14,25.6,16.8,3.86,6.3
2015,3,TO,2659.76,1091985.42,142.8,978.77,651.79,25.92,25.2,20.4,25.36,26.0,18.8,3.34,5.1
2015,4,TO,3989.64,1637978.13,295.8,979.05,629.52,26.07,25.5,20.9,25.52,25.7,18.0,3.01,7.4
2015,5,TO,10639.04,4367941.68,71.8,979.8,709.4,27.14,23.9,21.1,26.52,25.0,15.9,4.05,7.5
2015,6,TO,19948.2,8189890.65,0.0,981.26,770.84,27.6,22.0,18.5,26.82,22.0,8.4,5.08,9.9
2015,7,TO,26597.6,10919854.2,0.0,980.88,747.16,27.96,22.5,19.4,27.12,22.8,7.4,5.24,7.9
2015,8,TO,26597.6,10919854.2,0.2,979.94,856.73,29.51,21.8,19.3,28.63,22.0,4.1,5.81,9.2
2015,9,TO,19948.2,8189890.65,75.2,978.14,834.12,30.48,23.3,21.5,29.7,23.6,2.7,4.34,8.5
2015,10,TO,10639.04,4367941.68,123.0,977.85,840.78,29.78,23.8,21.2,29.08,24.3,4.4,4.07,10.9
2015,11,TO,3989.64,1637978.13,6.8,977.48,1313.82,33.1,23.2,21.8,31.8,23.6,14.21,2.94,3.3
2015,12,TO,2659.76,1091985.42,2830.54,978.2,779.86,27.07,24.4,21.8,26.63,25.7,13.8,6.41,3.3
2016,1,TO,3005.8,1350667.14,13721.26,979.06,270.68,24.08,23.6,22.6,23.92,24.3,16.2,5.88,6.7
2016,2,TO,3005.8,1350667.14,5.2,978.38,952.11,29.41,23.9,22.6,28.69,24.4,13.6,4.27,6.0
2016,3,TO,3005.8,1350667.14,181.8,979.28,650.48,27.35,25.2,22.3,26.83,26.3,16.4,3.27,4.5
2016,4,TO,4508.7,2026000.71,71.2,978.34,736.79,28.13,25.0,21.9,27.49,25.3,13.8,3.52,5.5
2016,5,TO,12023.2,5402668.56,0.4,980.01,753.35,28.54,24.1,21.3,27.78,24.6,11.5,3.34,6.7
2016,6,TO,22543.5,10130003.55,17.8,981.51,753.97,28.0,23.6,19.8,27.27,24.0,8.4,5.03,9.1
2016,7,TO,30058.0,13506671.4,0.0,980.88,828.93,28.4,19.7,19.5,27.53,20.0,5.4,5.67,9.6
2016,8,TO,30058.0,13506671.4,0.0,979.67,868.73,30.26,18.4,20.7,29.42,19.0,3.9,5.57,9.0
2016,9,TO,22543.5,10130003.55,88.2,979.1,786.45,29.76,23.6,21.3,29.07,23.8,3.4,5.09,8.9
2016,10,TO,12023.2,5402668.56,35.4,977.45,856.24,29.07,23.7,22.1,28.36,24.9,6.8,4.64,7.8
2016,11,TO,4508.7,2026000.71,138.6,976.86,740.19,28.0,24.6,21.4,27.36,24.7,9.8,3.64,5.4
2016,12,TO,3005.8,1350667.14,24.8,977.73,763.66,26.83,23.7,21.0,26.25,24.7,15.5,3.52,6.5
2017,1,TO,3997.78,1943309.8,405.8,978.38,675.14,25.73,24.3,20.8,25.15,25.7,16.7,3.13,6.8
2017,2,TO,3997.78,1943309.8,270.2,978.62,659.59,25.46,24.0,21.5,24.95,24.5,17.3,3.71,7.0
2017,3,TO,3997.78,1943309.8,204.8,978.47,691.88,26.13,24.7,21.1,25.54,25.3,16.9,3.13,7.0
2017,4,TO,5996.67,2914964.7,163.4,978.66,714.52,26.74,24.9,21.1,26.12,25.2,15.5,3.12,7.0
2017,5,TO,15991.12,7773239.2,18.4,979.26,758.65,27.78,23.6,21.3,27.07,24.4,14.4,3.43,6.8
2017,6,TO,29983.35,14574823.5,0.0,980.46,758.08,27.33,23.6,18.8,26.51,23.7,8.7,4.65,8.8
2017,7,TO,39977.8,19433098.0,0.0,982.89,846.69,26.91,18.4,17.9,26.13,18.5,1.8,7.09,9.9
2017,8,TO,39977.8,19433098.0,0.0,979.47,934.17,29.6,19.3,17.9,28.65,20.1,1.2,4.99,10.6
2017,9,TO,29983.35,14574823.5,0.0,979.18,975.79,31.76,18.3,24.9,31.03,18.9,0.4,8.49,9.9
2017,10,TO,15991.12,7773239.2,36.6,976.91,861.93,31.05,22.7,21.7,30.32,24.3,4.2,4.93,8.2
2017,11,TO,5996.67,2914964.7,174.6,977.03,701.93,27.24,23.9,21.5,26.65,24.4,14.4,3.99,8.8
2017,12,TO,3997.78,1943309.8,350.8,977.68,688.3,25.84,24.9,20.9,25.28,26.3,16.3,3.66,7.5
2018,1,TO,2506.5,1203651.58,288.8,978.19,779.7,25.95,24.0,20.6,25.32,25.2,13.2,3.54,5.1
2018,2,TO,2506.5,1203651.58,329.2,978.26,659.61,25.46,24.8,19.9,24.93,25.1,18.3,3.37,6.7
2018,3,TO,2506.5,1203651.58,162.6,978.36,699.25,26.17,24.6,20.9,25.6,26.5,18.6,3.38,4.7
2018,4,TO,3759.75,1805477.37,247.6,979.34,715.13,26.25,23.9,20.7,25.67,24.8,16.4,3.24,4.8
2018,5,TO,10026.0,4814606.32,0.4,979.96,748.96,27.6,22.8,21.2,26.87,23.4,11.7,3.86,8.1
2018,6,TO,18798.75,9027386.85,0.0,981.26,773.67,27.15,20.9,17.9,26.27,21.4,7.2,4.38,7.6
2018,7,TO,25065.0,12036515.8,0.0,981.04,830.68,27.15,18.9,18.4,26.2,19.0,6.1,4.4,6.7
2018,8,TO,25065.0,12036515.8,2.6,980.41,872.56,29.44,22.1,20.0,28.62,23.1,4.9,5.3,8.9
2018,9,TO,18798.75,9027386.85,38.0,977.72,849.09,30.05,23.9,22.0,29.29,24.8,5.6,4.23,7.5
2018,10,TO,10026.0,4814606.32,179.0,977.71,728.24,27.33,24.4,21.1,26.67,24.9,15.1,3.37,7.2
2018,11,TO,3759.75,1805477.37,387.6,977.4,665.57,26.61,24.2,21.9,26.02,25.4,14.7,3.58,9.1
2018,12,TO,2506.5,1203651.58,264.6,979.14,686.85,26.42,23.5,21.2,25.84,24.4,14.2,3.79,5.7
2019,1,TO,1945.52,919774.64,183.8,979.52,729.33,26.15,25.6,20.7,25.52,25.6,16.0,3.57,8.7
2019,2,TO,1945.52,919774.64,271.8,978.87,693.29,25.82,24.5,20.7,25.23,25.3,16.5,3.55,8.2
2019,3,TO,1945.52,919774.64,265.2,979.27,664.49,25.95,24.9,20.9,25.39,25.7,17.4,3.32,6.5
2019,4,TO,2918.28,1379661.96,220.6,978.99,726.47,26.73,25.2,22.2,26.12,25.8,16.7,3.02,6.6
2019,5,TO,7782.08,3679098.56,81.8,978.91,727.47,27.57,24.6,20.6,26.85,26.0,13.2,2.88,4.6
2019,6,TO,14591.4,6898309.8,1.2,981.22,776.5,27.56,22.6,18.4,26.76,24.2,8.8,5.11,7.9
2019,7,TO,19455.2,9197746.4,0.0,981.1,781.04,27.59,20.5,19.0,26.76,20.9,3.7,5.29,8.9
2019,8,TO,19455.2,9197746.4,0.0,981.41,906.66,29.44,18.7,20.0,28.58,19.1,1.7,6.43,12.2
2019,9,TO,14591.4,6898309.8,6.8,978.62,894.69,30.89,21.7,21.6,30.0,22.0,4.1,4.98,10.0
2019,10,TO,7782.08,3679098.56,94.2,977.89,711.49,27.29,24.2,21.9,26.63,24.3,12.2,3.54,8.1
2019,11,TO,2918.28,1379661.96,107.6,977.0,706.45,27.11,24.2,21.9,26.48,24.5,15.6,3.48,9.0
2019,12,TO,1945.52,919774.64,128.0,978.34,2275.63,28.23,23.9,22.0,27.63,24.4,18.3,3.47,5.3
2020,1,TO,1898.44,944387.7,414.4,978.82,3096.9,26.24,24.7,21.8,25.67,25.8,15.4,3.64,6.8
2020,2,TO,1898.44,944387.7,210.2,979.09,3096.9,26.58,24.7,21.6,26.04,25.8,16.6,3.42,5.9
2020,3,TO,1898.44,944387.7,176.1,978.8,3096.9,26.38,24.4,22.1,25.87,25.0,18.9,3.2,5.6
2020,4,TO,2847.66,1416581.55,323.0,979.42,3096.9,26.95,24.8,22.3,26.37,25.3,15.8,3.53,5.9
2020,5,TO,7593.76,3777550.8,88.4,980.29,3096.9,27.52,24.8,20.9,26.87,25.3,15.2,3.84,7.3
2020,6,TO,14238.3,7082907.75,0.0,980.7,3096.9,27.5,22.2,20.3,26.79,23.3,7.1,4.76,7.2
2020,7,TO,18984.4,9443877.0,0.0,980.39,3096.9,27.43,19.4,18.2,26.63,20.2,1.9,5.7,8.3
2020,8,TO,18984.4,9443877.0,0.0,979.53,3096.9,29.22,19.9,19.3,28.37,20.4,3.5,5.9,8.8
2020,9,TO,14238.3,7082907.75,1.0,978.29,3096.9,31.28,21.9,21.9,30.49,23.0,1.0,6.03,9.1
2020,10,TO,7593.76,3777550.8,134.0,977.12,3096.9,29.47,24.3,21.4,28.74,24.8,4.6,3.76,7.4
2020,11,TO,2847.66,1416581.55,90.9,977.46,3096.9,27.99,23.9,21.8,27.42,24.1,12.4,4.31,8.0
2020,12,TO,1898.44,944387.7,194.9,977.48,3096.9,27.29,24.0,21.0,26.65,25.0,12.3,3.81,8.7
2021,1,TO,1719.5,897856.0,469.1,977.53,3096.9,26.31,24.0,21.1,25.64,25.1,16.0,3.72,6.1
2021,2,TO,1719.5,897856.0,412.6,978.0,3096.9,25.36,24.2,21.7,24.88,24.8,18.1,3.53,5.5
2021,3,TO,1719.5,897856.0,380.5,978.25,3096.9,26.0,24.8,21.5,25.43,24.8,17.5,2.93,6.9
2021,4,TO,2579.25,1346784.0,144.8,978.37,3096.9,26.46,24.3,21.2,25.91,24.6,17.5,3.14,5.8
2021,5,TO,6878.0,3591424.0,5.4,979.77,3096.9,27.18,23.3,19.6,26.46,24.6,11.1,2.99,5.5
2021,6,TO,12896.25,6733920.0,0.0,980.15,3096.9,27.17,21.1,17.9,26.36,21.4,8.4,3.46,7.6
2021,7,TO,17195.0,8978560.0,0.0,981.25,3096.9,27.22,19.8,18.8,26.35,19.9,5.8,4.63,8.7
2021,8,TO,17195.0,8978560.0,3.2,979.89,3096.9,29.35,20.0,20.3,28.51,20.1,1.4,6.15,9.5
2021,9,TO,12896.25,6733920.0,32.1,978.48,3096.9,30.0,22.8,22.6,29.24,23.5,6.2,4.01,6.7
2021,10,TO,6878.0,3591424.0,135.6,977.7,3096.9,27.83,23.4,22.0,27.2,25.4,14.0,3.77,7.4
2021,11,TO,2579.25,1346784.0,0.0,977.68,3096.9,26.45,20.71,26.41,26.45,21.2,20.03,3.83,0.48
2021,12,TO,1719.5,897856.0,0.0,977.83,3096.9,24.36,21.1,23.6,24.36,21.3,20.56,2.62,0.25
2022,1,TO,2104.04,1094716.02,226.4,978.48,3096.9,25.83,23.3,20.8,25.29,24.4,15.7,3.5,6.7
2022,2,TO,2104.04,1094716.02,335.8,977.91,3096.9,26.28,24.7,21.1,25.7,25.2,17.6,3.18,4.9
2022,3,TO,2104.04,1094716.02,425.8,977.86,3096.9,25.74,24.3,21.5,25.2,25.2,17.3,3.2,4.8
2022,4,TO,3156.06,1642074.03,98.8,978.01,3096.9,27.44,24.6,22.4,26.82,25.5,14.7,3.3,5.6
2022,5,TO,8416.16,4378864.08,50.13,979.97,3096.9,27.43,23.3,22.2,26.81,23.5,14.13,2.9,4.1
2022,6,TO,15780.3,8210370.15,203.91,980.64,3096.9,31.26,14.4,29.28,30.92,16.26,10.77,5.04,2.48
2022,7,TO,21040.4,10947160.2,6.36,980.52,3096.9,27.92,18.1,18.3,27.15,18.5,5.3,5.41,9.0
2022,8,TO,21040.4,10947160.2,0.0,979.51,3096.9,29.65,19.7,20.6,28.87,20.0,4.8,5.99,8.9
2022,9,TO,15780.3,8210370.15,31.0,978.23,3096.9,30.44,22.1,22.5,29.65,22.4,2.6,4.87,10.9
2022,10,TO,8416.16,4378864.08,92.2,977.83,3096.9,29.65,23.9,22.2,28.98,24.2,6.7,3.86,6.1
2022,11,TO,3156.06,1642074.03,304.7,980.1,3096.9,26.18,24.3,20.5,25.67,25.0,2.0,4.23,6.9
2022,12,TO,2104.04,1094716.02,298.3,979.97,3096.9,25.88,23.5,21.7,25.38,24.4,17.5,3.52,6.7
2023,1,TO,2545.68,1353616.18,8946.45,980.22,3096.9,23.98,24.1,20.9,23.49,24.5,16.4,9.06,7.7
2023,2,TO,2545.68,1353616.18,4186.25,979.32,3096.9,28.65,23.9,21.6,27.67,24.3,17.0,7.2,5.2
2023,3,TO,2545.68,1353616.18,382.2,981.14,3096.9,25.77,25.1,21.4,25.25,25.4,15.0,3.46,6.5
2023,4,TO,3818.52,2030424.27,123.8,980.48,3096.9,26.68,25.4,22.0,26.1,25.4,15.4,3.53,5.2
2023,5,TO,10182.72,5414464.72,41.2,981.79,3096.9,27.5,24.8,21.7,26.82,25.0,10.7,3.91,5.3
2023,6,TO,19092.6,10152121.35,0.0,983.26,3096.9,27.41,20.9,18.8,26.64,21.1,8.4,4.33,6.3
2023,7,TO,25456.8,13536161.8,0.0,983.41,3096.9,27.48,18.6,18.7,26.63,20.3,5.7,5.0,7.5
2023,8,TO,25456.8,13536161.8,23.8,981.81,3096.9,28.6,22.0,20.1,27.8,22.2,6.2,4.92,9.9
2023,9,TO,19092.6,10152121.35,24.0,980.42,3096.9,30.11,22.7,22.0,29.3,23.0,7.1,4.79,7.1
2023,10,TO,10182.72,5414464.72,70.5,979.35,3096.9,29.02,23.2,22.3,28.3,23.6,8.0,4.26,7.1
2023,11,TO,3818.52,2030424.27,80.3,979.48,3096.9,28.11,23.8,21.0,27.44,23.9,14.3,4.14,9.5
2023,12,TO,2545.68,1353616.18,117.9,979.61,3096.9,28.04,24.2,21.0,27.41,24.3,13.9,4.06,7.5
2001,1,RS,517.94,136832.08,162.8,1006.5,22.4,26.57,23.6,17.7,26.06,24.1,6.5,5.12,7.5
2001,2,RS,517.94,136832.08,95.0,1006.56,22.4,25.69,24.3,20.3,25.26,24.9,15.8,5.1,6.1
2001,3,RS,517.94,136832.08,123.2,1007.54,22.4,24.98,23.7,16.5,24.52,24.0,12.0,4.47,5.5
2001,4,RS,776.91,205248.12,275.6,1010.35,22.4,21.04,22.2,12.1,20.64,22.5,8.2,4.22,5.1
2001,5,RS,2071.76,547328.32,36.2,1011.36,22.4,16.92,21.4,11.1,16.53,21.5,5.1,4.36,5.0
2001,6,RS,3884.55,1026240.6,105.8,1013.92,22.4,16.14,18.9,3.2,16.38,18.5,0.9,4.08,13.3
2001,7,RS,5179.4,1368320.8,301.6,1013.07,22.4,15.3,18.1,3.0,14.96,18.2,0.5,4.34,6.3
2001,8,RS,5179.4,1368320.8,24.1,1014.88,22.4,18.76,18.8,9.5,18.23,18.9,6.0,3.9,5.4
2001,9,RS,3884.55,1026240.6,112.4,1012.13,22.4,17.8,19.7,7.6,17.36,20.0,0.0,6.15,6.1
2001,10,RS,2071.76,547328.32,49.0,1008.11,22.4,21.21,21.4,12.4,20.74,22.3,2.0,5.9,7.6
2001,11,RS,776.91,205248.12,95.2,1007.31,22.4,21.59,21.2,13.3,21.07,21.8,6.1,5.77,7.7
2001,12,RS,517.94,136832.08,84.2,1006.31,22.4,22.7,22.2,14.7,22.19,22.6,8.2,5.65,5.2
2002,1,RS,437.54,123521.52,67.0,1005.81,22.4,24.78,23.0,16.9,24.24,23.1,9.2,5.26,6.1
2002,2,RS,437.54,123521.52,70.2,1007.27,22.4,23.7,22.5,16.6,23.14,22.7,8.0,5.0,6.1
2002,3,RS,437.54,123521.52,136.7,1006.98,22.4,25.75,23.3,18.6,25.32,24.0,15.2,4.81,6.3
2002,4,RS,656.31,185282.28,117.5,1009.57,22.4,20.81,22.4,11.3,20.4,23.6,4.6,5.04,5.3
2002,5,RS,1750.16,494086.08,148.7,1011.21,22.4,19.32,19.4,11.6,18.82,19.8,9.1,3.77,10.3
2002,6,RS,3281.55,926411.4,132.3,1014.58,22.4,15.01,18.5,3.8,14.59,19.2,0.4,4.26,5.7
2002,7,RS,4375.4,1235215.2,158.1,1014.41,22.4,14.21,17.6,5.1,13.78,18.2,2.2,4.1,6.9
2002,8,RS,4375.4,1235215.2,138.4,1012.25,22.4,16.63,21.6,7.2,16.2,21.6,0.0,4.41,5.9
2002,9,RS,3281.55,926411.4,165.4,1011.78,22.4,15.61,18.7,6.0,15.14,19.0,0.6,4.91,5.5
2002,10,RS,1750.16,494086.08,154.7,1007.73,22.4,20.72,22.1,9.2,20.31,22.6,1.3,5.29,7.1
2002,11,RS,656.31,185282.28,79.1,1007.08,22.4,22.32,22.8,13.8,21.78,23.6,3.2,6.15,8.2
2002,12,RS,437.54,123521.52,112.5,1007.3,22.4,23.36,23.8,16.0,22.83,24.7,7.6,5.31,5.9
2003,1,RS,588.12,171266.46,117.4,1005.91,22.4,24.93,22.6,17.0,24.38,22.9,3.8,4.94,5.0
2003,2,RS,588.12,171266.46,175.0,1006.42,22.4,25.57,24.3,16.5,25.05,24.5,7.6,4.29,4.8
2003,3,RS,588.12,171266.46,132.7,1008.95,22.4,23.5,24.3,15.4,23.02,24.9,10.3,4.52,5.3
2003,4,RS,882.18,256899.69,86.2,1010.69,22.4,20.5,21.6,11.0,20.1,22.2,1.9,4.62,6.0
2003,5,RS,2352.48,685065.84,27.7,1011.54,22.4,17.58,19.3,8.1,17.16,19.6,5.6,5.06,6.3
2003,6,RS,4410.9,1284498.45,110.2,1012.21,22.4,16.93,17.8,10.1,16.54,18.7,6.1,4.14,5.8
2003,7,RS,5881.2,1712664.6,149.9,1015.26,22.4,14.63,17.0,3.3,14.36,17.2,0.0,4.12,5.7
2003,8,RS,5881.2,1712664.6,62.8,1015.69,22.4,14.19,16.9,3.8,13.67,17.3,0.2,4.39,5.4
2003,9,RS,4410.9,1284498.45,47.6,1013.5,22.4,16.02,19.1,6.4,15.57,19.4,0.0,5.07,6.4
2003,10,RS,2352.48,685065.84,249.0,1011.1,22.4,19.74,21.4,8.8,19.27,22.0,2.0,5.26,9.5
2003,11,RS,882.18,256899.69,91.8,1006.52,22.4,21.97,21.5,10.3,21.46,22.3,2.3,5.64,7.1
2003,12,RS,588.12,171266.46,165.6,1006.29,22.4,22.75,21.5,13.2,22.29,21.9,3.9,5.84,6.5
2004,1,RS,607.18,181294.58,54.8,1006.16,22.4,24.51,22.6,15.5,23.98,23.8,7.3,5.29,7.5
2004,2,RS,607.18,181294.58,86.6,1008.58,22.4,23.59,22.9,16.8,23.04,23.3,8.0,4.7,5.0
2004,3,RS,607.18,181294.58,29.1,1009.53,22.4,23.06,21.5,15.8,22.53,22.1,0.8,5.48,5.5
2004,4,RS,910.77,271941.87,36.3,1009.7,22.4,21.64,21.3,11.7,21.22,21.4,2.8,4.67,5.5
2004,5,RS,2428.72,725178.32,104.4,1013.78,22.4,16.39,17.7,7.3,15.88,18.2,4.1,4.88,4.9
2004,6,RS,4553.85,1359709.35,98.2,1014.34,22.4,15.86,18.5,3.3,15.43,18.7,0.0,3.52,4.9
2004,7,RS,6071.8,1812945.8,145.5,1015.25,22.4,13.86,19.2,3.4,13.41,20.1,0.2,4.28,5.6
2004,8,RS,6071.8,1812945.8,63.6,1015.15,22.4,15.34,18.2,5.7,14.85,18.6,1.0,3.65,4.7
2004,9,RS,4553.85,1359709.35,113.0,1011.71,22.4,18.41,20.9,8.5,18.11,21.0,3.4,5.25,5.5
2004,10,RS,2428.72,725178.32,77.0,1009.87,22.4,18.64,19.9,9.8,18.09,20.0,1.8,5.03,5.5
2004,11,RS,910.77,271941.87,122.4,1007.34,22.4,20.77,22.0,10.9,20.26,22.2,6.2,5.02,5.1
2004,12,RS,607.18,181294.58,22.9,1007.73,22.4,22.9,21.7,16.0,22.34,22.6,7.2,6.21,6.0
2005,1,RS,601.98,200409.22,28.4,1005.45,22.4,25.64,23.5,15.4,25.06,24.1,4.3,5.39,5.3
2005,2,RS,601.98,200409.22,40.6,1007.41,22.4,24.4,22.5,17.9,23.86,22.6,5.8,5.65,5.1
2005,3,RS,601.98,200409.22,98.6,1008.6,22.4,23.64,21.9,16.3,23.12,22.1,7.4,5.03,5.2
2005,4,RS,902.97,300613.83,72.8,1011.04,22.4,19.98,22.4,11.2,19.55,23.1,4.0,3.99,5.7
2005,5,RS,2407.92,801636.88,116.7,1010.34,22.4,18.47,20.2,9.3,18.05,21.2,7.3,3.65,4.0
2005,6,RS,4514.85,1503069.15,36.3,1012.57,22.4,18.2,20.1,7.0,17.78,20.2,3.5,3.22,3.9
2005,7,RS,6019.8,2004092.2,57.2,1015.86,22.4,14.98,18.9,2.4,14.48,19.0,0.0,4.03,5.5
2005,8,RS,6019.8,2004092.2,177.4,1012.62,22.4,16.79,18.1,7.1,16.33,18.4,2.2,4.97,6.2
2005,9,RS,4514.85,1503069.15,136.9,1014.32,22.4,15.41,17.8,5.6,14.99,18.2,1.0,5.93,6.9
2005,10,RS,2407.92,801636.88,261.9,1010.02,22.4,18.88,21.5,9.9,18.45,21.8,4.7,5.58,8.1
2005,11,RS,902.97,300613.83,74.2,1008.36,22.4,22.03,21.4,9.0,21.45,22.2,0.1,5.41,5.9
2005,12,RS,601.98,200409.22,58.8,1007.25,22.4,22.81,20.6,13.1,22.2,21.9,6.3,5.8,5.9
2006,1,RS,510.72,176695.6,154.8,1006.96,22.4,25.33,24.2,17.9,24.8,25.5,10.8,4.91,6.4
2006,2,RS,510.72,176695.6,86.9,1005.99,22.4,24.25,24.2,17.7,23.72,24.5,10.1,5.04,4.5
2006,3,RS,510.72,176695.6,78.0,1007.4,22.4,23.65,24.9,14.2,23.18,26.7,9.7,4.78,4.4
2006,4,RS,766.08,265043.4,18.2,1010.07,22.4,20.16,22.6,11.4,19.78,23.6,4.1,3.89,3.9
2006,5,RS,2042.88,706782.4,173.4,1015.08,22.4,15.41,19.5,6.3,15.06,19.9,2.0,4.5,4.7
2006,6,RS,3830.4,1325217.0,67.0,1014.15,22.4,15.76,21.6,6.8,15.37,21.7,3.9,4.0,6.2
2006,7,RS,5107.2,1766956.0,68.0,1012.82,22.4,16.93,20.3,4.7,16.55,20.7,0.2,4.0,5.8
2006,8,RS,5107.2,1766956.0,63.0,1012.26,22.4,14.98,20.1,3.1,14.62,20.5,0.0,4.58,5.2
2006,9,RS,3830.4,1325217.0,99.4,1012.07,22.4,15.92,19.3,4.0,15.43,19.5,0.0,5.24,7.4
2006,10,RS,2042.88,706782.4,39.2,1009.48,22.4,20.34,21.0,12.1,19.84,21.4,6.7,5.54,5.0
2006,11,RS,766.08,265043.4,116.5,1008.95,22.4,20.76,20.6,10.5,20.28,21.1,1.1,6.24,5.8
2006,12,RS,510.72,176695.6,129.1,1006.31,22.4,24.92,24.1,16.9,24.32,24.9,9.3,5.3,5.0
2007,1,RS,526.72,198252.26,88.8,1005.57,22.4,24.99,23.6,15.5,24.44,24.3,5.7,5.11,5.3
2007,2,RS,526.72,198252.26,145.3,1007.2,22.4,24.81,23.9,17.3,24.25,24.5,6.6,5.18,5.0
2007,3,RS,526.72,198252.26,110.2,1007.86,22.4,24.81,24.4,18.8,24.35,25.1,11.8,4.79,5.4
2007,4,RS,790.08,297378.39,37.0,1010.74,22.4,21.99,22.3,10.2,21.52,23.1,6.1,4.01,5.2
2007,5,RS,2106.88,793009.04,137.8,1013.59,22.4,15.11,19.5,3.3,14.69,19.8,0.0,4.15,4.6
2007,6,RS,3950.4,1486891.95,246.6,1011.91,22.4,14.28,18.3,4.4,13.9,18.5,0.0,3.99,4.4
2007,7,RS,5267.2,1982522.6,177.9,1013.41,22.4,12.2,18.1,2.0,11.74,18.1,0.0,4.68,5.1
2007,8,RS,5267.2,1982522.6,150.0,1014.52,22.4,14.13,19.2,4.5,13.69,19.3,0.8,5.72,6.2
2007,9,RS,3950.4,1486891.95,172.6,1013.21,22.4,19.0,20.7,9.8,18.55,20.8,0.9,4.95,6.8
2007,10,RS,2106.88,793009.04,70.0,1009.05,22.4,20.58,22.2,12.2,20.13,22.8,5.4,5.6,5.8
2007,11,RS,790.08,297378.39,84.8,1007.92,22.4,20.35,19.8,10.2,19.77,20.9,0.1,5.25,5.2
2007,12,RS,526.72,198252.26,85.6,1006.18,22.4,23.83,23.2,14.3,23.25,23.7,8.4,5.27,5.3
2008,1,RS,491.76,177106.54,120.4,1007.78,22.4,24.43,22.3,16.1,23.71,22.7,8.4,5.52,6.7
2008,2,RS,491.76,177106.54,92.2,1007.29,22.4,23.72,22.0,14.8,23.21,22.4,9.9,5.23,4.7
2008,3,RS,491.76,177106.54,49.2,1008.23,22.4,23.6,22.0,16.7,23.09,22.2,11.7,4.82,4.3
2008,4,RS,737.64,265659.81,121.2,1008.05,22.4,19.7,19.2,7.5,19.23,20.2,1.0,3.8,5.1
2008,5,RS,1967.04,708426.16,492.6,1011.63,22.4,16.76,19.8,4.0,16.29,20.1,1.7,4.09,6.7
2008,6,RS,3688.2,1328299.05,129.0,1013.18,22.4,12.84,16.8,2.9,12.46,17.0,0.1,3.99,6.3
2008,7,RS,4917.6,1771065.4,140.8,1013.2,22.4,16.17,17.2,7.2,15.76,18.4,5.1,3.83,6.1
2008,8,RS,4917.6,1771065.4,123.4,1011.15,22.4,15.32,19.2,4.5,14.88,19.3,0.5,4.82,6.1
2008,9,RS,3688.2,1328299.05,157.6,1012.82,22.4,15.75,17.7,7.8,15.29,18.6,2.5,5.78,6.2
2008,10,RS,1967.04,708426.16,223.2,1010.66,22.4,19.0,19.9,8.0,18.57,20.4,2.8,5.53,5.1
2008,11,RS,737.64,265659.81,30.0,1008.71,22.4,21.66,20.6,13.1,21.11,21.1,7.6,6.05,5.2
2008,12,RS,491.76,177106.54,113.4,1006.26,22.4,22.84,22.2,13.5,22.26,22.6,6.4,5.7,5.4
2009,1,RS,361.48,134280.7,173.3,1006.71,22.4,23.2,22.4,15.1,22.69,22.5,9.8,5.61,5.4
2009,2,RS,361.48,134280.7,107.4,1006.12,22.4,24.38,23.4,16.4,23.89,24.2,9.7,4.98,6.0
2009,3,RS,361.48,134280.7,72.0,1006.56,22.4,23.35,24.4,14.5,22.86,24.7,10.6,4.91,5.6
2009,4,RS,542.22,201421.05,30.0,1010.79,22.4,20.73,20.8,11.7,20.2,21.4,3.3,4.04,3.7
2009,5,RS,1445.92,537122.8,107.4,1010.26,22.4,17.66,19.4,7.6,17.2,20.2,3.1,3.57,5.7
2009,6,RS,2711.1,1007105.25,56.8,1013.34,22.4,13.25,18.2,4.4,12.81,18.4,1.1,3.88,5.2
2009,7,RS,3614.8,1342807.0,57.6,1013.55,22.4,11.88,16.5,0.7,11.45,16.7,0.0,4.03,5.8
2009,8,RS,3614.8,1342807.0,270.8,1011.4,22.4,16.38,16.7,5.5,15.87,17.4,3.0,4.54,5.5
2009,9,RS,2711.1,1007105.25,299.6,1010.51,22.4,16.75,18.9,8.5,16.38,19.8,0.0,5.67,6.3
2009,10,RS,1445.92,537122.8,121.4,1008.57,22.4,18.66,20.0,10.5,18.14,21.3,4.1,5.33,8.9
2009,11,RS,542.22,201421.05,293.0,1003.54,22.4,22.9,23.8,16.3,22.48,24.2,11.3,5.41,8.3
2009,12,RS,361.48,134280.7,148.8,1005.59,22.4,23.51,24.1,13.4,23.02,24.3,8.3,5.4,5.8
2010,1,RS,481.38,175897.42,181.0,1005.61,22.4,24.81,25.0,18.0,24.3,25.5,9.7,4.93,4.7
2010,2,RS,481.38,175897.42,115.2,1005.69,22.4,26.28,26.3,14.4,25.75,26.9,10.2,4.83,5.4
2010,3,RS,481.38,175897.42,106.8,1007.11,22.4,23.42,22.8,14.2,22.96,23.3,6.2,4.66,4.3
2010,4,RS,722.07,263846.13,74.4,1011.41,22.4,20.13,21.2,9.6,19.63,21.8,8.1,3.95,5.5
2010,5,RS,1925.52,703589.68,124.8,1012.03,22.4,17.18,19.1,10.4,16.84,19.5,7.3,4.73,5.2
2010,6,RS,3610.35,1319230.65,206.0,1014.23,22.4,14.95,17.4,4.8,14.55,17.8,1.7,3.94,4.4
2010,7,RS,4813.8,1758974.2,194.4,1014.01,22.4,14.48,17.7,3.8,14.03,18.5,0.0,4.33,7.4
2010,8,RS,4813.8,1758974.2,75.0,1014.87,22.4,14.45,18.6,4.2,14.02,18.8,0.1,4.36,6.2
2010,9,RS,3610.35,1319230.65,183.0,1010.49,22.4,17.21,19.6,9.8,16.82,19.7,3.5,5.6,7.4
2010,10,RS,1925.52,703589.68,58.0,1009.79,22.4,18.03,19.0,8.8,17.53,19.2,2.2,4.83,6.4
2010,11,RS,722.07,263846.13,71.4,1006.14,22.4,20.71,20.1,11.3,20.15,20.6,3.5,5.33,6.1
2010,12,RS,481.38,175897.42,91.4,1004.19,22.4,23.3,24.0,12.6,22.74,24.2,3.7,5.88,5.5
2011,1,RS,455.3,153959.42,131.6,1003.81,22.4,25.6,24.3,20.8,25.05,24.6,16.6,5.2,5.1
2011,2,RS,455.3,153959.42,120.8,1006.28,22.4,24.59,24.9,18.3,24.12,24.9,13.7,4.97,4.6
2011,3,RS,455.3,153959.42,81.6,1008.89,22.4,22.78,22.9,14.6,22.3,23.1,10.2,5.53,5.1
2011,4,RS,682.95,230939.13,174.4,1009.47,22.4,20.25,21.0,11.5,19.75,21.8,4.9,3.51,7.6
2011,5,RS,1821.2,615837.68,49.4,1013.17,22.4,16.49,17.9,9.9,16.04,18.1,7.3,3.74,4.3
2011,6,RS,3414.75,1154695.65,110.4,1011.73,22.4,13.68,19.2,4.8,13.29,19.3,0.0,4.03,6.5
2011,7,RS,4553.0,1539594.2,232.4,1012.84,22.4,12.95,18.8,2.3,12.56,18.8,0.1,4.39,4.9
2011,8,RS,4553.0,1539594.2,146.6,1011.35,22.4,14.44,18.5,3.4,14.04,18.8,0.0,5.87,7.3
2011,9,RS,3414.75,1154695.65,53.2,1013.75,22.4,16.33,18.4,5.8,15.81,18.8,0.7,4.91,5.9
2011,10,RS,1821.2,615837.68,124.0,1007.92,22.4,19.5,20.0,10.3,19.01,20.4,3.5,5.31,5.1
2011,11,RS,682.95,230939.13,32.4,1008.43,22.4,21.5,21.7,12.5,20.91,22.8,1.8,5.67,5.8
2011,12,RS,455.3,153959.42,44.6,1005.71,22.4,22.53,22.5,15.0,21.94,23.0,6.2,5.47,5.1
2012,1,RS,1116.04,362635.16,156.6,1006.37,22.4,24.3,24.6,17.6,23.71,24.7,8.1,5.5,5.0
2012,2,RS,1116.04,362635.16,167.6,1005.23,22.4,26.22,24.2,18.2,25.67,24.6,9.7,4.56,5.6
2012,3,RS,1116.04,362635.16,89.2,1008.31,22.4,23.15,23.1,10.5,22.61,23.8,3.7,4.19,4.3
2012,4,RS,1674.06,543952.74,78.0,1009.32,22.4,19.63,21.7,9.2,19.2,21.9,3.3,4.01,5.8
2012,5,RS,4464.16,1450540.64,36.2,1013.01,22.4,18.54,21.5,7.8,18.05,21.6,2.6,3.36,3.7
2012,6,RS,8370.3,2719763.7,32.4,1012.37,22.4,14.65,19.2,1.7,14.18,19.6,0.0,3.3,4.7
2012,7,RS,11160.4,3626351.6,162.0,1013.39,22.4,13.16,17.8,3.3,12.71,17.9,0.8,4.21,5.4
2012,8,RS,11160.4,3626351.6,75.6,1014.43,22.4,18.95,18.2,7.5,18.42,18.3,5.0,3.92,4.2
2012,9,RS,8370.3,2719763.7,250.4,1012.07,22.4,17.82,19.4,7.7,17.35,19.4,0.1,5.76,6.4
2012,10,RS,4464.16,1450540.64,121.0,1007.23,22.4,20.84,22.5,13.1,20.37,23.3,6.9,5.37,6.6
2012,11,RS,1674.06,543952.74,27.4,1007.33,22.4,22.88,21.8,14.2,22.3,22.5,4.9,5.32,5.7
2012,12,RS,1116.04,362635.16,198.0,1003.74,22.4,25.17,23.8,16.2,24.63,24.5,8.5,5.35,8.1
2013,1,RS,688.4,300658.46,98.8,1007.82,22.4,23.84,23.9,14.7,23.25,24.1,7.1,5.3,5.1
2013,2,RS,688.4,300658.46,57.6,1006.33,22.4,24.39,23.9,15.2,23.86,23.9,8.6,5.33,5.9
2013,3,RS,688.4,300658.46,62.4,1009.59,22.4,21.62,22.2,15.3,21.15,22.9,9.1,4.74,5.5
2013,4,RS,1032.6,450987.69,106.8,1010.5,22.4,20.39,21.9,10.5,19.85,22.7,4.5,4.37,5.6
2013,5,RS,2753.6,1202633.84,64.8,1010.93,22.4,16.57,22.8,6.0,16.09,23.1,0.4,3.57,4.3
2013,6,RS,5163.0,2254938.45,103.6,1012.13,22.4,14.54,16.6,7.4,14.14,17.3,4.4,3.63,5.4
2013,7,RS,6884.0,3006584.6,108.6,1014.79,22.4,13.63,19.6,1.7,13.12,19.6,0.0,3.49,4.5
2013,8,RS,6884.0,3006584.6,248.8,1013.95,22.4,13.68,16.9,5.6,13.19,18.0,1.3,4.84,5.6
2013,9,RS,5163.0,2254938.45,137.0,1011.28,22.4,17.48,21.2,6.6,16.98,21.4,0.3,4.69,5.8
2013,10,RS,2753.6,1202633.84,131.6,1010.25,22.4,19.11,21.0,11.6,18.59,21.0,3.8,5.17,5.3
2013,11,RS,1032.6,450987.69,184.0,1007.11,22.4,22.27,23.1,12.7,21.71,23.2,1.3,5.66,4.8
2013,12,RS,688.4,300658.46,79.4,1004.71,22.4,24.66,24.4,16.0,24.07,24.4,10.3,5.43,5.4
2014,1,RS,875.6,390617.78,75.6,1006.27,22.4,26.49,24.9,18.2,25.88,25.9,9.9,4.71,5.6
2014,2,RS,875.6,390617.78,149.4,1007.01,22.4,26.28,25.9,17.7,25.69,26.1,12.3,5.42,6.0
2014,3,RS,875.6,390617.78,129.8,1008.03,22.4,23.01,22.9,12.1,22.5,23.7,6.8,4.56,5.0
2014,4,RS,1313.4,585926.67,86.6,1011.12,22.4,21.03,22.8,11.3,20.57,23.3,4.9,4.53,5.6
2014,5,RS,3502.4,1562471.12,80.6,1011.8,22.4,16.79,20.0,7.7,16.4,20.2,6.2,3.47,5.5
2014,6,RS,6567.0,2929633.35,232.0,1011.93,22.4,15.22,18.5,5.0,14.88,18.8,2.2,4.02,4.5
2014,7,RS,8756.0,3906177.8,259.6,1015.19,22.4,15.45,20.7,5.9,15.01,20.9,0.9,3.94,4.6
2014,8,RS,8756.0,3906177.8,132.4,1012.98,22.4,15.86,19.3,3.8,15.36,20.1,0.2,3.91,4.8
2014,9,RS,6567.0,2929633.35,163.8,1009.75,22.4,18.48,20.7,11.2,18.05,21.6,7.6,4.97,4.7
2014,10,RS,3502.4,1562471.12,187.2,1010.07,22.4,20.92,21.9,13.8,20.44,22.1,8.0,4.99,5.2
2014,11,RS,1313.4,585926.67,106.6,1007.26,22.4,22.9,23.0,14.4,22.36,24.3,4.5,4.72,4.8
2014,12,RS,875.6,390617.78,183.8,1006.04,22.4,24.24,24.1,15.0,23.72,25.0,9.2,4.93,5.5
2015,1,RS,590.9,369659.84,159.8,1007.28,22.4,25.45,25.5,18.5,24.94,25.8,10.4,4.61,4.4
2015,2,RS,590.9,369659.84,99.4,1007.07,22.4,24.66,24.1,18.4,24.14,24.9,14.7,4.91,4.4
2015,3,RS,590.9,369659.84,54.0,1008.72,22.4,23.84,24.6,16.1,23.35,25.2,10.6,4.82,4.0
2015,4,RS,886.35,554489.76,76.0,1010.94,22.4,21.05,21.3,13.5,20.57,22.0,8.1,3.92,5.1
2015,5,RS,2363.6,1478639.36,142.4,1012.57,22.4,18.31,20.9,9.1,17.9,21.0,4.4,3.89,5.3
2015,6,RS,4431.75,2772448.8,172.4,1013.96,22.4,15.44,20.0,6.3,14.99,20.2,1.1,3.23,3.9
2015,7,RS,5909.0,3696598.4,313.4,1012.59,22.4,15.57,18.2,7.3,15.22,18.4,5.5,3.79,4.5
2015,8,RS,5909.0,3696598.4,111.6,1010.37,22.4,20.32,22.2,10.1,19.82,22.4,6.3,4.47,5.2
2015,9,RS,4431.75,2772448.8,186.6,1008.89,22.4,17.13,20.9,7.0,16.73,20.9,0.1,4.92,4.5
2015,10,RS,2363.6,1478639.36,312.6,1009.66,22.4,18.52,20.7,7.7,18.14,21.6,5.4,5.28,5.1
2015,11,RS,886.35,554489.76,124.8,1007.08,22.4,20.75,22.8,14.4,20.34,23.2,5.3,5.97,5.7
2015,12,RS,590.9,369659.84,100.2,1005.83,22.4,23.62,25.2,13.5,23.14,26.0,7.2,4.99,5.2
2016,1,RS,969.1,610396.94,113.0,1006.27,22.4,25.68,24.4,18.6,25.13,24.8,6.9,5.47,5.2
2016,2,RS,969.1,610396.94,58.6,1006.67,22.4,26.15,25.8,18.0,25.58,25.9,10.9,4.57,5.1
2016,3,RS,969.1,610396.94,308.8,1009.5,22.4,22.68,23.8,17.7,22.23,23.8,8.3,5.34,5.8
2016,4,RS,1453.65,915595.41,217.2,1008.54,22.4,22.28,24.8,7.3,21.91,24.8,3.1,4.79,5.6
2016,5,RS,3876.4,2441587.76,73.2,1014.3,22.4,15.09,18.6,7.4,14.74,18.8,5.5,3.89,4.6
2016,6,RS,7268.25,4577977.05,7.4,1016.85,22.4,11.55,14.6,5.0,11.14,15.0,0.0,3.55,5.0
2016,7,RS,9691.0,6103969.4,152.3,1012.85,22.4,14.25,17.8,5.8,13.78,18.3,0.6,4.42,6.2
2016,8,RS,9691.0,6103969.4,106.0,1011.9,22.4,16.25,19.4,6.8,15.74,20.1,1.8,3.9,4.0
2016,9,RS,7268.25,4577977.05,91.6,1012.99,22.4,16.28,20.4,8.9,15.78,20.9,5.2,5.31,6.6
2016,10,RS,3876.4,2441587.76,196.4,1009.16,22.4,19.24,22.2,10.2,18.76,22.6,1.7,5.85,6.7
2016,11,RS,1453.65,915595.41,106.8,1008.25,22.4,20.9,23.7,10.1,20.32,24.1,2.7,4.92,5.7
2016,12,RS,969.1,610396.94,130.2,1005.66,22.4,24.42,25.3,15.3,23.81,26.0,5.9,5.09,4.9
2017,1,RS,1426.9,739639.88,194.8,1006.48,22.4,25.37,25.9,17.7,24.83,25.9,12.1,5.08,4.1
2017,2,RS,1426.9,739639.88,43.0,1005.79,22.4,26.21,25.8,18.3,25.66,26.4,14.2,4.29,4.9
2017,3,RS,1426.9,739639.88,162.2,1009.23,22.4,23.32,24.4,14.0,22.81,24.9,9.9,4.87,4.3
2017,4,RS,2140.35,1109459.82,113.0,1010.79,22.4,20.35,23.0,8.7,19.91,23.4,4.9,4.65,5.9
2017,5,RS,5707.6,2958559.52,179.8,1011.27,22.4,18.44,21.4,10.2,18.05,21.5,9.3,4.26,5.0
2017,6,RS,10701.75,5547299.1,197.0,1012.68,22.4,16.1,18.3,6.0,15.66,18.7,5.0,3.71,5.1
2017,7,RS,14269.0,7396398.8,18.9,1017.68,22.4,16.67,19.2,6.1,16.06,19.3,0.0,3.22,4.3
2017,8,RS,14269.0,7396398.8,104.4,1012.0,22.4,17.48,20.8,7.6,17.0,21.6,2.1,4.54,4.8
2017,9,RS,10701.75,5547299.1,167.3,1012.09,22.4,20.31,22.5,14.5,19.84,23.1,10.6,4.62,4.9
2017,10,RS,5707.6,2958559.52,289.8,1007.35,22.4,20.01,21.9,12.0,19.53,22.0,0.6,5.39,4.8
2017,11,RS,2140.35,1109459.82,136.0,1006.88,22.4,20.72,21.1,12.5,20.15,21.7,2.9,5.89,6.7
2017,12,RS,1426.9,739639.88,153.2,1005.57,22.4,23.93,25.2,15.8,23.36,25.5,7.3,5.72,5.5
2018,1,RS,829.06,498757.6,149.8,1005.96,22.4,24.55,24.5,16.8,24.0,25.2,11.0,5.6,5.0
2018,2,RS,829.06,498757.6,110.4,1007.57,22.4,23.78,23.7,14.6,23.19,24.7,8.6,5.3,5.0
2018,3,RS,829.06,498757.6,116.6,1006.58,22.4,22.99,24.2,14.8,22.49,24.5,8.4,4.48,4.0
2018,4,RS,1243.59,748136.4,88.8,1011.02,22.4,23.14,23.1,17.2,22.67,23.3,14.0,3.82,4.6
2018,5,RS,3316.24,1995030.4,91.8,1012.69,22.4,18.05,21.2,6.0,17.6,23.1,4.8,4.18,5.1
2018,6,RS,6217.95,3740682.0,145.2,1013.75,22.4,13.27,21.7,3.0,12.83,22.0,0.0,3.91,6.7
2018,7,RS,8290.6,4987576.0,167.6,1013.72,22.4,14.52,20.9,5.7,14.14,21.1,3.0,5.07,6.3
2018,8,RS,8290.6,4987576.0,147.2,1014.39,22.4,14.08,18.7,4.0,13.59,19.2,0.1,4.99,5.8
2018,9,RS,6217.95,3740682.0,147.0,1009.89,22.4,19.11,22.4,10.2,18.66,23.1,8.1,5.69,5.9
2018,10,RS,3316.24,1995030.4,91.6,1009.42,22.4,20.03,21.8,9.6,19.49,22.3,3.7,5.54,6.1
2018,11,RS,1243.59,748136.4,129.2,1007.57,22.4,22.58,23.8,13.9,22.01,23.9,7.8,5.48,5.1
2018,12,RS,829.06,498757.6,61.4,1006.92,22.4,24.09,24.8,12.5,23.47,25.7,7.4,5.43,5.1
2019,1,RS,830.2,393213.96,117.6,1006.89,22.4,26.66,27.1,19.4,26.12,27.1,17.3,5.51,6.7
2019,2,RS,830.2,393213.96,95.8,1007.15,22.4,24.58,26.2,17.3,24.01,26.6,13.4,5.04,4.4
2019,3,RS,830.2,393213.96,80.2,1009.74,22.4,22.99,23.6,13.4,22.45,24.4,9.7,4.91,5.6
2019,4,RS,1245.3,589820.94,238.0,1009.1,22.4,21.8,24.3,14.2,21.37,24.4,13.6,4.42,4.6
2019,5,RS,3320.8,1572855.84,250.6,1010.67,22.4,19.06,23.8,10.8,18.69,24.4,10.2,4.32,5.4
2019,6,RS,6226.5,2949104.7,67.8,1012.49,22.4,18.49,20.9,4.1,17.96,21.0,0.0,3.5,5.0
2019,7,RS,8302.0,3932139.6,134.2,1014.1,22.4,13.65,17.9,2.7,13.17,17.9,0.1,3.97,5.3
2019,8,RS,8302.0,3932139.6,79.4,1015.76,22.4,15.57,18.9,5.7,15.02,19.0,0.1,4.52,4.6
2019,9,RS,6226.5,2949104.7,90.8,1011.86,22.4,16.91,20.8,7.7,16.39,21.8,0.1,4.67,4.4
2019,10,RS,3320.8,1572855.84,277.0,1009.04,22.4,20.59,21.4,12.7,20.12,22.2,6.1,5.47,5.2
2019,11,RS,1245.3,589820.94,91.2,1007.17,22.4,22.24,22.1,13.2,21.68,23.1,4.5,5.2,4.4
2019,12,RS,830.2,393213.96,20.2,1005.76,22.4,24.93,23.6,13.8,24.22,24.7,2.1,5.52,5.0
2020,1,RS,910.8,418146.94,81.6,1005.53,989.72,25.32,24.5,15.2,24.67,25.0,8.9,5.54,5.4
2020,2,RS,910.8,418146.94,83.0,1007.89,1018.66,24.81,24.0,15.3,24.19,24.5,7.9,5.39,4.0
2020,3,RS,910.8,418146.94,23.4,1009.26,857.68,24.48,23.2,17.9,23.91,24.4,10.4,4.89,3.9
2020,4,RS,1366.2,627220.41,30.8,1011.24,635.35,20.44,21.7,12.6,19.91,21.9,4.7,5.04,4.6
2020,5,RS,3643.2,1672587.76,132.2,1011.13,488.8,16.83,18.9,8.2,16.3,19.0,4.9,4.02,4.9
2020,6,RS,6831.0,3136102.05,235.2,1010.83,346.11,16.45,20.3,5.4,15.99,20.9,0.3,4.15,3.9
2020,7,RS,9108.0,4181469.4,262.0,1012.23,412.47,13.73,19.9,3.1,13.24,20.6,0.1,4.38,5.7
2020,8,RS,9108.0,4181469.4,78.4,1013.31,545.39,16.1,20.3,4.2,15.53,20.6,0.1,3.99,4.5
2020,9,RS,6831.0,3136102.05,230.2,1011.29,556.42,16.87,21.5,6.0,16.42,22.5,0.2,5.63,4.5
2020,10,RS,3643.2,1672587.76,97.0,1009.06,752.91,19.37,21.2,11.0,18.85,21.8,2.8,5.55,4.4
2020,11,RS,1366.2,627220.41,52.4,1009.29,927.88,21.7,22.6,11.8,21.11,22.9,5.2,5.59,3.9
2020,12,RS,910.8,418146.94,119.0,1006.12,1009.81,23.89,24.4,16.2,23.28,24.6,1.0,5.65,4.6
2021,1,RS,1136.08,821309.6,129.0,1005.62,990.15,25.13,24.5,17.2,24.62,25.1,4.1,5.33,5.1
2021,2,RS,1136.08,821309.6,30.2,1006.19,974.85,24.56,24.0,18.2,23.97,25.3,6.9,5.16,4.7
2021,3,RS,1136.08,821309.6,79.2,1007.17,703.19,23.7,23.7,17.2,23.18,24.0,12.0,4.51,4.9
2021,4,RS,1704.12,1231964.4,27.0,1011.67,675.83,21.77,20.4,12.0,21.23,20.8,7.6,4.58,3.8
2021,5,RS,4544.32,3285238.4,164.8,1012.06,493.19,15.51,19.6,5.0,15.02,19.8,0.3,3.98,4.8
2021,6,RS,8520.6,6159822.0,173.2,1013.66,308.95,14.38,18.3,7.2,14.0,19.1,0.2,4.61,4.6
2021,7,RS,11360.8,8213096.0,46.6,1015.07,474.45,13.59,17.2,2.8,13.03,18.1,0.2,3.92,4.9
2021,8,RS,11360.8,8213096.0,135.0,1013.8,507.98,16.54,18.7,4.3,16.03,19.0,3.0,4.51,4.3
2021,9,RS,8520.6,6159822.0,202.8,1010.3,563.26,18.22,20.7,10.4,17.78,21.5,1.1,5.3,4.7
2021,10,RS,4544.32,3285238.4,60.4,1009.7,850.79,19.7,20.3,10.3,19.15,20.6,2.5,5.35,4.8
2021,11,RS,1704.12,1231964.4,86.0,1006.85,958.32,21.9,21.4,13.2,21.32,22.2,2.4,5.38,5.3
2021,12,RS,1136.08,821309.6,88.4,1006.77,1030.08,23.25,22.9,15.8,22.67,23.6,8.0,6.08,4.5
2022,1,RS,943.52,736258.98,195.2,1005.14,982.45,26.21,26.6,17.9,25.56,27.5,12.0,5.35,4.1
2022,2,RS,943.52,736258.98,29.2,1005.9,991.6,25.19,23.9,18.7,24.62,24.6,9.8,4.84,4.4
2022,3,RS,943.52,736258.98,184.8,1007.59,634.8,22.66,24.5,12.5,22.16,25.4,2.7,4.89,5.8
2022,4,RS,1415.28,1104388.47,116.2,1009.89,534.31,19.8,22.1,11.1,19.32,22.4,5.5,4.09,4.2
2022,5,RS,3774.08,2945035.92,153.8,1011.75,383.11,15.64,18.5,5.8,15.23,18.9,0.4,3.99,4.5
2022,6,RS,7076.4,5521942.35,99.0,1012.84,330.73,13.1,18.1,4.2,12.7,18.2,0.0,3.72,3.6
2022,7,RS,9435.2,7362589.8,150.2,1010.45,359.79,16.35,19.8,6.1,15.88,20.4,4.9,3.93,4.1
2022,8,RS,9435.2,7362589.8,103.6,1014.14,523.52,15.15,17.8,5.2,14.66,18.4,1.0,4.47,4.3
2022,9,RS,7076.4,5521942.35,73.2,1012.51,676.24,16.52,21.3,6.8,15.99,21.6,0.7,5.16,5.2
2022,10,RS,3774.08,2945035.92,96.2,1009.17,741.48,19.04,20.3,10.3,18.52,20.7,4.3,5.45,4.8
2022,11,RS,1415.28,1104388.47,52.2,1010.78,997.75,20.97,22.1,9.8,20.38,22.6,2.0,5.61,4.8
2022,12,RS,943.52,736258.98,63.6,1005.59,1061.81,24.07,23.0,15.9,23.45,23.6,6.3,5.75,4.3
2023,1,RS,799.22,664884.38,53.2,1005.81,1034.62,26.08,23.2,19.2,25.42,24.4,9.0,5.33,4.5
2023,2,RS,799.22,664884.38,116.4,1006.18,915.97,24.73,24.0,12.8,24.12,24.2,3.9,4.65,3.8
2023,3,RS,799.22,664884.38,89.8,1007.61,752.32,25.45,24.1,18.2,24.87,25.6,11.9,4.64,4.1
2023,4,RS,1198.83,997326.57,35.2,1009.67,592.78,20.6,20.9,10.8,20.11,21.7,3.0,4.4,4.7
2023,5,RS,3196.88,2659537.52,147.7,1012.34,475.36,18.36,23.2,10.6,17.89,23.5,7.4,3.41,4.0
2023,6,RS,5994.15,4986632.85,247.6,1013.33,373.53,16.29,19.1,5.7,15.82,19.6,1.1,3.72,5.7
2023,7,RS,7992.2,6648843.8,210.8,1013.71,406.62,15.46,18.1,5.3,15.0,18.7,2.9,4.23,5.3
2023,8,RS,7992.2,6648843.8,77.0,1010.91,619.61,16.7,20.8,4.4,16.13,20.9,0.0,4.12,5.4
2023,9,RS,5994.15,4986632.85,394.8,1008.5,446.77,18.31,22.0,8.7,17.87,22.8,2.3,5.49,5.0
2023,10,RS,3196.88,2659537.52,110.1,1008.11,656.12,18.96,20.9,9.4,18.49,21.5,6.3,5.19,4.5
2023,11,RS,1198.83,997326.57,344.4,1005.86,738.8,21.3,22.3,11.1,20.82,23.3,3.5,5.56,4.8
2023,12,RS,799.22,664884.38,91.2,1006.32,941.81,24.5,26.5,16.1,23.95,27.1,10.7,5.44,4.2
2007,7,RO,31872.2,20576931.6,19.0,1002.6,767.73,25.15,24.4,15.8,24.43,24.8,8.2,3.54,5.4
2007,8,RO,31872.2,20576931.6,4.0,1001.48,814.06,26.56,23.5,17.7,25.73,25.5,7.0,3.56,4.4
2007,9,RO,23904.15,15432698.7,42.6,1001.44,768.29,27.31,23.9,19.1,26.57,24.2,11.7,3.53,5.9
2007,10,RO,12748.88,8230772.64,181.3,999.72,806.6,26.35,24.9,21.0,25.71,25.1,14.6,3.81,8.8
2007,11,RO,4780.83,3086539.74,222.7,998.63,738.14,26.08,25.5,21.3,25.53,26.3,17.9,3.76,8.2
2007,12,RO,3187.22,2057693.16,286.2,999.07,768.52,25.89,25.0,21.4,25.37,25.4,19.4,3.83,7.7
2008,1,RO,2522.1,1523333.52,410.0,999.85,671.82,25.33,24.7,21.8,24.91,24.8,19.9,3.55,5.7
2008,2,RO,2522.1,1523333.52,258.1,1000.83,663.76,25.2,24.5,21.4,24.75,25.4,20.0,5.72,6.1
2008,3,RO,2522.1,1523333.52,317.3,1000.61,628.37,25.12,24.8,21.9,24.7,25.4,19.7,8.77,1.68
2008,4,RO,3783.15,2285000.28,257.8,999.79,706.55,25.61,25.4,21.5,25.11,25.8,19.6,8.16,1.8
2008,5,RO,10088.4,6093334.08,190.8,1002.11,654.78,24.77,25.0,17.2,24.27,25.8,13.8,7.55,1.93
2008,6,RO,18915.75,11425001.4,6.7,1003.11,713.18,24.43,24.0,17.5,23.85,24.7,14.3,6.95,2.06
2008,7,RO,25221.0,15233335.2,9.0,1002.42,804.89,25.76,23.9,15.7,24.94,24.0,8.9,6.34,2.19
2008,8,RO,25221.0,15233335.2,33.0,1000.2,778.66,27.18,24.5,18.3,26.33,25.3,6.3,5.5,4.8
2008,9,RO,18915.75,11425001.4,79.4,1001.3,769.12,26.93,23.8,20.4,26.22,24.3,13.2,3.77,6.4
2008,10,RO,10088.4,6093334.08,146.3,1000.45,831.87,26.9,24.4,22.0,26.28,25.0,15.3,3.91,7.4
2008,11,RO,3783.15,2285000.28,312.8,998.96,620.44,26.08,25.9,21.7,25.54,26.8,17.6,3.4,7.1
2008,12,RO,2522.1,1523333.52,286.3,999.22,590.38,25.51,25.2,21.9,25.05,25.6,19.2,3.56,6.0
2009,1,RO,1919.34,1283864.7,306.4,1000.46,614.96,25.71,25.5,22.2,25.24,26.3,19.8,3.54,6.0
2009,2,RO,1919.34,1283864.7,459.2,999.97,554.97,25.33,25.0,22.5,24.88,25.4,20.1,3.42,5.7
2009,3,RO,1919.34,1283864.7,333.1,999.97,608.77,25.61,25.2,21.9,25.13,25.9,19.4,3.2,7.7
2009,4,RO,2879.01,1925797.05,340.6,1001.15,580.84,25.69,25.0,21.9,25.22,26.0,19.6,3.23,4.4
2009,5,RO,7677.36,5135458.8,174.8,1001.58,598.94,25.57,24.7,21.6,25.04,26.0,20.0,3.03,5.4
2009,6,RO,14395.05,9628985.25,90.2,1002.95,598.58,25.0,25.2,17.8,24.48,25.8,16.1,4.08,18.4
2009,7,RO,19193.4,12838647.0,34.1,1002.39,711.06,25.39,24.2,16.9,24.72,24.5,14.9,4.4,18.2
2009,8,RO,19193.4,12838647.0,75.2,1001.14,719.26,26.41,24.9,18.5,25.66,25.3,13.6,3.81,10.5
2009,9,RO,14395.05,9628985.25,134.4,1001.33,830.64,26.82,24.7,17.9,26.09,32.7,14.2,4.45,19.9
2009,10,RO,7677.36,5135458.8,226.8,999.05,879.72,27.18,25.7,21.3,26.54,26.3,15.5,3.65,5.8
2009,11,RO,2879.01,1925797.05,282.6,997.98,746.42,26.6,25.6,21.8,26.15,26.4,19.8,3.64,7.9
2009,12,RO,1919.34,1283864.7,287.6,999.84,613.52,25.84,25.2,22.7,25.49,25.2,20.0,3.44,5.8
2010,1,RO,4114.92,2607302.64,19.0,1000.1,656.17,26.05,26.2,22.9,25.69,26.4,19.8,5.39,5.9
2010,2,RO,4114.92,2607302.64,148.0,999.46,664.62,26.57,25.9,22.8,26.17,26.2,20.3,7.58,0.8
2010,3,RO,4114.92,2607302.64,514.8,1000.04,691.93,26.75,25.9,22.9,26.32,26.8,19.8,7.12,0.79
2010,4,RO,6172.38,3910953.96,67.2,1000.73,723.24,26.91,26.7,20.8,26.44,27.4,16.4,6.65,0.78
2010,5,RO,16459.68,10429210.56,86.2,1001.57,673.22,26.01,26.0,15.9,25.55,26.6,10.0,6.18,0.77
2010,6,RO,30861.9,19554769.8,28.8,1002.99,727.0,26.27,25.0,19.6,25.7,26.0,12.1,5.71,0.76
2010,7,RO,41149.2,26073026.4,0.0,1002.79,733.98,25.48,23.8,13.5,24.82,23.9,9.3,5.24,0.75
2010,8,RO,41149.2,26073026.4,22.0,1001.94,877.6,27.66,23.7,15.2,26.68,25.8,6.2,4.77,0.74
2010,9,RO,30861.9,19554769.8,18.0,1000.0,1454.2,30.96,23.3,21.3,29.71,23.7,13.0,4.3,0.73
2010,10,RO,16459.68,10429210.56,0.2,1000.05,2008.43,30.16,23.6,23.4,28.77,24.5,17.1,3.83,0.72
2010,11,RO,6172.38,3910953.96,18.5,999.09,1981.77,29.1,24.9,24.9,28.06,25.6,18.74,3.36,0.71
2010,12,RO,4114.92,2607302.64,241.2,998.17,770.99,26.05,27.1,20.1,25.45,26.6,18.8,3.59,8.4
2011,1,RO,3084.48,1947423.54,312.4,999.0,670.5,25.44,24.7,21.2,24.97,25.5,19.1,4.25,4.0
2011,2,RO,3084.48,1947423.54,322.8,1000.1,659.08,25.19,24.5,21.0,24.72,25.5,19.5,3.23,4.0
2011,3,RO,3084.48,1947423.54,334.4,999.54,661.73,25.71,24.9,21.3,25.21,25.2,18.9,3.32,2.06
2011,4,RO,4626.72,2921135.31,212.4,1000.56,682.09,25.92,24.7,21.9,25.38,25.4,19.9,3.41,2.0
2011,5,RO,12337.92,7789694.16,66.2,1001.28,718.66,25.85,24.9,19.7,25.31,25.9,16.1,3.5,1.94
2011,6,RO,23133.6,14605676.55,0.0,1000.95,370.65,20.94,19.84,19.75,20.41,19.96,18.42,3.59,1.88
2011,7,RO,30844.8,19474235.4,0.0,1001.05,827.04,23.35,20.79,22.15,22.58,21.03,19.2,3.68,1.83
2011,8,RO,30844.8,19474235.4,0.0,1001.16,1290.91,25.81,21.74,24.62,24.79,22.11,20.0,3.77,1.77
2011,9,RO,23133.6,14605676.55,0.0,1001.26,1747.29,28.22,22.65,27.1,26.97,23.14,20.8,3.86,1.71
2011,10,RO,12337.92,7789694.16,20.6,1000.96,1988.45,30.32,23.8,28.1,28.85,24.2,20.8,3.96,2.9
2011,11,RO,4626.72,2921135.31,90.1,998.68,725.1,26.44,25.0,21.6,25.91,26.4,19.6,3.62,7.8
2011,12,RO,3084.48,1947423.54,440.0,999.3,655.47,25.77,24.3,22.2,25.28,25.6,19.3,3.36,5.2
2012,1,RO,3221.76,2141524.86,338.6,1000.24,644.62,25.34,24.7,21.9,24.84,26.0,19.8,3.75,6.5
2012,2,RO,3221.76,2141524.86,481.8,1000.16,627.16,25.07,24.6,21.3,24.62,25.1,18.7,3.52,1.47
2012,3,RO,3221.76,2141524.86,427.8,1001.14,724.23,25.34,24.6,21.4,24.82,25.2,18.5,3.33,1.42
2012,4,RO,4832.64,3212287.29,140.2,1000.78,699.75,25.8,25.5,21.7,25.24,25.5,19.0,3.15,1.36
2012,5,RO,12887.04,8566099.44,133.0,1001.78,722.32,25.7,24.5,20.0,25.08,25.4,17.4,2.96,1.31
2012,6,RO,24163.2,16061436.45,86.6,1002.96,725.71,25.29,25.7,16.9,24.64,25.7,14.7,2.77,2.2
2012,7,RO,32217.6,21415248.6,6.2,1002.86,815.19,24.87,23.4,16.1,24.1,23.7,11.5,3.0,4.8
2012,8,RO,32217.6,21415248.6,16.2,1002.38,828.83,26.19,23.6,16.6,25.27,24.2,8.9,3.3,4.2
2012,9,RO,24163.2,16061436.45,107.4,1001.52,823.01,27.33,23.8,20.2,26.5,25.3,14.7,3.78,10.1
2012,10,RO,12887.04,8566099.44,155.4,998.22,802.68,26.81,25.4,21.4,26.18,25.9,17.1,3.53,5.5
2012,11,RO,4832.64,3212287.29,321.0,997.48,714.11,26.66,25.2,22.1,26.1,25.6,18.6,3.65,5.6
2012,12,RO,3221.76,2141524.86,694.96,997.31,236.17,25.12,24.4,22.4,24.04,25.2,19.4,3.02,4.1
2013,1,RO,1578.42,1017810.12,280.9,994.45,87.84,26.8,23.84,23.84,23.46,22.93,22.24,3.44,0.9
2013,2,RO,1578.42,1017810.12,386.04,987.71,589.25,25.98,26.1,22.0,24.85,27.3,19.8,3.56,8.1
2013,3,RO,1578.42,1017810.12,248.83,989.14,867.95,26.7,24.9,22.2,26.17,25.4,20.0,3.54,6.0
2013,4,RO,2367.63,1526715.18,254.47,992.79,838.78,26.23,25.4,21.6,25.71,25.8,19.1,3.59,7.6
2013,5,RO,6313.68,4071240.48,160.6,991.15,674.19,25.78,25.3,21.3,25.24,25.5,20.1,3.09,5.1
2013,6,RO,11838.15,7633575.9,68.2,989.55,710.3,25.84,24.8,21.1,25.21,25.3,17.8,9.18,10.2
2013,7,RO,15784.2,10178101.2,83.2,991.12,748.83,24.55,24.4,13.5,23.88,25.4,10.3,22.14,4.25
2013,8,RO,15784.2,10178101.2,35.0,994.98,838.6,25.19,24.3,15.4,24.41,24.7,7.1,18.56,3.6
2013,9,RO,11838.15,7633575.9,114.4,985.05,840.45,26.5,24.5,18.8,25.79,24.9,12.7,15.03,2.95
2013,10,RO,6313.68,4071240.48,333.21,959.55,565.02,25.56,24.7,21.7,25.04,25.0,18.3,11.51,2.32
2013,11,RO,2367.63,1526715.18,2221.61,930.36,1132.1,28.48,22.7,26.55,28.2,23.48,21.64,7.98,1.67
2013,12,RO,1578.42,1017810.12,572.28,950.36,788.36,26.54,25.2,22.2,25.98,26.4,19.0,4.62,5.5
2014,1,RO,3841.9,2483677.32,411.6,959.97,715.06,25.53,24.9,21.7,25.04,25.9,19.6,3.62,7.7
2014,2,RO,3841.9,2483677.32,239.2,962.98,633.8,25.41,24.8,21.7,24.94,25.6,20.1,3.57,5.0
2014,3,RO,3841.9,2483677.32,236.2,966.31,663.24,25.76,25.1,22.3,25.28,25.4,19.1,3.61,6.6
2014,4,RO,5762.85,3725515.98,121.0,970.71,668.99,25.72,25.2,21.9,25.19,25.6,19.8,3.13,6.8
2014,5,RO,15367.6,9934709.28,254.6,975.38,697.49,25.56,25.0,17.8,25.03,25.9,16.3,3.32,4.9
2014,6,RO,28814.25,18627579.9,35.0,985.43,794.3,25.63,25.0,17.1,25.01,25.4,14.4,3.06,4.2
2014,7,RO,38419.0,24836773.2,28.8,995.4,705.56,24.99,24.7,18.1,24.29,24.7,16.0,3.25,5.1
2014,8,RO,38419.0,24836773.2,69.0,998.32,808.87,26.23,24.5,17.1,25.42,24.9,8.4,3.24,4.9
2014,9,RO,28814.25,18627579.9,120.2,997.84,840.58,27.21,24.1,21.6,26.46,25.6,14.3,3.55,5.7
2014,10,RO,15367.6,9934709.28,369.6,986.76,822.91,26.26,29.8,20.7,25.64,31.3,14.0,3.64,7.1
2014,11,RO,5762.85,3725515.98,174.6,975.94,683.82,26.27,28.8,22.7,25.72,29.6,16.7,3.57,5.1
2014,12,RO,3841.9,2483677.32,109.0,976.14,1567.5,27.56,28.4,22.9,26.4,29.7,17.8,4.31,4.4
2015,1,RO,3266.44,2184827.04,0.0,989.24,2431.06,29.86,26.5,29.49,29.07,27.68,24.98,5.52,1.83
2015,2,RO,3266.44,2184827.04,157.2,988.79,1306.26,27.35,27.8,21.9,26.98,28.5,18.8,4.52,7.0
2015,3,RO,3266.44,2184827.04,402.6,979.64,601.35,25.82,28.4,22.7,25.42,28.6,17.9,3.58,6.0
2015,4,RO,4899.66,3277240.56,300.8,980.53,612.51,26.19,28.0,22.6,25.78,28.4,18.8,3.05,5.6
2015,5,RO,13065.76,8739308.16,203.8,985.39,592.33,25.89,28.0,22.2,25.46,28.2,18.9,3.14,4.6
2015,6,RO,24498.3,16386202.8,5.3,994.38,717.69,25.98,28.2,18.0,25.36,28.3,14.2,3.04,3.6
2015,7,RO,32664.4,21848270.4,16.8,999.96,736.19,26.37,27.8,20.1,25.66,28.5,11.7,3.37,5.0
2015,8,RO,32664.4,21848270.4,2.0,1000.9,894.83,29.35,28.3,20.8,28.47,28.8,9.3,4.2,5.5
2015,9,RO,24498.3,16386202.8,47.6,999.76,867.73,28.57,27.9,21.7,27.66,31.4,12.5,3.77,5.3
2015,10,RO,13065.76,8739308.16,148.5,998.65,871.06,27.72,24.6,21.3,26.99,25.0,15.8,3.86,9.1
2015,11,RO,4899.66,3277240.56,147.2,996.16,838.05,27.78,26.0,21.8,27.13,26.1,17.5,3.75,6.2
2015,12,RO,3266.44,2184827.04,309.6,995.18,759.38,26.83,25.8,22.5,26.26,25.9,17.0,3.38,5.9
2016,1,RO,5294.7,3511857.22,235.3,990.41,726.72,27.04,25.5,23.2,26.54,26.0,20.4,3.81,6.1
2016,2,RO,5294.7,3511857.22,212.5,988.55,786.85,27.16,26.2,23.2,26.61,26.5,19.8,3.42,4.3
2016,3,RO,5294.7,3511857.22,422.0,986.55,654.58,26.55,26.6,22.8,26.05,26.9,20.5,3.46,4.7
2016,4,RO,7942.05,5267785.83,255.5,986.46,732.33,26.58,26.3,17.6,26.03,26.5,14.1,3.47,5.1
2016,5,RO,21178.8,14047428.88,128.6,993.36,721.52,25.96,25.3,19.0,25.38,25.7,15.7,3.05,6.1
2016,6,RO,39710.25,26338929.15,38.2,997.74,747.08,25.15,25.1,17.7,24.53,25.7,11.5,3.09,3.8
2016,7,RO,52947.0,35118572.2,0.8,1002.09,850.55,26.23,23.5,18.2,25.41,24.0,7.0,3.12,4.1
2016,8,RO,52947.0,35118572.2,92.4,1001.63,751.39,26.51,25.5,16.3,25.79,25.7,6.7,3.59,4.9
2016,9,RO,39710.25,26338929.15,132.0,1001.1,831.39,26.37,25.4,15.7,25.66,25.5,13.9,3.75,8.0
2016,10,RO,21178.8,14047428.88,186.9,997.03,851.96,27.25,24.7,22.7,26.59,25.5,16.7,3.56,4.6
2016,11,RO,7942.05,5267785.83,156.5,993.45,756.63,26.75,25.6,21.9,26.19,25.9,19.2,3.68,6.3
2016,12,RO,5294.7,3511857.22,234.1,993.55,653.54,26.06,25.4,21.7,25.55,25.7,19.2,3.66,4.5
2017,1,RO,5638.1,3757370.92,330.6,993.61,702.12,25.77,25.0,21.8,25.24,25.6,18.0,3.55,6.3
2017,2,RO,5638.1,3757370.92,444.9,991.59,651.06,25.67,24.7,22.4,25.19,25.9,19.1,3.58,6.1
2017,3,RO,5638.1,3757370.92,342.0,991.11,571.15,26.04,25.3,22.0,25.58,25.8,19.0,3.45,5.4
2017,4,RO,8457.15,5636056.38,138.8,993.03,721.86,26.13,25.0,22.1,25.59,25.6,19.5,3.46,4.7
2017,5,RO,22552.4,15029483.68,123.6,994.79,735.91,26.66,25.4,22.7,26.08,25.6,19.4,3.16,5.1
2017,6,RO,42285.75,28180281.9,8.0,998.79,832.81,26.14,24.5,18.4,25.1,25.2,11.3,3.2,3.9
2017,7,RO,56381.0,37573709.2,0.0,1003.78,1226.61,29.41,21.5,22.1,28.32,22.1,7.5,4.67,4.1
2017,8,RO,56381.0,37573709.2,21.8,1000.72,937.46,30.48,24.9,20.7,29.66,25.2,10.0,4.97,5.3
2017,9,RO,42285.75,28180281.9,305.9,999.85,753.39,27.69,24.4,21.2,26.97,24.7,9.2,3.79,8.0
2017,10,RO,22552.4,15029483.68,85.7,997.31,842.15,27.06,24.4,21.0,26.35,25.2,17.4,4.18,9.8
2017,11,RO,8457.15,5636056.38,163.1,994.08,746.15,26.69,24.7,22.8,26.05,25.8,18.7,3.57,5.9
2017,12,RO,5638.1,3757370.92,282.8,993.38,639.75,26.01,25.5,22.8,25.52,25.5,19.5,3.87,6.4
2018,1,RO,3810.82,2588417.4,443.0,992.24,682.1,25.9,24.4,22.2,25.38,25.3,18.7,3.77,4.8
2018,2,RO,3810.82,2588417.4,364.4,991.87,581.58,25.68,24.6,21.9,25.25,25.5,18.6,4.16,5.3
2018,3,RO,3810.82,2588417.4,299.4,992.42,702.87,26.1,25.4,22.4,25.6,25.9,19.5,3.63,6.9
2018,4,RO,5716.23,3882626.1,238.0,993.8,680.84,25.99,24.7,22.7,25.5,25.2,19.1,3.31,5.6
2018,5,RO,15243.28,10353669.6,80.0,997.0,709.14,25.97,25.0,20.7,25.41,26.2,18.4,3.17,5.5
2018,6,RO,28581.15,19413130.5,2.2,1002.39,773.64,24.57,23.9,17.0,23.96,24.4,11.0,3.53,4.2
2018,7,RO,38108.2,25884174.0,10.6,1002.71,1100.49,28.47,23.5,18.1,26.95,24.0,11.4,4.25,5.7
2018,8,RO,38108.2,25884174.0,76.8,1002.92,996.71,27.51,24.1,17.9,26.49,24.2,11.9,4.19,8.1
2018,9,RO,28581.15,19413130.5,157.8,1000.23,939.05,28.02,24.0,20.8,27.13,24.5,8.5,3.98,7.1
2018,10,RO,15243.28,10353669.6,116.0,999.61,765.61,27.04,25.2,22.2,26.45,26.0,16.4,3.6,7.0
2018,11,RO,5716.23,3882626.1,203.2,999.11,738.35,26.83,25.1,22.9,26.3,25.9,17.9,3.73,6.5
2018,12,RO,3810.82,2588417.4,330.6,1001.33,664.68,25.95,24.6,21.6,25.46,25.7,19.4,3.78,6.3
2019,1,RO,3767.9,2515120.46,325.2,1001.71,647.05,25.81,24.5,22.1,25.33,25.3,19.6,3.69,5.7
2019,2,RO,3767.9,2515120.46,370.0,1001.09,645.06,25.92,25.0,22.4,25.44,25.6,19.1,2.04,2.1
2019,3,RO,3767.9,2515120.46,295.2,1001.1,695.45,26.38,25.0,22.5,25.88,25.9,19.7,2.08,0.76
2019,4,RO,5651.85,3772680.69,163.0,1001.03,645.53,26.4,24.9,21.6,25.9,26.2,19.5,2.13,0.8
2019,5,RO,15071.6,10060481.84,86.2,1001.5,665.79,26.27,25.5,20.3,25.74,25.8,15.8,2.19,0.83
2019,6,RO,28259.25,18863403.45,12.2,1002.88,717.13,26.38,24.7,20.2,25.78,25.2,15.2,2.25,0.87
2019,7,RO,37679.0,25151204.6,0.0,1003.12,759.97,26.13,23.0,16.7,25.37,23.3,12.2,2.3,0.9
2019,8,RO,37679.0,25151204.6,0.2,1003.5,755.58,26.7,23.4,13.6,25.91,24.2,0.3,2.36,0.93
2019,9,RO,28259.25,18863403.45,0.4,1000.16,554.78,27.72,23.7,21.6,27.12,24.2,14.3,2.41,0.97
2019,10,RO,15071.6,10060481.84,0.0,998.88,0.0,25.64,22.3,26.12,25.45,22.6,22.22,2.47,1.0
2019,11,RO,5651.85,3772680.69,0.0,998.85,0.0,25.69,22.37,26.17,25.5,22.67,22.27,2.53,1.04
2019,12,RO,3767.9,2515120.46,0.0,998.83,0.0,25.74,22.44,26.22,25.56,22.74,22.33,2.58,1.07
2020,1,RO,4070.0,2742849.06,0.0,998.8,0.0,25.8,22.52,26.27,25.61,22.82,22.38,2.64,1.11
2020,2,RO,4070.0,2742849.06,0.0,998.78,0.0,25.85,22.59,26.32,25.67,22.89,22.44,2.69,1.14
2020,3,RO,4070.0,2742849.06,0.0,998.75,0.0,25.9,22.66,26.37,25.72,22.96,22.49,2.75,1.17
2020,4,RO,6105.0,4114273.59,0.0,998.73,0.0,25.95,22.73,26.42,25.77,23.03,22.55,2.8,1.21
2020,5,RO,16280.0,10971396.24,0.0,998.7,0.0,26.0,22.81,26.47,25.83,23.11,22.6,2.86,1.24
2020,6,RO,30525.0,20571367.95,0.0,998.67,0.0,26.05,22.88,26.53,25.88,23.18,22.66,2.92,1.27
2020,7,RO,40700.0,27428490.6,0.0,998.65,0.0,26.1,22.96,26.58,25.94,23.26,22.71,2.97,1.31
2020,8,RO,40700.0,27428490.6,0.0,998.62,0.0,26.16,23.03,26.63,25.99,23.33,22.77,3.03,1.34
2020,9,RO,30525.0,20571367.95,0.0,998.6,0.0,26.21,23.1,26.68,26.05,23.4,22.82,3.08,1.38
2020,10,RO,16280.0,10971396.24,0.0,998.57,0.0,26.26,23.18,26.73,26.1,23.48,22.88,3.14,1.41
2020,11,RO,6105.0,4114273.59,0.0,998.55,0.0,26.31,23.25,26.78,26.16,23.55,22.93,3.2,1.44
2020,12,RO,4070.0,2742849.06,0.0,998.52,0.0,26.36,23.32,26.83,26.21,23.62,22.99,3.25,1.48
2021,1,RO,4860.62,3390682.86,0.0,998.49,0.0,26.41,23.4,26.89,26.27,23.7,23.04,3.31,1.51
2021,2,RO,4860.62,3390682.86,0.0,998.47,0.0,26.46,23.46,26.94,26.32,23.76,23.1,3.36,1.54
2021,3,RO,4860.62,3390682.86,0.0,998.44,0.0,26.51,23.54,26.99,26.38,23.84,23.15,3.42,1.58
2021,4,RO,7290.93,5086024.29,0.0,998.42,0.0,26.56,23.61,27.04,26.43,23.91,23.2,3.47,1.61
2021,5,RO,19442.48,13562731.44,0.0,998.39,0.0,26.61,23.69,27.09,26.49,23.99,23.26,3.53,1.65
2021,6,RO,36454.65,25430121.45,0.0,998.37,0.0,26.67,23.76,27.14,26.54,24.06,23.31,3.58,1.68
2021,7,RO,48606.2,33906828.6,0.0,998.34,0.0,26.72,23.83,27.19,26.6,24.13,23.37,3.64,1.72
2021,8,RO,48606.2,33906828.6,0.0,998.32,0.0,26.77,23.91,27.24,26.65,24.21,23.42,3.7,1.75
2021,9,RO,36454.65,25430121.45,0.0,998.29,0.0,26.82,23.98,27.29,26.71,24.28,23.48,3.75,1.78
2021,10,RO,19442.48,13562731.44,0.0,998.26,0.0,26.87,24.05,27.35,26.76,24.35,23.53,3.81,1.82
2021,11,RO,7290.93,5086024.29,0.0,998.24,0.0,26.92,24.13,27.4,26.82,24.43,23.59,3.86,1.85
2021,12,RO,4860.62,3390682.86,0.0,998.21,0.0,26.97,24.2,27.45,26.87,24.5,23.64,3.92,1.89
2022,1,RO,4392.54,3082534.16,276.4,1000.21,0.0,26.08,24.8,22.3,25.63,25.9,18.5,3.98,1.92
2022,2,RO,4392.54,3082534.16,583.2,1000.25,0.0,25.54,25.9,22.1,25.14,26.6,19.4,4.03,1.95
2022,3,RO,4392.54,3082534.16,395.4,1000.1,0.0,25.83,30.6,22.6,25.4,31.4,19.4,4.09,1.99
2022,4,RO,6588.81,4623801.24,199.6,1000.52,0.0,26.31,28.7,19.2,25.84,29.5,17.1,4.14,2.02
2022,5,RO,17570.16,12330136.64,58.8,1002.6,0.0,25.62,28.5,15.0,25.06,29.0,7.6,4.2,2.05
2022,6,RO,32944.05,23119006.2,11.0,1002.25,0.0,25.93,26.3,22.7,25.21,26.8,18.9,4.25,2.09
2022,7,RO,43925.4,30825341.6,1.4,1001.73,0.0,27.27,21.39,18.3,26.11,21.47,20.9,3.54,4.3
2022,8,RO,43925.4,30825341.6,38.6,1002.13,0.0,26.56,21.55,16.1,25.83,21.67,21.02,3.78,7.2
2022,9,RO,32944.05,23119006.2,62.6,1000.54,0.0,28.14,21.7,20.6,27.38,21.87,21.15,4.02,6.2
2022,10,RO,17570.16,12330136.64,269.0,999.97,0.0,27.02,21.86,22.2,26.39,22.07,21.27,3.78,7.1
2022,11,RO,6588.81,4623801.24,155.8,999.88,0.0,26.42,22.01,14.6,25.82,22.26,21.39,3.88,7.2
2022,12,RO,4392.54,3082534.16,211.2,999.34,0.0,26.08,22.17,21.8,25.55,22.46,21.51,3.78,4.9
2023,1,RO,2023.44,1342376.44,30.2,1000.82,0.0,24.66,22.33,22.9,23.26,22.67,21.63,3.04,5.5
2023,2,RO,2023.44,1342376.44,0.0,1001.4,0.0,23.8,22.47,23.63,22.9,22.85,21.75,2.4,0.93
2023,3,RO,2023.44,1342376.44,3.6,1001.81,0.0,23.51,22.63,23.0,23.18,23.05,21.86,2.0,4.2
2023,4,RO,3035.16,2013564.66,572.7,1001.29,0.0,25.05,22.78,23.2,24.76,23.24,21.99,2.73,3.5
2023,5,RO,8093.76,5369505.76,34.4,1001.68,0.0,28.24,24.7,22.6,27.7,25.0,20.2,3.49,4.3
2023,6,RO,15175.8,10067823.3,95.4,1003.56,0.0,25.17,24.4,17.8,24.61,26.2,11.0,2.85,5.2
2023,7,RO,20234.4,13423764.4,15.4,1002.76,0.0,25.87,24.7,18.3,25.03,24.7,9.0,2.62,3.5
2023,8,RO,20234.4,13423764.4,137.8,1001.2,0.0,26.96,24.7,20.9,26.11,25.5,13.8,2.89,5.1
2023,9,RO,15175.8,10067823.3,67.4,1000.08,0.0,27.82,25.4,21.6,27.04,26.5,13.5,3.37,7.1
2023,10,RO,8093.76,5369505.76,174.8,998.83,0.0,27.86,26.9,23.1,27.1,27.1,16.1,3.63,7.1
2023,11,RO,3035.16,2013564.66,208.4,998.87,0.0,27.53,26.4,23.1,26.93,26.9,17.4,3.52,6.3
2023,12,RO,2023.44,1342376.44,331.6,999.65,0.0,27.03,25.9,23.1,26.47,26.6,19.5,3.52,6.2
2004,12,PE,129.42,28787.96,0.0,1011.15,199.1,27.24,22.1,20.3,26.61,22.9,15.7,5.84,4.9
2005,1,PE,243.12,69050.6,17.8,1010.45,1170.25,27.49,23.3,20.4,26.98,23.9,15.9,5.43,5.0
2005,2,PE,243.12,69050.6,86.4,1010.18,1088.39,27.5,24.8,21.7,27.02,24.8,17.7,5.21,5.6
2005,3,PE,243.12,69050.6,81.2,1010.91,1062.21,27.92,24.3,22.0,27.42,24.8,17.9,4.9,4.6
2005,4,PE,364.68,103575.9,174.2,1011.23,990.48,26.97,24.2,22.0,26.49,24.9,16.4,4.61,5.2
2005,5,PE,972.48,276202.4,525.8,1011.94,796.26,25.53,24.4,22.1,25.05,24.9,19.4,4.28,5.0
2005,6,PE,1823.4,517879.5,731.8,1013.47,639.76,24.66,23.8,21.4,24.25,24.5,18.5,4.63,6.2
2005,7,PE,2431.2,690506.0,183.0,1015.68,856.72,24.04,22.6,19.1,23.58,23.2,15.8,4.9,5.4
2005,8,PE,2431.2,690506.0,294.4,1015.26,845.62,23.85,22.5,19.3,23.36,22.9,16.6,5.17,5.2
2005,9,PE,1823.4,517879.5,46.2,1014.69,1062.36,24.88,22.0,19.1,24.42,22.7,12.9,5.42,5.0
2005,10,PE,972.48,276202.4,59.2,1013.46,1193.87,25.75,22.7,20.7,25.25,23.1,15.3,5.75,4.6
2005,11,PE,364.68,103575.9,11.0,1011.44,1190.68,26.67,22.8,20.4,26.17,23.0,14.8,5.88,4.9
2005,12,PE,243.12,69050.6,165.4,1010.43,1111.45,26.49,23.1,20.5,26.02,24.0,16.7,5.56,4.8
2006,1,PE,195.42,58241.18,13.2,1010.94,1149.78,26.78,22.9,20.6,26.32,23.8,15.6,5.7,4.8
2006,2,PE,195.42,58241.18,33.4,1010.47,1246.31,27.46,24.0,22.0,26.95,24.2,15.0,4.97,4.5
2006,3,PE,195.42,58241.18,156.94,1010.82,1353.08,27.79,24.6,22.2,27.23,25.2,18.8,4.92,4.0
2006,4,PE,293.13,87361.77,325.86,1009.58,915.15,26.32,24.4,22.2,25.78,25.1,19.3,5.21,2.64
2006,5,PE,781.68,232964.72,740.4,1011.99,778.83,25.67,24.5,21.1,25.18,25.0,19.2,5.43,2.72
2006,6,PE,1465.65,436808.85,434.6,1014.04,719.12,24.53,23.0,20.2,24.12,23.7,18.4,5.65,2.79
2006,7,PE,1954.2,582411.8,229.5,1015.26,839.8,23.94,23.3,19.6,23.52,23.7,17.2,5.87,2.87
2006,8,PE,1954.2,582411.8,212.6,1014.88,901.23,24.12,22.1,18.8,23.65,22.8,12.6,6.1,2.95
2006,9,PE,1465.65,436808.85,61.0,1014.68,1077.92,24.84,22.1,20.0,24.38,22.7,12.9,6.32,3.02
2006,10,PE,781.68,232964.72,10.0,1012.47,1209.65,26.37,22.2,20.6,25.85,22.5,15.9,6.54,3.1
2006,11,PE,293.13,87361.77,84.7,1011.14,1172.97,26.61,22.8,19.8,26.1,24.0,15.7,6.76,3.17
2006,12,PE,195.42,58241.18,109.8,1012.06,1228.08,26.58,23.3,20.6,26.11,24.5,17.5,6.98,3.25
2007,1,PE,227.92,62884.5,85.0,1011.63,1164.89,26.9,23.9,21.5,26.42,24.7,16.3,7.21,3.33
2007,2,PE,227.92,62884.5,258.5,1011.09,1208.34,27.08,23.9,22.3,26.64,24.3,16.1,7.42,3.4
2007,3,PE,227.92,62884.5,126.1,1010.98,1100.47,26.48,24.4,21.6,25.98,25.2,18.4,7.64,3.47
2007,4,PE,341.88,94326.75,342.2,1011.41,932.27,25.95,24.1,20.9,25.49,25.0,16.7,7.86,3.55
2007,5,PE,911.68,251538.0,223.0,1012.22,861.52,25.1,23.9,20.6,24.66,24.3,18.9,8.08,3.63
2007,6,PE,1709.4,471633.75,393.1,1014.35,679.81,24.31,23.5,19.9,23.87,23.8,17.9,8.3,3.7
2007,7,PE,2279.2,628845.0,336.4,1015.02,822.92,23.57,22.6,17.9,23.14,23.6,16.5,8.53,3.78
2007,8,PE,2279.2,628845.0,220.5,1015.16,884.59,23.73,22.0,18.5,23.27,22.1,15.4,8.75,3.85
2007,9,PE,1709.4,471633.75,122.2,1015.54,971.27,24.13,22.2,19.3,23.68,23.2,15.2,8.2,5.1
2007,10,PE,911.68,251538.0,26.8,1013.22,1130.92,25.24,22.5,19.4,24.79,22.5,16.5,6.36,5.7
2007,11,PE,341.88,94326.75,38.8,1011.41,1184.79,26.08,23.0,20.1,25.58,23.5,14.7,6.33,5.3
2007,12,PE,227.92,62884.5,31.4,1011.09,1192.1,26.58,22.6,20.2,26.09,23.0,15.3,6.29,5.5
2008,1,PE,435.48,123293.78,85.6,1010.51,1080.9,26.45,23.9,21.2,25.98,23.9,15.9,5.62,5.5
2008,2,PE,435.48,123293.78,31.6,1011.11,1244.62,27.14,23.3,21.1,26.62,24.1,17.0,5.38,4.9
2008,3,PE,435.48,123293.78,394.0,1010.03,1052.8,26.18,24.1,21.4,25.72,24.5,17.4,4.23,4.4
2008,4,PE,653.22,184940.67,202.2,1009.58,1049.95,25.34,24.2,21.1,24.87,24.4,18.4,3.99,4.5
2008,5,PE,1741.92,493175.12,433.6,1011.56,972.11,24.91,24.3,20.6,24.44,24.7,18.5,4.4,5.1
2008,6,PE,3266.1,924703.35,293.5,1013.76,1058.51,24.21,22.7,17.7,23.76,23.2,16.6,5.58,5.6
2008,7,PE,4354.8,1232937.8,367.4,1015.16,860.73,22.84,26.3,19.1,22.25,31.6,1.5,6.19,5.3
2008,8,PE,4354.8,1232937.8,0.0,1015.28,1005.7,22.9,20.76,22.02,22.13,20.78,20.37,8.28,3.49
2008,9,PE,3266.1,924703.35,0.0,1013.71,791.66,24.62,20.52,23.19,23.18,20.7,20.19,6.25,2.72
2008,10,PE,1741.92,493175.12,0.0,1012.15,577.62,26.34,20.29,24.32,24.23,20.62,20.0,4.22,1.97
2008,11,PE,653.22,184940.67,0.0,1010.58,363.58,28.06,20.06,25.49,25.27,20.53,19.81,2.19,1.19
2008,12,PE,435.48,123293.78,0.0,1009.66,525.47,28.52,22.1,21.3,26.41,22.6,17.0,0.34,0.44
2009,1,PE,103.52,33727.3,48.4,1011.22,682.63,27.4,24.0,22.0,27.06,24.8,16.3,0.0,0.0
2009,2,PE,103.52,33727.3,130.0,1010.63,1089.65,27.93,24.2,22.1,27.28,24.7,19.9,0.0,0.0
2009,3,PE,103.52,33727.3,52.5,1010.96,73.82,24.61,24.3,22.2,24.42,24.7,21.0,0.88,0.81
2009,4,PE,155.28,50590.95,0.0,1012.13,132.91,25.49,22.95,25.3,25.21,23.12,21.85,2.84,1.64
2009,5,PE,414.08,134909.2,0.0,1013.32,206.98,26.39,22.48,26.32,25.98,22.73,21.19,4.8,2.5
2009,6,PE,776.4,252954.75,0.0,1014.51,281.05,27.28,22.0,27.38,26.75,22.33,20.56,6.76,3.33
2009,7,PE,1035.2,337273.0,323.4,1014.5,609.82,24.57,24.0,19.9,24.06,24.9,18.6,4.74,4.7
2009,8,PE,1035.2,337273.0,279.7,1014.3,777.63,24.46,24.1,19.2,23.95,24.8,15.7,5.06,4.8
2009,9,PE,776.4,252954.75,78.0,1014.6,832.02,25.39,23.8,19.2,24.87,24.5,16.6,5.28,4.6
2009,10,PE,414.08,134909.2,14.4,1011.88,971.27,25.97,23.2,19.9,25.36,24.3,15.3,5.05,4.3
2009,11,PE,155.28,50590.95,44.4,1011.58,923.28,26.77,24.0,20.1,26.19,24.4,15.3,5.98,4.5
2009,12,PE,103.52,33727.3,45.8,1011.4,916.33,27.23,24.9,21.4,26.67,25.4,17.8,5.49,4.8
2010,1,PE,351.78,106869.78,173.6,1011.29,771.06,26.35,25.1,21.4,25.86,25.8,18.3,4.53,4.2
2010,2,PE,351.78,106869.78,45.6,1010.76,885.92,27.52,25.5,22.5,27.0,26.0,18.5,5.13,4.8
2010,3,PE,351.78,106869.78,84.2,1010.59,907.03,27.61,25.7,21.9,27.03,26.2,18.4,4.49,4.2
2010,4,PE,527.67,160304.67,258.8,1010.54,785.74,26.93,25.9,22.6,26.44,27.5,18.2,4.28,4.2
2010,5,PE,1407.12,427479.12,114.6,1011.41,740.43,26.11,25.9,20.9,25.59,26.4,19.5,3.97,3.8
2010,6,PE,2638.35,801523.35,501.2,1013.85,634.65,25.1,25.0,20.5,24.64,25.5,17.9,4.52,4.8
2010,7,PE,3517.8,1068697.8,271.1,1014.4,648.35,24.31,24.9,19.8,23.8,24.9,17.3,5.26,4.7
2010,8,PE,3517.8,1068697.8,180.8,1015.43,685.11,23.52,22.7,18.7,23.03,23.6,14.3,5.45,4.6
2010,9,PE,2638.35,801523.35,41.0,1014.21,842.51,24.71,23.2,18.5,24.13,25.0,13.4,6.25,4.7
2010,10,PE,1407.12,427479.12,0.0,1012.11,841.32,26.0,23.3,19.4,25.48,24.1,16.6,5.29,4.9
2010,11,PE,527.67,160304.67,0.0,1010.77,944.52,26.76,24.8,20.1,26.17,24.8,16.4,6.0,4.2
2010,12,PE,351.78,106869.78,78.2,1009.32,866.65,26.82,24.4,21.4,26.26,25.3,17.2,5.48,4.7
2011,1,PE,141.9,43324.2,135.0,1009.56,859.77,26.47,24.9,21.7,25.93,25.0,17.4,4.93,4.3
2011,2,PE,141.9,43324.2,293.6,1010.24,871.97,26.68,26.3,21.9,26.17,27.3,18.7,4.85,4.0
2011,3,PE,141.9,43324.2,122.0,1009.71,928.82,26.84,26.4,21.5,26.27,27.3,17.0,4.06,3.3
2011,4,PE,212.85,64986.3,591.6,1010.21,636.9,25.74,25.9,21.8,25.27,27.8,19.9,4.0,4.7
2011,5,PE,567.6,173296.8,678.0,1011.47,571.48,25.22,26.7,20.8,24.8,27.6,19.7,4.59,4.4
2011,6,PE,1064.25,324931.5,284.0,1013.35,618.35,24.61,25.2,19.0,24.17,25.9,18.5,4.63,4.2
2011,7,PE,1419.0,433242.0,456.8,1014.04,570.94,23.81,24.4,19.9,23.33,25.4,18.3,5.3,4.3
2011,8,PE,1419.0,433242.0,163.0,1014.88,710.77,23.91,25.3,18.9,23.4,25.5,18.4,4.92,4.2
2011,9,PE,1064.25,324931.5,36.5,1015.33,802.14,24.63,25.6,19.3,24.09,26.0,18.5,6.2,5.2
2011,10,PE,567.6,173296.8,33.0,1011.61,936.12,25.84,29.8,20.4,25.29,29.9,18.6,5.44,4.8
2011,11,PE,212.85,64986.3,76.9,1011.5,910.55,26.26,30.0,19.4,25.68,31.0,20.0,5.66,4.2
2011,12,PE,141.9,43324.2,45.2,1011.45,907.7,26.86,31.3,20.1,26.25,31.5,19.2,5.85,4.2
2012,1,PE,449.56,145301.84,198.8,1011.6,799.98,26.14,29.7,21.6,25.56,30.4,20.4,5.26,5.0
2012,2,PE,449.56,145301.84,176.0,1011.09,871.34,26.35,24.4,21.6,25.82,25.1,18.1,5.58,4.3
2012,3,PE,449.56,145301.84,109.2,1011.57,967.04,26.84,24.8,20.9,26.23,25.6,16.9,5.44,4.0
2012,4,PE,674.34,217952.76,60.6,1011.53,847.61,26.1,24.1,18.2,25.54,25.0,16.2,4.59,3.6
2012,5,PE,1798.24,581207.36,200.8,1013.11,726.1,25.6,24.8,20.5,25.05,25.0,17.3,4.58,3.8
2012,6,PE,3371.7,1089763.8,298.0,1014.51,620.33,24.45,24.2,19.9,23.99,24.9,17.6,4.3,4.0
2012,7,PE,4495.6,1453018.4,266.8,1014.92,672.85,24.11,23.7,19.5,23.64,24.0,16.2,4.96,4.3
2012,8,PE,4495.6,1453018.4,176.2,1016.35,734.58,23.49,22.7,18.7,22.99,23.8,15.7,5.4,4.6
2012,9,PE,3371.7,1089763.8,22.5,1015.91,847.84,24.78,22.0,18.8,24.29,22.8,13.9,5.83,4.3
2012,10,PE,1798.24,581207.36,57.8,1013.36,863.83,25.55,23.0,19.8,25.02,23.9,14.0,6.2,4.7
2012,11,PE,674.34,217952.76,12.0,1011.42,912.13,26.64,23.1,20.6,26.04,24.0,16.0,5.53,4.0
2012,12,PE,449.56,145301.84,28.2,1011.08,915.27,27.01,23.3,20.8,26.39,24.3,16.3,5.61,4.1
2013,1,PE,129.88,41029.36,95.2,1011.79,920.22,26.91,25.2,20.7,26.34,25.5,16.8,5.23,4.5
2013,2,PE,129.88,41029.36,49.4,1011.12,906.98,27.58,24.6,22.3,26.97,25.3,17.4,5.9,4.3
2013,3,PE,129.88,41029.36,98.2,1011.34,868.79,27.6,25.6,22.5,27.05,26.1,17.1,5.26,4.5
2013,4,PE,194.82,61544.04,239.4,1011.48,803.55,26.77,25.7,21.9,26.18,26.4,17.9,4.42,4.0
2013,5,PE,519.52,164117.44,318.2,1012.52,751.86,25.56,25.6,21.0,25.05,26.2,18.3,3.91,3.9
2013,6,PE,974.1,307720.2,475.4,1013.57,660.49,24.52,24.8,20.1,24.03,25.7,18.0,3.96,3.5
2013,7,PE,1298.8,410293.6,412.2,1014.96,603.29,23.93,24.1,19.8,23.46,24.7,13.5,4.31,4.3
2013,8,PE,1298.8,410293.6,226.4,1014.66,702.94,24.23,23.2,19.0,23.72,23.9,15.6,5.1,4.0
2013,9,PE,974.1,307720.2,152.2,1014.7,757.21,24.67,23.5,19.6,24.12,24.6,15.9,5.38,4.1
2013,10,PE,519.52,164117.44,133.8,1013.55,857.22,25.55,22.9,20.7,24.94,26.0,14.5,5.28,3.9
2013,11,PE,194.82,61544.04,80.0,1011.55,841.24,26.13,22.1,20.7,25.56,22.5,13.8,5.62,3.8
2013,12,PE,129.88,41029.36,173.8,1011.47,882.72,26.72,22.6,21.3,26.14,23.1,13.2,5.36,4.2
2014,1,PE,112.92,36770.44,108.0,1012.17,894.41,26.15,23.0,20.6,25.56,23.4,13.2,5.07,4.6
2014,2,PE,112.92,36770.44,145.0,1011.01,812.46,26.08,22.3,20.9,25.49,23.3,12.0,4.42,3.4
2014,3,PE,112.92,36770.44,235.6,1011.52,838.75,26.41,23.9,21.7,25.83,24.1,13.4,4.35,3.5
2014,4,PE,169.38,55155.66,269.6,1011.5,807.76,26.55,24.1,21.6,25.99,24.1,14.2,3.88,3.5
2014,5,PE,451.68,147081.76,286.4,1012.16,703.01,25.08,23.3,20.2,24.62,24.1,16.2,3.78,4.1
2014,6,PE,846.9,275778.3,304.0,1013.99,631.21,24.64,22.6,19.7,24.13,23.3,14.6,4.72,3.9
2014,7,PE,1129.2,367704.4,270.4,1016.39,644.03,23.99,22.4,19.3,23.47,22.5,14.5,4.7,4.0
2014,8,PE,1129.2,367704.4,153.0,1015.81,847.17,24.04,22.4,18.8,23.45,22.7,14.2,5.06,4.0
2014,9,PE,846.9,275778.3,222.5,1014.88,1173.23,24.94,22.8,19.5,24.34,23.4,15.7,5.61,4.2
2014,10,PE,451.68,147081.76,148.6,1013.93,1019.65,25.41,25.1,20.7,24.86,26.8,17.0,5.7,4.0
2014,11,PE,169.38,55155.66,54.2,1012.15,1123.35,26.0,24.8,20.4,25.37,25.4,15.3,4.89,3.4
2014,12,PE,112.92,36770.44,74.4,1012.48,1118.37,26.35,24.5,20.6,25.74,26.1,16.9,2.73,3.7
2015,1,PE,62.08,20132.14,65.8,1013.11,1230.07,26.71,25.8,20.7,26.1,26.6,15.3,0.0,0.0
2015,2,PE,62.08,20132.14,49.0,1012.03,1112.0,27.5,26.9,21.4,26.88,27.2,15.2,4.64,4.1
2015,3,PE,62.08,20132.14,299.4,1011.54,989.85,26.55,28.8,21.6,26.0,30.1,17.6,4.43,3.9
2015,4,PE,93.12,30198.21,68.6,1011.66,985.31,26.67,29.3,21.1,26.09,30.4,13.1,3.8,3.1
2015,5,PE,248.32,80528.56,172.6,1012.88,1121.74,26.14,28.7,20.7,25.62,29.7,12.5,3.95,3.8
2015,6,PE,465.6,150991.05,452.6,1014.82,1033.02,24.67,28.6,20.1,24.18,28.9,14.8,4.08,3.9
2015,7,PE,620.8,201321.4,438.8,1015.36,932.99,24.12,22.8,19.5,23.7,23.4,15.1,4.62,4.4
2015,8,PE,620.8,201321.4,117.0,1015.56,998.97,24.22,21.5,18.9,23.74,22.6,13.9,5.13,4.1
2015,9,PE,465.6,150991.05,32.8,1014.74,1073.32,25.4,21.6,19.9,24.88,22.5,12.0,5.1,3.8
2015,10,PE,248.32,80528.56,17.8,1014.28,1041.4,26.18,22.6,20.9,25.64,23.0,10.4,5.77,3.9
2015,11,PE,93.12,30198.21,30.8,1012.11,1032.93,26.66,22.9,20.1,26.0,24.1,13.7,5.35,3.9
2015,12,PE,62.08,20132.14,87.2,1013.2,1068.01,26.87,23.8,20.8,26.29,25.1,14.3,5.3,3.5
2016,1,PE,99.9,33774.04,117.2,1011.77,1021.56,26.93,24.5,20.4,26.43,25.6,16.7,4.31,4.0
2016,2,PE,99.9,33774.04,54.2,1012.22,1114.01,27.26,24.9,20.9,26.55,25.1,15.7,5.06,4.3
2016,3,PE,99.9,33774.04,252.0,1012.36,1001.19,27.0,25.0,22.3,26.44,25.3,17.5,4.46,4.2
2016,4,PE,149.85,50661.06,286.4,1011.77,1013.07,26.51,24.9,22.0,25.96,25.6,17.6,4.66,3.8
2016,5,PE,399.6,135096.16,402.2,1013.77,976.22,25.38,24.7,21.2,24.9,25.4,17.0,3.82,3.7
2016,6,PE,749.25,253305.3,110.2,1015.37,1063.37,24.7,24.4,19.1,24.16,25.3,14.3,4.07,4.3
2016,7,PE,999.0,337740.4,91.8,1015.5,1007.63,24.03,23.6,18.4,23.48,24.8,17.2,4.68,4.4
2016,8,PE,999.0,337740.4,57.4,1015.56,1025.18,24.38,24.6,18.5,23.8,25.2,14.7,4.98,3.9
2016,9,PE,749.25,253305.3,53.8,1015.13,1039.73,25.38,23.9,18.9,24.78,24.6,15.4,5.54,3.9
2016,10,PE,399.6,135096.16,8.4,1013.1,1079.96,26.75,24.4,20.7,26.09,24.7,17.7,6.35,4.1
2016,11,PE,149.85,50661.06,18.4,1012.0,1063.8,27.1,24.4,20.9,26.47,25.2,19.0,5.98,4.1
2016,12,PE,99.9,33774.04,71.0,1011.53,1090.15,27.17,25.0,20.6,26.55,25.7,18.7,5.84,4.4
2017,1,PE,80.06,28176.92,30.6,1011.74,1112.66,27.38,25.4,21.6,26.82,26.0,17.1,5.74,4.0
2017,2,PE,80.06,28176.92,21.4,1011.17,1046.16,27.72,25.0,21.3,27.14,26.3,16.6,5.47,4.2
2017,3,PE,80.06,28176.92,188.8,1010.99,1066.67,27.28,27.1,21.4,26.61,27.6,6.6,4.64,3.8
2017,4,PE,120.09,42265.38,463.7,1011.47,1109.47,26.8,26.6,21.8,26.16,27.6,20.3,4.45,3.5
2017,5,PE,320.24,112707.68,422.8,1012.54,936.43,25.61,26.8,20.9,25.11,27.5,20.5,3.72,3.5
2017,6,PE,600.45,211326.9,425.0,1013.94,858.4,24.84,26.5,21.2,24.4,27.2,19.6,5.12,3.8
2017,7,PE,800.6,281769.2,469.3,1016.47,909.33,23.6,24.3,19.8,23.09,25.9,16.1,5.99,4.2
2017,8,PE,800.6,281769.2,117.0,1015.34,978.96,23.9,24.3,18.2,23.35,25.1,14.1,4.52,4.2
2017,9,PE,600.45,211326.9,84.4,1015.67,1100.68,24.55,22.5,19.0,23.91,24.2,14.4,6.33,4.2
2017,10,PE,320.24,112707.68,64.4,1013.41,1060.52,25.77,23.7,21.2,25.19,24.6,15.5,5.96,4.0
2017,11,PE,120.09,42265.38,15.4,1011.69,1015.38,26.72,23.6,20.5,26.03,24.4,13.4,5.53,4.0
2017,12,PE,80.06,28176.92,2.0,1011.13,754.62,27.15,23.6,21.3,26.51,24.5,16.9,4.97,4.1
2018,1,PE,103.0,38378.9,7.8,1011.45,1379.08,27.87,24.4,22.1,27.37,25.1,16.9,5.48,3.6
2018,2,PE,103.0,38378.9,178.0,1010.67,1101.42,26.96,25.1,21.9,26.35,26.5,18.3,4.71,3.5
2018,3,PE,103.0,38378.9,132.8,1010.95,1012.26,26.72,25.6,22.0,26.14,27.1,17.5,4.05,3.5
2018,4,PE,154.5,57568.35,509.6,1011.85,952.79,25.46,26.3,22.1,24.99,27.0,18.6,3.61,3.0
2018,5,PE,412.0,153515.6,194.6,1012.98,1086.45,25.39,25.9,21.0,24.84,26.2,18.0,4.3,3.5
2018,6,PE,772.5,287841.75,143.7,1015.06,1073.69,24.37,25.2,18.8,23.84,25.8,16.6,4.3,3.9
2018,7,PE,1030.0,383789.0,136.8,1015.52,1007.32,23.85,24.5,18.8,23.34,24.7,14.0,4.73,3.9
2018,8,PE,1030.0,383789.0,101.6,1016.0,1041.16,24.19,24.3,18.9,23.62,24.9,16.3,4.95,3.8
2018,9,PE,772.5,287841.75,59.5,1013.92,1117.74,24.93,23.7,19.3,24.38,24.0,15.1,5.35,3.8
2018,10,PE,412.0,153515.6,24.0,1012.64,1081.87,26.31,23.9,20.3,25.72,24.3,15.1,5.43,3.8
2018,11,PE,154.5,57568.35,40.4,1011.77,1065.27,26.99,23.9,21.9,26.43,25.4,15.2,5.9,4.3
2018,12,PE,103.0,38378.9,75.4,1012.28,1051.0,27.1,24.9,19.7,26.52,25.9,15.8,5.33,3.9
2019,1,PE,51.1,19416.26,107.6,1012.7,1065.76,26.74,25.2,22.0,26.19,27.0,16.2,4.93,3.9
2019,2,PE,51.1,19416.26,119.6,1011.17,1033.9,27.11,26.9,21.2,26.6,27.0,17.9,4.09,3.6
2019,3,PE,51.1,19416.26,196.0,1011.35,1001.98,27.13,26.5,21.8,26.57,27.7,18.6,4.05,3.3
2019,4,PE,76.65,29124.39,239.6,1011.31,1042.55,26.5,26.7,21.2,25.95,27.6,19.6,3.42,3.0
2019,5,PE,204.4,77665.04,216.8,1011.91,742.13,26.03,26.6,21.2,25.48,27.5,18.6,3.11,3.2
2019,6,PE,383.25,145621.95,393.8,1014.63,678.21,24.81,25.4,19.9,24.26,25.9,18.0,4.39,3.7
2019,7,PE,511.0,194162.6,436.1,1014.84,652.12,23.93,25.4,18.7,23.4,25.7,15.7,4.38,3.6
2019,8,PE,511.0,194162.6,184.8,1016.62,674.91,23.99,23.8,18.6,23.43,24.9,14.0,5.15,4.1
2019,9,PE,383.25,145621.95,113.6,1014.85,760.97,25.01,23.9,20.6,24.46,24.9,16.1,7.91,2.93
2019,10,PE,204.4,77665.04,61.2,1012.98,822.95,25.81,24.6,20.5,25.22,24.9,16.6,7.92,2.96
2019,11,PE,76.65,29124.39,4.2,1011.22,907.55,27.06,24.2,20.8,26.44,25.1,15.0,7.93,2.98
2019,12,PE,51.1,19416.26,8.8,1011.31,960.67,27.44,24.5,21.5,26.79,25.2,16.1,7.95,3.01
2020,1,PE,79.62,30388.14,58.6,1011.42,54.2,27.92,25.7,22.3,27.34,26.5,16.5,7.96,3.04
2020,2,PE,79.62,30388.14,88.6,1011.24,54.2,27.92,26.0,22.8,27.38,27.3,18.5,7.97,3.06
2020,3,PE,79.62,30388.14,159.4,1010.63,54.2,27.63,26.5,21.9,27.07,27.3,18.6,7.99,3.09
2020,4,PE,119.43,45582.21,246.0,1011.58,54.2,26.76,26.7,22.3,26.25,28.2,18.9,8.0,3.12
2020,5,PE,318.48,121552.56,253.0,1012.9,54.2,26.0,26.6,22.0,25.51,27.2,20.0,8.01,3.14
2020,6,PE,597.15,227911.05,296.6,1013.75,54.2,25.15,26.4,20.6,24.63,26.7,15.9,8.03,3.17
2020,7,PE,796.2,303881.4,203.0,1014.2,54.2,24.26,24.5,19.8,23.84,25.1,13.7,8.04,3.2
2020,8,PE,796.2,303881.4,119.4,1014.83,54.2,24.26,23.5,18.3,23.82,24.1,14.4,8.06,3.22
2020,9,PE,597.15,227911.05,70.8,1014.48,54.2,25.1,23.3,19.9,24.65,24.1,15.4,8.07,3.25
2020,10,PE,318.48,121552.56,25.2,1012.65,54.2,26.41,24.1,20.6,25.92,24.5,17.1,8.08,3.28
2020,11,PE,119.43,45582.21,61.6,1011.71,54.2,27.27,24.6,21.8,26.79,25.3,16.6,7.81,3.6
2020,12,PE,79.62,30388.14,74.6,1011.85,54.2,27.29,24.3,21.6,26.81,25.2,16.5,5.85,3.7
2021,1,PE,82.64,34178.42,53.2,1011.17,54.2,27.16,24.5,22.7,26.69,25.0,17.7,5.23,3.7
2021,2,PE,82.64,34178.42,119.8,1010.81,54.2,27.33,25.8,21.6,26.83,26.5,15.4,4.81,3.5
2021,3,PE,82.64,34178.42,222.2,1010.84,54.2,26.68,27.1,21.3,26.24,27.5,16.4,4.23,3.3
2021,4,PE,123.96,51267.63,531.6,1011.11,54.2,26.03,26.2,21.9,25.57,26.7,20.3,3.68,3.5
2021,5,PE,330.56,136713.68,533.6,1012.8,54.2,25.11,25.9,20.5,24.71,26.6,18.9,3.74,3.1
2021,6,PE,619.8,256338.15,200.2,1013.82,54.2,24.22,25.3,19.9,23.79,26.5,18.2,3.75,3.6
2021,7,PE,826.4,341784.2,254.8,1015.42,54.2,24.1,26.0,20.2,23.67,27.3,16.6,4.13,3.6
2021,8,PE,826.4,341784.2,311.6,1015.22,54.2,24.02,25.4,19.0,23.6,26.2,18.3,5.32,3.8
2021,9,PE,619.8,256338.15,50.6,1014.19,54.2,25.46,26.2,19.8,25.02,26.7,14.8,5.01,3.6
2021,10,PE,330.56,136713.68,46.2,1012.39,54.2,26.54,25.5,20.5,26.03,26.9,17.6,5.03,3.4
2021,11,PE,123.96,51267.63,98.0,1010.44,54.2,25.61,24.9,22.8,25.15,25.5,18.5,2.91,3.2
2021,12,PE,82.64,34178.42,148.8,1010.1,54.2,24.3,24.1,24.3,23.9,24.1,23.6,1.5,0.7
2022,1,PE,102.82,43664.62,148.8,1010.1,54.2,24.3,24.1,24.3,23.9,24.1,23.6,1.5,0.7
2022,2,PE,102.82,43664.62,134.4,1010.1,54.2,24.3,24.1,24.3,23.9,24.1,23.6,1.5,0.7
2022,3,PE,102.82,43664.62,148.8,1010.1,54.2,24.3,24.1,24.3,23.9,24.1,23.6,1.5,0.7
2022,4,PE,154.23,65496.93,144.0,1010.1,54.2,24.3,24.1,24.3,23.9,24.1,23.6,1.5,0.7
2022,5,PE,411.28,174658.48,148.8,1010.1,54.2,24.3,24.1,24.3,23.9,24.1,23.6,1.5,0.7
2022,6,PE,771.15,327484.65,144.0,1010.1,54.2,24.3,24.1,24.3,23.9,24.1,23.6,1.5,0.7
2022,7,PE,1028.2,436646.2,148.8,1010.1,54.2,24.3,24.1,24.3,23.9,24.1,23.6,1.5,0.7
2022,8,PE,1028.2,436646.2,148.8,1010.1,54.2,24.3,24.1,24.3,23.9,24.1,23.6,1.5,0.7
2022,9,PE,771.15,327484.65,144.0,1010.1,54.2,24.3,24.1,24.3,23.9,24.1,23.6,1.5,0.7
2022,10,PE,411.28,174658.48,148.8,1010.1,54.2,24.3,24.1,24.3,23.9,24.1,23.6,1.5,0.7
2022,11,PE,154.23,65496.93,144.0,1010.1,54.2,24.3,24.1,24.3,23.9,24.1,23.6,1.5,0.7
2022,12,PE,102.82,43664.62,148.8,1010.1,54.2,24.3,24.1,24.3,23.9,24.1,23.6,1.5,0.7
2023,1,PE,82.94,34959.52,148.8,1010.1,54.2,24.3,24.1,24.3,23.9,24.1,23.6,1.5,0.7
2023,2,PE,82.94,34959.52,134.4,1010.1,54.2,24.3,24.1,24.3,23.9,24.1,23.6,1.5,0.7
2023,3,PE,82.94,34959.52,148.8,1010.1,54.2,24.3,24.1,24.3,23.9,24.1,23.6,1.5,0.7
2023,4,PE,124.41,52439.28,144.0,1010.1,54.2,24.3,24.1,24.3,23.9,24.1,23.6,1.5,0.7
2023,5,PE,331.76,139838.08,148.8,1010.1,54.2,24.3,24.1,24.3,23.9,24.1,23.6,1.5,0.7
2023,6,PE,622.05,262196.4,144.0,1010.1,54.2,24.3,24.1,24.3,23.9,24.1,23.6,1.5,0.7
2023,7,PE,829.4,349595.2,148.8,1010.1,54.2,24.3,24.1,24.3,23.9,24.1,23.6,1.5,0.7
2023,8,PE,829.4,349595.2,148.8,1010.1,54.2,24.3,24.1,24.3,23.9,24.1,23.6,1.5,0.7
2023,9,PE,622.05,262196.4,144.0,1010.1,54.2,24.3,24.1,24.3,23.9,24.1,23.6,1.5,0.7
2023,10,PE,331.76,139838.08,148.8,1010.1,54.2,24.3,24.1,24.3,23.9,24.1,23.6,1.5,0.7
2023,11,PE,124.41,52439.28,144.0,1010.1,54.2,24.3,24.1,24.3,23.9,24.1,23.6,1.5,0.7
2023,12,PE,82.94,34959.52,148.8,1010.1,54.2,24.3,24.1,24.3,23.9,24.1,23.6,1.5,0.7
2008,7,AC,11029.8,8035509.8,20.2,987.76,708.95,25.35,22.5,20.9,24.75,23.1,11.9,3.89,6.2
2008,8,AC,11029.8,8035509.8,3.8,985.29,884.19,27.27,22.9,18.6,26.54,24.1,6.7,4.72,11.6
2008,9,AC,8272.35,6026632.35,151.8,986.11,780.13,26.01,23.5,16.2,25.33,24.1,9.0,4.69,9.5
2008,10,AC,4411.92,3214203.92,133.4,984.98,839.13,25.93,23.8,19.3,25.35,24.7,15.2,4.83,9.0
2008,11,AC,1654.47,1205326.47,196.6,983.18,816.49,25.85,28.0,20.8,25.3,28.2,19.0,4.56,7.1
2008,12,AC,1102.98,803550.98,396.0,983.32,684.62,24.98,27.2,21.1,24.5,28.3,16.8,4.31,7.1
2009,1,AC,709.06,525411.4,228.5,984.72,748.2,25.04,27.9,20.4,24.54,27.9,17.1,4.32,7.9
2009,2,AC,709.06,525411.4,193.6,984.06,656.52,24.59,28.0,21.3,24.14,28.7,18.3,4.2,7.4
2009,3,AC,709.06,525411.4,288.0,984.16,719.65,24.94,28.1,21.2,24.45,28.6,17.8,3.58,6.0
2009,4,AC,1063.59,788117.1,332.0,985.64,609.3,24.66,28.1,21.6,24.22,28.7,18.1,2.28,5.0
2009,5,AC,2836.24,2101645.6,93.6,985.97,626.71,24.88,28.2,19.9,24.34,28.4,18.6,2.51,5.5
2009,6,AC,5317.95,3940585.5,71.4,988.02,604.25,22.96,27.2,15.4,22.43,28.1,13.5,2.48,6.4
2009,7,AC,7090.6,5254114.0,12.2,987.31,742.62,24.15,26.7,11.3,23.44,27.5,9.7,2.2,7.7
2009,8,AC,7090.6,5254114.0,35.8,985.97,834.45,26.0,27.2,15.7,25.2,28.2,11.7,3.69,8.8
2009,9,AC,5317.95,3940585.5,108.4,985.98,864.79,26.38,26.6,14.3,25.67,27.0,10.6,4.84,7.3
2009,10,AC,2836.24,2101645.6,80.2,983.4,918.97,26.75,28.2,18.1,26.06,28.8,12.2,4.4,7.0
2009,11,AC,1063.59,788117.1,176.0,982.08,829.2,26.16,27.8,21.2,25.67,28.0,18.0,4.37,6.0
2009,12,AC,709.06,525411.4,468.0,983.87,632.86,24.86,28.1,21.4,24.43,28.5,19.0,4.15,8.2
2010,1,AC,850.38,619879.9,248.8,984.06,735.76,25.46,27.9,22.0,25.01,28.4,19.6,4.29,7.5
2010,2,AC,850.38,619879.9,190.4,983.69,700.94,25.86,28.6,22.1,25.4,29.4,19.6,3.66,7.2
2010,3,AC,850.38,619879.9,193.0,984.37,680.78,25.73,28.6,22.0,25.28,29.0,18.9,3.37,8.1
2010,4,AC,1275.57,929819.85,78.8,985.47,743.9,25.89,28.6,19.1,25.39,29.5,16.0,3.25,6.5
2010,5,AC,3401.52,2479519.6,28.4,986.57,669.84,24.29,27.9,14.4,23.83,28.5,11.0,3.3,7.8
2010,6,AC,6377.85,4649099.25,6.2,987.92,725.81,25.16,27.0,16.9,24.61,27.3,13.3,3.03,6.6
2010,7,AC,8503.8,6198799.0,10.4,987.87,710.94,23.88,26.8,10.1,23.22,27.7,7.0,3.86,7.0
2010,8,AC,8503.8,6198799.0,6.4,986.9,736.11,26.19,26.0,13.2,25.43,26.7,0.7,3.94,7.7
2010,9,AC,6377.85,4649099.25,7.2,984.5,720.43,27.66,26.1,17.3,26.98,27.1,9.4,4.71,7.9
2010,10,AC,3401.52,2479519.6,104.2,984.16,741.62,26.52,27.3,15.5,25.96,27.4,14.3,4.5,8.3
2010,11,AC,1275.57,929819.85,129.8,982.92,801.81,25.55,27.0,18.8,25.06,28.1,16.4,4.25,9.3
2010,12,AC,850.38,619879.9,139.0,982.29,778.13,25.2,27.2,17.9,24.74,27.9,15.6,4.53,7.0
2011,1,AC,801.96,590824.22,176.2,982.85,724.56,24.91,27.1,21.7,24.48,28.2,17.3,4.17,6.5
2011,2,AC,801.96,590824.22,277.8,984.14,670.71,24.57,27.5,21.2,24.15,28.5,18.8,3.74,6.7
2011,3,AC,801.96,590824.22,202.6,983.89,661.75,24.68,27.8,21.0,24.24,28.1,19.0,3.35,5.6
2011,4,AC,1202.94,886236.33,226.2,984.91,650.88,25.01,28.3,20.7,24.52,28.4,17.8,3.03,6.4
2011,5,AC,3207.84,2363296.88,41.2,986.35,718.64,24.44,27.5,16.4,23.94,28.1,14.4,3.14,7.3
2011,6,AC,6014.7,4431181.65,28.8,986.77,694.68,24.77,27.3,12.4,24.21,27.9,9.9,3.03,6.9
2011,7,AC,8019.6,5908242.2,4.0,986.55,746.55,25.24,26.3,13.4,24.61,26.5,9.9,3.77,8.2
2011,8,AC,8019.6,5908242.2,32.6,986.75,774.82,25.55,26.6,12.2,24.78,27.3,5.5,4.06,10.9
2011,9,AC,6014.7,4431181.65,134.8,986.43,822.53,26.5,26.8,20.0,25.85,27.2,10.5,3.35,6.7
2011,10,AC,3207.84,2363296.88,157.8,983.33,793.69,25.43,29.2,21.5,25.0,29.5,17.1,3.37,7.4
2011,11,AC,1202.94,886236.33,230.8,982.99,904.7,26.1,29.7,19.1,25.66,30.0,16.8,3.34,7.2
2011,12,AC,801.96,590824.22,224.0,983.57,763.92,25.2,28.7,21.5,24.82,29.8,0.1,3.16,9.2
2012,1,AC,1253.52,943348.42,522.4,984.27,618.5,24.47,24.8,21.6,24.12,25.5,0.0,3.1,7.2
2012,2,AC,1253.52,943348.42,527.0,984.22,672.32,24.29,21.3,20.8,23.92,23.2,0.0,2.47,5.2
2012,3,AC,1253.52,943348.42,265.6,985.49,729.52,24.74,-2.6,19.4,24.36,5.99,2.25,1.87,5.8
2012,4,AC,1880.28,1415022.63,73.6,985.16,703.89,25.23,-4.85,18.0,24.84,4.34,1.72,1.83,7.3
2012,5,AC,5014.08,3773393.68,20.4,986.48,728.74,24.83,-7.03,16.5,24.39,2.75,1.17,1.15,6.3
2012,6,AC,9401.4,7075113.15,108.2,987.85,660.21,24.25,10.8,13.7,23.84,11.2,0.0,1.71,8.0
2012,7,AC,12535.2,9433484.2,32.6,988.06,804.71,24.22,22.0,13.4,23.63,23.0,0.0,1.88,6.2
2012,8,AC,12535.2,9433484.2,16.2,987.67,831.19,25.51,23.3,13.9,24.71,24.6,6.8,4.01,7.8
2012,9,AC,9401.4,7075113.15,59.2,986.55,774.48,26.71,23.8,17.3,25.95,24.5,9.7,4.5,10.1
2012,10,AC,5014.08,3773393.68,278.6,984.37,838.78,25.99,24.3,17.8,25.4,25.5,11.5,4.1,8.4
2012,11,AC,1880.28,1415022.63,281.4,983.39,808.09,25.8,25.1,21.4,25.3,25.6,19.1,4.27,7.4
2012,12,AC,1253.52,943348.42,231.0,983.63,756.22,25.1,24.7,20.9,24.6,25.4,17.9,4.28,6.2
2013,1,AC,989.66,737760.7,370.2,985.05,747.96,25.35,25.6,21.5,24.85,26.2,20.0,4.25,7.6
2013,2,AC,989.66,737760.7,282.2,984.48,707.25,25.25,24.9,21.2,24.77,26.6,19.8,4.07,5.6
2013,3,AC,989.66,737760.7,281.2,985.26,696.47,25.16,25.3,21.3,24.72,26.1,19.5,3.93,5.9
2013,4,AC,1484.49,1106641.05,68.4,986.08,822.04,25.4,25.2,17.8,24.9,26.1,12.0,4.03,7.0
2013,5,AC,3958.64,2951042.8,76.2,986.82,593.25,24.67,25.2,17.9,24.25,26.3,17.0,3.42,5.7
2013,6,AC,7422.45,5533205.25,33.6,987.06,658.76,25.16,24.4,20.8,24.64,25.0,19.0,2.94,5.8
2013,7,AC,9896.6,7377607.0,0.0,988.75,696.72,24.02,23.8,9.3,23.45,25.8,5.7,3.47,6.4
2013,8,AC,9896.6,7377607.0,71.8,987.44,810.44,24.39,23.9,11.8,23.78,24.4,3.8,4.44,7.5
2013,9,AC,7422.45,5533205.25,97.6,986.17,833.25,25.94,25.0,14.9,25.42,25.9,10.7,4.42,8.6
2013,10,AC,3958.64,2951042.8,146.2,985.02,776.26,25.37,24.2,19.5,24.9,25.2,17.5,3.61,7.9
2013,11,AC,1484.49,1106641.05,226.6,983.13,765.01,25.35,25.8,20.7,24.94,26.5,15.4,4.14,7.4
2013,12,AC,989.66,737760.7,244.4,983.76,776.6,25.53,25.2,20.7,25.15,25.3,18.8,4.51,6.3
2014,1,AC,1268.84,945015.12,391.8,984.87,705.38,24.87,25.4,21.0,24.5,25.7,18.8,4.27,5.5
2014,2,AC,1268.84,945015.12,297.4,984.57,692.77,24.86,24.7,21.5,24.45,25.4,19.3,4.06,6.5
2014,3,AC,1268.84,945015.12,265.2,985.5,652.12,24.84,25.1,20.9,24.37,26.5,19.8,3.6,6.7
2014,4,AC,1903.26,1417522.68,156.0,988.09,693.96,25.04,25.2,19.0,24.49,25.6,17.4,2.3,5.2
2014,5,AC,5075.36,3780060.48,103.62,989.0,1246.51,26.83,26.7,21.1,26.27,29.3,19.8,2.69,5.0
2014,6,AC,9516.3,7087613.4,34.52,987.83,2386.15,30.33,24.27,31.03,29.59,25.71,23.28,6.82,3.29
2014,7,AC,12688.4,9450151.2,80.56,986.49,2028.32,30.12,23.86,30.67,29.08,25.1,22.72,6.85,3.24
2014,8,AC,12688.4,9450151.2,126.2,985.13,1664.63,29.91,23.43,30.3,28.56,24.48,22.15,6.88,3.2
2014,9,AC,9516.3,7087613.4,165.58,983.78,1306.81,29.7,23.0,29.94,28.05,23.85,21.6,6.91,3.15
2014,10,AC,5075.36,3780060.48,215.99,982.44,948.99,29.48,22.58,29.57,27.53,23.24,21.03,6.95,3.11
2014,11,AC,1903.26,1417522.68,252.47,981.1,591.16,29.27,22.15,29.22,27.02,22.61,20.48,6.98,3.06
2014,12,AC,1268.84,945015.12,204.66,983.23,594.93,26.32,25.9,20.0,25.26,26.5,18.8,4.96,6.4
2015,1,AC,994.66,733437.62,294.9,986.11,640.53,24.38,24.7,20.7,23.99,25.6,19.5,3.56,7.0
2015,2,AC,994.66,733437.62,325.8,985.1,636.07,24.92,25.8,21.2,24.53,26.9,19.3,3.89,7.5
2015,3,AC,994.66,733437.62,149.0,984.63,315.01,24.36,24.8,21.9,24.08,25.8,20.5,3.28,6.3
2015,4,AC,1491.99,1100156.43,0.0,986.07,86.65,26.07,23.4,22.8,24.67,23.9,21.2,3.34,2.9
2015,5,AC,3978.64,2933750.48,102.38,987.48,580.35,25.16,24.8,21.9,27.3,25.3,20.2,2.56,4.6
2015,6,AC,7459.95,5500782.15,282.61,987.61,1065.3,26.76,21.93,29.16,28.71,23.92,21.89,2.62,0.64
2015,7,AC,9946.6,7334376.2,515.29,987.31,1591.43,28.41,21.95,30.44,29.48,23.59,21.31,2.94,1.0
2015,8,AC,9946.6,7334376.2,742.21,987.0,2126.19,30.09,21.97,31.75,30.26,23.25,20.74,3.26,1.37
2015,9,AC,7459.95,5500782.15,934.32,986.7,2652.32,31.74,21.99,33.06,31.03,22.91,20.19,3.58,1.72
2015,10,AC,3978.64,2933750.48,586.79,985.86,1974.37,30.27,23.9,21.5,29.24,25.4,17.0,4.09,7.1
2015,11,AC,1491.99,1100156.43,321.6,983.62,830.07,26.62,25.5,21.3,26.05,25.6,17.6,4.25,6.8
2015,12,AC,994.66,733437.62,318.6,985.31,824.6,25.76,24.8,20.5,25.21,25.8,19.5,3.95,7.4
2016,1,AC,1732.26,1263746.1,150.4,984.29,759.35,26.31,25.8,22.1,25.81,26.4,19.4,4.09,8.5
2016,2,AC,1732.26,1263746.1,283.2,985.02,746.02,25.76,25.4,21.5,25.26,26.3,20.5,3.72,7.6
2016,3,AC,1732.26,1263746.1,78.4,986.35,536.5,25.39,25.5,22.3,25.02,26.2,18.5,3.78,6.6
2016,4,AC,2598.39,1895619.15,0.0,987.43,79.26,24.04,23.19,24.1,24.01,23.22,22.78,4.42,0.8
2016,5,AC,6929.04,5054984.4,0.0,988.12,181.6,23.95,22.82,24.01,23.9,22.95,22.37,4.56,1.2
2016,6,AC,12991.95,9478095.75,0.0,988.81,283.94,23.87,22.44,23.93,23.78,22.66,21.96,4.71,1.58
2016,7,AC,17322.6,12637461.0,0.0,989.5,386.28,23.79,22.07,23.85,23.67,22.39,21.55,4.86,1.98
2016,8,AC,17322.6,12637461.0,0.0,990.19,490.3,23.71,21.69,23.77,23.55,22.11,21.13,5.01,2.38
2016,9,AC,12991.95,9478095.75,2.2,989.83,644.0,24.16,22.8,21.8,23.88,23.5,18.2,4.91,7.3
2016,10,AC,6929.04,5054984.4,237.2,984.36,831.41,25.97,24.1,19.4,25.39,25.8,11.9,3.82,9.5
2016,11,AC,2598.39,1895619.15,131.2,983.21,1085.5,26.47,24.9,19.0,25.91,25.7,17.8,4.76,9.3
2016,12,AC,1732.26,1263746.1,247.1,983.96,823.45,25.44,24.5,20.5,24.93,25.1,18.6,4.62,6.6
2017,1,AC,1722.48,1273882.96,306.3,985.22,612.88,24.46,25.2,21.4,24.13,25.3,20.2,4.15,7.0
2017,2,AC,1722.48,1273882.96,219.6,984.64,705.23,24.85,24.8,21.5,24.35,26.2,19.4,4.27,6.5
2017,3,AC,1722.48,1273882.96,285.5,984.97,669.91,24.89,25.5,21.1,24.44,26.3,18.7,3.63,7.1
2017,4,AC,2583.72,1910824.44,216.6,985.77,662.9,24.81,24.7,16.4,24.32,25.5,15.3,4.02,7.3
2017,5,AC,6889.92,5095531.84,233.1,986.07,633.15,25.54,25.2,20.4,25.09,25.8,19.4,3.46,6.7
2017,6,AC,12918.6,9554122.2,48.6,987.52,691.91,24.22,24.6,14.9,23.69,25.3,10.6,3.34,7.8
2017,7,AC,17224.8,12738829.6,34.4,989.37,1068.5,25.66,23.0,13.5,24.84,23.6,2.5,3.92,9.2
2017,8,AC,17224.8,12738829.6,46.0,986.29,1247.31,28.71,23.2,19.5,27.7,24.4,11.4,4.93,8.7
2017,9,AC,12918.6,9554122.2,75.6,986.18,792.97,26.28,23.4,17.3,25.57,24.2,13.3,4.0,8.0
2017,10,AC,6889.92,5095531.84,19.2,984.35,266.38,27.77,23.9,22.1,27.59,24.4,18.1,3.17,5.9
2017,11,AC,2583.72,1910824.44,0.0,984.54,35.49,27.77,20.24,28.3,27.72,20.59,19.77,2.89,1.62
2017,12,AC,1722.48,1273882.96,0.0,984.66,44.39,27.59,20.43,28.12,27.5,20.75,19.85,3.36,1.51
2018,1,AC,1689.78,1276906.88,0.0,984.78,53.44,27.4,20.63,27.94,27.27,20.92,19.94,3.85,1.41
2018,2,AC,1689.78,1276906.88,0.0,984.89,62.05,27.22,20.81,27.78,27.06,21.07,20.03,4.31,1.3
2018,3,AC,1689.78,1276906.88,0.0,985.0,70.65,27.04,21.0,27.61,26.84,21.24,20.11,4.76,1.2
2018,4,AC,2534.67,1915360.32,0.0,985.12,79.55,26.86,21.2,27.43,26.62,21.4,20.2,5.24,1.09
2018,5,AC,6759.12,5107627.52,0.0,985.24,88.45,26.68,21.39,27.26,26.4,21.57,20.28,5.71,0.99
2018,6,AC,12673.35,9576801.6,0.0,985.35,97.35,26.49,21.58,27.09,26.17,21.73,20.37,6.19,0.88
2018,7,AC,16897.8,12769068.8,0.0,985.47,106.25,26.31,21.78,26.91,25.95,21.9,20.46,6.66,0.77
2018,8,AC,16897.8,12769068.8,57.6,986.91,378.53,25.14,22.3,12.6,24.64,22.9,9.4,6.14,7.3
2018,9,AC,12673.35,9576801.6,97.8,985.2,896.32,26.3,23.9,16.6,25.55,24.8,7.1,4.46,9.3
2018,10,AC,6759.12,5107627.52,168.4,984.46,778.41,26.01,24.8,21.1,25.42,25.2,17.0,4.11,6.2
2018,11,AC,2534.67,1915360.32,69.85,985.39,1020.1,26.71,24.1,22.7,26.59,24.7,20.3,6.69,5.7
2018,12,AC,1689.78,1276906.88,268.94,987.3,1242.2,27.19,22.98,27.97,27.06,23.6,22.35,6.64,3.87
2019,1,AC,1694.9,1298463.6,473.01,989.04,1445.55,27.71,22.7,28.42,27.49,23.48,22.0,6.21,3.35
2019,2,AC,1694.9,1298463.6,602.63,990.69,1639.07,28.2,22.43,28.88,27.89,23.35,21.67,5.81,2.83
2019,3,AC,1694.9,1298463.6,861.39,992.35,1832.58,28.7,22.18,29.28,28.29,23.24,21.32,5.41,2.36
2019,4,AC,2542.35,1947695.4,1027.91,994.07,2032.66,29.21,21.9,29.74,28.71,23.12,20.97,4.99,1.84
2019,5,AC,6779.6,5193854.4,1262.95,995.78,2232.74,29.73,21.64,30.17,29.13,23.0,20.62,4.57,1.33
2019,6,AC,12711.75,9738477.0,884.32,996.47,1753.32,28.36,24.8,19.0,27.7,25.0,17.9,3.48,3.9
2019,7,AC,16949.0,12984636.0,92.4,996.64,721.5,23.8,24.0,14.2,23.17,26.1,10.5,2.35,4.1
2019,8,AC,16949.0,12984636.0,10.4,997.53,786.44,24.82,23.0,9.6,24.1,24.5,0.2,2.65,3.7
2019,9,AC,12711.75,9738477.0,109.8,995.81,767.14,26.97,26.2,19.6,26.27,26.4,14.7,2.91,4.1
2019,10,AC,6779.6,5193854.4,229.6,996.24,737.57,25.66,24.9,18.9,25.11,26.1,17.2,2.81,4.8
2019,11,AC,2542.35,1947695.4,384.4,994.61,668.7,25.85,25.7,21.8,25.36,26.8,20.2,2.78,4.0
2019,12,AC,1694.9,1298463.6,453.4,995.43,667.16,25.77,25.3,22.3,25.28,26.8,19.3,2.75,5.3
2020,1,AC,1800.78,1382063.76,121.6,995.76,106.5,26.6,25.5,22.4,26.09,26.1,19.5,3.04,3.2
2020,2,AC,1800.78,1382063.76,303.4,996.34,106.5,25.79,25.5,19.4,25.32,26.1,17.7,2.92,5.0
2020,3,AC,1800.78,1382063.76,89.1,993.77,106.5,29.27,27.1,22.6,29.05,27.3,20.9,2.88,3.4
2020,4,AC,2701.17,2073095.64,0.0,991.85,106.5,31.25,24.54,34.02,31.25,24.55,21.84,3.06,0.69
2020,5,AC,7203.12,5528255.04,0.0,991.71,106.5,31.29,24.46,34.04,31.29,24.47,21.68,3.03,0.67
2020,6,AC,13505.85,10365478.2,0.0,991.58,106.5,31.33,24.36,34.07,31.33,24.39,21.53,3.0,0.65
2020,7,AC,18007.8,13820637.6,0.0,991.44,106.5,31.38,24.28,34.1,31.38,24.31,21.36,2.96,0.63
2020,8,AC,18007.8,13820637.6,0.0,991.3,106.5,31.42,24.19,34.12,31.42,24.23,21.2,2.93,0.61
2020,9,AC,13505.85,10365478.2,0.0,991.17,106.5,31.46,24.1,34.15,31.46,24.15,21.05,2.9,0.59
2020,10,AC,7203.12,5528255.04,0.0,991.03,106.5,31.51,24.01,34.18,31.51,24.07,20.88,2.86,0.57
2020,11,AC,2701.17,2073095.64,0.0,990.9,106.5,31.55,23.92,34.2,31.55,23.99,20.73,2.83,0.55
2020,12,AC,1800.78,1382063.76,0.0,990.76,106.5,31.59,23.83,34.23,31.59,23.91,20.57,2.8,0.53
2021,1,AC,2357.32,1833591.9,0.0,990.62,106.5,31.64,23.74,34.26,31.64,23.83,20.41,2.76,0.51
2021,2,AC,2357.32,1833591.9,0.0,990.49,106.5,31.68,23.65,34.28,31.68,23.75,20.26,2.73,0.49
2021,3,AC,2357.32,1833591.9,0.0,990.36,106.5,31.72,23.56,34.31,31.72,23.68,20.1,2.7,0.47
2021,4,AC,3535.98,2750387.85,0.0,990.22,106.5,31.76,23.47,34.33,31.76,23.6,19.94,2.67,0.45
2021,5,AC,9429.28,7334367.6,0.0,990.09,106.5,31.81,23.39,34.36,31.81,23.52,19.78,2.63,0.43
2021,6,AC,17679.9,13751939.25,0.0,989.95,106.5,31.85,23.3,34.39,31.85,23.44,19.62,2.6,0.41
2021,7,AC,23573.2,18335919.0,0.0,989.82,106.5,31.89,23.21,34.41,31.89,23.36,19.46,2.57,0.39
2021,8,AC,23573.2,18335919.0,0.0,989.68,106.5,31.94,23.12,34.44,31.94,23.28,19.3,2.53,0.37
2021,9,AC,17679.9,13751939.25,0.0,989.54,106.5,31.98,23.03,34.47,31.98,23.2,19.14,2.5,0.35
2021,10,AC,9429.28,7334367.6,0.0,989.41,106.5,32.02,22.94,34.49,32.02,23.12,18.98,2.47,0.33
2021,11,AC,3535.98,2750387.85,0.0,989.27,106.5,32.07,22.85,34.52,32.07,23.04,18.83,2.43,0.31
2021,12,AC,2357.32,1833591.9,0.0,989.13,106.5,32.11,22.76,34.55,32.11,22.96,18.67,2.4,0.29
2022,1,AC,2822.06,2213458.74,0.0,989.0,106.5,32.15,22.67,34.57,32.15,22.88,18.5,2.37,0.27
2022,2,AC,2822.06,2213458.74,0.0,988.87,106.5,32.19,22.58,34.6,32.19,22.8,18.36,2.34,0.25
2022,3,AC,2822.06,2213458.74,0.0,988.73,106.5,32.24,22.49,34.62,32.24,22.73,18.2,2.3,0.23
2022,4,AC,4233.09,3320188.11,0.0,988.6,106.5,32.28,22.4,34.65,32.28,22.65,18.04,2.27,0.21
2022,5,AC,11288.24,8853834.96,0.0,988.46,106.5,32.32,22.32,34.68,32.32,22.57,17.88,2.24,0.19
2022,6,AC,21165.45,16600940.55,0.0,988.33,106.5,32.36,22.23,34.7,32.36,22.49,17.72,2.2,0.17
2022,7,AC,28220.6,22134587.4,0.0,988.19,106.5,32.41,22.14,34.73,32.41,22.41,17.56,2.17,0.15
2022,8,AC,28220.6,22134587.4,0.0,988.05,106.5,32.45,22.05,34.76,32.45,22.33,17.4,2.14,0.13
2022,9,AC,21165.45,16600940.55,7.0,989.32,106.5,30.59,22.8,19.1,30.35,23.6,14.1,2.62,3.4
2022,10,AC,11288.24,8853834.96,230.2,991.69,106.5,26.43,24.8,19.5,25.8,26.3,15.5,2.99,4.1
2022,11,AC,4233.09,3320188.11,171.4,991.81,106.5,25.82,25.8,14.5,25.18,26.0,5.6,2.82,3.2
2022,12,AC,2822.06,2213458.74,454.4,990.89,106.5,25.81,24.9,20.8,25.31,25.1,17.5,2.92,3.8
2023,1,AC,1204.6,947044.78,180.0,992.4,106.5,25.42,24.5,20.8,24.94,25.4,18.6,3.21,3.8
2023,2,AC,1204.6,947044.78,281.6,992.62,106.5,25.27,24.6,18.1,24.82,25.6,16.6,2.56,3.5
2023,3,AC,1204.6,947044.78,520.6,992.49,106.5,25.28,25.3,21.0,24.81,26.8,19.2,2.63,3.0
2023,4,AC,1806.9,1420567.17,169.6,992.43,106.5,25.61,25.5,21.6,25.12,25.8,18.8,2.27,3.5
2023,5,AC,4818.4,3788179.12,210.2,994.19,106.5,25.34,25.3,21.0,24.89,26.4,19.2,2.26,2.6
2023,6,AC,9034.5,7102835.85,47.6,996.1,106.5,23.82,25.0,11.2,23.25,25.6,8.8,2.04,2.6
2023,7,AC,12046.0,9470447.8,9.6,995.11,106.5,25.54,25.3,15.7,24.89,26.3,11.4,2.09,2.9
2023,8,AC,12046.0,9470447.8,43.2,993.36,106.5,27.23,23.9,18.3,26.56,24.8,13.0,2.37,4.2
2023,9,AC,9034.5,7102835.85,79.6,992.18,106.5,27.83,25.6,21.5,27.16,26.8,14.4,2.91,4.9
2023,10,AC,4818.4,3788179.12,77.4,990.84,106.5,28.48,25.0,22.9,27.83,25.5,16.6,3.25,5.0
2023,11,AC,1806.9,1420567.17,101.6,990.92,106.5,27.63,24.4,21.1,27.03,25.4,16.4,3.07,4.6
2023,12,AC,1204.6,947044.78,278.6,991.67,106.5,26.31,25.3,22.2,25.84,25.7,19.2,2.64,3.4
2001,1,BA,2916.44,751105.8,98.8,1008.2,1030.52,26.28,24.2,22.8,25.87,24.8,18.3,5.44,4.2
2001,2,BA,2916.44,751105.8,30.4,1006.4,1032.32,27.2,24.6,23.2,26.75,25.7,19.2,5.53,4.8
2001,3,BA,2916.44,751105.8,266.3,1007.16,836.13,26.66,24.9,22.7,26.26,25.6,19.8,4.91,4.0
2001,4,BA,4374.66,1126658.7,109.8,1008.22,809.04,26.42,24.6,23.1,25.93,25.0,18.2,5.21,3.9
2001,5,BA,11665.76,3004423.2,208.0,1008.1,642.82,25.83,24.6,23.1,25.4,25.1,17.6,5.03,4.9
2001,6,BA,21873.3,5633293.5,212.0,1011.36,618.38,24.49,23.8,21.2,24.05,24.8,14.1,6.18,6.2
2001,7,BA,29164.4,7511058.0,222.4,1012.07,664.88,23.92,23.0,21.1,23.52,23.7,15.8,6.06,6.4
2001,8,BA,29164.4,7511058.0,154.4,1014.26,656.75,23.51,22.3,20.1,23.05,22.9,14.4,7.22,5.5
2001,9,BA,21873.3,5633293.5,190.4,1010.35,779.04,23.93,23.0,20.5,23.52,23.3,17.2,6.23,7.6
2001,10,BA,11665.76,3004423.2,210.6,1008.85,803.72,24.8,23.6,21.5,24.39,24.4,16.7,6.32,6.0
2001,11,BA,4374.66,1126658.7,45.6,1006.9,862.58,26.13,24.5,23.0,25.7,25.9,18.6,5.62,4.9
2001,12,BA,2916.44,751105.8,114.4,1006.86,981.27,26.27,24.5,22.4,25.88,25.0,19.0,5.95,5.3
2002,1,BA,2405.36,667661.94,230.7,1006.72,965.87,26.12,24.8,22.3,25.72,25.4,14.6,5.47,5.1
2002,2,BA,2405.36,667661.94,104.8,1007.47,1002.24,26.54,24.5,22.0,26.15,25.3,18.2,5.05,4.5
2002,3,BA,2405.36,667661.94,107.5,1007.55,963.57,26.91,24.6,23.3,26.41,25.3,19.8,5.28,3.7
2002,4,BA,3608.04,1001492.91,71.8,1007.24,828.11,26.53,24.5,23.0,26.05,24.9,19.1,5.03,4.2
2002,5,BA,9621.44,2670647.76,364.0,1008.99,614.25,25.26,24.2,20.4,24.85,24.6,16.8,5.54,7.0
2002,6,BA,18040.2,5007464.55,207.3,1012.01,588.56,24.46,23.6,21.4,23.95,23.6,16.3,5.76,5.4
2002,7,BA,24053.6,6676619.4,266.6,1012.32,615.25,23.67,22.8,20.1,23.24,23.3,16.8,5.79,12.3
2002,8,BA,24053.6,6676619.4,155.5,1012.73,752.15,23.81,22.4,20.7,23.35,23.6,16.3,13.81,15.0
2002,9,BA,18040.2,5007464.55,270.6,1010.47,768.46,24.35,23.8,20.7,23.95,24.1,16.1,5.83,3.2
2002,10,BA,9621.44,2670647.76,16.4,1009.19,1030.31,25.3,23.5,21.7,24.93,24.4,15.7,6.95,2.5
2002,11,BA,3608.04,1001492.91,26.9,1008.53,1023.94,26.04,24.4,22.6,25.62,24.6,17.4,7.79,2.93
2002,12,BA,2405.36,667661.94,3.8,1007.37,1762.18,28.02,24.6,23.3,27.68,25.0,19.1,7.69,4.5
2003,1,BA,3271.54,813293.8,0.2,1006.7,1154.95,28.07,23.7,23.8,27.73,24.1,19.7,6.76,4.5
2003,2,BA,3271.54,813293.8,71.6,1007.18,1111.17,27.64,24.9,22.1,27.11,24.9,18.6,5.63,3.8
2003,3,BA,3271.54,813293.8,211.3,1007.08,885.21,26.88,25.3,23.1,26.45,25.4,18.5,4.97,3.8
2003,4,BA,4907.31,1219940.7,196.8,1007.73,792.78,26.69,24.9,23.4,26.28,25.6,19.8,4.2,3.4
2003,5,BA,13086.16,3253175.2,585.4,1008.97,604.81,25.41,25.1,21.9,24.96,25.2,17.3,4.08,0.86
2003,6,BA,24536.55,6099703.5,238.1,1010.59,594.52,24.52,23.9,21.8,24.11,24.2,16.6,4.43,0.78
2003,7,BA,32715.4,8132938.0,196.0,1012.9,640.88,23.9,22.5,21.1,23.44,22.9,13.6,4.79,0.71
2003,8,BA,32715.4,8132938.0,157.3,1012.32,684.01,23.68,22.9,20.8,23.27,23.6,16.8,5.15,0.63
2003,9,BA,24536.55,6099703.5,150.8,1011.4,807.11,24.24,23.4,20.7,23.84,24.1,16.6,5.5,0.55
2003,10,BA,13086.16,3253175.2,55.2,1009.41,1021.78,25.35,23.7,22.2,24.99,24.6,14.8,5.85,0.48
2003,11,BA,4907.31,1219940.7,143.8,1007.43,937.84,25.81,24.5,22.4,25.41,25.0,17.9,6.2,0.4
2003,12,BA,3271.54,813293.8,30.0,1007.01,1004.13,28.42,26.6,23.4,27.91,26.7,18.0,5.93,4.8
2004,1,BA,3045.58,903790.66,307.6,1005.24,859.22,28.09,25.6,23.1,27.58,25.9,18.9,5.42,5.4
2004,2,BA,3045.58,903790.66,166.6,1006.65,965.2,28.72,24.5,23.9,28.27,24.9,19.9,4.88,3.8
2004,3,BA,3045.58,903790.66,130.4,1006.42,813.96,28.7,25.4,25.2,28.25,25.9,19.4,4.66,4.1
2004,4,BA,4568.37,1355685.99,319.6,1007.38,722.0,28.24,25.7,24.0,27.79,26.1,19.5,4.97,5.1
2004,5,BA,12182.32,3615162.64,132.4,1008.96,644.55,27.54,24.4,23.7,27.11,25.1,18.0,4.57,4.7
2004,6,BA,22841.85,6778429.95,316.4,1012.17,579.38,26.47,23.3,23.3,25.99,24.2,15.4,5.43,4.7
2004,7,BA,30455.8,9037906.6,229.2,1011.53,596.85,25.55,22.7,21.5,25.11,23.4,11.8,6.57,8.0
2004,8,BA,30455.8,9037906.6,132.5,1012.61,687.12,25.43,22.7,22.2,25.0,23.2,12.1,5.86,6.3
2004,9,BA,22841.85,6778429.95,43.8,1011.32,915.0,26.53,22.2,23.1,26.13,22.8,13.4,6.05,4.4
2004,10,BA,12182.32,3615162.64,88.4,1008.26,884.3,27.29,23.7,24.1,26.88,24.5,15.9,5.67,4.7
2004,11,BA,4568.37,1355685.99,167.6,1006.98,897.88,27.86,23.9,23.4,27.47,24.5,17.8,5.73,5.0
2004,12,BA,3045.58,903790.66,13.2,1006.45,1103.65,28.79,24.1,25.3,28.39,25.2,13.8,5.77,4.6
2005,1,BA,2913.86,851015.48,45.8,1005.44,1044.25,29.11,25.1,24.4,28.69,25.2,16.8,5.58,4.7
2005,2,BA,2913.86,851015.48,347.2,1005.48,774.35,28.7,25.4,25.5,28.29,26.6,18.3,5.27,6.1
2005,3,BA,2913.86,851015.48,341.4,1006.38,890.53,29.2,25.2,25.0,28.78,26.3,19.7,4.63,3.4
2005,4,BA,4370.79,1276523.22,311.6,1007.57,775.24,28.15,24.7,25.0,27.67,26.1,19.5,4.4,4.4
2005,5,BA,11655.44,3404061.92,209.4,1008.56,626.43,27.69,25.0,24.3,27.25,25.5,18.2,6.02,7.3
2005,6,BA,21853.95,6382616.1,394.5,1010.53,590.23,26.41,24.6,23.8,25.95,25.0,17.6,6.22,6.3
2005,7,BA,29138.6,8510154.8,206.6,1012.76,640.64,25.73,23.0,22.8,25.27,23.6,13.3,6.47,8.1
2005,8,BA,29138.6,8510154.8,121.2,1012.25,775.39,26.08,23.0,22.6,25.62,23.3,15.5,5.93,3.9
2005,9,BA,21853.95,6382616.1,35.7,1010.7,871.64,26.93,23.3,23.1,26.51,23.8,16.2,5.65,3.8
2005,10,BA,11655.44,3404061.92,3.2,1009.05,1009.13,27.91,24.7,24.5,27.44,25.2,17.3,6.29,4.0
2005,11,BA,4370.79,1276523.22,14.2,1006.59,907.42,28.12,23.7,24.4,27.73,24.7,14.8,6.07,2.0
2005,12,BA,2913.86,851015.48,55.9,1006.15,876.02,26.9,24.7,24.9,26.2,25.8,19.2,5.66,2.0
2006,1,BA,3541.04,1061058.58,39.98,1009.55,211.19,24.99,22.42,25.57,24.37,22.9,21.3,5.24,2.0
2006,2,BA,3541.04,1061058.58,104.19,1010.21,300.18,25.53,22.29,26.0,24.65,22.9,21.3,4.84,1.86
2006,3,BA,3541.04,1061058.58,190.73,1010.87,389.17,26.07,22.18,26.39,24.93,22.9,21.3,4.45,1.73
2006,4,BA,5311.56,1591587.87,259.99,1011.55,481.17,26.63,22.05,26.82,25.23,22.9,21.3,4.04,1.59
2006,5,BA,14164.16,4244234.32,346.59,1012.23,573.17,27.18,21.93,27.24,25.52,22.9,21.3,3.63,1.45
2006,6,BA,26557.8,7957939.35,359.92,1012.91,669.97,27.53,22.9,24.5,25.82,23.4,17.3,3.77,5.7
2006,7,BA,35410.4,10610585.8,0.0,1012.59,720.19,25.55,22.9,22.8,25.09,23.5,14.5,6.6,5.6
2006,8,BA,35410.4,10610585.8,0.0,1011.77,823.67,26.08,22.4,22.9,25.6,23.4,15.45,6.17,6.4
2006,9,BA,26557.8,7957939.35,0.0,1010.9,938.37,26.51,23.0,21.8,25.99,24.1,9.5,6.73,5.9
2006,10,BA,14164.16,4244234.32,49.0,1008.05,933.14,27.53,23.6,23.9,26.98,24.0,17.1,6.64,5.9
2006,11,BA,5311.56,1591587.87,130.0,1006.38,989.09,28.13,24.1,24.8,27.57,24.8,18.3,6.02,4.0
2006,12,BA,3541.04,1061058.58,28.9,1007.4,1130.95,29.3,24.5,25.5,28.77,25.4,18.7,6.2,4.8
2007,1,BA,3675.98,1088593.54,27.7,1007.05,1282.07,30.04,24.7,27.3,29.36,25.3,16.8,6.6,4.8
2007,2,BA,3675.98,1088593.54,290.1,1006.68,1041.14,28.79,25.2,24.2,28.24,26.2,19.0,5.69,4.3
2007,3,BA,3675.98,1088593.54,94.4,1007.23,911.63,28.65,25.3,24.7,28.19,25.8,18.1,5.49,4.1
2007,4,BA,5513.97,1632890.31,156.7,1007.51,746.98,28.34,25.9,25.5,27.88,25.9,18.1,5.07,3.8
2007,5,BA,14703.92,4354374.16,173.5,1008.86,730.42,27.7,24.5,24.5,27.21,24.9,16.3,6.21,7.5
2007,6,BA,27569.85,8164451.55,141.2,1010.6,457.57,38.95,45.0,25.87,38.73,45.0,22.09,6.41,4.8
2007,7,BA,36759.8,10885935.4,134.0,1011.63,675.6,28.0,41.6,21.0,27.6,41.7,35.1,5.9,8.7
2007,8,BA,36759.8,10885935.4,206.3,1012.8,1024.14,23.85,38.97,20.7,23.35,39.04,36.91,7.07,6.0
2007,9,BA,27569.85,8164451.55,57.7,1012.87,1404.06,24.35,37.4,21.0,23.81,37.42,35.34,7.01,4.5
2007,10,BA,14703.92,4354374.16,80.8,1009.54,1369.91,25.27,35.88,20.9,24.78,35.86,33.71,6.49,4.0
2007,11,BA,5513.97,1632890.31,7.4,1007.18,1401.3,26.72,34.31,24.1,26.15,34.25,32.14,6.98,4.8
2007,12,BA,3675.98,1088593.54,1.8,1005.58,741.89,26.17,32.79,23.3,25.81,32.69,30.52,6.52,4.9
2008,1,BA,3433.34,1156804.78,0.0,1003.45,384.8,26.23,31.22,25.86,25.59,31.08,28.89,5.88,2.03
2008,2,BA,3433.34,1156804.78,0.0,1002.28,647.78,27.1,29.64,26.52,25.96,29.46,27.37,5.31,1.89
2008,3,BA,3433.34,1156804.78,0.0,1001.12,910.76,27.97,28.17,27.13,26.32,27.95,25.75,4.74,1.76
2008,4,BA,5150.01,1735207.17,5.6,1001.03,1219.0,28.37,26.6,24.6,26.59,26.34,22.1,4.17,1.63
2008,5,BA,13733.36,4627219.12,101.9,1009.25,904.3,25.21,25.6,22.6,24.79,26.1,19.3,5.91,5.5
2008,6,BA,25750.05,8676035.85,154.6,1011.42,726.51,24.44,24.2,21.2,24.01,24.8,15.8,6.08,4.1
2008,7,BA,34333.4,11568047.8,173.1,1012.88,635.29,23.47,21.6,20.1,23.01,22.3,14.1,7.09,6.0
2008,8,BA,34333.4,11568047.8,65.6,1011.06,710.18,23.71,22.3,20.5,23.27,22.7,14.0,6.11,3.4
2008,9,BA,25750.05,8676035.85,41.6,1011.02,423.23,24.66,23.1,21.0,24.28,23.6,14.0,5.81,4.8
2008,10,BA,13733.36,4627219.12,34.8,1009.92,191.19,25.79,23.5,22.1,25.35,23.9,17.3,6.78,4.2
2008,11,BA,5150.01,1735207.17,89.2,1006.65,321.29,26.35,24.8,22.9,25.94,24.9,17.3,6.6,4.9
2008,12,BA,3433.34,1156804.78,105.2,1005.86,318.55,26.0,24.1,22.7,25.61,24.6,17.8,5.38,4.5
2009,1,BA,3327.2,1047535.0,32.4,1006.7,444.95,27.2,24.3,23.2,26.76,25.0,18.1,5.67,3.9
2009,2,BA,3327.2,1047535.0,129.6,1006.26,251.88,26.94,25.1,22.5,26.49,25.8,18.8,5.32,3.9
2009,3,BA,3327.2,1047535.0,25.2,1005.16,129.93,27.54,24.9,23.4,27.09,25.2,20.2,5.08,4.0
2009,4,BA,4990.8,1571302.5,110.2,1006.72,1280.67,26.32,25.2,22.3,25.89,26.0,19.7,4.8,4.1
2009,5,BA,13308.8,4190140.0,3.3,1008.4,1285.37,25.04,25.0,22.1,24.66,25.7,17.7,6.84,6.0
2009,6,BA,24954.0,7856512.5,160.2,1010.47,904.81,24.85,23.7,22.8,24.44,24.9,18.7,5.39,4.5
2009,7,BA,33272.0,10475350.0,161.0,1011.4,702.27,24.24,23.3,21.2,23.84,23.4,17.6,5.18,3.3
2009,8,BA,33272.0,10475350.0,101.8,1011.39,753.17,24.16,22.9,20.9,23.7,23.4,15.2,5.84,4.3
2009,9,BA,24954.0,7856512.5,57.8,1010.53,895.11,24.95,24.0,21.1,24.51,24.1,17.2,5.57,3.4
2009,10,BA,13308.8,4190140.0,156.3,1006.79,835.31,25.7,25.1,22.1,25.28,25.4,17.7,6.05,4.0
2009,11,BA,4990.8,1571302.5,30.2,1006.88,1123.1,26.27,23.8,22.2,25.84,24.3,17.4,6.3,4.4
2009,12,BA,3327.2,1047535.0,7.8,1006.75,1051.37,27.26,25.0,23.6,26.83,25.6,18.2,6.28,4.0
2010,1,BA,3908.24,1331550.4,86.4,1007.23,1051.34,27.23,24.5,22.9,26.74,25.7,19.5,5.4,3.7
2010,2,BA,3908.24,1331550.4,13.2,1006.89,1022.49,28.16,24.8,23.8,27.7,25.6,18.6,5.7,3.6
2010,3,BA,3908.24,1331550.4,56.0,1006.09,858.11,27.55,25.6,22.8,27.12,25.8,18.8,4.92,3.9
2010,4,BA,5862.36,1997325.6,22.8,1006.73,666.9,25.97,25.7,22.5,25.57,26.0,19.2,5.6,6.0
2010,5,BA,15632.96,5326201.6,245.6,1007.23,644.81,25.63,25.1,22.4,25.25,25.7,18.5,4.9,4.4
2010,6,BA,29311.8,9986628.0,136.8,1010.48,578.31,24.58,24.1,21.4,24.19,24.6,15.7,7.69,6.1
2010,7,BA,39082.4,13315504.0,502.6,1011.74,609.6,23.07,23.0,19.5,22.58,23.9,15.8,6.82,5.7
2010,8,BA,39082.4,13315504.0,187.2,1011.97,750.9,22.84,21.8,19.6,22.36,22.4,14.3,6.32,6.1
2010,9,BA,29311.8,9986628.0,62.8,1010.46,830.01,23.76,22.3,20.2,23.28,22.5,14.7,6.7,5.4
2010,10,BA,15632.96,5326201.6,60.2,1006.86,896.82,25.51,24.2,21.4,25.08,24.9,18.7,6.08,4.2
2010,11,BA,5862.36,1997325.6,31.2,1005.07,939.33,26.15,23.4,21.2,25.71,24.6,16.0,6.34,3.8
2010,12,BA,3908.24,1331550.4,73.0,1003.59,923.44,26.22,24.4,22.3,25.8,24.9,18.4,5.73,3.7
2011,1,BA,2956.62,1131597.08,51.6,1004.63,1018.58,26.08,24.8,22.0,25.61,25.9,17.9,5.33,3.4
2011,2,BA,2956.62,1131597.08,4.4,1005.26,1072.94,27.2,24.9,23.3,26.75,25.5,19.0,5.77,3.1
2011,3,BA,2956.62,1131597.08,190.0,1004.25,808.78,26.65,25.4,23.2,26.22,25.6,20.0,5.52,5.4
2011,4,BA,4434.93,1697395.62,359.4,1005.66,763.99,25.76,25.2,22.4,25.24,25.4,19.7,5.26,3.1
2011,5,BA,11826.48,4526388.32,311.4,1007.99,583.3,24.47,24.5,19.8,24.0,25.2,18.0,5.91,4.2
2011,6,BA,22174.65,8486978.1,187.0,1009.52,564.54,23.45,23.3,20.7,22.97,23.9,16.6,5.44,6.0
2011,7,BA,29566.2,11315970.8,24.0,1010.68,730.28,23.56,22.2,19.9,23.12,23.2,15.1,5.87,3.5
2011,8,BA,29566.2,11315970.8,3.8,1010.57,741.72,23.54,22.9,20.3,23.1,23.3,13.9,5.39,3.2
2011,9,BA,22174.65,8486978.1,64.2,1012.59,826.45,24.03,22.9,20.4,23.54,23.6,12.3,6.47,5.2
2011,10,BA,11826.48,4526388.32,214.0,1007.44,816.14,25.01,24.2,21.3,24.55,24.9,18.1,6.67,6.7
2011,11,BA,4434.93,1697395.62,414.4,1007.43,778.07,25.08,24.3,21.7,24.65,25.6,15.5,6.52,6.0
2011,12,BA,2956.62,1131597.08,98.4,1006.62,916.09,26.07,24.4,22.4,25.61,25.3,18.5,5.65,3.8
2012,1,BA,5499.98,2064932.02,16.2,1007.33,1030.13,26.59,24.9,22.3,26.07,25.6,16.4,5.83,4.1
2012,2,BA,5499.98,2064932.02,0.0,1007.23,1004.94,26.43,24.3,22.3,25.88,25.2,16.9,5.4,3.4
2012,3,BA,5499.98,2064932.02,0.0,1007.59,953.93,26.55,25.3,22.5,26.01,25.7,17.9,5.23,3.5
2012,4,BA,8249.97,3097398.03,30.2,1007.59,823.11,26.5,24.2,22.8,25.93,25.1,16.9,5.06,4.2
2012,5,BA,21999.92,8259728.08,417.4,1009.54,580.86,25.19,24.8,22.0,24.7,25.7,17.7,5.83,5.6
2012,6,BA,41249.85,15486990.15,170.2,1011.17,607.31,24.52,23.7,19.9,24.02,24.5,17.9,4.77,3.4
2012,7,BA,54999.8,20649320.2,163.2,1011.91,656.99,23.84,23.7,20.3,23.31,24.0,15.0,5.33,3.4
2012,8,BA,54999.8,20649320.2,137.6,1013.7,757.69,23.55,22.1,20.3,22.97,23.1,16.0,6.68,4.4
2012,9,BA,41249.85,15486990.15,33.4,1012.34,796.13,24.46,23.5,21.0,23.96,23.7,14.4,6.09,5.9
2012,10,BA,21999.92,8259728.08,65.1,1009.45,914.75,24.83,23.5,20.8,24.33,24.7,16.8,5.84,3.4
2012,11,BA,8249.97,3097398.03,12.4,1006.19,847.48,26.02,24.1,21.8,25.56,25.6,17.0,5.9,3.8
2012,12,BA,5499.98,2064932.02,12.8,1006.51,1022.41,26.89,24.1,22.5,26.33,24.8,16.2,5.65,3.7
2013,1,BA,3076.02,1205059.38,37.2,1007.05,964.36,27.31,25.3,23.4,26.77,25.5,17.6,5.83,3.9
2013,2,BA,3076.02,1205059.38,30.2,1007.12,1062.25,27.67,26.0,23.5,27.1,26.3,18.3,5.84,3.6
2013,3,BA,3076.02,1205059.38,39.0,1007.06,1009.3,27.92,25.1,23.3,27.33,26.2,19.3,5.55,3.6
2013,4,BA,4614.03,1807589.07,239.4,1007.72,658.24,26.72,25.6,22.8,26.17,26.8,19.3,6.53,5.6
2013,5,BA,12304.08,4820237.52,235.0,1009.09,590.23,25.39,24.6,21.7,24.94,25.5,18.8,5.35,5.1
2013,6,BA,23070.15,9037945.35,305.1,1010.37,551.3,24.49,25.3,21.8,24.01,25.8,18.6,4.83,4.3
2013,7,BA,30760.2,12050593.8,1.4,1009.34,52.48,23.82,24.8,22.7,23.67,24.9,19.6,4.34,2.3
2013,8,BA,30760.2,12050593.8,176.6,1010.71,441.83,23.77,23.2,20.1,23.37,23.6,17.5,6.07,4.6
2013,9,BA,23070.15,9037945.35,106.4,1011.02,798.86,24.47,23.8,20.7,23.97,24.6,16.8,5.75,4.0
2013,10,BA,12304.08,4820237.52,219.4,1009.51,849.09,25.15,24.0,21.5,24.68,24.9,17.3,6.41,4.7
2013,11,BA,4614.03,1807589.07,212.8,1007.04,913.77,25.49,25.5,20.7,25.01,26.1,18.7,5.82,3.7
2013,12,BA,3076.02,1205059.38,159.2,1006.0,910.42,26.28,25.6,22.7,25.81,26.7,20.0,6.16,3.7
2014,1,BA,3736.88,1550181.56,45.4,1008.13,980.57,26.56,25.4,23.0,25.98,25.9,18.8,5.39,3.6
2014,2,BA,3736.88,1550181.56,149.4,1007.06,957.59,26.5,25.8,22.5,25.9,26.6,19.4,5.5,3.2
2014,3,BA,3736.88,1550181.56,107.1,1007.57,980.4,27.07,25.8,22.8,26.38,26.6,20.3,5.04,2.9
2014,4,BA,5605.32,2325272.34,0.0,1007.66,947.07,27.33,26.8,24.0,26.67,27.1,17.2,5.31,5.3
2014,5,BA,14947.52,6200726.24,254.0,1008.8,571.93,25.3,26.7,21.9,24.78,26.7,17.7,5.42,6.0
2014,6,BA,28026.6,11626361.7,245.8,1011.02,582.5,24.51,24.1,21.1,24.01,25.1,17.4,5.22,3.4
2014,7,BA,37368.8,15501815.6,216.8,1013.45,602.44,23.89,24.5,20.3,23.39,25.9,17.8,5.78,4.4
2014,8,BA,37368.8,15501815.6,62.2,1012.86,712.85,23.75,24.1,21.1,23.23,25.2,15.9,5.8,5.1
2014,9,BA,28026.6,11626361.7,91.6,1011.42,743.77,24.19,23.9,20.3,23.65,24.6,15.7,6.2,5.5
2014,10,BA,14947.52,6200726.24,31.6,1010.39,886.97,25.21,24.3,21.4,24.69,26.1,15.9,6.6,7.5
2014,11,BA,5605.32,2325272.34,63.4,1007.5,820.9,25.65,24.8,21.3,25.14,25.6,18.3,6.01,4.8
2014,12,BA,3736.88,1550181.56,201.2,1007.95,884.23,26.04,24.6,22.3,25.52,25.5,16.8,5.58,4.0
2015,1,BA,3359.8,1465273.68,54.9,1008.84,1014.79,26.81,24.4,21.9,26.29,25.6,17.7,5.47,3.4
2015,2,BA,3359.8,1465273.68,92.8,1007.74,920.53,27.11,24.8,23.5,26.57,25.5,18.9,5.41,3.5
2015,3,BA,3359.8,1465273.68,33.2,1007.22,880.25,27.53,24.9,23.9,26.98,25.6,18.3,4.95,3.2
2015,4,BA,5039.7,2197910.52,275.8,1007.29,672.92,26.78,25.2,22.1,26.27,26.1,17.3,5.1,5.4
2015,5,BA,13439.2,5861094.72,281.0,1009.46,532.7,25.28,25.0,21.9,24.8,25.4,18.3,5.89,5.2
2015,6,BA,25198.5,10989552.6,369.2,1011.87,532.82,24.53,23.7,21.2,24.03,24.3,16.8,5.81,5.5
2015,7,BA,33598.0,14652736.8,176.8,1012.42,649.96,24.11,23.6,21.2,23.64,24.2,16.1,5.24,3.6
2015,8,BA,33598.0,14652736.8,95.4,1012.43,709.6,23.81,22.8,20.9,23.3,24.9,13.8,5.58,3.9
2015,9,BA,25198.5,10989552.6,23.6,1010.53,832.3,24.9,22.9,21.0,24.41,23.8,16.6,5.29,3.1
2015,10,BA,13439.2,5861094.72,18.6,1009.92,899.87,25.98,23.4,22.1,25.45,24.5,14.6,5.62,3.3
2015,11,BA,5039.7,2197910.52,3.4,1006.83,947.53,27.06,24.4,23.6,26.53,25.0,17.2,6.16,3.8
2015,12,BA,3359.8,1465273.68,17.8,1008.65,1069.7,27.44,23.7,23.1,26.86,24.4,16.9,5.91,3.7
2016,1,BA,5856.42,2488627.24,164.6,1006.8,765.19,27.06,25.8,22.9,26.59,26.4,18.1,5.41,4.4
2016,2,BA,5856.42,2488627.24,41.4,1008.17,1011.95,27.67,24.8,23.5,27.15,25.4,19.5,4.92,3.1
2016,3,BA,5856.42,2488627.24,56.8,1008.43,973.6,28.15,26.9,24.2,27.59,27.2,19.0,5.17,3.0
2016,4,BA,8784.63,3732940.86,42.8,1008.34,804.94,27.33,24.9,24.1,26.83,25.8,16.2,5.09,2.7
2016,5,BA,23425.68,9954508.96,245.3,1010.3,602.46,25.69,24.9,22.7,25.18,25.5,17.1,4.91,4.6
2016,6,BA,43923.15,18664704.3,133.2,1011.95,569.4,25.06,24.5,21.6,24.57,25.0,16.5,5.98,5.2
2016,7,BA,58564.2,24886272.4,92.8,1012.42,685.32,24.48,23.1,21.2,23.94,24.3,14.7,5.28,4.0
2016,8,BA,58564.2,24886272.4,151.6,1012.06,705.78,24.31,23.2,21.2,23.84,23.6,13.3,5.24,4.0
2016,9,BA,43923.15,18664704.3,105.25,1011.24,684.79,25.13,22.5,21.3,24.46,22.9,13.9,5.05,3.1
2016,10,BA,23425.68,9954508.96,236.85,1009.56,763.83,26.33,23.4,22.1,25.01,24.4,16.9,6.01,3.2
2016,11,BA,8784.63,3732940.86,54.4,1007.45,904.57,26.23,24.4,22.6,25.76,24.6,17.6,6.0,5.1
2016,12,BA,5856.42,2488627.24,56.0,1007.16,947.32,26.95,24.3,22.9,26.43,25.2,17.9,5.76,3.5
2017,1,BA,3279.12,1694574.94,25.8,1007.7,1110.47,27.54,23.2,22.7,26.95,24.3,18.0,5.59,3.3
2017,2,BA,3279.12,1694574.94,98.4,1007.16,951.73,27.35,25.8,23.0,26.79,26.1,17.6,5.51,3.4
2017,3,BA,3279.12,1694574.94,179.0,1006.95,865.67,27.09,25.0,23.2,26.59,26.1,18.2,5.15,4.7
2017,4,BA,4918.68,2541862.41,157.4,1007.91,702.92,26.48,25.4,22.4,26.01,26.7,18.9,5.05,5.1
2017,5,BA,13116.48,6778299.76,340.8,1009.37,588.24,25.36,25.5,22.1,24.87,26.1,15.5,5.28,5.0
2017,6,BA,24593.4,12709312.05,113.0,1011.32,607.34,24.86,25.5,22.0,24.32,26.0,16.2,5.51,3.9
2017,7,BA,32791.2,16945749.4,247.2,1014.73,612.32,23.35,22.1,19.9,22.79,23.3,15.2,7.52,6.2
2017,8,BA,32791.2,16945749.4,67.8,1012.24,734.56,23.41,23.8,20.8,22.92,23.8,14.7,5.42,4.0
2017,9,BA,24593.4,12709312.05,135.7,1013.31,826.6,23.83,22.6,20.5,23.27,23.5,16.2,6.72,3.6
2017,10,BA,13116.48,6778299.76,72.0,1009.79,910.43,25.2,24.4,21.6,24.65,24.5,16.4,5.62,3.6
2017,11,BA,4918.68,2541862.41,77.8,1006.95,876.4,26.18,23.8,22.4,25.62,24.8,16.9,5.54,3.6
2017,12,BA,3279.12,1694574.94,82.4,1006.36,971.46,26.97,24.9,22.4,26.42,25.2,17.7,5.54,3.8
2018,1,BA,2522.4,1130470.94,75.6,1007.12,1019.64,27.25,25.3,23.2,26.68,26.3,18.0,5.58,3.5
2018,2,BA,2522.4,1130470.94,44.8,1006.23,945.39,27.17,25.3,22.8,26.65,26.2,17.8,5.41,3.5
2018,3,BA,2522.4,1130470.94,164.6,1006.13,859.65,27.54,25.8,23.4,26.96,27.0,17.4,5.25,3.4
2018,4,BA,3783.6,1695706.41,504.4,1008.36,710.35,26.11,24.6,22.7,25.55,25.8,18.2,5.21,4.6
2018,5,BA,10089.6,4521883.76,228.0,1009.9,615.99,25.23,24.4,22.4,24.72,25.4,18.2,5.49,4.0
2018,6,BA,18918.0,8478532.05,183.8,1011.96,618.43,24.48,24.4,21.0,23.99,25.5,18.0,4.85,3.7
2018,7,BA,25224.0,11304709.4,62.8,1012.46,683.19,24.03,24.2,20.9,23.49,24.3,15.6,4.79,2.8
2018,8,BA,25224.0,11304709.4,40.0,1012.42,733.91,24.46,23.1,21.0,23.92,23.4,15.2,5.14,4.0
2018,9,BA,18918.0,8478532.05,73.2,1009.99,815.23,25.01,23.1,21.4,24.52,23.6,16.6,5.52,4.5
2018,10,BA,10089.6,4521883.76,60.0,1008.15,834.59,25.96,24.3,22.3,25.5,25.2,15.9,5.77,4.4
2018,11,BA,3783.6,1695706.41,63.4,1007.69,931.96,26.38,24.2,20.9,25.86,25.3,17.6,5.7,3.5
2018,12,BA,2522.4,1130470.94,142.2,1007.83,926.19,26.6,25.2,23.1,26.09,25.9,17.3,5.08,3.3
2019,1,BA,2084.14,861143.44,58.8,1009.0,1088.33,27.46,25.4,23.3,26.91,26.2,18.7,4.99,2.5
2019,2,BA,2084.14,861143.44,1.2,1006.61,1010.54,28.51,24.8,24.7,27.97,25.6,18.5,5.22,3.1
2019,3,BA,2084.14,861143.44,301.0,1007.07,821.32,27.79,25.9,23.5,27.31,26.3,17.9,4.72,3.6
2019,4,BA,3126.21,1291715.16,183.8,1007.16,725.08,27.21,26.9,24.0,26.73,27.5,20.6,4.03,3.2
2019,5,BA,8336.56,3444573.76,235.8,1008.05,620.57,26.36,25.7,23.2,25.88,26.4,19.9,4.13,3.9
2019,6,BA,15631.05,6458575.8,196.0,1011.78,570.15,25.14,24.3,21.8,24.59,24.9,18.1,5.78,5.7
2019,7,BA,20841.4,8611434.4,295.2,1011.98,596.93,24.28,24.3,21.3,23.79,24.8,16.2,6.19,5.3
2019,8,BA,20841.4,8611434.4,117.6,1013.82,729.95,24.18,22.2,20.9,23.73,23.2,14.5,5.51,4.1
2019,9,BA,15631.05,6458575.8,130.6,1011.27,765.33,24.65,23.6,21.4,24.19,24.3,17.5,5.2,3.1
2019,10,BA,8336.56,3444573.76,88.2,1009.01,923.29,25.69,24.5,20.7,25.23,24.8,18.4,5.32,3.3
2019,11,BA,3126.21,1291715.16,205.2,1006.72,924.91,26.52,24.7,22.8,26.07,25.5,17.6,5.46,3.7
2019,12,BA,2084.14,861143.44,42.0,1006.92,1065.27,27.17,24.5,23.0,26.7,25.3,14.7,5.31,3.3
2020,1,BA,2202.86,883766.14,92.8,1006.75,140.0,27.17,26.0,23.3,26.71,26.4,18.4,4.66,3.0
2020,2,BA,2202.86,883766.14,46.4,1007.06,140.0,27.85,25.6,23.6,27.38,26.1,19.3,4.41,2.8
2020,3,BA,2202.86,883766.14,256.6,1006.46,140.0,27.22,26.3,23.8,26.8,26.9,19.8,5.34,4.6
2020,4,BA,3304.29,1325649.21,527.0,1007.81,140.0,26.41,26.6,23.0,26.01,27.3,19.2,5.4,5.1
2020,5,BA,8811.44,3535064.56,457.4,1009.71,140.0,25.31,25.9,22.5,24.91,26.3,16.1,5.39,6.0
2020,6,BA,16521.45,6628246.05,270.0,1011.03,140.0,24.99,25.5,21.9,24.54,26.2,16.8,5.42,4.8
2020,7,BA,22028.6,8837661.4,168.4,1011.57,140.0,24.21,23.9,21.3,23.74,24.6,15.3,5.59,3.4
2020,8,BA,22028.6,8837661.4,130.4,1011.9,140.0,24.04,23.3,21.0,23.55,24.1,14.5,6.1,4.9
2020,9,BA,16521.45,6628246.05,86.8,1011.15,140.0,24.64,23.2,21.5,24.16,23.6,15.3,5.3,3.3
2020,10,BA,8811.44,3535064.56,59.4,1008.06,140.0,26.14,24.0,23.0,25.7,24.5,16.5,5.31,3.5
2020,11,BA,3304.29,1325649.21,141.6,1007.4,140.0,25.91,25.4,22.0,25.48,25.8,18.2,5.68,5.1
2020,12,BA,2202.86,883766.14,28.2,1007.38,140.0,26.78,24.5,22.8,26.31,25.4,17.0,5.22,3.1
2021,1,BA,2400.26,970447.3,189.2,1007.08,140.0,26.68,26.3,23.0,26.18,26.7,18.0,4.89,2.4
2021,2,BA,2400.26,970447.3,52.2,1006.23,140.0,27.12,26.4,23.9,26.67,26.5,17.9,4.97,3.1
2021,3,BA,2400.26,970447.3,62.6,1006.95,140.0,27.02,24.9,22.8,26.52,25.7,18.2,4.58,2.4
2021,4,BA,3600.39,1455670.95,290.6,1007.34,140.0,26.09,25.1,22.5,25.65,26.2,18.8,4.55,4.0
2021,5,BA,9601.04,3881789.2,115.2,1009.76,140.0,25.19,24.2,21.9,24.74,24.7,16.7,5.16,4.2
2021,6,BA,18001.95,7278354.75,146.0,1010.72,140.0,24.45,24.4,20.8,24.01,25.5,15.3,5.15,4.1
2021,7,BA,24002.6,9704473.0,255.8,1012.73,140.0,23.56,23.8,20.9,23.11,24.1,16.9,6.06,4.9
2021,8,BA,24002.6,9704473.0,180.8,1012.71,140.0,23.54,23.3,20.5,23.07,23.8,15.4,5.58,4.0
2021,9,BA,18001.95,7278354.75,35.2,1010.69,140.0,25.02,23.8,21.7,24.57,24.3,16.5,4.8,4.6
2021,10,BA,9601.04,3881789.2,144.8,1008.23,140.0,26.19,25.2,23.1,25.75,25.8,18.3,4.93,2.9
2021,11,BA,3600.39,1455670.95,307.2,1006.1,140.0,26.08,26.1,21.1,25.65,26.7,19.1,4.84,4.5
2021,12,BA,2400.26,970447.3,367.8,1005.5,140.0,26.3,26.2,22.1,25.88,26.6,20.1,4.82,3.2
2022,1,BA,3361.26,1358985.06,34.8,1006.93,140.0,27.05,25.4,22.8,26.58,25.9,19.0,4.37,2.8
2022,2,BA,3361.26,1358985.06,106.4,1006.2,140.0,27.37,25.9,23.4,26.89,26.5,20.7,4.21,2.6
2022,3,BA,3361.26,1358985.06,330.0,1006.5,140.0,26.6,25.8,22.9,26.13,27.0,20.6,4.2,2.8
2022,4,BA,5041.89,2038477.59,396.8,1006.91,140.0,26.33,25.3,22.0,25.85,26.0,19.7,4.78,4.0
2022,5,BA,13445.04,5435940.24,190.4,1009.38,140.0,25.44,25.0,22.1,25.03,25.7,16.7,5.03,3.6
2022,6,BA,25209.45,10192387.95,116.2,1010.1,140.0,24.36,24.7,21.0,23.92,24.8,16.2,5.73,4.5
2022,7,BA,33612.6,13589850.6,178.4,1011.98,140.0,23.9,23.4,20.2,23.44,23.8,16.8,5.42,4.5
2022,8,BA,33612.6,13589850.6,120.8,1012.14,140.0,23.78,23.0,20.1,23.3,23.6,15.4,5.54,4.6
2022,9,BA,25209.45,10192387.95,64.4,1010.74,140.0,24.33,23.1,21.1,23.87,24.1,16.3,4.93,3.6
2022,10,BA,13445.04,5435940.24,79.4,1009.05,140.0,25.83,23.9,21.8,25.37,25.5,16.0,5.08,2.5
2022,11,BA,5041.89,2038477.59,225.6,1006.55,140.0,25.43,25.1,21.6,25.01,25.9,18.0,5.38,5.0
2022,12,BA,3361.26,1358985.06,72.4,1006.12,140.0,26.49,25.7,21.9,26.02,26.6,17.9,5.07,3.2
2023,1,BA,3214.08,1337887.6,124.8,1007.23,140.0,26.76,26.2,22.7,26.27,27.0,19.1,4.38,2.2
2023,2,BA,3214.08,1337887.6,97.8,1007.38,140.0,27.22,26.2,23.1,26.72,27.4,18.4,4.37,2.2
2023,3,BA,3214.08,1337887.6,153.0,1007.54,140.0,26.83,25.7,23.5,26.29,26.3,19.1,4.32,2.3
2023,4,BA,4821.12,2006831.4,181.2,1006.58,140.0,26.73,25.6,22.9,26.26,26.8,18.2,4.06,3.9
2023,5,BA,12856.32,5351550.4,355.2,1009.15,140.0,25.46,25.8,23.2,25.04,26.5,17.7,4.86,4.0
2023,6,BA,24105.6,10034157.0,197.0,1011.78,140.0,24.78,24.5,22.0,24.31,25.3,17.1,5.63,4.6
2023,7,BA,32140.8,13378876.0,95.6,1012.58,140.0,24.33,24.0,21.1,23.87,24.4,14.8,5.02,3.7
2023,8,BA,32140.8,13378876.0,111.4,1011.07,140.0,24.66,23.9,20.7,24.18,24.9,17.1,4.86,2.7
2023,9,BA,24105.6,10034157.0,61.0,1010.7,140.0,25.15,24.4,21.6,24.69,24.8,15.3,4.77,3.0
2023,10,BA,12856.32,5351550.4,25.0,1008.41,140.0,26.3,24.5,22.8,25.84,24.8,15.8,5.01,3.4
2023,11,BA,4821.12,2006831.4,46.6,1007.13,140.0,26.84,24.0,22.8,26.36,25.1,17.2,5.45,4.5
2023,12,BA,3214.08,1337887.6,81.8,1006.96,140.0,27.47,24.8,21.2,26.96,25.4,18.3,4.86,3.7
2003,1,MA,1925.98,723670.6,70.9,1004.72,9508.54,26.81,24.1,23.5,26.65,24.4,22.2,7.38,4.1
2003,2,MA,1925.98,723670.6,449.2,1005.36,7917.07,25.89,26.0,22.1,25.44,26.7,20.6,4.83,5.0
2003,3,MA,1925.98,723670.6,542.2,1005.29,7987.1,25.6,25.2,22.2,25.18,26.1,20.7,4.58,5.1
2003,4,MA,2888.97,1085505.9,402.0,1005.63,8783.9,25.96,26.2,22.5,25.51,26.3,21.2,4.44,5.3
2003,5,MA,7703.92,2894682.4,170.0,1006.52,10374.66,26.69,25.5,22.9,26.16,25.9,20.6,4.7,5.5
2003,6,MA,14444.85,5427529.5,136.7,1008.37,15272.94,27.72,25.6,22.4,27.03,26.0,20.1,5.54,4.8
2003,7,MA,19259.8,7236706.0,152.6,1009.45,17219.56,27.63,25.0,23.3,27.0,25.5,18.9,5.82,5.1
2003,8,MA,19259.8,7236706.0,33.4,1008.75,14292.58,26.82,25.2,23.1,26.29,26.2,17.7,6.38,5.3
2003,9,MA,14444.85,5427529.5,5.6,1006.27,10914.44,27.06,24.3,22.8,26.59,25.0,18.3,7.07,5.8
2003,10,MA,7703.92,2894682.4,0.2,1004.61,10417.36,27.45,24.3,24.5,27.03,24.5,18.9,7.93,6.0
2003,11,MA,2888.97,1085505.9,4.4,1003.84,10067.31,27.61,24.4,22.8,27.16,24.9,19.5,7.35,6.3
2003,12,MA,1925.98,723670.6,4.6,1002.9,6780.17,27.28,24.6,23.5,26.92,25.1,20.0,6.96,5.8
2004,1,MA,3944.28,1314202.86,413.8,1004.4,8053.74,26.39,25.5,22.9,26.0,25.8,21.0,5.48,5.6
2004,2,MA,3944.28,1314202.86,471.8,1005.39,8025.73,25.73,25.5,22.3,25.29,26.5,20.6,4.59,4.9
2004,3,MA,3944.28,1314202.86,366.8,1004.64,9069.82,26.22,25.9,22.8,25.77,26.7,20.9,4.7,5.0
2004,4,MA,5916.42,1971304.29,436.4,1005.02,8153.0,26.13,26.3,22.5,25.67,26.7,21.3,4.12,4.9
2004,5,MA,15777.12,5256811.44,176.1,1007.19,12530.81,27.38,25.8,23.1,26.78,26.5,20.6,5.19,4.7
2004,6,MA,29582.1,9856521.45,355.8,1010.48,18020.07,27.82,24.7,23.6,27.14,25.4,18.2,5.94,4.6
2004,7,MA,39442.8,13142028.6,259.0,1009.07,15087.18,27.08,25.1,22.7,26.38,26.1,18.3,5.91,4.3
2004,8,MA,39442.8,13142028.6,80.2,1009.29,14303.83,26.94,24.4,22.2,26.35,25.3,18.8,6.19,5.0
2004,9,MA,29582.1,9856521.45,1.8,1005.96,11342.06,27.04,23.7,22.9,26.68,24.2,18.0,7.2,6.4
2004,10,MA,15777.12,5256811.44,0.0,1004.68,11220.61,27.4,23.3,24.2,27.05,23.6,18.6,8.03,5.9
2004,11,MA,5916.42,1971304.29,3.0,1004.06,10861.04,27.44,24.0,23.8,27.08,24.9,18.0,7.66,5.7
2004,12,MA,3944.28,1314202.86,5.6,1004.23,9900.85,27.57,24.4,23.4,27.2,24.5,16.9,6.92,5.9
2005,1,MA,3366.62,1344282.9,31.2,1003.82,9485.77,27.62,25.0,23.4,27.27,25.2,20.3,6.25,5.4
2005,2,MA,3366.62,1344282.9,226.7,1003.77,8817.45,27.34,25.9,23.5,26.97,26.6,21.0,5.57,5.2
2005,3,MA,3366.62,1344282.9,339.5,1005.27,8142.36,26.39,25.7,23.4,26.07,26.2,19.9,4.3,5.3
2005,4,MA,5049.93,2016424.35,364.2,1004.94,7656.35,26.46,26.3,22.4,26.08,27.1,21.2,3.85,4.6
2005,5,MA,13466.48,5377131.6,138.4,1005.51,8969.62,26.82,25.8,23.6,26.38,26.5,21.2,4.19,4.4
2005,6,MA,25249.65,10082121.75,137.7,1008.74,15948.41,28.22,25.3,24.2,27.6,25.9,20.4,5.81,4.4
2005,7,MA,33666.2,13442829.0,204.2,1010.06,15558.63,27.77,25.1,23.4,27.12,25.9,16.5,5.85,4.4
2005,8,MA,33666.2,13442829.0,9.8,1007.13,17702.31,27.88,24.5,23.8,27.5,24.8,18.1,6.27,5.3
2005,9,MA,25249.65,10082121.75,0.0,1006.37,11697.64,27.12,23.8,22.8,26.76,23.9,17.6,7.46,5.6
2005,10,MA,13466.48,5377131.6,0.2,1005.11,11035.31,27.55,23.6,23.5,27.22,23.8,16.4,7.98,6.2
2005,11,MA,5049.93,2016424.35,4.0,1002.9,10500.24,27.97,24.4,24.8,27.66,25.1,18.7,7.91,6.3
2005,12,MA,3366.62,1344282.9,196.1,1002.85,7101.86,26.96,25.0,22.2,26.58,25.4,20.2,5.66,5.5
2006,1,MA,3683.66,1507828.82,176.2,1003.2,6632.53,26.48,25.7,22.5,26.16,25.9,20.8,5.0,4.8
2006,2,MA,3683.66,1507828.82,343.9,1004.62,10199.24,26.6,25.6,22.2,26.29,26.0,21.0,5.34,5.2
2006,3,MA,3683.66,1507828.82,357.1,1005.14,9068.22,26.18,25.4,22.4,25.82,26.1,20.9,4.24,5.5
2006,4,MA,5525.49,2261743.23,523.7,1005.5,9107.88,25.98,26.0,23.4,25.62,26.1,21.2,3.14,4.6
2006,5,MA,14734.64,6031315.28,222.0,1008.49,10805.25,27.02,25.7,24.2,26.55,26.2,20.8,3.73,3.6
2006,6,MA,27627.45,11308716.15,169.0,1008.44,12698.57,27.27,25.6,23.9,26.7,25.8,18.7,4.25,2.31
2006,7,MA,36836.6,15078288.2,25.6,1009.17,10848.77,26.7,25.3,22.9,26.26,25.6,17.0,4.51,2.39
2006,8,MA,36836.6,15078288.2,61.8,1006.75,11144.31,26.64,24.6,22.5,26.26,25.5,19.7,4.78,2.46
2006,9,MA,27627.45,11308716.15,2.6,1006.53,11091.44,27.29,24.2,22.7,26.91,24.8,16.8,5.05,2.54
2006,10,MA,14734.64,6031315.28,0.0,1004.66,11388.31,27.6,23.7,23.5,27.25,24.2,17.8,5.32,2.61
2006,11,MA,5525.49,2261743.23,8.8,1003.82,10277.31,27.79,24.8,23.9,27.44,25.3,19.2,5.58,2.69
2006,12,MA,3683.66,1507828.82,16.4,1005.08,9814.53,27.69,24.5,23.8,27.33,24.9,19.3,5.85,2.77
2007,1,MA,4169.14,1652497.64,18.4,1004.67,9414.23,28.16,25.3,24.1,27.83,25.7,19.8,6.12,2.84
2007,2,MA,4169.14,1652497.64,502.0,1005.68,7951.9,25.99,26.2,22.3,25.68,26.3,18.9,6.37,2.91
2007,3,MA,4169.14,1652497.64,430.0,1004.97,7720.5,25.9,26.2,22.7,25.56,26.3,21.1,6.63,2.99
2007,4,MA,6253.71,2478746.46,339.6,1005.54,8011.41,26.13,26.5,23.3,25.8,26.5,21.6,6.9,3.07
2007,5,MA,16676.56,6609990.56,223.87,1006.7,10468.22,27.04,26.7,23.1,26.58,27.4,21.0,7.16,3.14
2007,6,MA,31268.55,12393732.3,37.93,1007.42,11176.19,26.93,25.2,23.1,26.53,25.8,18.6,7.43,3.22
2007,7,MA,41691.4,16524976.4,127.4,1009.2,11163.07,26.75,25.1,23.4,26.25,25.4,18.4,7.7,3.29
2007,8,MA,41691.4,16524976.4,0.4,1006.48,11033.37,26.41,24.2,23.2,26.04,24.6,17.1,7.97,3.37
2007,9,MA,31268.55,12393732.3,0.0,1003.9,12984.06,27.68,24.2,23.5,27.4,24.5,16.5,8.23,3.45
2007,10,MA,16676.56,6609990.56,0.0,1000.91,7671.91,27.11,22.5,25.2,27.1,22.7,20.1,8.5,3.52
2007,11,MA,6253.71,2478746.46,0.0,1008.86,17617.82,28.73,23.0,25.6,27.38,23.2,20.78,8.76,3.6
2007,12,MA,4169.14,1652497.64,42.0,1003.76,917.91,27.71,24.5,23.3,27.39,25.1,19.6,7.43,5.1
2008,1,MA,4206.1,1595970.4,144.51,1003.52,665.88,26.68,25.1,23.6,26.28,25.7,19.5,5.54,4.6
2008,2,MA,4206.1,1595970.4,204.59,1004.05,730.02,26.42,25.3,22.9,26.1,25.8,20.4,4.88,4.7
2008,3,MA,4206.1,1595970.4,526.0,1003.91,979.68,25.46,25.3,21.7,25.09,25.7,20.0,3.61,5.0
2008,4,MA,6309.15,2393955.6,516.6,1002.93,661.72,25.69,25.7,22.7,25.36,26.4,20.7,3.31,3.9
2008,5,MA,16824.4,6383881.6,314.0,1004.12,636.55,25.99,25.6,22.5,25.65,26.1,20.9,3.25,4.5
2008,6,MA,31545.75,11969778.0,356.2,1005.34,671.42,25.87,25.4,21.7,25.49,26.3,18.0,3.13,3.6
2008,7,MA,42061.0,15959704.0,106.6,1006.29,778.25,26.26,24.9,22.5,25.85,25.9,17.8,3.68,3.7
2008,8,MA,42061.0,15959704.0,52.6,1004.86,850.92,26.5,25.8,22.7,26.1,27.1,18.8,5.01,4.2
2008,9,MA,31545.75,11969778.0,0.4,1005.42,909.48,27.25,24.3,22.6,26.91,24.9,17.9,6.74,5.2
2008,10,MA,16824.4,6383881.6,0.2,1004.58,919.38,27.71,25.8,23.9,27.37,26.4,18.9,7.66,4.9
2008,11,MA,6309.15,2393955.6,2.4,1003.55,875.54,27.93,24.3,24.3,27.55,24.6,19.9,7.52,5.6
2008,12,MA,4206.1,1595970.4,74.5,1003.24,908.69,28.04,25.2,24.1,27.49,25.3,19.8,6.75,5.2
2009,1,MA,2378.48,925484.52,235.4,1004.33,734.33,26.97,25.1,23.5,26.51,26.0,20.0,5.6,5.1
2009,2,MA,2378.48,925484.52,317.8,1003.74,639.81,26.01,25.0,23.5,25.59,26.1,20.8,4.46,4.5
2009,3,MA,2378.48,925484.52,521.8,1003.69,665.6,25.86,25.4,22.7,25.51,26.8,19.2,4.17,4.3
2009,4,MA,3567.72,1388226.78,723.4,1004.95,566.92,25.41,25.7,23.1,25.13,26.2,20.9,3.37,4.5
2009,5,MA,9513.92,3701938.08,538.4,1005.11,571.17,25.44,26.0,22.6,25.14,26.6,20.7,2.92,3.3
2009,6,MA,17838.6,6941133.9,193.3,1006.03,695.07,26.15,26.0,22.6,25.79,26.7,19.6,3.48,4.0
2009,7,MA,23784.8,9254845.2,72.2,1006.62,770.86,26.21,25.1,22.4,25.82,26.1,19.3,4.23,4.2
2009,8,MA,23784.8,9254845.2,10.6,1006.21,1637.6,27.42,25.9,23.5,26.94,26.8,18.0,5.95,4.4
2009,9,MA,17838.6,6941133.9,0.0,1006.35,888.36,27.32,24.4,23.7,26.99,24.8,18.4,7.44,5.1
2009,10,MA,9513.92,3701938.08,0.0,1004.65,884.44,27.27,23.7,23.1,26.92,24.0,18.7,7.26,4.9
2009,11,MA,3567.72,1388226.78,2.4,1003.87,877.46,27.87,24.9,24.9,27.57,25.4,18.9,8.44,5.5
2009,12,MA,2378.48,925484.52,10.0,1004.55,864.88,28.25,26.0,25.1,27.89,26.2,19.9,7.91,5.8
2010,1,MA,5116.98,2169046.02,91.0,1004.67,847.05,27.52,26.2,23.8,27.14,26.4,19.9,6.08,5.0
2010,2,MA,5116.98,2169046.02,61.2,1003.46,836.06,28.2,26.4,23.6,27.86,26.4,21.0,6.6,5.0
2010,3,MA,5116.98,2169046.02,309.8,1004.24,844.71,27.83,26.8,22.9,27.48,27.8,21.1,5.54,4.9
2010,4,MA,7675.47,3253569.03,395.6,1003.94,665.9,26.9,27.1,23.5,26.57,27.7,21.8,3.65,3.9
2010,5,MA,20467.92,8676184.08,363.4,1004.44,640.03,27.1,27.0,23.9,26.73,28.0,21.3,3.76,4.2
2010,6,MA,38377.35,16267845.15,210.6,1006.42,720.4,26.65,26.2,23.3,26.27,26.6,19.5,3.39,3.9
2010,7,MA,51169.8,21690460.2,97.8,1006.26,742.78,26.63,27.1,23.8,26.23,27.1,19.3,3.81,3.8
2010,8,MA,51169.8,21690460.2,5.6,1006.57,1139.47,26.67,25.0,23.0,26.19,25.3,16.7,4.68,4.3
2010,9,MA,38377.35,16267845.15,0.8,1005.22,1078.09,27.28,24.5,23.7,26.83,24.7,18.5,6.91,5.0
2010,10,MA,20467.92,8676184.08,0.0,1004.74,1250.65,27.85,24.3,23.2,27.47,24.7,19.0,6.95,4.6
2010,11,MA,7675.47,3253569.03,0.2,1003.34,874.85,28.34,24.5,25.8,28.06,25.0,20.0,7.41,5.1
2010,12,MA,5116.98,2169046.02,62.2,1002.79,874.07,27.86,26.0,24.0,27.54,26.3,18.9,6.51,5.0
2011,1,MA,2782.64,1138494.8,412.7,1003.58,764.76,26.49,25.8,23.4,26.18,26.1,20.2,5.11,4.5
2011,2,MA,2782.64,1138494.8,151.4,1004.09,1008.54,26.54,25.6,22.9,26.09,26.1,20.2,4.62,4.4
2011,3,MA,2782.64,1138494.8,557.6,1004.09,704.81,25.98,26.7,23.1,25.6,27.1,21.0,3.81,4.9
2011,4,MA,4173.96,1707742.2,1204.0,1004.58,694.24,25.86,27.3,22.1,25.51,27.9,21.5,3.6,4.2
2011,5,MA,11130.56,4553979.2,247.5,1004.93,650.84,26.23,28.8,23.1,25.86,29.0,22.3,3.21,4.5
2011,6,MA,20869.8,8538711.0,81.2,1005.47,1521.89,26.44,29.3,23.4,26.04,29.7,22.9,3.24,4.9
2011,7,MA,27826.4,11384948.0,124.4,1006.13,1334.12,26.83,28.9,22.9,26.41,29.8,22.1,4.81,4.5
2011,8,MA,27826.4,11384948.0,0.0,1006.34,1029.02,26.9,24.4,24.7,26.78,25.2,22.1,5.9,4.6
2011,9,MA,20869.8,8538711.0,0.0,1006.42,858.67,27.18,26.5,23.4,26.8,26.5,20.2,6.57,4.9
2011,10,MA,11130.56,4553979.2,30.4,1004.06,800.9,27.63,26.8,24.2,27.33,27.5,20.9,7.4,5.1
2011,11,MA,4173.96,1707742.2,7.1,1003.8,935.38,28.25,25.3,23.6,27.96,25.6,21.3,8.07,4.9
2011,12,MA,2782.64,1138494.8,0.6,1003.93,808.08,27.55,24.9,24.4,27.22,25.4,20.4,7.59,5.4
2012,1,MA,5167.0,2090936.88,104.6,1004.36,717.96,27.12,26.7,21.9,26.78,27.7,21.1,6.59,5.5
2012,2,MA,5167.0,2090936.88,237.4,1004.17,720.82,26.37,27.0,21.9,26.03,27.7,19.2,5.66,5.0
2012,3,MA,5167.0,2090936.88,230.0,1004.85,694.97,26.07,27.2,22.6,25.71,28.1,22.2,4.93,5.0
2012,4,MA,7750.5,3136405.32,0.0,1004.57,735.38,26.66,29.1,23.1,26.28,29.7,22.5,5.02,5.1
2012,5,MA,20668.0,8363747.52,0.0,1005.59,752.58,26.92,29.2,23.8,26.52,29.2,22.7,5.37,4.4
2012,6,MA,38752.5,15682026.6,0.0,1006.9,691.26,26.6,29.3,22.9,26.23,29.6,21.8,5.2,4.6
2012,7,MA,51670.0,20909368.8,0.0,1006.52,743.6,26.45,29.6,23.2,26.07,30.0,21.6,5.13,4.3
2012,8,MA,51670.0,20909368.8,8.6,1007.25,890.02,26.73,27.0,22.9,26.34,27.8,20.4,5.8,4.5
2012,9,MA,38752.5,15682026.6,0.0,1007.11,967.26,27.24,24.5,22.7,26.89,24.7,18.6,7.56,5.1
2012,10,MA,20668.0,8363747.52,0.0,1004.58,876.49,27.56,24.3,23.4,27.22,24.4,18.7,8.22,5.4
2012,11,MA,7750.5,3136405.32,0.0,1004.07,852.88,27.85,24.3,24.5,27.49,24.5,19.9,7.6,5.2
2012,12,MA,5167.0,2090936.88,0.0,1003.66,786.36,28.14,25.1,24.5,27.79,25.4,21.1,7.36,5.7
2013,1,MA,5564.42,2298226.42,0.0,1004.88,731.6,27.78,27.9,23.1,27.42,28.4,21.3,6.5,5.1
2013,2,MA,5564.42,2298226.42,0.0,1003.91,730.64,27.44,31.8,22.5,27.1,31.8,21.8,6.36,5.0
2013,3,MA,5564.42,2298226.42,0.0,1004.65,662.18,27.3,30.8,23.6,26.99,31.3,23.4,5.95,5.0
2013,4,MA,8346.63,3447339.63,0.0,1005.29,732.43,26.9,26.52,23.6,26.5,28.13,24.37,4.78,4.5
2013,5,MA,22257.68,9192905.68,155.4,1005.58,744.87,26.94,25.5,22.7,26.39,26.0,19.4,4.15,4.1
2013,6,MA,41733.15,17236698.15,202.4,1006.37,774.63,26.56,25.8,22.7,25.99,26.4,19.4,4.17,4.3
2013,7,MA,55644.2,22982264.2,203.4,1007.28,698.12,25.73,25.5,21.9,25.21,25.8,18.9,4.08,4.2
2013,8,MA,55644.2,22982264.2,15.8,1006.07,792.84,26.97,24.8,23.5,26.48,25.4,18.8,5.82,4.6
2013,9,MA,41733.15,17236698.15,4.6,1005.88,950.86,27.43,24.3,23.5,27.0,25.1,19.1,7.6,5.5
2013,10,MA,22257.68,9192905.68,1.4,1005.32,910.33,27.53,23.7,23.3,27.09,24.7,16.2,8.0,5.6
2013,11,MA,8346.63,3447339.63,13.6,1003.56,845.16,27.46,24.3,23.6,27.04,25.1,16.6,7.53,5.1
2013,12,MA,5564.42,2298226.42,42.8,1004.31,834.87,27.62,24.3,24.0,27.17,25.0,17.3,7.3,5.2
2014,1,MA,7027.68,2962344.62,154.4,1005.19,676.58,26.43,25.3,21.8,25.98,26.3,18.3,5.78,4.9
2014,2,MA,7027.68,2962344.62,56.4,1004.21,615.85,26.19,25.6,22.3,25.77,25.9,20.7,4.85,4.9
2014,3,MA,7027.68,2962344.62,148.6,1005.07,639.01,26.37,26.0,23.1,25.89,26.7,21.6,4.97,5.3
2014,4,MA,10541.52,4443516.93,245.0,1005.45,648.45,26.16,25.9,21.9,25.67,26.7,20.9,4.01,4.3
2014,5,MA,28110.72,11849378.48,788.2,1005.62,593.85,25.85,27.3,22.7,25.34,27.5,20.9,3.34,3.8
2014,6,MA,52707.6,22217584.65,191.8,1006.32,721.67,26.68,26.2,22.5,26.12,26.7,20.7,4.36,3.9
2014,7,MA,70276.8,29623446.2,37.6,1008.29,745.64,26.66,25.0,22.8,26.11,26.3,18.4,5.06,4.2
2014,8,MA,70276.8,29623446.2,4.0,1007.26,791.86,26.85,24.6,22.3,26.36,24.9,14.6,6.19,4.8
2014,9,MA,52707.6,22217584.65,0.8,1006.58,837.04,27.27,24.5,22.8,26.81,25.9,19.3,7.64,5.1
2014,10,MA,28110.72,11849378.48,509.71,1005.05,450.04,26.75,24.2,23.9,26.88,25.3,20.0,6.7,4.7
2014,11,MA,10541.52,4443516.93,773.39,1004.41,573.84,27.28,24.1,23.2,27.71,24.3,19.5,7.44,4.7
2014,12,MA,7027.68,2962344.62,27.6,1004.92,795.43,27.67,25.2,23.5,27.24,25.4,17.4,7.56,5.6
2015,1,MA,5620.98,2467146.22,30.0,1005.86,749.15,27.42,24.3,21.9,26.95,25.2,14.9,6.89,5.2
2015,2,MA,5620.98,2467146.22,95.0,1005.48,714.44,27.04,25.8,22.2,26.57,26.3,19.8,5.9,4.6
2015,3,MA,5620.98,2467146.22,396.2,1005.3,607.77,26.18,26.0,22.6,25.74,26.3,20.1,4.4,4.3
2015,4,MA,8431.47,3700719.33,347.8,1005.65,691.62,26.22,26.4,22.5,25.69,27.2,21.0,4.41,4.5
2015,5,MA,22483.92,9868584.88,400.0,1005.98,693.48,26.53,26.4,23.2,25.99,27.0,20.9,4.18,4.5
2015,6,MA,42157.35,18503596.65,88.2,1007.43,765.07,26.48,26.0,22.4,25.92,26.7,18.5,4.34,4.3
2015,7,MA,56209.8,24671462.2,75.4,1007.25,762.07,26.68,25.9,23.1,26.16,26.4,17.1,5.14,4.6
2015,8,MA,56209.8,24671462.2,0.6,1006.8,823.63,26.95,24.7,22.5,26.54,25.1,17.2,6.18,4.8
2015,9,MA,42157.35,18503596.65,0.0,1006.45,898.99,27.29,23.8,23.9,26.94,24.1,19.0,7.79,5.5
2015,10,MA,22483.92,9868584.88,0.0,1005.92,892.07,27.62,23.7,24.2,27.27,24.1,19.2,7.89,5.2
2015,11,MA,8431.47,3700719.33,0.4,1004.58,857.6,27.91,23.9,24.8,27.53,24.3,18.3,7.94,4.9
2015,12,MA,5620.98,2467146.22,10.6,1005.58,841.48,28.45,24.4,24.7,28.11,24.7,16.0,8.35,5.7
2016,1,MA,15992.56,7620670.3,200.2,1005.58,653.74,27.39,26.1,22.1,27.06,26.6,20.4,6.15,5.3
2016,2,MA,15992.56,7620670.3,141.2,1005.3,664.99,27.19,26.4,23.6,26.86,26.5,21.0,5.4,4.3
2016,3,MA,15992.56,7620670.3,356.8,1005.9,586.72,26.79,26.6,22.7,26.44,26.9,21.6,4.5,4.5
2016,4,MA,23988.84,11431005.45,305.4,1004.8,704.95,27.35,26.3,23.6,26.97,26.8,21.8,4.52,4.4
2016,5,MA,63970.24,30482681.2,250.4,1006.7,723.78,27.21,26.3,23.7,26.8,27.2,21.4,4.68,3.9
2016,6,MA,119944.2,57155027.25,130.3,1007.89,711.48,26.84,26.3,22.1,26.41,26.8,20.4,4.41,3.9
2016,7,MA,159925.6,76206703.0,50.6,1007.4,730.59,26.64,25.5,22.8,26.21,26.1,16.5,4.64,4.1
2016,8,MA,159925.6,76206703.0,13.6,1007.19,793.22,27.16,25.0,23.2,26.77,26.6,16.8,6.11,4.5
2016,9,MA,119944.2,57155027.25,1.4,1006.78,860.98,27.43,25.3,23.5,27.06,25.8,18.8,7.19,4.9
2016,10,MA,63970.24,30482681.2,0.0,1004.65,930.07,27.93,24.5,23.7,27.57,24.8,17.5,7.62,5.2
2016,11,MA,23988.84,11431005.45,0.0,1003.8,839.25,28.21,24.1,24.2,27.86,24.3,19.0,7.94,5.3
2016,12,MA,15992.56,7620670.3,43.0,1004.28,726.52,27.85,25.1,22.1,27.49,25.8,19.6,6.72,4.9
2017,1,MA,9010.58,4149741.5,382.2,1004.88,637.08,26.88,25.9,22.1,26.51,26.3,21.3,5.45,4.7
2017,2,MA,9010.58,4149741.5,339.6,1004.92,554.39,25.94,25.7,22.7,25.61,26.1,21.6,4.15,5.0
2017,3,MA,9010.58,4149741.5,406.8,1005.18,562.62,25.82,25.9,22.9,25.48,26.5,21.0,3.76,4.3
2017,4,MA,13515.87,6224612.25,372.8,1005.14,631.44,26.49,27.0,23.1,26.1,27.5,19.8,3.9,4.9
2017,5,MA,36042.32,16598966.0,295.4,1005.8,654.62,26.72,27.2,22.9,26.32,27.3,21.2,4.07,4.3
2017,6,MA,67579.35,31123061.25,134.98,1006.42,726.12,26.96,26.5,23.0,26.49,26.5,19.3,3.18,3.4
2017,7,MA,90105.8,41497415.0,217.82,1008.4,765.56,26.53,25.7,22.4,26.02,26.5,12.7,2.66,4.1
2017,8,MA,90105.8,41497415.0,0.2,1006.9,1325.23,28.45,24.4,23.3,27.79,25.6,19.8,7.44,4.6
2017,9,MA,67579.35,31123061.25,0.0,1006.65,1171.87,28.37,24.4,25.6,27.77,24.6,16.1,7.59,4.7
2017,10,MA,36042.32,16598966.0,4.6,1004.71,856.86,27.86,25.1,25.0,27.53,25.5,19.1,8.28,5.4
2017,11,MA,13515.87,6224612.25,0.8,1004.04,829.75,27.6,24.7,23.6,27.25,25.1,19.0,7.57,5.2
2017,12,MA,9010.58,4149741.5,59.8,1004.23,754.14,27.64,25.2,24.4,27.32,25.5,18.7,7.06,5.3
2018,1,MA,8107.94,3801687.78,239.4,1004.75,683.77,26.64,25.7,22.1,26.27,25.9,20.0,5.59,4.7
2018,2,MA,8107.94,3801687.78,505.8,1004.96,609.59,25.6,25.9,21.8,25.28,26.6,19.3,3.28,4.0
2018,3,MA,8107.94,3801687.78,239.0,1004.9,701.72,26.65,26.1,22.9,26.28,26.2,20.5,4.76,4.6
2018,4,MA,12161.91,5702531.67,463.8,1005.83,606.65,25.73,26.1,22.8,25.37,26.7,20.5,3.3,4.0
2018,5,MA,32431.76,15206751.12,362.0,1006.41,614.2,25.77,26.3,22.5,25.38,26.7,20.7,3.38,4.1
2018,6,MA,60809.55,28512658.35,107.8,1007.44,678.12,26.4,26.0,22.8,25.97,26.9,16.7,3.94,4.2
2018,7,MA,81079.4,38016877.8,75.4,1007.4,696.59,26.16,25.6,22.7,25.75,26.0,20.3,4.32,3.9
2018,8,MA,81079.4,38016877.8,27.2,1007.89,755.42,26.48,25.9,21.7,26.11,25.9,20.0,5.89,4.2
2018,9,MA,60809.55,28512658.35,12.6,1005.46,887.6,27.08,23.8,23.8,26.73,24.0,18.5,7.46,4.9
2018,10,MA,32431.76,15206751.12,3.8,1005.04,845.11,27.53,25.0,23.9,27.18,25.5,19.4,7.43,5.3
2018,11,MA,12161.91,5702531.67,2.8,1004.01,798.64,27.97,25.5,23.6,27.61,25.9,17.9,7.56,5.2
2018,12,MA,8107.94,3801687.78,209.1,1005.79,653.04,26.31,25.3,22.1,25.98,25.7,20.3,4.89,4.8
2019,1,MA,5195.12,2447259.96,188.53,1006.28,783.14,26.96,25.6,22.5,26.58,26.6,19.7,5.6,4.4
2019,2,MA,5195.12,2447259.96,397.77,1005.66,756.54,26.38,26.4,23.3,26.04,26.9,19.9,5.11,5.1
2019,3,MA,5195.12,2447259.96,577.9,1006.13,636.23,25.85,26.0,23.6,25.5,26.3,21.6,3.98,4.0
2019,4,MA,7792.68,3670889.94,478.8,1005.76,592.16,25.96,26.5,23.2,25.64,26.8,21.2,3.74,4.9
2019,5,MA,20780.48,9789039.84,237.8,1005.4,627.91,26.47,26.7,22.7,26.08,27.5,20.7,3.99,4.0
2019,6,MA,38963.4,18354449.7,200.4,1007.25,672.81,26.48,26.7,23.8,26.06,26.8,19.3,3.81,4.7
2019,7,MA,51951.2,24472599.6,107.4,1007.4,711.83,26.4,25.6,22.4,25.97,26.4,18.9,4.35,4.3
2019,8,MA,51951.2,24472599.6,4.4,1008.19,796.35,26.91,25.5,23.0,26.52,25.8,18.3,5.59,4.3
2019,9,MA,38963.4,18354449.7,2.0,1006.56,1640.48,27.21,25.7,24.3,26.88,26.0,19.8,2.74,4.8
2019,10,MA,20780.48,9789039.84,0.0,1005.08,1232.79,27.47,25.0,23.8,27.12,25.6,18.2,3.52,4.9
2019,11,MA,7792.68,3670889.94,0.0,1003.86,1685.14,27.71,25.2,24.1,27.36,25.4,20.0,7.11,5.1
2019,12,MA,5195.12,2447259.96,0.0,1004.06,2028.49,28.08,25.0,22.7,27.73,26.1,18.9,7.37,5.2
2020,1,MA,6136.74,2942201.08,0.0,1005.5,65.0,26.3,26.8,21.9,25.95,27.3,21.0,4.47,4.2
2020,2,MA,6136.74,2942201.08,0.0,1005.6,65.0,26.26,26.3,22.6,25.91,27.0,20.7,4.41,4.1
2020,3,MA,6136.74,2942201.08,0.0,1005.5,65.0,25.95,26.6,22.5,25.63,26.7,20.2,3.63,3.9
2020,4,MA,9205.11,4413301.62,0.0,1005.92,65.0,26.14,26.8,23.3,25.79,27.0,20.9,3.34,4.0
2020,5,MA,24546.96,11768804.32,0.0,1006.45,65.0,26.92,26.5,23.4,26.52,27.2,20.1,3.69,3.7
2020,6,MA,46025.55,22066508.1,0.0,1006.58,65.0,26.79,26.6,23.0,26.37,26.7,19.3,3.83,3.9
2020,7,MA,61367.4,29422010.8,0.0,1006.45,65.0,26.63,26.3,23.0,26.19,27.2,18.3,4.01,3.9
2020,8,MA,61367.4,29422010.8,0.0,1006.44,65.0,26.89,24.8,22.5,26.46,26.4,17.9,5.37,4.9
2020,9,MA,46025.55,22066508.1,0.0,1006.05,65.0,27.46,24.2,23.5,27.1,24.8,20.1,7.1,4.9
2020,10,MA,24546.96,11768804.32,0.0,1005.1,65.0,27.75,24.4,23.7,27.41,26.1,19.5,7.52,5.1
2020,11,MA,9205.11,4413301.62,0.0,1004.34,65.0,27.76,27.1,23.4,27.42,27.3,20.1,6.42,4.6
2020,12,MA,6136.74,2942201.08,0.0,1004.39,65.0,27.76,25.3,24.3,27.43,25.9,19.6,6.82,5.2
2021,1,MA,5972.0,2988534.28,0.0,1004.28,65.0,27.03,25.5,22.3,26.69,26.1,20.4,5.83,5.0
2021,2,MA,5972.0,2988534.28,0.0,1004.52,65.0,26.47,26.1,22.7,26.17,28.4,17.9,4.96,4.4
2021,3,MA,5972.0,2988534.28,0.0,1004.92,65.0,25.61,25.6,21.9,25.28,26.5,20.2,4.37,4.3
2021,4,MA,8958.0,4482801.42,0.0,1004.65,65.0,26.73,26.1,23.4,26.36,26.5,19.7,4.22,4.3
2021,5,MA,23888.0,11954137.12,0.0,1006.04,65.0,26.67,27.9,22.0,26.3,27.9,18.7,3.66,4.0
2021,6,MA,44790.0,22414007.1,0.0,1006.76,65.0,26.23,26.3,22.6,25.85,27.2,19.1,3.88,4.0
2021,7,MA,59720.0,29885342.8,0.0,1007.68,65.0,26.5,25.7,23.2,26.12,26.4,18.2,4.41,4.1
2021,8,MA,59720.0,29885342.8,0.0,1006.7,65.0,26.84,26.1,23.1,26.46,27.3,17.1,5.35,5.0
2021,9,MA,44790.0,22414007.1,0.0,1006.42,65.0,27.32,25.4,24.2,27.0,27.1,20.1,7.0,4.9
2021,10,MA,23888.0,11954137.12,0.0,1005.04,65.0,27.79,25.6,24.6,27.45,26.2,19.8,6.87,4.6
2021,11,MA,8958.0,4482801.42,0.0,1004.05,65.0,27.74,25.1,23.6,27.41,26.5,19.7,6.36,4.5
2021,12,MA,5972.0,2988534.28,0.0,1003.4,65.0,27.98,25.7,24.6,27.67,26.7,19.4,6.71,4.5
2022,1,MA,7170.84,3637839.78,0.0,1005.14,65.0,25.92,25.4,22.1,25.58,25.9,19.6,4.43,4.0
2022,2,MA,7170.84,3637839.78,0.0,1004.47,65.0,26.52,25.8,23.3,26.2,26.0,20.8,5.13,4.4
2022,3,MA,7170.84,3637839.78,0.0,1004.39,65.0,25.09,25.6,21.9,24.79,26.2,19.8,3.82,4.1
2022,4,MA,10756.26,5456759.67,322.4,1004.78,65.0,25.02,25.0,21.9,24.68,25.3,19.7,3.86,4.3
2022,5,MA,28683.36,14551359.12,358.6,1006.32,65.0,25.36,25.1,21.9,25.01,25.6,18.6,3.67,4.0
2022,6,MA,53781.3,27283798.35,135.8,1006.18,65.0,26.11,24.8,22.4,25.73,25.4,18.7,3.95,4.2
2022,7,MA,71708.4,36378397.8,131.6,1006.71,65.0,26.33,26.0,23.1,25.94,26.2,18.2,4.0,4.4
2022,8,MA,71708.4,36378397.8,105.0,1006.66,65.0,26.44,25.3,22.4,26.07,25.8,16.4,5.1,4.4
2022,9,MA,53781.3,27283798.35,0.4,1006.2,65.0,27.0,24.0,23.9,26.67,24.3,18.6,6.86,4.4
2022,10,MA,28683.36,14551359.12,0.0,1004.89,65.0,27.53,24.0,24.3,27.22,24.3,19.2,7.59,4.9
2022,11,MA,10756.26,5456759.67,29.2,1004.61,65.0,26.9,25.0,22.9,26.55,25.8,17.7,5.78,4.5
2022,12,MA,7170.84,3637839.78,87.6,1004.33,65.0,27.23,25.3,22.7,26.88,25.9,19.3,6.21,4.8
2023,1,MA,8228.82,4247047.8,382.4,1005.39,65.0,25.82,25.1,21.0,25.49,25.3,19.4,4.91,4.7
2023,2,MA,8228.82,4247047.8,5118.45,1005.1,65.0,25.1,25.3,20.9,24.78,25.5,20.0,4.58,4.2
2023,3,MA,8228.82,4247047.8,1491.15,1005.56,65.0,25.14,25.2,21.5,24.84,25.3,20.2,3.92,4.1
2023,4,MA,12343.23,6370571.7,324.2,1004.89,65.0,24.94,25.1,21.9,24.62,25.3,19.3,3.36,3.7
2023,5,MA,32915.28,16988191.2,218.6,1005.86,65.0,25.97,26.1,22.7,25.61,27.1,20.1,3.95,4.1
2023,6,MA,61716.15,31852858.5,268.2,1007.18,65.0,25.7,25.7,22.1,25.34,25.8,18.7,3.89,5.0
2023,7,MA,82288.2,42470478.0,54.4,1007.62,65.0,26.68,25.1,23.2,26.32,26.6,17.3,4.85,3.9
2023,8,MA,82288.2,42470478.0,11.0,1006.85,65.0,26.77,25.0,23.2,26.41,25.7,19.6,5.84,4.4
2023,9,MA,61716.15,31852858.5,0.0,1006.02,65.0,27.5,24.7,23.5,27.17,25.0,19.9,7.26,4.5
2023,10,MA,32915.28,16988191.2,1.4,1005.01,65.0,27.72,24.4,23.7,27.38,24.8,19.1,7.64,4.7
2023,11,MA,12343.23,6370571.7,0.0,1004.62,65.0,28.02,24.1,24.6,27.68,24.5,18.8,7.53,4.9
2023,12,MA,8228.82,4247047.8,35.8,1004.3,65.0,28.1,25.8,22.8,27.75,26.4,19.1,6.94,4.7
2006,7,SP,10555.6,4873842.0,23.4,926.72,1.95,18.58,20.2,10.7,18.09,20.5,11.4,4.83,4.9
2006,8,SP,10555.6,4873842.0,6.2,928.07,615.74,18.59,19.0,8.1,18.09,19.2,6.1,4.8,6.1
2006,9,SP,7916.7,3655381.5,76.4,927.48,664.42,18.28,19.7,6.5,17.82,20.2,3.2,5.83,6.7
2006,10,SP,4222.24,1949536.8,91.4,925.57,687.1,19.73,21.6,11.9,19.29,21.9,2.9,5.46,5.7
2006,11,SP,1583.34,731076.3,219.6,924.57,723.17,20.59,21.0,12.7,20.13,21.3,6.2,5.89,6.1
2006,12,SP,1055.56,487384.2,326.6,924.62,747.01,22.22,21.2,17.0,21.75,21.8,12.7,6.29,9.2
2007,1,SP,1015.5,473928.3,177.6,923.45,662.56,22.3,21.4,17.9,21.88,21.8,8.3,4.4,6.7
2007,2,SP,1015.5,473928.3,278.8,924.85,834.58,23.3,21.4,16.1,22.78,21.7,9.8,5.23,5.3
2007,3,SP,1015.5,473928.3,183.9,926.0,851.46,23.78,20.9,18.1,23.25,21.8,5.9,4.82,5.8
2007,4,SP,1523.25,710892.45,115.0,927.39,602.53,21.56,21.7,14.8,21.14,21.8,10.8,5.18,5.6
2007,5,SP,4062.0,1895713.2,59.2,928.1,492.63,17.56,17.6,8.8,17.15,18.0,0.8,5.03,6.3
2007,6,SP,7616.25,3554462.25,30.6,929.24,541.36,18.41,16.5,7.7,17.92,16.6,0.3,4.37,6.7
2007,7,SP,10155.0,4739283.0,144.4,928.97,462.32,16.12,15.9,5.3,15.67,16.0,2.7,4.99,7.2
2007,8,SP,10155.0,4739283.0,0.0,930.28,627.8,18.08,16.4,11.1,17.57,16.4,0.1,4.84,5.3
2007,9,SP,7616.25,3554462.25,17.0,929.73,701.74,20.07,17.2,11.8,19.54,17.7,2.9,5.34,5.7
2007,10,SP,4062.0,1895713.2,105.0,926.15,718.95,20.79,20.0,13.2,20.29,20.4,3.5,5.31,7.8
2007,11,SP,1523.25,710892.45,218.4,924.22,711.05,20.06,18.9,13.6,19.6,20.3,4.1,6.36,6.5
2007,12,SP,1015.5,473928.3,219.6,923.69,769.94,22.22,20.5,15.2,21.74,20.7,0.3,5.1,6.3
2008,1,SP,1143.8,603280.96,307.2,924.12,632.15,21.18,20.2,15.4,20.75,20.7,10.0,5.96,5.9
2008,2,SP,1143.8,603280.96,224.2,924.38,747.54,22.28,19.8,17.5,21.8,20.8,10.9,5.41,6.5
2008,3,SP,1143.8,603280.96,173.0,924.88,690.24,21.69,20.2,16.0,21.24,20.9,8.5,5.37,6.5
2008,4,SP,1715.7,904921.44,94.2,924.6,555.31,20.78,19.9,13.9,20.37,20.4,6.1,4.78,7.0
2008,5,SP,4575.2,2413123.84,74.8,927.87,504.27,17.46,16.0,10.5,17.06,16.1,2.8,4.89,6.2
2008,6,SP,8578.5,4524607.2,73.3,929.2,434.29,16.75,17.0,8.7,16.34,17.4,3.0,4.76,6.7
2008,7,SP,11438.0,6032809.6,0.2,930.84,604.56,17.33,14.1,9.6,16.81,14.3,0.3,2.5,4.6
2008,8,SP,11438.0,6032809.6,73.2,928.24,604.22,18.37,16.9,11.8,17.84,16.9,0.5,3.36,5.0
2008,9,SP,8578.5,4524607.2,39.6,928.27,648.96,17.65,17.2,11.2,17.19,17.4,1.6,6.19,5.8
2008,10,SP,4575.2,2413123.84,161.6,927.32,662.4,20.53,19.2,11.8,20.04,19.6,5.7,6.26,6.9
2008,11,SP,1715.7,904921.44,122.2,924.95,776.72,20.79,19.7,13.5,20.33,20.0,8.3,6.52,6.7
2008,12,SP,1143.8,603280.96,217.8,923.45,795.05,20.87,20.0,14.0,20.35,20.2,3.5,5.83,6.5
2009,1,SP,624.86,340256.62,319.4,924.49,721.78,21.92,20.0,16.0,21.45,20.5,10.2,6.66,6.6
2009,2,SP,624.86,340256.62,194.8,924.64,748.21,23.23,20.8,17.7,22.73,21.9,10.9,5.37,6.9
2009,3,SP,624.86,340256.62,121.0,924.59,734.43,22.99,21.8,17.8,22.52,21.8,6.4,5.44,5.9
2009,4,SP,937.29,510384.93,69.0,927.17,644.58,20.25,19.9,14.1,19.8,20.2,6.8,5.15,5.4
2009,5,SP,2499.44,1361026.48,57.6,927.68,556.35,19.05,18.3,12.6,18.6,19.2,3.5,5.07,5.6
2009,6,SP,4686.45,2551924.65,45.0,929.15,464.19,15.54,16.3,7.4,15.12,17.0,0.0,4.96,5.5
2009,7,SP,6248.6,3402566.2,181.0,928.95,367.43,16.49,17.4,8.9,16.12,17.7,1.6,4.68,5.9
2009,8,SP,6248.6,3402566.2,98.2,928.99,608.26,18.08,15.8,10.1,17.6,16.5,0.9,5.65,5.8
2009,9,SP,4686.45,2551924.65,187.4,927.28,516.23,19.57,18.8,12.7,19.15,19.0,4.2,5.83,7.4
2009,10,SP,2499.44,1361026.48,170.2,925.31,663.91,19.66,18.7,12.9,19.18,19.4,8.3,5.9,9.5
2009,11,SP,937.29,510384.93,178.0,923.31,818.35,23.73,21.7,17.7,23.21,22.0,3.7,6.33,6.5
2009,12,SP,624.86,340256.62,350.0,923.59,715.35,22.21,21.6,16.3,21.73,21.8,9.7,5.94,6.4
2010,1,SP,1541.14,919977.0,483.2,925.07,711.9,23.31,25.4,18.2,22.64,26.5,8.8,5.46,7.4
2010,2,SP,1541.14,919977.0,294.4,925.51,895.47,24.49,21.6,18.1,23.91,21.9,7.6,5.63,8.1
2010,3,SP,1541.14,919977.0,175.2,924.7,754.74,22.73,21.0,16.3,22.25,21.1,5.8,5.92,7.1
2010,4,SP,2311.71,1379965.5,118.2,927.76,603.41,20.4,20.5,13.5,19.97,20.9,2.5,5.79,6.3
2010,5,SP,6164.56,3679908.0,65.0,927.25,517.28,18.26,18.4,11.8,17.84,18.4,1.3,5.17,6.7
2010,6,SP,11558.55,6899827.5,14.8,930.68,532.75,16.63,16.2,9.1,16.15,16.5,0.0,5.14,5.2
2010,7,SP,15411.4,9199770.0,88.6,931.0,522.61,18.17,16.3,11.5,17.69,16.5,1.6,5.18,5.4
2010,8,SP,15411.4,9199770.0,1.4,930.58,632.83,17.28,15.2,9.1,16.75,15.5,0.0,5.21,7.3
2010,9,SP,11558.55,6899827.5,98.4,927.72,614.82,19.43,18.4,12.9,18.94,18.4,0.0,5.78,5.7
2010,10,SP,6164.56,3679908.0,70.0,925.59,726.63,18.4,19.2,10.5,17.92,19.4,1.5,6.31,7.7
2010,11,SP,2311.71,1379965.5,130.2,923.15,782.16,20.77,19.6,14.3,20.25,20.5,3.9,5.99,6.6
2010,12,SP,1541.14,919977.0,296.6,921.87,759.57,22.51,21.8,16.4,22.0,22.2,6.5,5.73,5.6
2011,1,SP,941.86,652229.38,487.0,922.55,748.69,23.49,22.5,18.6,22.94,23.4,10.1,5.27,6.2
2011,2,SP,941.86,652229.38,348.6,924.51,773.04,24.05,21.8,18.7,23.5,22.2,10.1,5.06,5.6
2011,3,SP,941.86,652229.38,90.2,925.23,519.39,21.43,21.6,16.5,21.04,21.7,8.4,5.78,4.9
2011,4,SP,1412.79,978344.07,127.0,926.96,653.63,21.22,20.8,13.9,20.75,20.9,6.6,5.06,5.8
2011,5,SP,3767.44,2608917.52,26.2,928.67,536.02,17.44,18.1,10.2,17.0,18.4,3.6,4.95,4.6
2011,6,SP,7063.95,4891720.35,76.8,928.56,560.07,15.74,17.8,6.7,15.25,18.0,0.4,4.7,8.2
2011,7,SP,9418.6,6522293.8,4.6,929.12,507.53,17.33,17.1,8.3,16.85,17.3,2.6,4.4,5.4
2011,8,SP,9418.6,6522293.8,51.6,928.51,564.04,18.11,18.4,6.6,17.61,19.0,0.0,5.72,8.4
2011,9,SP,7063.95,4891720.35,1.8,929.86,789.42,18.0,16.5,8.9,17.43,16.8,0.0,6.13,6.0
2011,10,SP,3767.44,2608917.52,141.2,925.23,725.15,20.08,20.4,12.2,19.59,20.6,0.7,6.37,6.1
2011,11,SP,1412.79,978344.07,133.6,925.15,859.26,19.61,19.5,11.4,19.07,20.2,1.4,6.05,6.2
2011,12,SP,941.86,652229.38,164.6,923.38,790.9,21.81,20.4,15.0,21.28,20.7,3.2,5.93,6.7
2012,1,SP,1517.32,925840.1,289.6,924.66,725.24,20.99,21.5,14.9,20.49,22.0,2.0,5.57,6.2
2012,2,SP,1517.32,925840.1,222.6,925.15,864.55,24.13,22.4,18.7,23.55,22.7,5.4,4.89,8.1
2012,3,SP,1517.32,925840.1,179.0,926.3,859.95,22.24,21.0,14.8,21.65,21.4,6.4,5.42,5.8
2012,4,SP,2275.98,1388760.15,176.2,926.08,594.58,20.93,20.1,13.7,20.48,20.2,9.8,5.3,7.7
2012,5,SP,6069.28,3703360.4,49.2,929.37,521.65,17.79,17.1,11.3,17.39,17.2,5.2,5.07,6.9
2012,6,SP,11379.9,6943800.75,219.0,928.97,374.5,17.5,17.6,11.8,17.13,17.7,6.7,4.68,5.9
2012,7,SP,15173.2,9258401.0,69.2,929.47,546.67,17.5,16.0,9.3,17.02,16.2,0.2,4.63,5.6
2012,8,SP,15173.2,9258401.0,0.2,932.44,763.51,18.68,15.1,12.3,18.12,15.3,0.7,5.38,5.7
2012,9,SP,11379.9,6943800.75,19.6,929.03,758.12,20.0,17.4,9.8,19.44,17.9,0.1,6.05,7.0
2012,10,SP,6069.28,3703360.4,126.8,925.76,835.95,21.91,21.8,13.5,21.33,22.7,5.1,2.63,5.1
2012,11,SP,2275.98,1388760.15,97.0,924.33,759.1,20.54,21.0,14.2,20.06,21.4,1.6,5.66,4.9
2012,12,SP,1517.32,925840.1,381.4,923.76,804.09,24.09,23.3,19.3,23.55,23.5,11.9,5.22,6.6
2013,1,SP,664.44,398386.52,164.8,925.2,616.93,21.5,22.2,16.7,21.06,22.2,9.0,5.72,5.4
2013,2,SP,664.44,398386.52,271.0,925.32,777.93,23.02,21.6,17.3,22.44,22.2,10.8,5.4,10.5
2013,3,SP,664.44,398386.52,176.4,926.17,694.14,21.79,21.8,15.3,21.32,22.2,7.9,5.79,5.8
2013,4,SP,996.66,597579.78,70.8,927.57,646.11,19.77,20.7,13.7,19.32,21.6,4.9,5.1,5.8
2013,5,SP,2657.76,1593546.08,43.8,928.05,503.55,18.56,18.5,10.7,18.13,18.6,1.5,4.65,5.6
2013,6,SP,4983.3,2987898.9,142.4,928.74,415.57,18.02,18.7,10.8,17.63,19.0,1.3,4.03,6.3
2013,7,SP,6644.4,3983865.2,83.8,930.57,485.98,16.12,17.7,6.0,15.65,18.1,0.0,4.48,7.2
2013,8,SP,6644.4,3983865.2,8.3,929.41,667.81,17.62,15.6,8.1,17.05,15.9,0.0,5.34,7.4
2013,9,SP,4983.3,2987898.9,86.0,928.34,676.35,18.92,19.0,9.4,18.4,19.6,0.1,5.35,5.9
2013,10,SP,2657.76,1593546.08,118.2,927.06,694.32,19.53,19.7,11.9,19.06,20.0,4.9,5.92,5.5
2013,11,SP,996.66,597579.78,120.8,925.19,755.79,21.26,19.6,14.2,20.78,19.9,2.7,5.97,7.6
2013,12,SP,664.44,398386.52,79.8,922.9,892.99,23.01,21.8,16.9,22.47,22.0,6.2,6.24,6.0
2014,1,SP,629.72,617374.04,223.0,926.15,1025.24,24.95,21.9,18.6,24.27,22.0,0.8,5.56,6.0
2014,2,SP,629.72,617374.04,189.0,925.54,918.82,25.33,22.0,17.7,24.71,22.7,1.3,5.38,5.1
2014,3,SP,629.72,617374.04,212.4,926.32,775.05,22.75,20.8,16.6,22.23,21.4,11.1,5.8,6.1
2014,4,SP,944.58,926061.06,77.2,927.59,644.13,20.77,20.3,12.4,20.32,20.5,5.2,5.2,5.3
2014,5,SP,2518.88,2469496.16,50.2,928.17,501.63,18.55,18.9,11.9,18.1,18.9,6.4,4.82,7.4
2014,6,SP,4722.9,4630305.3,9.8,929.35,461.89,18.44,17.7,10.1,17.99,18.0,0.9,4.7,6.0
2014,7,SP,6297.2,6173740.4,14.4,932.83,385.53,16.57,15.5,11.5,16.2,15.6,0.4,5.15,5.5
2014,8,SP,6297.2,6173740.4,32.0,930.34,655.78,18.23,16.0,9.6,17.66,16.3,0.1,5.08,6.2
2014,9,SP,4722.9,4630305.3,60.2,927.83,761.24,20.18,18.7,11.8,19.62,18.9,0.1,5.87,5.8
2014,10,SP,2518.88,2469496.16,25.0,927.78,906.33,21.35,18.0,11.2,20.72,20.0,0.6,6.17,6.2
2014,11,SP,944.58,926061.06,121.6,925.08,760.31,21.3,19.9,13.7,20.8,20.5,6.9,5.93,5.2
2014,12,SP,629.72,617374.04,205.8,925.14,862.9,23.07,20.6,15.6,22.53,21.1,9.2,5.98,5.9
2015,1,SP,440.7,583086.52,158.4,926.33,900.21,25.15,22.3,18.4,24.54,22.8,3.0,5.63,6.5
2015,2,SP,440.7,583086.52,271.4,925.26,793.26,23.22,21.7,18.1,22.67,22.7,9.7,5.52,5.0
2015,3,SP,440.7,583086.52,324.8,925.97,698.61,21.88,19.8,17.4,21.41,20.4,7.9,4.97,5.1
2015,4,SP,661.05,874629.78,105.4,927.18,641.43,20.69,19.9,15.1,20.25,21.1,9.2,5.61,5.3
2015,5,SP,1762.8,2332346.08,52.2,928.95,460.3,18.45,17.4,13.6,18.07,17.8,4.0,5.39,5.2
2015,6,SP,3305.25,4373148.9,19.8,931.3,477.66,17.89,16.6,11.2,17.45,17.3,3.2,4.83,8.3
2015,7,SP,4407.0,5830865.2,66.8,929.81,454.07,17.89,15.9,11.2,17.45,16.0,0.4,4.82,6.2
2015,8,SP,4407.0,5830865.2,30.8,929.78,699.58,19.85,15.4,12.7,19.28,15.6,1.1,4.64,6.2
2015,9,SP,3305.25,4373148.9,210.0,926.39,607.17,20.89,18.8,12.8,20.36,18.8,0.4,5.41,7.3
2015,10,SP,1762.8,2332346.08,83.0,927.03,723.63,21.83,19.2,15.1,21.32,19.4,2.7,6.03,5.5
2015,11,SP,661.05,874629.78,253.2,924.29,617.11,22.12,20.2,17.4,21.67,20.9,13.3,5.32,6.6
2015,12,SP,440.7,583086.52,314.8,925.55,780.51,23.2,20.6,17.1,22.68,21.3,12.3,5.92,7.5
2016,1,SP,623.26,763205.42,181.8,924.44,759.25,22.75,20.9,16.1,22.24,21.0,3.6,6.16,5.7
2016,2,SP,623.26,763205.42,223.8,925.84,897.98,24.41,21.4,18.8,23.87,21.6,8.1,5.48,6.6
2016,3,SP,623.26,763205.42,249.8,927.05,831.09,22.9,21.3,17.0,22.4,22.3,8.5,5.52,6.1
2016,4,SP,934.89,1144808.13,1.8,927.07,890.55,23.65,19.9,12.5,23.13,19.9,4.9,4.7,7.4
2016,5,SP,2493.04,3052821.68,106.4,929.33,559.05,17.94,17.5,10.1,17.53,17.6,0.0,5.13,6.0
2016,6,SP,4674.45,5724040.65,197.6,930.86,573.36,15.3,19.6,4.5,14.84,20.1,0.0,4.13,5.4
2016,7,SP,6232.6,7632054.2,6.4,929.92,699.73,17.62,14.5,9.1,17.09,15.4,0.5,5.05,8.5
2016,8,SP,6232.6,7632054.2,88.4,928.88,712.99,17.93,16.3,9.2,17.39,17.1,0.0,5.14,6.8
2016,9,SP,4674.45,5724040.65,17.8,928.62,835.81,18.43,16.4,11.5,17.93,16.9,0.8,5.89,6.3
2016,10,SP,2493.04,3052821.68,103.2,926.2,873.99,20.26,19.3,12.7,19.71,20.5,5.3,6.22,6.8
2016,11,SP,934.89,1144808.13,174.2,925.17,857.56,20.59,20.2,12.3,20.09,20.3,2.7,6.07,5.4
2016,12,SP,623.26,763205.42,163.2,924.68,1046.28,23.06,20.2,14.6,22.47,20.7,7.5,6.13,7.0
2017,1,SP,909.98,853148.52,486.4,925.19,803.35,23.1,20.9,17.2,22.6,21.0,7.6,5.41,9.1
2017,2,SP,909.98,853148.52,129.6,925.3,1058.8,24.36,20.4,19.0,23.77,20.4,6.5,5.58,5.0
2017,3,SP,909.98,853148.52,156.2,926.42,831.99,22.15,20.9,16.0,21.68,21.2,9.1,5.79,5.8
2017,4,SP,1364.97,1279722.78,139.0,927.71,664.12,20.14,20.3,13.7,19.72,20.8,7.6,5.79,5.8
2017,5,SP,3639.92,3412594.08,64.2,928.24,609.17,18.86,18.2,13.8,18.43,18.2,7.2,4.89,6.7
2017,6,SP,6824.85,6398613.9,99.2,930.31,583.21,17.69,18.4,9.4,17.23,18.6,0.4,4.91,6.7
2017,7,SP,9099.8,8531485.2,1.4,934.45,688.06,16.43,13.5,8.2,15.92,13.9,2.7,5.01,5.2
2017,8,SP,9099.8,8531485.2,61.8,929.48,639.25,17.28,15.5,10.4,16.83,15.9,2.3,5.63,6.8
2017,9,SP,6824.85,6398613.9,32.4,929.92,1094.61,21.27,15.9,13.1,20.63,16.0,0.1,5.12,5.9
2017,10,SP,3639.92,3412594.08,126.8,925.81,839.11,21.32,18.3,14.0,20.78,18.8,3.5,6.29,7.5
2017,11,SP,1364.97,1279722.78,163.2,924.24,936.57,20.64,19.1,13.5,20.1,20.6,0.7,6.37,7.2
2017,12,SP,909.98,853148.52,180.4,923.82,878.72,22.43,19.9,17.2,21.9,21.1,8.6,5.98,7.5
2018,1,SP,530.76,566088.3,230.2,924.84,861.03,22.64,20.1,16.9,22.14,20.5,5.6,5.83,8.2
2018,2,SP,530.76,566088.3,104.2,924.98,862.85,22.14,20.1,17.1,21.64,20.1,7.1,5.7,6.3
2018,3,SP,530.76,566088.3,236.6,924.58,839.65,23.5,21.5,19.1,22.98,21.7,12.3,4.86,6.2
2018,4,SP,796.14,849132.45,20.6,928.58,859.56,21.14,18.6,14.2,20.64,19.6,0.8,5.17,5.1
2018,5,SP,2123.04,2264353.2,11.6,929.47,743.99,19.07,17.8,9.9,18.55,17.9,1.5,5.25,6.5
2018,6,SP,3980.7,4245662.25,14.8,930.07,504.51,18.46,17.5,12.8,18.03,17.6,3.8,4.32,4.9
2018,7,SP,5307.6,5660883.0,23.4,930.03,649.86,18.55,14.6,9.3,18.0,15.8,1.1,4.06,5.0
2018,8,SP,5307.6,5660883.0,48.4,930.12,648.84,16.99,15.3,10.5,16.54,15.4,0.2,5.52,7.6
2018,9,SP,3980.7,4245662.25,106.2,926.66,856.25,19.1,17.8,10.0,18.58,18.7,0.5,5.84,6.1
2018,10,SP,2123.04,2264353.2,96.8,925.77,673.87,19.84,19.5,13.0,19.42,20.1,5.7,5.94,6.7
2018,11,SP,796.14,849132.45,106.0,925.68,836.05,20.85,19.3,14.7,20.35,21.5,7.8,6.38,6.6
2018,12,SP,530.76,566088.3,182.0,925.26,1045.14,23.26,21.2,13.0,22.66,21.7,5.5,5.67,5.6
2019,1,SP,543.48,396096.9,319.2,926.67,1050.95,25.09,21.3,16.8,24.44,21.8,4.6,5.27,10.9
2019,2,SP,543.48,396096.9,329.0,924.85,839.15,23.06,20.5,17.1,22.55,21.1,1.7,5.6,6.3
2019,3,SP,543.48,396096.9,222.4,926.85,885.16,22.56,20.4,16.1,22.03,21.6,9.5,5.16,5.8
2019,4,SP,815.22,594145.35,142.6,926.26,810.35,22.24,20.4,16.2,21.76,20.5,6.2,4.79,6.5
2019,5,SP,2173.92,1584387.6,53.0,927.27,626.56,20.43,18.9,11.9,19.99,19.5,4.6,4.62,6.5
2019,6,SP,4076.1,2970726.75,39.4,930.91,632.82,19.02,17.1,11.3,18.52,17.7,2.4,4.23,6.0
2019,7,SP,5434.8,3960969.0,148.0,930.33,696.35,16.98,15.3,6.8,16.45,15.5,0.3,4.38,6.0
2019,8,SP,5434.8,3960969.0,5.0,932.02,707.05,17.56,15.0,9.9,17.05,15.4,2.1,5.52,5.5
2019,9,SP,4076.1,2970726.75,76.6,928.47,713.1,19.88,17.6,12.6,19.4,17.8,2.0,5.53,5.1
2019,10,SP,2173.92,1584387.6,45.8,926.34,955.26,22.14,18.5,15.0,21.54,18.7,1.7,5.59,4.9
2019,11,SP,815.22,594145.35,112.0,924.82,822.11,21.26,18.9,14.5,20.76,19.9,8.5,6.19,4.9
2019,12,SP,543.48,396096.9,259.2,924.72,919.48,22.44,19.7,15.3,21.92,20.2,5.1,5.62,6.6
2020,1,SP,499.56,339145.88,279.2,923.81,83.9,22.91,20.9,16.8,22.38,21.3,0.2,5.6,5.5
2020,2,SP,499.56,339145.88,493.8,925.56,83.9,21.78,20.9,15.9,21.3,21.2,10.9,5.41,5.9
2020,3,SP,499.56,339145.88,69.4,926.9,83.9,21.44,20.6,15.2,20.89,21.1,3.2,5.7,4.5
2020,4,SP,749.34,508718.82,7.4,928.1,83.9,20.09,18.0,14.8,19.55,18.4,6.0,5.21,6.0
2020,5,SP,1998.24,1356583.52,11.0,928.72,83.9,17.72,17.1,10.2,17.17,17.2,0.6,5.17,6.0
2020,6,SP,3746.7,2543594.1,152.4,929.53,83.9,19.25,17.2,12.8,18.8,17.3,2.9,4.85,6.7
2020,7,SP,4995.6,3391458.8,12.6,929.5,83.9,18.46,14.7,10.8,17.95,15.0,1.1,5.27,7.0
2020,8,SP,4995.6,3391458.8,66.2,930.38,83.9,17.56,16.3,8.4,17.02,16.7,1.3,4.9,4.6
2020,9,SP,3746.7,2543594.1,14.6,928.22,83.9,21.9,17.8,13.7,21.3,18.1,1.1,5.24,5.8
2020,10,SP,1998.24,1356583.52,210.8,925.65,83.9,21.56,19.0,13.0,21.0,19.0,0.6,5.8,7.2
2020,11,SP,749.34,508718.82,142.8,925.82,83.9,20.57,19.4,12.4,19.97,20.3,3.3,5.49,7.6
2020,12,SP,499.56,339145.88,270.6,924.54,83.9,22.53,21.5,16.8,22.01,21.7,11.2,5.43,7.1
2021,1,SP,643.24,741323.48,209.6,924.7,83.9,23.95,21.8,18.1,23.39,22.4,9.6,4.54,5.5
2021,2,SP,643.24,741323.48,201.4,923.86,83.9,22.56,20.4,17.6,22.0,20.8,7.8,5.45,5.3
2021,3,SP,643.24,741323.48,117.6,925.17,83.9,23.51,20.0,17.7,22.9,20.8,9.2,4.51,6.0
2021,4,SP,964.86,1111985.22,54.4,927.6,83.9,19.81,17.4,14.5,19.29,18.8,6.5,0.38,4.2
2021,5,SP,2572.96,2965293.92,45.8,928.29,83.9,18.51,16.6,11.3,18.0,16.9,0.6,1.25,7.2
2021,6,SP,4824.3,5559926.1,14.8,929.48,83.9,17.28,16.7,6.8,16.84,17.6,0.0,4.52,6.1
2021,7,SP,6432.4,7413234.8,39.4,931.35,83.9,15.71,14.3,4.5,15.12,14.4,0.0,1.04,3.8
2021,8,SP,6432.4,7413234.8,41.4,930.58,83.9,18.34,14.7,9.5,17.82,16.1,0.3,0.01,0.0
2021,9,SP,4824.3,5559926.1,38.4,927.56,83.9,20.88,17.9,12.2,20.28,18.3,3.1,5.17,5.7
2021,10,SP,2572.96,2965293.92,159.4,926.38,83.9,18.67,18.3,12.2,18.25,18.4,4.5,6.0,5.4
2021,11,SP,964.86,1111985.22,99.2,924.24,83.9,20.66,20.5,12.4,20.11,20.8,0.6,6.14,6.1
2021,12,SP,643.24,741323.48,183.8,923.6,83.9,21.29,21.3,14.5,20.73,21.8,1.2,5.65,5.4
2022,1,SP,428.74,723302.16,366.2,924.0,83.9,22.59,21.7,16.5,22.06,21.8,7.7,5.14,8.0
2022,2,SP,428.74,723302.16,60.2,924.75,83.9,22.93,20.6,16.8,22.4,21.0,6.6,5.42,7.1
2022,3,SP,428.74,723302.16,234.4,925.51,83.9,23.59,21.2,16.2,23.06,21.8,10.2,5.25,6.5
2022,4,SP,643.11,1084953.24,60.6,926.92,83.9,21.12,19.5,13.7,20.63,19.7,5.5,5.34,7.5
2022,5,SP,1714.96,2893208.64,51.8,927.98,83.9,17.73,18.9,7.3,17.26,19.0,0.1,5.46,7.8
2022,6,SP,3215.55,5424766.2,34.2,928.64,83.9,17.16,18.7,8.6,16.71,19.6,0.1,4.58,7.4
2022,7,SP,4287.4,7233021.6,9.2,929.6,83.9,19.19,15.2,11.3,18.62,15.4,1.1,4.71,5.9
2022,8,SP,4287.4,7233021.6,37.2,929.82,83.9,17.13,15.9,9.0,16.62,16.1,0.7,6.0,8.4
2022,9,SP,3215.55,5424766.2,158.6,928.3,83.9,16.75,17.1,10.1,16.28,18.2,1.2,5.79,5.3
2022,10,SP,1714.96,2893208.64,115.2,926.07,83.9,20.74,19.4,15.1,20.18,19.4,1.5,5.63,7.0
2022,11,SP,643.11,1084953.24,170.6,925.77,83.9,19.27,18.8,10.5,18.71,19.1,0.3,6.13,5.5
2022,12,SP,428.74,723302.16,172.6,923.48,83.9,21.63,20.1,15.5,21.1,21.0,3.4,5.76,5.7
2023,1,SP,493.14,857433.72,207.4,924.52,83.9,22.28,20.9,15.6,21.75,21.9,6.9,5.52,6.1
2023,2,SP,493.14,857433.72,428.0,925.28,83.9,22.91,20.7,17.7,22.37,20.8,13.1,5.95,7.4
2023,3,SP,493.14,857433.72,234.8,926.57,83.9,23.07,21.3,18.3,22.49,21.5,9.5,5.09,6.7
2023,4,SP,739.71,1286150.58,94.7,926.42,83.9,20.24,19.6,12.8,19.76,19.9,3.3,5.38,5.2
2023,5,SP,1972.56,3429734.88,71.6,929.07,83.9,18.95,18.2,11.8,18.46,18.6,0.5,4.21,4.0
2023,6,SP,3698.55,6430752.9,26.2,930.52,83.9,17.77,15.5,9.8,17.27,15.8,2.7,4.04,6.8
2023,7,SP,4931.4,8574337.2,10.1,930.56,83.9,17.77,16.5,10.3,17.28,16.7,1.1,4.86,8.0
2023,8,SP,4931.4,8574337.2,195.98,928.28,83.9,19.51,16.0,11.3,18.95,16.3,1.2,5.31,6.2
2023,9,SP,3698.55,6430752.9,103.82,926.95,83.9,22.56,21.0,13.3,21.96,21.6,3.2,5.51,5.8
2023,10,SP,1972.56,3429734.88,343.0,925.09,83.9,21.27,20.9,14.4,20.8,22.8,9.8,5.75,6.2
2023,11,SP,739.71,1286150.58,153.2,924.49,83.9,23.37,21.3,14.2,22.83,21.3,1.5,6.2,7.2
2023,12,SP,493.14,857433.72,92.0,924.74,83.9,24.18,20.6,17.3,23.57,23.0,5.7,5.85,5.4
2006,10,ES,1067.76,509568.96,1.0,1010.91,1818.78,26.56,22.3,24.9,25.8,22.5,20.3,10.28,5.9
2006,11,ES,400.41,191088.36,194.8,1013.07,754.24,24.33,24.0,17.3,23.9,24.7,14.0,6.22,5.8
2006,12,ES,266.94,127392.24,341.2,1013.35,866.71,25.4,24.1,20.1,24.91,24.7,15.8,5.81,6.2
2007,1,ES,243.56,132312.44,203.2,1012.18,805.29,26.35,25.3,21.1,25.9,25.7,15.6,5.89,5.6
2007,2,ES,243.56,132312.44,96.8,1013.58,872.17,25.76,24.5,20.0,25.26,24.8,14.5,4.72,4.9
2007,3,ES,243.56,132312.44,32.2,1014.42,1028.42,26.65,24.1,20.4,26.09,24.5,15.1,4.68,4.9
2007,4,ES,365.34,198468.66,123.4,1015.05,748.83,25.35,23.7,19.7,24.83,24.1,14.7,4.5,6.0
2007,5,ES,974.24,529249.76,20.8,1016.68,677.79,22.87,22.5,16.3,22.32,22.8,10.8,5.17,6.0
2007,6,ES,1826.7,992343.3,22.6,1019.11,647.55,21.98,21.6,14.5,21.38,21.8,7.0,4.44,4.9
2007,7,ES,2435.6,1323124.4,2.4,1019.19,601.26,22.4,21.3,15.7,21.87,21.5,6.8,5.64,5.5
2007,8,ES,2435.6,1323124.4,40.8,1021.07,697.03,21.66,21.5,14.8,21.12,21.6,9.3,4.63,5.1
2007,9,ES,1826.7,992343.3,65.4,1020.77,749.98,22.08,21.0,16.5,21.56,21.9,9.6,5.68,6.3
2007,10,ES,974.24,529249.76,20.6,1015.94,884.78,24.19,23.4,15.9,23.7,24.3,10.1,5.99,6.1
2007,11,ES,365.34,198468.66,121.0,1012.77,914.85,25.19,22.8,17.9,24.71,23.5,6.2,6.46,6.5
2007,12,ES,243.56,132312.44,59.8,1012.12,1042.84,26.02,24.1,21.2,25.52,24.7,15.3,6.25,6.4
2008,1,ES,188.36,98550.94,192.4,1012.49,859.63,25.35,23.8,20.9,24.87,24.0,13.6,5.95,5.7
2008,2,ES,188.36,98550.94,157.6,1012.33,922.52,26.22,24.2,20.2,25.69,24.8,13.3,5.6,6.0
2008,3,ES,188.36,98550.94,57.8,1012.28,848.19,26.19,25.1,20.8,25.71,25.8,16.7,4.41,4.6
2008,4,ES,282.54,147826.41,50.0,1011.83,741.27,26.08,24.6,18.7,25.55,24.8,15.5,4.43,4.4
2008,5,ES,753.44,394203.76,41.2,1016.3,630.46,22.68,23.0,16.5,22.15,24.5,10.0,4.39,5.0
2008,6,ES,1412.7,739132.05,47.6,1019.09,551.49,21.78,21.3,15.8,21.24,21.5,10.0,4.48,5.4
2008,7,ES,1883.6,985509.4,21.0,1020.95,640.05,20.95,20.8,14.9,20.36,21.1,7.5,4.49,5.0
2008,8,ES,1883.6,985509.4,30.6,1018.35,690.46,22.63,21.3,15.8,22.08,21.8,11.4,5.28,4.7
2008,9,ES,1412.7,739132.05,35.6,1017.94,690.19,22.35,21.8,15.3,21.85,21.9,9.6,5.78,5.6
2008,10,ES,753.44,394203.76,116.2,1016.62,865.78,24.54,22.6,17.3,24.07,23.4,13.6,6.53,5.4
2008,11,ES,282.54,147826.41,624.2,1013.31,566.63,23.85,23.2,19.8,23.45,23.9,14.6,5.05,5.3
2008,12,ES,188.36,98550.94,134.0,1011.92,777.07,24.96,23.6,19.2,24.52,24.5,15.0,5.22,5.1
2009,1,ES,308.34,178756.88,279.6,1012.73,863.09,26.08,24.4,20.6,25.62,24.5,17.4,5.7,19.1
2009,2,ES,308.34,178756.88,61.2,1012.86,1076.84,27.12,24.3,22.7,26.57,24.4,17.0,5.68,5.4
2009,3,ES,308.34,178756.88,240.0,1011.48,896.65,26.73,24.9,22.4,26.23,24.9,15.6,4.86,4.7
2009,4,ES,462.51,268135.32,223.6,1014.23,709.48,24.78,24.0,18.4,24.31,24.8,12.3,4.41,4.4
2009,5,ES,1233.36,715027.52,56.0,1016.56,664.55,23.01,22.9,17.3,22.49,23.0,11.9,4.2,4.9
2009,6,ES,2312.55,1340676.6,54.0,1018.35,539.78,21.46,21.3,15.1,20.95,21.5,11.2,4.18,3.9
2009,7,ES,3083.4,1787568.8,52.8,1018.67,618.17,22.3,21.0,16.7,21.76,22.1,13.0,4.48,5.2
2009,8,ES,3083.4,1787568.8,92.2,1019.36,614.07,22.12,21.7,16.7,21.62,22.0,10.6,4.98,4.4
2009,9,ES,2312.55,1340676.6,22.0,1016.62,724.24,24.28,22.4,17.5,23.79,23.5,13.2,6.32,6.2
2009,10,ES,1233.36,715027.52,539.6,1013.25,747.1,24.44,23.6,17.9,24.0,23.8,13.5,5.62,5.8
2009,11,ES,462.51,268135.32,115.8,1011.97,1065.85,26.48,24.5,20.7,25.93,24.6,15.0,7.02,6.2
2009,12,ES,308.34,178756.88,168.2,1011.55,946.58,26.87,23.9,21.4,26.33,25.0,12.2,6.04,5.6
2010,1,ES,281.22,181094.06,1.0,1013.55,1225.65,28.0,23.6,22.6,27.41,24.0,15.2,6.3,5.9
2010,2,ES,281.22,181094.06,37.0,1013.63,1069.85,27.83,25.1,22.1,27.23,25.1,14.6,5.73,5.9
2010,3,ES,281.22,181094.06,357.4,1011.9,815.37,26.94,25.9,21.9,26.44,26.9,18.2,4.93,5.3
2010,4,ES,421.83,271641.09,164.0,1014.94,763.8,25.04,25.6,17.8,24.54,25.7,9.3,4.83,4.6
2010,5,ES,1124.88,724376.24,124.8,1015.44,632.75,23.26,22.2,17.6,22.75,22.7,12.3,4.16,5.2
2010,6,ES,2109.15,1358205.45,52.0,1020.29,587.26,20.65,21.0,14.3,20.12,21.3,8.9,4.28,5.1
2010,7,ES,2812.2,1810940.6,117.8,1021.47,546.46,21.49,21.7,15.9,21.0,22.3,12.5,3.84,3.8
2010,8,ES,2812.2,1810940.6,14.4,1020.76,710.21,20.96,20.7,13.7,20.37,20.8,7.3,5.16,5.1
2010,9,ES,2109.15,1358205.45,28.4,1018.55,760.31,22.77,22.6,15.0,22.22,23.0,6.3,6.03,5.6
2010,10,ES,1124.88,724376.24,52.8,1014.45,676.27,23.53,22.4,17.7,23.09,22.8,10.5,5.87,5.8
2010,11,ES,421.83,271641.09,268.0,1011.96,720.17,24.44,23.9,18.3,24.01,24.8,13.7,5.54,5.6
2010,12,ES,281.22,181094.06,212.2,1009.19,978.51,26.54,23.7,20.6,26.02,25.2,15.5,6.23,5.7
2011,1,ES,312.44,206499.1,48.2,1011.7,1049.19,26.69,23.9,21.7,26.13,24.6,16.6,6.04,5.1
2011,2,ES,312.44,206499.1,72.6,1012.85,1036.54,26.88,23.9,20.9,26.32,24.7,15.3,5.11,5.3
2011,3,ES,312.44,206499.1,304.3,1011.68,689.52,25.39,24.6,20.0,24.92,25.9,16.5,4.07,4.2
2011,4,ES,468.66,309748.65,419.4,1014.97,622.88,24.73,24.5,20.0,24.27,24.9,17.7,3.87,4.0
2011,5,ES,1249.76,825996.4,38.8,1016.85,696.11,22.46,23.0,16.0,21.93,23.4,9.9,4.31,5.2
2011,6,ES,2343.3,1548743.25,53.4,1018.21,584.11,21.53,21.2,14.5,21.03,21.4,9.5,4.6,4.8
2011,7,ES,3124.4,2064991.0,36.6,1019.46,647.45,21.1,20.5,13.6,20.54,21.4,5.6,4.68,4.4
2011,8,ES,3124.4,2064991.0,20.6,1018.51,704.65,22.34,21.2,14.5,21.83,21.8,10.2,5.59,5.4
2011,9,ES,2343.3,1548743.25,42.4,1020.57,761.88,21.75,20.0,12.2,21.24,20.4,7.6,6.14,6.1
2011,10,ES,1249.76,825996.4,167.4,1014.88,662.37,23.2,23.5,16.9,22.79,23.5,11.6,6.03,5.6
2011,11,ES,468.66,309748.65,264.8,1014.92,716.62,22.96,23.7,16.0,22.53,23.7,11.0,5.42,4.6
2011,12,ES,312.44,206499.1,264.2,1012.49,681.82,24.87,23.7,20.1,24.49,23.9,15.7,5.56,5.5
2012,1,ES,454.1,281938.44,414.4,1013.87,897.88,25.41,23.8,21.1,24.95,23.9,15.0,5.47,5.4
2012,2,ES,454.1,281938.44,86.2,1014.48,1104.76,25.92,23.5,20.8,25.39,24.1,13.6,5.41,5.3
2012,3,ES,454.1,281938.44,33.0,1014.23,901.06,26.09,23.6,20.6,25.58,23.8,14.6,5.41,5.0
2012,4,ES,681.15,422907.66,22.2,1014.23,719.92,25.31,23.2,19.1,24.8,23.5,13.8,4.39,4.2
2012,5,ES,1816.4,1127753.76,331.0,1017.83,514.67,22.31,22.2,17.0,21.88,23.1,11.6,4.51,5.0
2012,6,ES,3405.75,2114538.3,101.0,1018.39,564.24,22.91,21.7,16.5,22.38,22.8,14.1,4.51,4.1
2012,7,ES,4541.0,2819384.4,53.8,1019.41,612.74,21.76,20.5,15.2,21.19,21.4,8.0,4.52,4.7
2012,8,ES,4541.0,2819384.4,280.6,1023.14,635.59,21.4,20.8,15.2,20.86,21.6,9.0,4.24,4.2
2012,9,ES,3405.75,2114538.3,36.4,1019.36,748.46,22.66,22.0,14.8,22.15,22.5,8.3,6.31,6.0
2012,10,ES,1816.4,1127753.76,46.6,1015.95,897.77,24.04,22.6,15.6,23.51,22.8,10.3,6.23,5.4
2012,11,ES,681.15,422907.66,433.4,1012.73,729.39,24.22,23.8,19.1,23.78,24.4,15.8,4.89,4.2
2012,12,ES,454.1,281938.44,27.0,1011.86,1137.89,27.23,24.0,21.5,26.69,25.0,15.8,6.21,5.5
2013,1,ES,221.2,150561.0,229.0,1013.19,913.97,26.38,24.3,21.3,25.85,25.1,14.2,5.77,5.5
2013,2,ES,221.2,150561.0,21.6,1013.74,1058.92,26.79,25.1,21.1,26.22,25.8,13.7,5.44,4.9
2013,3,ES,221.2,150561.0,449.6,1013.59,772.1,26.15,24.9,19.7,25.63,25.4,15.7,5.03,4.7
2013,4,ES,331.8,225841.5,78.8,1015.76,648.45,24.06,25.0,17.8,23.58,25.8,10.9,4.2,4.0
2013,5,ES,884.8,602244.0,58.4,1016.8,597.82,22.79,23.8,16.4,22.27,24.0,14.0,3.98,6.1
2013,6,ES,1659.0,1129207.5,43.8,1018.16,587.56,22.51,23.9,17.1,21.98,23.9,15.6,3.62,4.0
2013,7,ES,2212.0,1505610.0,70.8,1020.07,582.29,21.81,22.6,14.1,21.28,23.5,12.4,4.59,4.3
2013,8,ES,2212.0,1505610.0,95.0,1019.7,681.33,21.69,21.9,13.9,21.12,22.3,9.5,5.07,4.9
2013,9,ES,1659.0,1129207.5,24.1,1018.67,723.96,22.74,22.2,16.7,22.23,23.1,10.3,5.47,5.1
2013,10,ES,884.8,602244.0,81.2,1016.75,747.93,23.4,22.5,16.1,22.92,22.9,11.0,5.79,5.8
2013,11,ES,331.8,225841.5,308.6,1014.27,849.33,24.28,24.0,17.8,23.78,25.2,14.4,5.38,4.9
2013,12,ES,221.2,150561.0,746.4,1010.64,750.06,25.32,24.7,20.4,24.92,25.2,18.1,5.53,5.1
2014,1,ES,585.66,345068.72,62.0,1015.02,1108.33,26.47,24.1,20.6,25.92,25.3,14.2,5.44,4.9
2014,2,ES,585.66,345068.72,50.8,1014.63,1056.88,26.53,24.2,20.9,25.96,25.0,14.3,4.79,4.9
2014,3,ES,585.66,345068.72,95.4,1014.64,877.68,26.42,24.8,21.1,25.89,25.0,15.6,5.25,5.0
2014,4,ES,878.49,517603.08,143.2,1014.93,752.58,25.33,24.8,17.7,24.82,25.5,9.2,4.59,4.3
2014,5,ES,2342.64,1380274.88,18.3,1016.68,618.18,22.91,23.4,16.6,22.4,24.2,12.0,4.01,3.6
2014,6,ES,4392.45,2588015.4,46.4,1019.18,583.88,22.25,21.5,16.8,21.78,22.2,14.3,3.9,4.0
2014,7,ES,5856.6,3450687.2,99.4,1022.13,478.13,21.27,22.7,14.9,20.77,22.7,7.6,4.02,3.8
2014,8,ES,5856.6,3450687.2,83.2,1020.43,700.62,21.62,20.9,13.6,21.05,22.1,7.3,5.06,5.3
2014,9,ES,4392.45,2588015.4,31.6,1018.45,846.35,23.28,22.2,16.1,22.68,22.6,8.7,6.18,5.1
2014,10,ES,2342.64,1380274.88,324.4,1017.67,772.32,23.24,22.6,15.2,22.69,23.4,5.4,6.05,5.5
2014,11,ES,878.49,517603.08,58.8,1013.99,921.52,25.07,23.8,16.8,24.57,24.2,11.6,6.46,5.5
2014,12,ES,585.66,345068.72,113.2,1014.02,1113.24,26.21,23.4,19.2,25.66,23.9,15.0,6.21,5.4
2015,1,ES,350.88,265285.94,0.0,1014.86,1216.1,27.46,22.9,21.0,26.83,23.6,12.1,6.88,5.4
2015,2,ES,350.88,265285.94,52.4,1013.96,988.47,27.16,25.8,21.7,26.58,25.8,15.0,5.83,5.5
2015,3,ES,350.88,265285.94,69.2,1013.7,890.77,26.8,24.5,19.6,26.23,25.2,16.2,5.16,4.7
2015,4,ES,526.32,397928.91,44.2,1014.84,655.83,25.11,25.1,18.9,24.57,25.2,13.7,4.42,5.0
2015,5,ES,1403.52,1061143.76,186.9,1018.54,472.89,22.59,23.2,16.8,22.2,23.3,12.5,4.39,4.4
2015,6,ES,2631.6,1989644.55,119.4,1020.24,295.31,24.22,20.9,16.3,23.72,21.6,13.8,5.76,3.9
2015,7,ES,3508.8,2652859.4,19.2,1020.43,565.39,22.26,22.4,16.4,21.68,22.4,13.5,4.28,4.1
2015,8,ES,3508.8,2652859.4,70.8,1020.44,672.99,22.05,21.7,14.7,21.46,23.7,8.7,4.23,4.1
2015,9,ES,2631.6,1989644.55,25.6,1016.04,760.25,24.63,23.0,18.5,24.09,23.6,13.5,6.47,5.8
2015,10,ES,1403.52,1061143.76,55.8,1016.35,845.6,25.24,22.4,19.6,24.73,24.2,11.6,6.63,6.7
2015,11,ES,526.32,397928.91,49.0,1012.11,934.64,26.75,24.5,21.1,26.23,25.3,13.6,5.95,5.9
2015,12,ES,350.88,265285.94,91.4,1014.19,1064.08,27.53,24.9,22.1,27.09,25.1,12.2,6.16,5.5
2016,1,ES,537.72,345288.74,221.2,1012.36,864.87,26.73,25.9,22.1,26.36,26.1,15.4,5.61,5.6
2016,2,ES,537.72,345288.74,12.0,1014.0,1103.39,28.17,24.9,22.1,27.72,25.0,13.5,5.74,5.2
2016,3,ES,537.72,345288.74,90.0,1015.36,971.59,27.39,25.0,22.4,26.98,25.1,15.7,4.88,4.8
2016,4,ES,806.58,517933.11,29.4,1015.3,801.3,26.52,24.8,20.7,26.1,25.2,13.7,4.46,4.6
2016,5,ES,2150.88,1381154.96,24.2,1017.85,625.08,24.01,23.8,16.3,23.59,24.1,7.9,4.64,4.3
2016,6,ES,4032.9,2589665.55,89.8,1020.29,469.38,21.59,23.4,14.4,21.23,24.5,4.5,4.0,3.5
2016,7,ES,5377.2,3452887.4,100.4,1020.27,548.34,21.89,22.2,15.4,21.48,22.7,10.9,4.23,4.2
2016,8,ES,5377.2,3452887.4,29.4,1019.23,693.44,22.66,22.1,15.6,22.23,22.2,10.0,5.19,5.1
2016,9,ES,4032.9,2589665.55,26.8,1018.38,740.13,23.71,22.9,18.5,23.33,22.9,10.5,5.83,5.1
2016,10,ES,2150.88,1381154.96,101.4,1015.88,714.29,23.83,23.4,18.3,23.51,23.6,12.4,5.54,5.8
2016,11,ES,806.58,517933.11,199.6,1014.06,769.57,24.61,25.7,17.9,24.26,25.8,9.1,5.37,5.1
2016,12,ES,537.72,345288.74,96.2,1013.11,912.32,26.26,25.2,20.3,25.87,25.4,13.9,5.77,5.2
2017,1,ES,743.04,440690.1,58.8,1014.05,1101.48,27.55,24.7,22.0,27.1,25.3,13.8,6.36,5.2
2017,2,ES,743.04,440690.1,92.5,1014.37,974.42,26.73,24.9,21.9,26.21,26.1,15.2,4.71,4.4
2017,3,ES,743.04,440690.1,41.2,1013.86,885.77,26.44,24.1,19.5,25.85,24.7,12.9,5.22,5.0
2017,4,ES,1114.56,661035.15,43.6,1015.78,664.1,24.84,24.8,19.3,24.34,25.4,11.5,4.72,4.0
2017,5,ES,2972.16,1762760.4,168.8,1017.63,537.95,22.63,23.5,16.6,22.13,23.6,12.7,3.99,4.5
2017,6,ES,5572.8,3305175.75,128.2,1019.69,603.82,22.76,22.6,16.5,22.21,23.7,10.7,4.35,4.1
2017,7,ES,7430.4,4406901.0,199.2,1025.08,508.67,20.18,22.2,15.5,19.63,23.5,10.3,4.02,4.6
2017,8,ES,7430.4,4406901.0,25.6,1020.19,641.97,20.78,20.9,13.7,20.26,21.6,9.0,4.68,4.6
2017,9,ES,5572.8,3305175.75,65.7,1022.22,706.52,21.8,22.2,16.5,21.24,22.8,11.8,4.9,4.8
2017,10,ES,2972.16,1762760.4,62.0,1015.93,864.58,24.63,22.5,18.9,24.14,24.2,14.4,6.39,5.5
2017,11,ES,1114.56,661035.15,127.6,1013.76,731.46,24.1,24.1,17.8,23.64,24.9,10.2,5.54,5.0
2017,12,ES,743.04,440690.1,223.3,1012.34,867.5,25.64,25.5,20.2,25.17,25.8,16.8,5.33,4.5
2018,1,ES,579.08,345091.24,84.4,1013.09,1063.94,26.88,24.5,21.3,26.31,26.3,15.8,5.83,5.3
2018,2,ES,579.08,345091.24,179.0,1012.76,822.93,25.9,26.4,20.3,25.42,26.6,12.8,4.7,4.3
2018,3,ES,579.08,345091.24,82.3,1012.32,840.5,26.55,25.6,21.3,26.05,26.3,16.4,4.28,4.1
2018,4,ES,868.62,517636.86,354.4,1016.8,662.39,24.26,24.3,18.4,23.75,24.8,15.0,3.66,3.8
2018,5,ES,2316.32,1380364.96,184.2,1018.46,583.41,22.68,22.6,16.2,22.18,23.5,11.4,3.62,3.4
2018,6,ES,4343.1,2588184.3,119.2,1019.64,549.14,22.51,21.7,16.6,22.0,22.0,15.2,4.14,3.6
2018,7,ES,5790.8,3450912.4,16.0,1019.96,635.79,21.82,20.7,16.0,21.23,21.3,11.3,3.88,4.1
2018,8,ES,5790.8,3450912.4,81.0,1020.01,545.69,21.97,21.0,15.8,21.49,21.3,11.7,4.37,4.3
2018,9,ES,4343.1,2588184.3,23.6,1016.5,693.39,23.49,22.8,17.5,22.99,23.1,10.6,5.28,5.2
2018,10,ES,2316.32,1380364.96,178.2,1014.8,668.42,24.24,23.9,17.4,23.79,24.0,12.5,5.59,5.4
2018,11,ES,868.62,517636.86,274.2,1014.95,760.91,24.73,23.5,19.1,24.27,24.2,17.0,4.87,4.6
2018,12,ES,579.08,345091.24,221.2,1013.43,907.73,25.95,24.4,19.3,25.43,24.8,14.4,5.41,4.6
2019,1,ES,227.72,130269.98,2.8,1015.37,1167.97,27.65,23.5,21.3,27.03,24.4,16.3,5.98,4.8
2019,2,ES,227.72,130269.98,130.0,1012.26,964.29,27.9,25.5,21.9,27.3,26.0,16.7,5.01,4.8
2019,3,ES,227.72,130269.98,80.0,1013.92,855.71,27.28,25.8,21.5,26.72,26.1,13.1,4.79,4.2
2019,4,ES,341.58,195404.97,29.8,1013.9,859.98,26.72,24.7,20.5,26.09,25.1,13.0,4.25,4.0
2019,5,ES,910.88,521079.92,242.6,1015.4,581.65,24.66,24.6,19.2,24.16,24.7,16.8,3.63,3.3
2019,6,ES,1707.9,977024.85,33.8,1020.36,517.03,22.95,22.8,17.4,22.42,23.5,9.4,3.66,3.9
2019,7,ES,2277.2,1302699.8,54.4,1020.28,577.63,21.21,22.2,13.7,20.65,22.6,7.2,4.17,3.6
2019,8,ES,2277.2,1302699.8,56.8,1022.38,577.77,21.39,21.8,14.9,20.88,22.6,8.4,4.57,4.5
2019,9,ES,1707.9,977024.85,103.6,1018.44,728.65,23.52,21.3,17.2,23.03,21.8,11.6,5.65,5.3
2019,10,ES,910.88,521079.92,57.2,1015.87,909.63,24.6,24.0,17.5,24.08,24.6,10.3,5.5,4.9
2019,11,ES,341.58,195404.97,552.5,1013.34,687.27,24.77,23.5,16.9,24.33,24.4,12.2,5.0,5.2
2019,12,ES,227.72,130269.98,181.2,1013.66,873.88,25.89,24.6,20.3,25.38,25.0,16.8,5.15,4.7
2020,1,ES,184.38,106280.14,265.6,1011.47,0.0,26.59,24.9,21.4,26.1,25.8,14.1,5.63,5.1
2020,2,ES,184.38,106280.14,128.0,1013.5,0.0,26.85,24.6,22.0,26.34,25.2,17.8,4.8,4.3
2020,3,ES,184.38,106280.14,191.8,1014.44,0.0,25.16,25.0,19.6,24.66,25.1,15.8,4.05,3.8
2020,4,ES,276.57,159420.21,18.4,1016.25,0.0,24.24,24.2,17.8,23.73,24.7,14.0,4.13,3.4
2020,5,ES,737.52,425120.56,75.6,1017.95,0.0,23.09,22.2,15.9,22.28,22.5,7.6,4.15,3.6
2020,6,ES,1382.85,797101.05,5.7,1019.39,0.0,26.29,21.9,21.0,24.83,23.1,10.7,4.73,3.6
2020,7,ES,1843.8,1062801.4,0.0,1020.32,0.0,25.13,21.0,20.8,24.74,21.6,14.0,4.51,3.5
2020,8,ES,1843.8,1062801.4,22.3,1020.38,0.0,24.38,21.4,18.2,23.77,21.7,7.7,6.75,4.5
2020,9,ES,1382.85,797101.05,86.9,1017.96,0.0,24.05,22.0,17.3,23.46,22.2,13.1,5.68,4.6
2020,10,ES,737.52,425120.56,242.3,1014.34,0.0,24.34,24.3,18.2,23.89,24.3,11.1,5.22,4.7
2020,11,ES,276.57,159420.21,117.6,1014.4,0.0,24.72,24.3,18.9,24.25,24.3,11.8,5.06,4.3
2020,12,ES,184.38,106280.14,89.6,1012.99,0.0,26.44,23.0,20.7,25.86,23.6,15.5,5.91,4.7
2021,1,ES,141.44,126796.14,22.3,1013.99,0.0,26.64,22.6,20.5,26.02,23.9,13.4,5.62,4.7
2021,2,ES,141.44,126796.14,255.1,1012.19,0.0,25.86,24.4,19.9,25.33,25.2,16.4,4.89,4.3
2021,3,ES,141.44,126796.14,253.0,1013.31,0.0,25.97,24.4,20.7,25.38,24.7,13.1,4.16,4.0
2021,4,ES,212.16,190194.21,88.8,1015.03,0.0,24.16,24.0,18.3,23.6,24.7,10.3,4.1,3.6
2021,5,ES,565.76,507184.56,110.7,1017.06,0.0,23.1,21.9,15.6,22.57,23.0,11.8,3.98,3.4
2021,6,ES,1060.8,950971.05,80.8,1018.88,0.0,21.58,22.4,15.1,21.05,22.9,12.9,3.79,3.5
2021,7,ES,1414.4,1267961.4,15.7,1021.33,0.0,20.65,20.8,13.9,20.09,21.2,7.4,4.28,3.4
2021,8,ES,1414.4,1267961.4,81.8,1021.26,0.0,21.62,21.3,13.7,21.07,21.8,10.4,4.57,4.8
2021,9,ES,1060.8,950971.05,116.7,1017.29,0.0,23.85,23.1,15.8,23.32,23.3,10.2,5.59,5.2
2021,10,ES,565.76,507184.56,1228.9,1016.54,0.0,22.58,23.4,18.1,22.3,24.0,14.4,5.97,5.1
2021,11,ES,212.16,190194.21,284.0,1013.07,0.0,23.38,23.3,15.5,22.92,24.4,11.3,4.77,4.1
2021,12,ES,141.44,126796.14,120.4,1011.79,0.0,24.94,23.9,18.1,24.44,24.8,14.4,4.91,4.1
2022,1,ES,144.72,131445.84,71.6,1012.82,0.0,26.63,24.7,21.1,26.05,25.1,14.3,5.17,5.0
2022,2,ES,144.72,131445.84,128.2,1012.84,0.0,26.17,24.6,20.9,25.62,26.0,16.4,4.51,4.1
2022,3,ES,144.72,131445.84,52.5,1013.93,0.0,26.67,24.8,20.6,26.06,24.9,13.6,4.7,4.2
2022,4,ES,217.08,197168.76,15.6,1014.48,0.0,25.78,24.3,18.0,25.24,25.1,10.1,4.38,3.7
2022,5,ES,578.88,525783.36,24.8,1016.67,0.0,24.61,21.8,12.3,23.87,22.9,2.2,4.8,3.9
2022,6,ES,1085.4,985843.8,18.9,1018.04,0.0,21.5,22.5,13.6,20.93,23.1,8.4,4.19,3.0
2022,7,ES,1447.2,1314458.4,17.8,1020.47,0.0,21.75,21.7,15.8,21.19,22.2,11.6,3.88,4.1
2022,8,ES,1447.2,1314458.4,12.3,1020.1,0.0,22.02,20.6,15.0,21.45,22.2,5.3,5.65,4.6
2022,9,ES,1085.4,985843.8,54.6,1018.19,0.0,22.29,21.6,14.5,21.8,23.0,8.4,5.37,4.6
2022,10,ES,578.88,525783.36,92.3,1015.8,0.0,24.64,22.4,18.7,24.16,23.0,4.6,5.25,4.8
2022,11,ES,217.08,197168.76,343.6,1014.02,0.0,23.72,22.9,17.6,23.3,23.5,9.9,5.61,5.6
2022,12,ES,144.72,131445.84,329.8,1012.28,0.0,24.89,24.6,19.9,24.42,26.8,14.1,4.76,3.9
2023,1,ES,175.84,170405.94,181.8,1013.32,0.0,26.17,24.6,21.1,25.67,26.4,16.8,4.87,4.4
2023,2,ES,175.84,170405.94,25.4,1013.76,0.0,27.46,24.7,21.2,26.86,25.8,15.3,5.42,4.6
2023,3,ES,175.84,170405.94,119.8,1014.93,0.0,26.94,26.0,21.7,26.42,27.2,13.8,4.47,4.5
2023,4,ES,263.76,255608.91,142.4,1014.09,0.0,25.35,26.7,21.4,24.93,27.5,13.0,4.06,3.8
2023,5,ES,703.36,681623.76,59.8,1017.69,0.0,22.95,24.9,16.4,22.5,25.0,10.4,3.56,2.9
2023,6,ES,1318.8,1278044.55,11.2,1020.12,0.0,22.22,24.4,14.8,21.7,24.8,10.6,3.78,3.5
2023,7,ES,1758.4,1704059.4,121.2,1020.66,0.0,21.79,23.7,15.6,21.34,24.1,10.2,4.13,3.4
2023,8,ES,1758.4,1704059.4,193.6,1017.9,0.0,22.99,24.8,15.6,22.55,24.8,12.4,4.42,3.5
2023,9,ES,1318.8,1278044.55,12.2,1017.52,0.0,24.17,24.3,17.5,23.75,25.0,13.8,5.58,4.6
2023,10,ES,703.36,681623.76,41.0,1014.19,0.0,25.39,23.7,20.0,24.94,23.8,14.7,5.47,4.6
2023,11,ES,263.76,255608.91,27.8,1012.89,0.0,26.6,23.7,17.9,26.05,24.1,9.2,6.06,4.7
2023,12,ES,175.84,170405.94,181.1,1012.93,0.0,27.02,24.9,21.5,26.46,25.9,13.9,5.39,4.9
